charge_rate,discharge_rate,AI_computation,offload,no_offload,best_offload
0.0001,0.0001,0.0001,146475,106799,150000.0
0.0001,0.0001,0.0012000000000000001,133836,24241,150000.0
0.0001,0.0001,0.0023,132498,13156,150000.0
0.0001,0.0001,0.0034,132155,9061,150000.0
0.0001,0.0001,0.0045000000000000005,131776,7045,150000.0
0.0001,0.0001,0.005600000000000001,136888,5690,150000.0
0.0001,0.0001,0.0067,136737,4790,150000.0
0.0001,0.0001,0.0078000000000000005,136399,4108,150000.0
0.0001,0.0001,0.0089,136664,3634,150000.0
0.0001,0.0001,0.01,136629,3238,150000.0
0.0001,0.0004413793103448276,0.0001,52399,43276,55414.012738853504
0.0001,0.0004413793103448276,0.0012000000000000001,49926,19211,55414.012738853504
0.0001,0.0004413793103448276,0.0023,49430,11511,55414.012738853504
0.0001,0.0004413793103448276,0.0034,49246,8309,55414.012738853504
0.0001,0.0004413793103448276,0.0045000000000000005,49220,6561,55414.012738853504
0.0001,0.0004413793103448276,0.005600000000000001,49157,5367,55414.012738853504
0.0001,0.0004413793103448276,0.0067,49150,4570,55414.012738853504
0.0001,0.0004413793103448276,0.0078000000000000005,48984,3961,55414.012738853504
0.0001,0.0004413793103448276,0.0089,49049,3493,55414.012738853504
0.0001,0.0004413793103448276,0.01,48986,3132,55414.012738853504
0.0001,0.0007827586206896553,0.0001,31928,30158,33984.37499999999
0.0001,0.0007827586206896553,0.0012000000000000001,31713,15888,33984.37499999999
0.0001,0.0007827586206896553,0.0023,31741,10243,33984.37499999999
0.0001,0.0007827586206896553,0.0034,31786,7666,33984.37499999999
0.0001,0.0007827586206896553,0.0045000000000000005,31790,6157,33984.37499999999
0.0001,0.0007827586206896553,0.005600000000000001,31757,5112,33984.37499999999
0.0001,0.0007827586206896553,0.0067,31709,4358,33984.37499999999
0.0001,0.0007827586206896553,0.0078000000000000005,31689,3783,33984.37499999999
0.0001,0.0007827586206896553,0.0089,31704,3351,33984.37499999999
0.0001,0.0007827586206896553,0.01,31716,3024,33984.37499999999
0.0001,0.001124137931034483,0.0001,26787,25484,24507.042253521122
0.0001,0.001124137931034483,0.0012000000000000001,26059,13577,24507.042253521122
0.0001,0.001124137931034483,0.0023,25669,9276,24507.042253521122
0.0001,0.001124137931034483,0.0034,25467,7167,24507.042253521122
0.0001,0.001124137931034483,0.0045000000000000005,25366,5793,24507.042253521122
0.0001,0.001124137931034483,0.005600000000000001,25345,4826,24507.042253521122
0.0001,0.001124137931034483,0.0067,25572,4174,24507.042253521122
0.0001,0.001124137931034483,0.0078000000000000005,25193,3639,24507.042253521122
0.0001,0.001124137931034483,0.0089,25194,3242,24507.042253521122
0.0001,0.001124137931034483,0.01,25226,2920,24507.042253521122
0.0001,0.0014655172413793106,0.0001,21421,20123,19162.995594713655
0.0001,0.0014655172413793106,0.0012000000000000001,20545,11829,19162.995594713655
0.0001,0.0014655172413793106,0.0023,20024,8452,19162.995594713655
0.0001,0.0014655172413793106,0.0034,20001,6661,19162.995594713655
0.0001,0.0014655172413793106,0.0045000000000000005,19887,5439,19162.995594713655
0.0001,0.0014655172413793106,0.005600000000000001,20090,4608,19162.995594713655
0.0001,0.0014655172413793106,0.0067,20068,3995,19162.995594713655
0.0001,0.0014655172413793106,0.0078000000000000005,19708,3528,19162.995594713655
0.0001,0.0014655172413793106,0.0089,19719,3134,19162.995594713655
0.0001,0.0014655172413793106,0.01,19632,2846,19162.995594713655
0.0001,0.0018068965517241383,0.0001,17391,16535,15732.368896925856
0.0001,0.0018068965517241383,0.0012000000000000001,16801,10498,15732.368896925856
0.0001,0.0018068965517241383,0.0023,16422,7796,15732.368896925856
0.0001,0.0018068965517241383,0.0034,16168,6229,15732.368896925856
0.0001,0.0018068965517241383,0.0045000000000000005,16311,5149,15732.368896925856
0.0001,0.0018068965517241383,0.005600000000000001,15748,4394,15732.368896925856
0.0001,0.0018068965517241383,0.0067,16166,3818,15732.368896925856
0.0001,0.0018068965517241383,0.0078000000000000005,15883,3385,15732.368896925856
0.0001,0.0018068965517241383,0.0089,15913,3059,15732.368896925856
0.0001,0.0018068965517241383,0.01,16338,2772,15732.368896925856
0.0001,0.0021482758620689655,0.0001,14618,14032,13343.558282208589
0.0001,0.0021482758620689655,0.0012000000000000001,14254,9474,13343.558282208589
0.0001,0.0021482758620689655,0.0023,13807,7247,13343.558282208589
0.0001,0.0021482758620689655,0.0034,13679,5868,13343.558282208589
0.0001,0.0021482758620689655,0.0045000000000000005,13614,4896,13343.558282208589
0.0001,0.0021482758620689655,0.005600000000000001,13589,4211,13343.558282208589
0.0001,0.0021482758620689655,0.0067,13356,3674,13343.558282208589
0.0001,0.0021482758620689655,0.0078000000000000005,13419,3277,13343.558282208589
0.0001,0.0021482758620689655,0.0089,13464,2953,13343.558282208589
0.0001,0.0021482758620689655,0.01,13494,2698,13343.558282208589
0.0001,0.0024896551724137932,0.0001,12628,12180,11584.553928095873
0.0001,0.0024896551724137932,0.0012000000000000001,12326,8657,11584.553928095873
0.0001,0.0024896551724137932,0.0023,11986,6770,11584.553928095873
0.0001,0.0024896551724137932,0.0034,11929,5510,11584.553928095873
0.0001,0.0024896551724137932,0.0045000000000000005,11707,4647,11584.553928095873
0.0001,0.0024896551724137932,0.005600000000000001,11821,4031,11584.553928095873
0.0001,0.0024896551724137932,0.0067,11693,3530,11584.553928095873
0.0001,0.0024896551724137932,0.0078000000000000005,11805,3170,11584.553928095873
0.0001,0.0024896551724137932,0.0089,11679,2878,11584.553928095873
0.0001,0.0024896551724137932,0.01,11261,2628,11584.553928095873
0.0001,0.002831034482758621,0.0001,11105,10777,10235.294117647058
0.0001,0.002831034482758621,0.0012000000000000001,10852,7940,10235.294117647058
0.0001,0.002831034482758621,0.0023,10583,6337,10235.294117647058
0.0001,0.002831034482758621,0.0034,10443,5219,10235.294117647058
0.0001,0.002831034482758621,0.0045000000000000005,10359,4431,10235.294117647058
0.0001,0.002831034482758621,0.005600000000000001,10393,3854,10235.294117647058
0.0001,0.002831034482758621,0.0067,10313,3421,10235.294117647058
0.0001,0.002831034482758621,0.0078000000000000005,9998,3063,10235.294117647058
0.0001,0.002831034482758621,0.0089,10100,2773,10235.294117647058
0.0001,0.002831034482758621,0.01,10222,2555,10235.294117647058
0.0001,0.0031724137931034486,0.0001,9942,9657,9167.54478398314
0.0001,0.0031724137931034486,0.0012000000000000001,9744,7394,9167.54478398314
0.0001,0.0031724137931034486,0.0023,9498,5940,9167.54478398314
0.0001,0.0031724137931034486,0.0034,9379,4935,9167.54478398314
0.0001,0.0031724137931034486,0.0045000000000000005,9420,4248,9167.54478398314
0.0001,0.0031724137931034486,0.005600000000000001,9169,3708,9167.54478398314
0.0001,0.0031724137931034486,0.0067,9010,3313,9167.54478398314
0.0001,0.0031724137931034486,0.0078000000000000005,9346,2986,9167.54478398314
0.0001,0.0031724137931034486,0.0089,9125,2701,9167.54478398314
0.0001,0.0031724137931034486,0.01,9008,2483,9167.54478398314
0.0001,0.0035137931034482763,0.0001,9007,8787,8301.526717557252
0.0001,0.0035137931034482763,0.0012000000000000001,8854,6877,8301.526717557252
0.0001,0.0035137931034482763,0.0023,8690,5581,8301.526717557252
0.0001,0.0035137931034482763,0.0034,8577,4715,8301.526717557252
0.0001,0.0035137931034482763,0.0045000000000000005,8525,4069,8301.526717557252
0.0001,0.0035137931034482763,0.005600000000000001,8574,3567,8301.526717557252
0.0001,0.0035137931034482763,0.0067,8427,3201,8301.526717557252
0.0001,0.0035137931034482763,0.0078000000000000005,8211,2882,8301.526717557252
0.0001,0.0035137931034482763,0.0089,8295,2630,8301.526717557252
0.0001,0.0035137931034482763,0.01,8161,2415,8301.526717557252
0.0001,0.003855172413793104,0.0001,8271,8098,7585.004359197907
0.0001,0.003855172413793104,0.0012000000000000001,8143,6417,7585.004359197907
0.0001,0.003855172413793104,0.0023,8019,5291,7585.004359197907
0.0001,0.003855172413793104,0.0034,7856,4499,7585.004359197907
0.0001,0.003855172413793104,0.0045000000000000005,7855,3890,7585.004359197907
0.0001,0.003855172413793104,0.005600000000000001,7850,3457,7585.004359197907
0.0001,0.003855172413793104,0.0067,7856,3097,7585.004359197907
0.0001,0.003855172413793104,0.0078000000000000005,7740,2808,7585.004359197907
0.0001,0.003855172413793104,0.0089,7520,2559,7585.004359197907
0.0001,0.003855172413793104,0.01,7754,2342,7585.004359197907
0.0001,0.004196551724137932,0.0001,7649,7492,6982.343499197431
0.0001,0.004196551724137932,0.0012000000000000001,7488,6014,6982.343499197431
0.0001,0.004196551724137932,0.0023,7381,5004,6982.343499197431
0.0001,0.004196551724137932,0.0034,7392,4285,6982.343499197431
0.0001,0.004196551724137932,0.0045000000000000005,7325,3746,6982.343499197431
0.0001,0.004196551724137932,0.005600000000000001,7094,3316,6982.343499197431
0.0001,0.004196551724137932,0.0067,7105,2990,6982.343499197431
0.0001,0.004196551724137932,0.0078000000000000005,7113,2735,6982.343499197431
0.0001,0.004196551724137932,0.0089,7122,2487,6982.343499197431
0.0001,0.004196551724137932,0.01,6990,2304,6982.343499197431
0.0001,0.00453793103448276,0.0001,7103,6954,6468.401486988847
0.0001,0.00453793103448276,0.0012000000000000001,6975,5654,6468.401486988847
0.0001,0.00453793103448276,0.0023,6954,4753,6468.401486988847
0.0001,0.00453793103448276,0.0034,6892,4103,6468.401486988847
0.0001,0.00453793103448276,0.0045000000000000005,6882,3601,6468.401486988847
0.0001,0.00453793103448276,0.005600000000000001,6688,3207,6468.401486988847
0.0001,0.00453793103448276,0.0067,6624,2915,6468.401486988847
0.0001,0.00453793103448276,0.0078000000000000005,6605,2631,6468.401486988847
0.0001,0.00453793103448276,0.0089,6665,2417,6468.401486988847
0.0001,0.00453793103448276,0.01,6553,2236,6468.401486988847
0.0001,0.004879310344827587,0.0001,6652,6518,6024.930747922438
0.0001,0.004879310344827587,0.0012000000000000001,6565,5362,6024.930747922438
0.0001,0.004879310344827587,0.0023,6545,4536,6024.930747922438
0.0001,0.004879310344827587,0.0034,6479,3926,6024.930747922438
0.0001,0.004879310344827587,0.0045000000000000005,6446,3460,6024.930747922438
0.0001,0.004879310344827587,0.005600000000000001,6231,3099,6024.930747922438
0.0001,0.004879310344827587,0.0067,6300,2809,6024.930747922438
0.0001,0.004879310344827587,0.0078000000000000005,6351,2559,6024.930747922438
0.0001,0.004879310344827587,0.0089,6420,2376,6024.930747922438
0.0001,0.004879310344827587,0.01,6081,2197,6024.930747922438
0.0001,0.005220689655172415,0.0001,6219,6118,5638.366817887231
0.0001,0.005220689655172415,0.0012000000000000001,6119,5074,5638.366817887231
0.0001,0.005220689655172415,0.0023,6148,4320,5638.366817887231
0.0001,0.005220689655172415,0.0034,5987,3782,5638.366817887231
0.0001,0.005220689655172415,0.0045000000000000005,5970,3349,5638.366817887231
0.0001,0.005220689655172415,0.005600000000000001,6053,3022,5638.366817887231
0.0001,0.005220689655172415,0.0067,5925,2738,5638.366817887231
0.0001,0.005220689655172415,0.0078000000000000005,5942,2520,5638.366817887231
0.0001,0.005220689655172415,0.0089,5889,2306,5638.366817887231
0.0001,0.005220689655172415,0.01,5861,2159,5638.366817887231
0.0001,0.005562068965517242,0.0001,5831,5727,5298.4165651644325
0.0001,0.005562068965517242,0.0012000000000000001,5789,4824,5298.4165651644325
0.0001,0.005562068965517242,0.0023,5672,4140,5298.4165651644325
0.0001,0.005562068965517242,0.0034,5617,3637,5298.4165651644325
0.0001,0.005562068965517242,0.0045000000000000005,5618,3241,5298.4165651644325
0.0001,0.005562068965517242,0.005600000000000001,5545,2917,5298.4165651644325
0.0001,0.005562068965517242,0.0067,5620,2665,5298.4165651644325
0.0001,0.005562068965517242,0.0078000000000000005,5314,2449,5298.4165651644325
0.0001,0.005562068965517242,0.0089,5355,2268,5298.4165651644325
0.0001,0.005562068965517242,0.01,5386,2091,5298.4165651644325
0.0001,0.00590344827586207,0.0001,5506,5403,4997.128087306145
0.0001,0.00590344827586207,0.0012000000000000001,5423,4573,4997.128087306145
0.0001,0.00590344827586207,0.0023,5372,3962,4997.128087306145
0.0001,0.00590344827586207,0.0034,5348,3494,4997.128087306145
0.0001,0.00590344827586207,0.0045000000000000005,5289,3132,4997.128087306145
0.0001,0.00590344827586207,0.005600000000000001,5356,2844,4997.128087306145
0.0001,0.00590344827586207,0.0067,5273,2592,4997.128087306145
0.0001,0.00590344827586207,0.0078000000000000005,5322,2377,4997.128087306145
0.0001,0.00590344827586207,0.0089,5107,2199,4997.128087306145
0.0001,0.00590344827586207,0.01,5188,2054,4997.128087306145
0.0001,0.006244827586206898,0.0001,5211,5113,4728.260869565216
0.0001,0.006244827586206898,0.0012000000000000001,5155,4358,4728.260869565216
0.0001,0.006244827586206898,0.0023,5144,3815,4728.260869565216
0.0001,0.006244827586206898,0.0034,5097,3383,4728.260869565216
0.0001,0.006244827586206898,0.0045000000000000005,5127,3027,4728.260869565216
0.0001,0.006244827586206898,0.005600000000000001,5016,2740,4728.260869565216
0.0001,0.006244827586206898,0.0067,4932,2520,4728.260869565216
0.0001,0.006244827586206898,0.0078000000000000005,5002,2339,4728.260869565216
0.0001,0.006244827586206898,0.0089,5095,2160,4728.260869565216
0.0001,0.006244827586206898,0.01,4859,2018,4728.260869565216
0.0001,0.006586206896551725,0.0001,4931,4861,4486.848891181019
0.0001,0.006586206896551725,0.0012000000000000001,4907,4177,4486.848891181019
0.0001,0.006586206896551725,0.0023,4879,3671,4486.848891181019
0.0001,0.006586206896551725,0.0034,4755,3275,4486.848891181019
0.0001,0.006586206896551725,0.0045000000000000005,4698,2952,4486.848891181019
0.0001,0.006586206896551725,0.005600000000000001,4604,2667,4486.848891181019
0.0001,0.006586206896551725,0.0067,4698,2452,4486.848891181019
0.0001,0.006586206896551725,0.0078000000000000005,4819,2271,4486.848891181019
0.0001,0.006586206896551725,0.0089,4795,2123,4486.848891181019
0.0001,0.006586206896551725,0.01,4781,1981,4486.848891181019
0.0001,0.006927586206896553,0.0001,4682,4642,4268.891069676152
0.0001,0.006927586206896553,0.0012000000000000001,4636,3999,4268.891069676152
0.0001,0.006927586206896553,0.0023,4611,3529,4268.891069676152
0.0001,0.006927586206896553,0.0034,4520,3168,4268.891069676152
0.0001,0.006927586206896553,0.0045000000000000005,4541,2847,4268.891069676152
0.0001,0.006927586206896553,0.005600000000000001,4551,2596,4268.891069676152
0.0001,0.006927586206896553,0.0067,4502,2411,4268.891069676152
0.0001,0.006927586206896553,0.0078000000000000005,4498,2231,4268.891069676152
0.0001,0.006927586206896553,0.0089,4513,2056,4268.891069676152
0.0001,0.006927586206896553,0.01,4510,1943,4268.891069676152
0.0001,0.00726896551724138,0.0001,4466,4426,4071.1277491810943
0.0001,0.00726896551724138,0.0012000000000000001,4444,3851,4071.1277491810943
0.0001,0.00726896551724138,0.0023,4393,3419,4071.1277491810943
0.0001,0.00726896551724138,0.0034,4367,3060,4071.1277491810943
0.0001,0.00726896551724138,0.0045000000000000005,4351,2773,4071.1277491810943
0.0001,0.00726896551724138,0.005600000000000001,4333,2522,4071.1277491810943
0.0001,0.00726896551724138,0.0067,4374,2341,4071.1277491810943
0.0001,0.00726896551724138,0.0078000000000000005,4403,2161,4071.1277491810943
0.0001,0.00726896551724138,0.0089,4138,2018,4071.1277491810943
0.0001,0.00726896551724138,0.01,4271,1908,4071.1277491810943
0.0001,0.0076103448275862086,0.0001,4282,4213,3890.8765652951693
0.0001,0.0076103448275862086,0.0012000000000000001,4257,3708,3890.8765652951693
0.0001,0.0076103448275862086,0.0023,4248,3279,3890.8765652951693
0.0001,0.0076103448275862086,0.0034,4230,2953,3890.8765652951693
0.0001,0.0076103448275862086,0.0045000000000000005,4181,2699,3890.8765652951693
0.0001,0.0076103448275862086,0.005600000000000001,4208,2483,3890.8765652951693
0.0001,0.0076103448275862086,0.0067,4144,2272,3890.8765652951693
0.0001,0.0076103448275862086,0.0078000000000000005,4179,2124,3890.8765652951693
0.0001,0.0076103448275862086,0.0089,4216,1982,3890.8765652951693
0.0001,0.0076103448275862086,0.01,4182,1871,3890.8765652951693
0.0001,0.007951724137931035,0.0001,4099,4033,3725.910064239829
0.0001,0.007951724137931035,0.0012000000000000001,4085,3563,3725.910064239829
0.0001,0.007951724137931035,0.0023,4079,3170,3725.910064239829
0.0001,0.007951724137931035,0.0034,4058,2880,3725.910064239829
0.0001,0.007951724137931035,0.0045000000000000005,4050,2629,3725.910064239829
0.0001,0.007951724137931035,0.005600000000000001,4044,2414,3725.910064239829
0.0001,0.007951724137931035,0.0067,3953,2234,3725.910064239829
0.0001,0.007951724137931035,0.0078000000000000005,3965,2087,3725.910064239829
0.0001,0.007951724137931035,0.0089,4012,1944,3725.910064239829
0.0001,0.007951724137931035,0.01,4007,1836,3725.910064239829
0.0001,0.008293103448275862,0.0001,3924,3886,3574.363188167625
0.0001,0.008293103448275862,0.0012000000000000001,3915,3421,3574.363188167625
0.0001,0.008293103448275862,0.0023,3905,3064,3574.363188167625
0.0001,0.008293103448275862,0.0034,3898,2776,3574.363188167625
0.0001,0.008293103448275862,0.0045000000000000005,3893,2558,3574.363188167625
0.0001,0.008293103448275862,0.005600000000000001,3870,2341,3574.363188167625
0.0001,0.008293103448275862,0.0067,3830,2195,3574.363188167625
0.0001,0.008293103448275862,0.0078000000000000005,3770,2018,3574.363188167625
0.0001,0.008293103448275862,0.0089,3747,1909,3574.363188167625
0.0001,0.008293103448275862,0.01,3806,1799,3574.363188167625
0.0001,0.00863448275862069,0.0001,3774,3742,3434.662455586261
0.0001,0.00863448275862069,0.0012000000000000001,3730,3313,3434.662455586261
0.0001,0.00863448275862069,0.0023,3761,2988,3434.662455586261
0.0001,0.00863448275862069,0.0034,3746,2704,3434.662455586261
0.0001,0.00863448275862069,0.0045000000000000005,3709,2485,3434.662455586261
0.0001,0.00863448275862069,0.005600000000000001,3691,2304,3434.662455586261
0.0001,0.00863448275862069,0.0067,3733,2127,3434.662455586261
0.0001,0.00863448275862069,0.0078000000000000005,3678,1983,3434.662455586261
0.0001,0.00863448275862069,0.0089,3567,1871,3434.662455586261
0.0001,0.00863448275862069,0.01,3672,1766,3434.662455586261
0.0001,0.008975862068965518,0.0001,3635,3599,3305.47112462006
0.0001,0.008975862068965518,0.0012000000000000001,3627,3204,3305.47112462006
0.0001,0.008975862068965518,0.0023,3605,2883,3305.47112462006
0.0001,0.008975862068965518,0.0034,3611,2630,3305.47112462006
0.0001,0.008975862068965518,0.0045000000000000005,3606,2416,3305.47112462006
0.0001,0.008975862068965518,0.005600000000000001,3595,2234,3305.47112462006
0.0001,0.008975862068965518,0.0067,3561,2089,3305.47112462006
0.0001,0.008975862068965518,0.0078000000000000005,3566,1945,3305.47112462006
0.0001,0.008975862068965518,0.0089,3499,1837,3305.47112462006
0.0001,0.008975862068965518,0.01,3560,1729,3305.47112462006
0.0001,0.009317241379310346,0.0001,3492,3458,3185.6462834126696
0.0001,0.009317241379310346,0.0012000000000000001,3480,3097,3185.6462834126696
0.0001,0.009317241379310346,0.0023,3481,2808,3185.6462834126696
0.0001,0.009317241379310346,0.0034,3464,2559,3185.6462834126696
0.0001,0.009317241379310346,0.0045000000000000005,3460,2375,3185.6462834126696
0.0001,0.009317241379310346,0.005600000000000001,3463,2197,3185.6462834126696
0.0001,0.009317241379310346,0.0067,3455,2052,3185.6462834126696
0.0001,0.009317241379310346,0.0078000000000000005,3451,1909,3185.6462834126696
0.0001,0.009317241379310346,0.0089,3383,1801,3185.6462834126696
0.0001,0.009317241379310346,0.01,3407,1693,3185.6462834126696
0.0001,0.009658620689655173,0.0001,3383,3348,3074.204946996466
0.0001,0.009658620689655173,0.0012000000000000001,3375,2991,3074.204946996466
0.0001,0.009658620689655173,0.0023,3367,2737,3074.204946996466
0.0001,0.009658620689655173,0.0034,3363,2488,3074.204946996466
0.0001,0.009658620689655173,0.0045000000000000005,3312,2305,3074.204946996466
0.0001,0.009658620689655173,0.005600000000000001,3337,2128,3074.204946996466
0.0001,0.009658620689655173,0.0067,3348,2015,3074.204946996466
0.0001,0.009658620689655173,0.0078000000000000005,3336,1874,3074.204946996466
0.0001,0.009658620689655173,0.0089,3341,1767,3074.204946996466
0.0001,0.009658620689655173,0.01,3336,1659,3074.204946996466
0.0001,0.01,0.0001,3269,3238,2970.2970297029706
0.0001,0.01,0.0012000000000000001,3261,2917,2970.2970297029706
0.0001,0.01,0.0023,3260,2663,2970.2970297029706
0.0001,0.01,0.0034,3254,2448,2970.2970297029706
0.0001,0.01,0.0045000000000000005,3250,2268,2970.2970297029706
0.0001,0.01,0.005600000000000001,3241,2091,2970.2970297029706
0.0001,0.01,0.0067,3235,1948,2970.2970297029706
0.0001,0.01,0.0078000000000000005,3234,1838,2970.2970297029706
0.0001,0.01,0.0089,3235,1729,2970.2970297029706
0.0001,0.01,0.01,3222,1654,2970.2970297029706
0.0004413793103448276,0.0001,0.0001,220567,206015,244585.98726114648
0.0004413793103448276,0.0001,0.0012000000000000001,165337,77146,244585.98726114648
0.0004413793103448276,0.0001,0.0023,156577,47468,244585.98726114648
0.0004413793103448276,0.0001,0.0034,152928,33796,244585.98726114648
0.0004413793103448276,0.0001,0.0045000000000000005,150328,25695,244585.98726114648
0.0004413793103448276,0.0001,0.005600000000000001,147189,22122,244585.98726114648
0.0004413793103448276,0.0001,0.0067,146613,18668,244585.98726114648
0.0004413793103448276,0.0001,0.0078000000000000005,146103,16192,244585.98726114648
0.0004413793103448276,0.0001,0.0089,145528,14310,244585.98726114648
0.0004413793103448276,0.0001,0.01,145033,12778,244585.98726114648
0.0004413793103448276,0.0004413793103448276,0.0001,148363,137063,150000.0
0.0004413793103448276,0.0004413793103448276,0.0012000000000000001,140461,63680,150000.0
0.0004413793103448276,0.0004413793103448276,0.0023,136649,41956,150000.0
0.0004413793103448276,0.0004413793103448276,0.0034,137340,30784,150000.0
0.0004413793103448276,0.0004413793103448276,0.0045000000000000005,138721,24156,150000.0
0.0004413793103448276,0.0004413793103448276,0.005600000000000001,135949,20971,150000.0
0.0004413793103448276,0.0004413793103448276,0.0067,138518,17826,150000.0
0.0004413793103448276,0.0004413793103448276,0.0078000000000000005,138044,15550,150000.0
0.0004413793103448276,0.0004413793103448276,0.0089,138109,13775,150000.0
0.0004413793103448276,0.0004413793103448276,0.01,137709,12354,150000.0
0.0004413793103448276,0.0007827586206896553,0.0001,109037,101395,108169.01408450704
0.0004413793103448276,0.0007827586206896553,0.0012000000000000001,102313,54722,108169.01408450704
0.0004413793103448276,0.0007827586206896553,0.0023,103874,38131,108169.01408450704
0.0004413793103448276,0.0007827586206896553,0.0034,105815,28294,108169.01408450704
0.0004413793103448276,0.0007827586206896553,0.0045000000000000005,107044,23434,108169.01408450704
0.0004413793103448276,0.0007827586206896553,0.005600000000000001,106996,19880,108169.01408450704
0.0004413793103448276,0.0007827586206896553,0.0067,106822,17063,108169.01408450704
0.0004413793103448276,0.0007827586206896553,0.0078000000000000005,106648,14913,108169.01408450704
0.0004413793103448276,0.0007827586206896553,0.0089,106521,13209,108169.01408450704
0.0004413793103448276,0.0007827586206896553,0.01,106591,11928,108169.01408450704
0.0004413793103448276,0.001124137931034483,0.0001,85041,81143,84581.49779735682
0.0004413793103448276,0.001124137931034483,0.0012000000000000001,84079,48799,84581.49779735682
0.0004413793103448276,0.001124137931034483,0.0023,83140,34452,84581.49779735682
0.0004413793103448276,0.001124137931034483,0.0034,84001,26178,84581.49779735682
0.0004413793103448276,0.001124137931034483,0.0045000000000000005,83508,22407,84581.49779735682
0.0004413793103448276,0.001124137931034483,0.005600000000000001,84330,18868,84581.49779735682
0.0004413793103448276,0.001124137931034483,0.0067,83965,16354,84581.49779735682
0.0004413793103448276,0.001124137931034483,0.0078000000000000005,83936,14345,84581.49779735682
0.0004413793103448276,0.001124137931034483,0.0089,83760,12782,84581.49779735682
0.0004413793103448276,0.001124137931034483,0.01,83655,11506,84581.49779735682
0.0004413793103448276,0.0014655172413793106,0.0001,70059,66697,69439.4213381555
0.0004413793103448276,0.0014655172413793106,0.0012000000000000001,68452,42992,69439.4213381555
0.0004413793103448276,0.0014655172413793106,0.0023,68199,31437,69439.4213381555
0.0004413793103448276,0.0014655172413793106,0.0034,65907,24479,69439.4213381555
0.0004413793103448276,0.0014655172413793106,0.0045000000000000005,68346,21143,69439.4213381555
0.0004413793103448276,0.0014655172413793106,0.005600000000000001,68243,18012,69439.4213381555
0.0004413793103448276,0.0014655172413793106,0.0067,68550,15684,69439.4213381555
0.0004413793103448276,0.0014655172413793106,0.0078000000000000005,68743,13916,69439.4213381555
0.0004413793103448276,0.0014655172413793106,0.0089,68476,12356,69439.4213381555
0.0004413793103448276,0.0014655172413793106,0.01,68754,11220,69439.4213381555
0.0004413793103448276,0.0018068965517241383,0.0001,57905,55717,58895.70552147239
0.0004413793103448276,0.0018068965517241383,0.0012000000000000001,57144,38978,58895.70552147239
0.0004413793103448276,0.0018068965517241383,0.0023,57042,28817,58895.70552147239
0.0004413793103448276,0.0018068965517241383,0.0034,57072,23887,58895.70552147239
0.0004413793103448276,0.0018068965517241383,0.0045000000000000005,56774,20029,58895.70552147239
0.0004413793103448276,0.0018068965517241383,0.005600000000000001,57327,17204,58895.70552147239
0.0004413793103448276,0.0018068965517241383,0.0067,57395,15054,58895.70552147239
0.0004413793103448276,0.0018068965517241383,0.0078000000000000005,57345,13349,58895.70552147239
0.0004413793103448276,0.0018068965517241383,0.0089,57407,12069,58895.70552147239
0.0004413793103448276,0.0018068965517241383,0.01,57358,10934,58895.70552147239
0.0004413793103448276,0.0021482758620689655,0.0001,52262,50258,51131.82423435419
0.0004413793103448276,0.0021482758620689655,0.0012000000000000001,51418,35240,51131.82423435419
0.0004413793103448276,0.0021482758620689655,0.0023,50994,26592,51131.82423435419
0.0004413793103448276,0.0021482758620689655,0.0034,50639,22676,51131.82423435419
0.0004413793103448276,0.0021482758620689655,0.0045000000000000005,50410,19064,51131.82423435419
0.0004413793103448276,0.0021482758620689655,0.005600000000000001,50208,16496,51131.82423435419
0.0004413793103448276,0.0021482758620689655,0.0067,50962,14486,51131.82423435419
0.0004413793103448276,0.0021482758620689655,0.0078000000000000005,50908,12923,51131.82423435419
0.0004413793103448276,0.0021482758620689655,0.0089,50843,11645,51131.82423435419
0.0004413793103448276,0.0021482758620689655,0.01,50997,10648,51131.82423435419
0.0004413793103448276,0.0024896551724137932,0.0001,45768,44196,45176.470588235294
0.0004413793103448276,0.0024896551724137932,0.0012000000000000001,44658,32059,45176.470588235294
0.0004413793103448276,0.0024896551724137932,0.0023,44663,24944,45176.470588235294
0.0004413793103448276,0.0024896551724137932,0.0034,44655,21422,45176.470588235294
0.0004413793103448276,0.0024896551724137932,0.0045000000000000005,44003,18192,45176.470588235294
0.0004413793103448276,0.0024896551724137932,0.005600000000000001,44699,15823,45176.470588235294
0.0004413793103448276,0.0024896551724137932,0.0067,43442,13918,45176.470588235294
0.0004413793103448276,0.0024896551724137932,0.0078000000000000005,43786,12498,45176.470588235294
0.0004413793103448276,0.0024896551724137932,0.0089,44497,11358,45176.470588235294
0.0004413793103448276,0.0024896551724137932,0.01,44477,10366,45176.470588235294
0.0004413793103448276,0.002831034482758621,0.0001,40747,39749,40463.645943097996
0.0004413793103448276,0.002831034482758621,0.0012000000000000001,39856,29342,40463.645943097996
0.0004413793103448276,0.002831034482758621,0.0023,39346,23771,40463.645943097996
0.0004413793103448276,0.002831034482758621,0.0034,39443,20299,40463.645943097996
0.0004413793103448276,0.002831034482758621,0.0045000000000000005,39461,17367,40463.645943097996
0.0004413793103448276,0.002831034482758621,0.005600000000000001,39253,15196,40463.645943097996
0.0004413793103448276,0.002831034482758621,0.0067,38184,13491,40463.645943097996
0.0004413793103448276,0.002831034482758621,0.0078000000000000005,39257,12073,40463.645943097996
0.0004413793103448276,0.002831034482758621,0.0089,39417,10935,40463.645943097996
0.0004413793103448276,0.002831034482758621,0.01,39681,10081,40463.645943097996
0.0004413793103448276,0.0031724137931034486,0.0001,37057,36100,36641.221374045796
0.0004413793103448276,0.0031724137931034486,0.0012000000000000001,36228,26987,36641.221374045796
0.0004413793103448276,0.0031724137931034486,0.0023,36085,22986,36641.221374045796
0.0004413793103448276,0.0031724137931034486,0.0034,36095,19264,36641.221374045796
0.0004413793103448276,0.0031724137931034486,0.0045000000000000005,35940,16638,36641.221374045796
0.0004413793103448276,0.0031724137931034486,0.005600000000000001,35570,14626,36641.221374045796
0.0004413793103448276,0.0031724137931034486,0.0067,36058,13065,36641.221374045796
0.0004413793103448276,0.0031724137931034486,0.0078000000000000005,36121,11784,36641.221374045796
0.0004413793103448276,0.0031724137931034486,0.0089,34751,10651,36641.221374045796
0.0004413793103448276,0.0031724137931034486,0.01,36031,9797,36641.221374045796
0.0004413793103448276,0.0035137931034482763,0.0001,33592,32747,33478.63993025283
0.0004413793103448276,0.0035137931034482763,0.0012000000000000001,33044,25186,33478.63993025283
0.0004413793103448276,0.0035137931034482763,0.0023,32624,21701,33478.63993025283
0.0004413793103448276,0.0035137931034482763,0.0034,32776,18377,33478.63993025283
0.0004413793103448276,0.0035137931034482763,0.0045000000000000005,32728,15967,33478.63993025283
0.0004413793103448276,0.0035137931034482763,0.005600000000000001,32780,14061,33478.63993025283
0.0004413793103448276,0.0035137931034482763,0.0067,32511,12635,33478.63993025283
0.0004413793103448276,0.0035137931034482763,0.0078000000000000005,32116,11362,33478.63993025283
0.0004413793103448276,0.0035137931034482763,0.0089,31557,10368,33478.63993025283
0.0004413793103448276,0.0035137931034482763,0.01,32176,9528,33478.63993025283
0.0004413793103448276,0.003855172413793104,0.0001,30598,29868,30818.619582664527
0.0004413793103448276,0.003855172413793104,0.0012000000000000001,30019,23723,30818.619582664527
0.0004413793103448276,0.003855172413793104,0.0023,29692,20579,30818.619582664527
0.0004413793103448276,0.003855172413793104,0.0034,29814,17566,30818.619582664527
0.0004413793103448276,0.003855172413793104,0.0045000000000000005,29775,15338,30818.619582664527
0.0004413793103448276,0.003855172413793104,0.005600000000000001,29710,13633,30818.619582664527
0.0004413793103448276,0.003855172413793104,0.0067,29610,12213,30818.619582664527
0.0004413793103448276,0.003855172413793104,0.0078000000000000005,29571,11076,30818.619582664527
0.0004413793103448276,0.003855172413793104,0.0089,29626,10085,30818.619582664527
0.0004413793103448276,0.003855172413793104,0.01,29837,9393,30818.619582664527
0.0004413793103448276,0.004196551724137932,0.0001,28133,27508,28550.185873605944
0.0004413793103448276,0.004196551724137932,0.0012000000000000001,27601,23312,28550.185873605944
0.0004413793103448276,0.004196551724137932,0.0023,27393,19480,28550.185873605944
0.0004413793103448276,0.004196551724137932,0.0034,27502,16791,28550.185873605944
0.0004413793103448276,0.004196551724137932,0.0045000000000000005,26951,14770,28550.185873605944
0.0004413793103448276,0.004196551724137932,0.005600000000000001,27266,13068,28550.185873605944
0.0004413793103448276,0.004196551724137932,0.0067,27299,11788,28550.185873605944
0.0004413793103448276,0.004196551724137932,0.0078000000000000005,27281,10791,28550.185873605944
0.0004413793103448276,0.004196551724137932,0.0089,27070,9842,28550.185873605944
0.0004413793103448276,0.004196551724137932,0.01,27008,9088,28550.185873605944
0.0004413793103448276,0.00453793103448276,0.0001,26034,25543,26592.797783933514
0.0004413793103448276,0.00453793103448276,0.0012000000000000001,25606,21982,26592.797783933514
0.0004413793103448276,0.00453793103448276,0.0023,25652,18573,26592.797783933514
0.0004413793103448276,0.00453793103448276,0.0034,25535,16110,26592.797783933514
0.0004413793103448276,0.00453793103448276,0.0045000000000000005,25443,14201,26592.797783933514
0.0004413793103448276,0.00453793103448276,0.005600000000000001,25201,12641,26592.797783933514
0.0004413793103448276,0.00453793103448276,0.0067,25375,11501,26592.797783933514
0.0004413793103448276,0.00453793103448276,0.0078000000000000005,25315,10460,26592.797783933514
0.0004413793103448276,0.00453793103448276,0.0089,25045,9584,26592.797783933514
0.0004413793103448276,0.00453793103448276,0.01,25199,8974,26592.797783933514
0.0004413793103448276,0.004879310344827587,0.0001,24436,24344,24886.584575502264
0.0004413793103448276,0.004879310344827587,0.0012000000000000001,24266,20858,24886.584575502264
0.0004413793103448276,0.004879310344827587,0.0023,24311,17745,24886.584575502264
0.0004413793103448276,0.004879310344827587,0.0034,24327,15480,24886.584575502264
0.0004413793103448276,0.004879310344827587,0.0045000000000000005,24224,13637,24886.584575502264
0.0004413793103448276,0.004879310344827587,0.005600000000000001,24184,12215,24886.584575502264
0.0004413793103448276,0.004879310344827587,0.0067,24183,11077,24886.584575502264
0.0004413793103448276,0.004879310344827587,0.0078000000000000005,24196,10160,24886.584575502264
0.0004413793103448276,0.004879310344827587,0.0089,24131,9372,24886.584575502264
0.0004413793103448276,0.004879310344827587,0.01,24105,8686,24886.584575502264
0.0004413793103448276,0.005220689655172415,0.0001,23570,23228,23386.11449451888
0.0004413793103448276,0.005220689655172415,0.0012000000000000001,23473,19738,23386.11449451888
0.0004413793103448276,0.005220689655172415,0.0023,23428,16952,23386.11449451888
0.0004413793103448276,0.005220689655172415,0.0034,23347,14912,23386.11449451888
0.0004413793103448276,0.005220689655172415,0.0045000000000000005,23241,13207,23386.11449451888
0.0004413793103448276,0.005220689655172415,0.005600000000000001,23320,11926,23386.11449451888
0.0004413793103448276,0.005220689655172415,0.0067,23101,10794,23386.11449451888
0.0004413793103448276,0.005220689655172415,0.0078000000000000005,23238,9940,23386.11449451888
0.0004413793103448276,0.005220689655172415,0.0089,23166,9210,23386.11449451888
0.0004413793103448276,0.005220689655172415,0.01,23197,8519,23386.11449451888
0.0004413793103448276,0.005562068965517242,0.0001,22645,22319,22056.28948879954
0.0004413793103448276,0.005562068965517242,0.0012000000000000001,22297,18762,22056.28948879954
0.0004413793103448276,0.005562068965517242,0.0023,22068,16259,22056.28948879954
0.0004413793103448276,0.005562068965517242,0.0034,21800,14343,22056.28948879954
0.0004413793103448276,0.005562068965517242,0.0045000000000000005,22014,12781,22056.28948879954
0.0004413793103448276,0.005562068965517242,0.005600000000000001,21739,11503,22056.28948879954
0.0004413793103448276,0.005562068965517242,0.0067,21682,10509,22056.28948879954
0.0004413793103448276,0.005562068965517242,0.0078000000000000005,21588,9657,22056.28948879954
0.0004413793103448276,0.005562068965517242,0.0089,21557,8946,22056.28948879954
0.0004413793103448276,0.005562068965517242,0.01,21654,8408,22056.28948879954
0.0004413793103448276,0.00590344827586207,0.0001,21393,21003,20869.5652173913
0.0004413793103448276,0.00590344827586207,0.0012000000000000001,21041,17908,20869.5652173913
0.0004413793103448276,0.00590344827586207,0.0023,20918,15622,20869.5652173913
0.0004413793103448276,0.00590344827586207,0.0034,20828,13776,20869.5652173913
0.0004413793103448276,0.00590344827586207,0.0045000000000000005,20733,12354,20869.5652173913
0.0004413793103448276,0.00590344827586207,0.005600000000000001,20641,11218,20869.5652173913
0.0004413793103448276,0.00590344827586207,0.0067,20688,10224,20869.5652173913
0.0004413793103448276,0.00590344827586207,0.0078000000000000005,20351,9436,20869.5652173913
0.0004413793103448276,0.00590344827586207,0.0089,20667,8805,20869.5652173913
0.0004413793103448276,0.00590344827586207,0.01,20519,8210,20869.5652173913
0.0004413793103448276,0.006244827586206898,0.0001,20270,19916,19804.02269210933
0.0004413793103448276,0.006244827586206898,0.0012000000000000001,20143,17120,19804.02269210933
0.0004413793103448276,0.006244827586206898,0.0023,19943,15037,19804.02269210933
0.0004413793103448276,0.006244827586206898,0.0034,19860,13347,19804.02269210933
0.0004413793103448276,0.006244827586206898,0.0045000000000000005,19790,11931,19804.02269210933
0.0004413793103448276,0.006244827586206898,0.005600000000000001,19777,10872,19804.02269210933
0.0004413793103448276,0.006244827586206898,0.0067,19555,9940,19804.02269210933
0.0004413793103448276,0.006244827586206898,0.0078000000000000005,19858,9229,19804.02269210933
0.0004413793103448276,0.006244827586206898,0.0089,19557,8527,19804.02269210933
0.0004413793103448276,0.006244827586206898,0.01,19616,7983,19804.02269210933
0.0004413793103448276,0.006586206896551725,0.0001,19231,18965,18842.001962708535
0.0004413793103448276,0.006586206896551725,0.0012000000000000001,19018,16411,18842.001962708535
0.0004413793103448276,0.006586206896551725,0.0023,18782,14483,18842.001962708535
0.0004413793103448276,0.006586206896551725,0.0034,18627,12921,18842.001962708535
0.0004413793103448276,0.006586206896551725,0.0045000000000000005,18554,11644,18842.001962708535
0.0004413793103448276,0.006586206896551725,0.005600000000000001,18460,10538,18842.001962708535
0.0004413793103448276,0.006586206896551725,0.0067,18313,9727,18842.001962708535
0.0004413793103448276,0.006586206896551725,0.0078000000000000005,18701,8988,18842.001962708535
0.0004413793103448276,0.006586206896551725,0.0089,18286,8377,18842.001962708535
0.0004413793103448276,0.006586206896551725,0.01,18391,7811,18842.001962708535
0.0004413793103448276,0.006927586206896553,0.0001,18332,18096,17969.115582592414
0.0004413793103448276,0.006927586206896553,0.0012000000000000001,18114,15765,17969.115582592414
0.0004413793103448276,0.006927586206896553,0.0023,17795,13917,17969.115582592414
0.0004413793103448276,0.006927586206896553,0.0034,17660,12496,17969.115582592414
0.0004413793103448276,0.006927586206896553,0.0045000000000000005,17625,11221,17969.115582592414
0.0004413793103448276,0.006927586206896553,0.005600000000000001,17727,10283,17969.115582592414
0.0004413793103448276,0.006927586206896553,0.0067,17476,9513,17969.115582592414
0.0004413793103448276,0.006927586206896553,0.0078000000000000005,17520,8803,17969.115582592414
0.0004413793103448276,0.006927586206896553,0.0089,17212,8269,17969.115582592414
0.0004413793103448276,0.006927586206896553,0.01,17189,7667,17969.115582592414
0.0004413793103448276,0.00726896551724138,0.0001,17505,17314,17173.524150268335
0.0004413793103448276,0.00726896551724138,0.0012000000000000001,17308,15160,17173.524150268335
0.0004413793103448276,0.00726896551724138,0.0023,17099,13489,17173.524150268335
0.0004413793103448276,0.00726896551724138,0.0034,16990,12070,17173.524150268335
0.0004413793103448276,0.00726896551724138,0.0045000000000000005,16829,10935,17173.524150268335
0.0004413793103448276,0.00726896551724138,0.005600000000000001,16719,10073,17173.524150268335
0.0004413793103448276,0.00726896551724138,0.0067,16761,9231,17173.524150268335
0.0004413793103448276,0.00726896551724138,0.0078000000000000005,17313,8645,17173.524150268335
0.0004413793103448276,0.00726896551724138,0.0089,16745,8079,17173.524150268335
0.0004413793103448276,0.00726896551724138,0.01,16656,7526,17173.524150268335
0.0004413793103448276,0.0076103448275862086,0.0001,16751,16565,16445.396145610277
0.0004413793103448276,0.0076103448275862086,0.0012000000000000001,16577,14607,16445.396145610277
0.0004413793103448276,0.0076103448275862086,0.0023,16547,12925,16445.396145610277
0.0004413793103448276,0.0076103448275862086,0.0034,16533,11645,16445.396145610277
0.0004413793103448276,0.0076103448275862086,0.0045000000000000005,16295,10649,16445.396145610277
0.0004413793103448276,0.0076103448275862086,0.005600000000000001,16399,9797,16445.396145610277
0.0004413793103448276,0.0076103448275862086,0.0067,16224,9105,16445.396145610277
0.0004413793103448276,0.0076103448275862086,0.0078000000000000005,16133,8384,16445.396145610277
0.0004413793103448276,0.0076103448275862086,0.0089,16268,7915,16445.396145610277
0.0004413793103448276,0.0076103448275862086,0.01,16232,7383,16445.396145610277
0.0004413793103448276,0.007951724137931035,0.0001,16050,15905,15776.499589153656
0.0004413793103448276,0.007951724137931035,0.0012000000000000001,15895,14057,15776.499589153656
0.0004413793103448276,0.007951724137931035,0.0023,15980,12498,15776.499589153656
0.0004413793103448276,0.007951724137931035,0.0034,15792,11360,15776.499589153656
0.0004413793103448276,0.007951724137931035,0.0045000000000000005,15790,10367,15776.499589153656
0.0004413793103448276,0.007951724137931035,0.005600000000000001,15605,9516,15776.499589153656
0.0004413793103448276,0.007951724137931035,0.0067,15317,8806,15776.499589153656
0.0004413793103448276,0.007951724137931035,0.0078000000000000005,15427,8235,15776.499589153656
0.0004413793103448276,0.007951724137931035,0.0089,15404,7721,15776.499589153656
0.0004413793103448276,0.007951724137931035,0.01,15712,7242,15776.499589153656
0.0004413793103448276,0.008293103448275862,0.0001,15470,15285,15159.889459139358
0.0004413793103448276,0.008293103448275862,0.0012000000000000001,15297,13491,15159.889459139358
0.0004413793103448276,0.008293103448275862,0.0023,15111,12083,15159.889459139358
0.0004413793103448276,0.008293103448275862,0.0034,15052,10961,15159.889459139358
0.0004413793103448276,0.008293103448275862,0.0045000000000000005,15005,10084,15159.889459139358
0.0004413793103448276,0.008293103448275862,0.005600000000000001,15350,9356,15159.889459139358
0.0004413793103448276,0.008293103448275862,0.0067,14716,8661,15159.889459139358
0.0004413793103448276,0.008293103448275862,0.0078000000000000005,14854,8122,15159.889459139358
0.0004413793103448276,0.008293103448275862,0.0089,14866,7546,15159.889459139358
0.0004413793103448276,0.008293103448275862,0.01,14620,7099,15159.889459139358
0.0004413793103448276,0.00863448275862069,0.0001,14860,14718,14589.66565349544
0.0004413793103448276,0.00863448275862069,0.0012000000000000001,14662,13065,14589.66565349544
0.0004413793103448276,0.00863448275862069,0.0023,14757,11786,14589.66565349544
0.0004413793103448276,0.00863448275862069,0.0034,14761,10654,14589.66565349544
0.0004413793103448276,0.00863448275862069,0.0045000000000000005,14660,9799,14589.66565349544
0.0004413793103448276,0.00863448275862069,0.005600000000000001,14620,9088,14589.66565349544
0.0004413793103448276,0.00863448275862069,0.0067,14560,8499,14589.66565349544
0.0004413793103448276,0.00863448275862069,0.0078000000000000005,14253,7976,14589.66565349544
0.0004413793103448276,0.00863448275862069,0.0089,14390,7399,14589.66565349544
0.0004413793103448276,0.00863448275862069,0.01,14162,6977,14589.66565349544
0.0004413793103448276,0.008975862068965518,0.0001,14328,14199,14060.78359575247
0.0004413793103448276,0.008975862068965518,0.0012000000000000001,14180,12638,14060.78359575247
0.0004413793103448276,0.008975862068965518,0.0023,14160,11363,14060.78359575247
0.0004413793103448276,0.008975862068965518,0.0034,14258,10368,14060.78359575247
0.0004413793103448276,0.008975862068965518,0.0045000000000000005,14091,9627,14060.78359575247
0.0004413793103448276,0.008975862068965518,0.005600000000000001,14003,8930,14060.78359575247
0.0004413793103448276,0.008975862068965518,0.0067,14010,8252,14060.78359575247
0.0004413793103448276,0.008975862068965518,0.0078000000000000005,14085,7799,14060.78359575247
0.0004413793103448276,0.008975862068965518,0.0089,13810,7282,14060.78359575247
0.0004413793103448276,0.008975862068965518,0.01,13718,6913,14060.78359575247
0.0004413793103448276,0.009317241379310346,0.0001,13774,13634,13568.904593639576
0.0004413793103448276,0.009317241379310346,0.0012000000000000001,13603,12213,13568.904593639576
0.0004413793103448276,0.009317241379310346,0.0023,13502,11076,13568.904593639576
0.0004413793103448276,0.009317241379310346,0.0034,13365,10120,13568.904593639576
0.0004413793103448276,0.009317241379310346,0.0045000000000000005,13259,9371,13568.904593639576
0.0004413793103448276,0.009317241379310346,0.005600000000000001,13314,8663,13568.904593639576
0.0004413793103448276,0.009317241379310346,0.0067,13221,8094,13568.904593639576
0.0004413793103448276,0.009317241379310346,0.0078000000000000005,13295,7637,13568.904593639576
0.0004413793103448276,0.009317241379310346,0.0089,13208,7187,13568.904593639576
0.0004413793103448276,0.009317241379310346,0.01,13360,6813,13568.904593639576
0.0004413793103448276,0.009658620689655173,0.0001,13339,13206,13110.276544895869
0.0004413793103448276,0.009658620689655173,0.0012000000000000001,13228,11789,13110.276544895869
0.0004413793103448276,0.009658620689655173,0.0023,13284,10793,13110.276544895869
0.0004413793103448276,0.009658620689655173,0.0034,13243,9936,13110.276544895869
0.0004413793103448276,0.009658620689655173,0.0045000000000000005,13175,9118,13110.276544895869
0.0004413793103448276,0.009658620689655173,0.005600000000000001,13170,8468,13110.276544895869
0.0004413793103448276,0.009658620689655173,0.0067,13080,7951,13110.276544895869
0.0004413793103448276,0.009658620689655173,0.0078000000000000005,13065,7490,13110.276544895869
0.0004413793103448276,0.009658620689655173,0.0089,13087,7059,13110.276544895869
0.0004413793103448276,0.009658620689655173,0.01,13027,6673,13110.276544895869
0.0004413793103448276,0.01,0.0001,12910,12778,12681.638044914134
0.0004413793103448276,0.01,0.0012000000000000001,12870,11503,12681.638044914134
0.0004413793103448276,0.01,0.0023,12869,10507,12681.638044914134
0.0004413793103448276,0.01,0.0034,12848,9656,12681.638044914134
0.0004413793103448276,0.01,0.0045000000000000005,12810,8946,12681.638044914134
0.0004413793103448276,0.01,0.005600000000000001,12681,8363,12681.638044914134
0.0004413793103448276,0.01,0.0067,12742,7834,12681.638044914134
0.0004413793103448276,0.01,0.0078000000000000005,12715,7356,12681.638044914134
0.0004413793103448276,0.01,0.0089,12752,6961,12681.638044914134
0.0004413793103448276,0.01,0.01,12409,6530,12681.638044914134
0.0007827586206896553,0.0001,0.0001,245192,241497,266015.625
0.0007827586206896553,0.0001,0.0012000000000000001,181061,112363,266015.625
0.0007827586206896553,0.0001,0.0023,167683,74308,266015.625
0.0007827586206896553,0.0001,0.0034,161446,55527,266015.625
0.0007827586206896553,0.0001,0.0045000000000000005,157766,43316,266015.625
0.0007827586206896553,0.0001,0.005600000000000001,155904,36613,266015.625
0.0007827586206896553,0.0001,0.0067,153766,31222,266015.625
0.0007827586206896553,0.0001,0.0078000000000000005,152154,26953,266015.625
0.0007827586206896553,0.0001,0.0089,150844,23834,266015.625
0.0007827586206896553,0.0001,0.01,149836,21472,266015.625
0.0007827586206896553,0.0004413793103448276,0.0001,186529,177504,191830.98591549296
0.0007827586206896553,0.0004413793103448276,0.0012000000000000001,161510,96718,191830.98591549296
0.0007827586206896553,0.0004413793103448276,0.0023,154683,67126,191830.98591549296
0.0007827586206896553,0.0004413793103448276,0.0034,149282,51071,191830.98591549296
0.0007827586206896553,0.0004413793103448276,0.0045000000000000005,149658,40658,191830.98591549296
0.0007827586206896553,0.0004413793103448276,0.005600000000000001,148649,34635,191830.98591549296
0.0007827586206896553,0.0004413793103448276,0.0067,146534,29882,191830.98591549296
0.0007827586206896553,0.0004413793103448276,0.0078000000000000005,144452,25961,191830.98591549296
0.0007827586206896553,0.0004413793103448276,0.0089,144694,22900,191830.98591549296
0.0007827586206896553,0.0004413793103448276,0.01,144310,21189,191830.98591549296
0.0007827586206896553,0.0007827586206896553,0.0001,148705,141615,150000.0
0.0007827586206896553,0.0007827586206896553,0.0012000000000000001,144543,85610,150000.0
0.0007827586206896553,0.0007827586206896553,0.0023,142090,60292,150000.0
0.0007827586206896553,0.0007827586206896553,0.0034,140425,47659,150000.0
0.0007827586206896553,0.0007827586206896553,0.0045000000000000005,140163,39285,150000.0
0.0007827586206896553,0.0007827586206896553,0.005600000000000001,139116,32944,150000.0
0.0007827586206896553,0.0007827586206896553,0.0067,139190,28558,150000.0
0.0007827586206896553,0.0007827586206896553,0.0078000000000000005,140375,24783,150000.0
0.0007827586206896553,0.0007827586206896553,0.0089,139618,22414,150000.0
0.0007827586206896553,0.0007827586206896553,0.01,139413,20580,150000.0
0.0007827586206896553,0.001124137931034483,0.0001,123677,117761,123146.47377938518
0.0007827586206896553,0.001124137931034483,0.0012000000000000001,117156,75478,123146.47377938518
0.0007827586206896553,0.001124137931034483,0.0023,111528,56554,123146.47377938518
0.0007827586206896553,0.001124137931034483,0.0034,118039,44147,123146.47377938518
0.0007827586206896553,0.001124137931034483,0.0045000000000000005,119473,37082,123146.47377938518
0.0007827586206896553,0.001124137931034483,0.005600000000000001,118765,31539,123146.47377938518
0.0007827586206896553,0.001124137931034483,0.0067,120447,27374,123146.47377938518
0.0007827586206896553,0.001124137931034483,0.0078000000000000005,119477,23946,123146.47377938518
0.0007827586206896553,0.001124137931034483,0.0089,118119,22052,123146.47377938518
0.0007827586206896553,0.001124137931034483,0.01,117980,19942,123146.47377938518
0.0007827586206896553,0.0014655172413793106,0.0001,104716,100696,104447.8527607362
0.0007827586206896553,0.0014655172413793106,0.0012000000000000001,100771,68576,104447.8527607362
0.0007827586206896553,0.0014655172413793106,0.0023,101357,52040,104447.8527607362
0.0007827586206896553,0.0014655172413793106,0.0034,101965,41224,104447.8527607362
0.0007827586206896553,0.0014655172413793106,0.0045000000000000005,101390,35035,104447.8527607362
0.0007827586206896553,0.0014655172413793106,0.005600000000000001,102821,30153,104447.8527607362
0.0007827586206896553,0.0014655172413793106,0.0067,103190,26195,104447.8527607362
0.0007827586206896553,0.0014655172413793106,0.0078000000000000005,102772,23128,104447.8527607362
0.0007827586206896553,0.0014655172413793106,0.0089,102527,21317,104447.8527607362
0.0007827586206896553,0.0014655172413793106,0.01,102092,19400,104447.8527607362
0.0007827586206896553,0.0018068965517241383,0.0001,91187,88034,90679.09454061252
0.0007827586206896553,0.0018068965517241383,0.0012000000000000001,89579,61798,90679.09454061252
0.0007827586206896553,0.0018068965517241383,0.0023,89241,48445,90679.09454061252
0.0007827586206896553,0.0018068965517241383,0.0034,86613,39778,90679.09454061252
0.0007827586206896553,0.0018068965517241383,0.0045000000000000005,88383,33269,90679.09454061252
0.0007827586206896553,0.0018068965517241383,0.005600000000000001,89490,28794,90679.09454061252
0.0007827586206896553,0.0018068965517241383,0.0067,89339,25018,90679.09454061252
0.0007827586206896553,0.0018068965517241383,0.0078000000000000005,90167,22828,90679.09454061252
0.0007827586206896553,0.0018068965517241383,0.0089,90175,20714,90679.09454061252
0.0007827586206896553,0.0018068965517241383,0.01,89698,18872,90679.09454061252
0.0007827586206896553,0.0021482758620689655,0.0001,79885,76984,80117.64705882352
0.0007827586206896553,0.0021482758620689655,0.0012000000000000001,78660,57374,80117.64705882352
0.0007827586206896553,0.0021482758620689655,0.0023,78956,44862,80117.64705882352
0.0007827586206896553,0.0021482758620689655,0.0034,78923,37536,80117.64705882352
0.0007827586206896553,0.0021482758620689655,0.0045000000000000005,78624,31825,80117.64705882352
0.0007827586206896553,0.0021482758620689655,0.005600000000000001,78415,27611,80117.64705882352
0.0007827586206896553,0.0021482758620689655,0.0067,78778,24081,80117.64705882352
0.0007827586206896553,0.0021482758620689655,0.0078000000000000005,79038,22135,80117.64705882352
0.0007827586206896553,0.0021482758620689655,0.0089,79234,20091,80117.64705882352
0.0007827586206896553,0.0021482758620689655,0.01,79339,18373,80117.64705882352
0.0007827586206896553,0.0024896551724137932,0.0001,72396,70166,71759.74710221286
0.0007827586206896553,0.0024896551724137932,0.0012000000000000001,70918,52971,71759.74710221286
0.0007827586206896553,0.0024896551724137932,0.0023,71191,41728,71759.74710221286
0.0007827586206896553,0.0024896551724137932,0.0034,71210,35498,71759.74710221286
0.0007827586206896553,0.0024896551724137932,0.0045000000000000005,70952,30428,71759.74710221286
0.0007827586206896553,0.0024896551724137932,0.005600000000000001,71436,26431,71759.74710221286
0.0007827586206896553,0.0024896551724137932,0.0067,70162,23521,71759.74710221286
0.0007827586206896553,0.0024896551724137932,0.0078000000000000005,71247,21562,71759.74710221286
0.0007827586206896553,0.0024896551724137932,0.0089,71270,19598,71759.74710221286
0.0007827586206896553,0.0024896551724137932,0.01,71126,17902,71759.74710221286
0.0007827586206896553,0.002831034482758621,0.0001,65335,63445,64980.91603053436
0.0007827586206896553,0.002831034482758621,0.0012000000000000001,64124,49160,64980.91603053436
0.0007827586206896553,0.002831034482758621,0.0023,64358,40035,64980.91603053436
0.0007827586206896553,0.002831034482758621,0.0034,64248,33639,64980.91603053436
0.0007827586206896553,0.002831034482758621,0.0045000000000000005,63771,29031,64980.91603053436
0.0007827586206896553,0.002831034482758621,0.005600000000000001,64533,25254,64980.91603053436
0.0007827586206896553,0.002831034482758621,0.0067,62265,22586,64980.91603053436
0.0007827586206896553,0.002831034482758621,0.0078000000000000005,64082,20828,64980.91603053436
0.0007827586206896553,0.002831034482758621,0.0089,63123,18973,64980.91603053436
0.0007827586206896553,0.002831034482758621,0.01,64302,17459,64980.91603053436
0.0007827586206896553,0.0031724137931034486,0.0001,58872,57812,59372.27550130776
0.0007827586206896553,0.0031724137931034486,0.0012000000000000001,58657,45569,59372.27550130776
0.0007827586206896553,0.0031724137931034486,0.0023,58623,37994,59372.27550130776
0.0007827586206896553,0.0031724137931034486,0.0034,58653,32131,59372.27550130776
0.0007827586206896553,0.0031724137931034486,0.0045000000000000005,58577,27848,59372.27550130776
0.0007827586206896553,0.0031724137931034486,0.005600000000000001,58459,24308,59372.27550130776
0.0007827586206896553,0.0031724137931034486,0.0067,58618,21824,59372.27550130776
0.0007827586206896553,0.0031724137931034486,0.0078000000000000005,58577,20317,59372.27550130776
0.0007827586206896553,0.0031724137931034486,0.0089,58557,18470,59372.27550130776
0.0007827586206896553,0.0031724137931034486,0.01,58708,17017,59372.27550130776
0.0007827586206896553,0.0035137931034482763,0.0001,55198,53977,54654.89566613162
0.0007827586206896553,0.0035137931034482763,0.0012000000000000001,54329,42329,54654.89566613162
0.0007827586206896553,0.0035137931034482763,0.0023,53936,35939,54654.89566613162
0.0007827586206896553,0.0035137931034482763,0.0034,54269,30759,54654.89566613162
0.0007827586206896553,0.0035137931034482763,0.0045000000000000005,54428,26669,54654.89566613162
0.0007827586206896553,0.0035137931034482763,0.005600000000000001,54226,23518,54654.89566613162
0.0007827586206896553,0.0035137931034482763,0.0067,54000,21384,54654.89566613162
0.0007827586206896553,0.0035137931034482763,0.0078000000000000005,54223,19643,54654.89566613162
0.0007827586206896553,0.0035137931034482763,0.0089,54386,17995,54654.89566613162
0.0007827586206896553,0.0035137931034482763,0.01,53242,16552,54654.89566613162
0.0007827586206896553,0.003855172413793104,0.0001,50827,49889,50631.97026022306
0.0007827586206896553,0.003855172413793104,0.0012000000000000001,49875,40069,50631.97026022306
0.0007827586206896553,0.003855172413793104,0.0023,49554,34103,50631.97026022306
0.0007827586206896553,0.003855172413793104,0.0034,49753,29444,50631.97026022306
0.0007827586206896553,0.003855172413793104,0.0045000000000000005,50018,25490,50631.97026022306
0.0007827586206896553,0.003855172413793104,0.005600000000000001,49864,22657,50631.97026022306
0.0007827586206896553,0.003855172413793104,0.0067,49368,21067,50631.97026022306
0.0007827586206896553,0.003855172413793104,0.0078000000000000005,49935,19110,50631.97026022306
0.0007827586206896553,0.003855172413793104,0.0089,49970,17540,50631.97026022306
0.0007827586206896553,0.003855172413793104,0.01,50103,16093,50631.97026022306
0.0007827586206896553,0.004196551724137932,0.0001,47423,46408,47160.6648199446
0.0007827586206896553,0.004196551724137932,0.0012000000000000001,46563,38459,47160.6648199446
0.0007827586206896553,0.004196551724137932,0.0023,46321,32452,47160.6648199446
0.0007827586206896553,0.004196551724137932,0.0034,46784,28085,47160.6648199446
0.0007827586206896553,0.004196551724137932,0.0045000000000000005,46509,24546,47160.6648199446
0.0007827586206896553,0.004196551724137932,0.005600000000000001,46425,22544,47160.6648199446
0.0007827586206896553,0.004196551724137932,0.0067,46644,20344,47160.6648199446
0.0007827586206896553,0.004196551724137932,0.0078000000000000005,46633,18619,47160.6648199446
0.0007827586206896553,0.004196551724137932,0.0089,46663,17046,47160.6648199446
0.0007827586206896553,0.004196551724137932,0.01,46291,15808,47160.6648199446
0.0007827586206896553,0.00453793103448276,0.0001,43922,43093,44134.80233311731
0.0007827586206896553,0.00453793103448276,0.0012000000000000001,43173,36377,44134.80233311731
0.0007827586206896553,0.00453793103448276,0.0023,43138,31068,44134.80233311731
0.0007827586206896553,0.00453793103448276,0.0034,43214,26903,44134.80233311731
0.0007827586206896553,0.00453793103448276,0.0045000000000000005,43174,23610,44134.80233311731
0.0007827586206896553,0.00453793103448276,0.005600000000000001,43024,21808,44134.80233311731
0.0007827586206896553,0.00453793103448276,0.0067,43027,19844,44134.80233311731
0.0007827586206896553,0.00453793103448276,0.0078000000000000005,43005,18081,44134.80233311731
0.0007827586206896553,0.00453793103448276,0.0089,43146,16692,44134.80233311731
0.0007827586206896553,0.00453793103448276,0.01,42934,15441,44134.80233311731
0.0007827586206896553,0.004879310344827587,0.0001,41058,40832,41473.81242387333
0.0007827586206896553,0.004879310344827587,0.0012000000000000001,40918,34550,41473.81242387333
0.0007827586206896553,0.004879310344827587,0.0023,40863,29709,41473.81242387333
0.0007827586206896553,0.004879310344827587,0.0034,40811,25726,41473.81242387333
0.0007827586206896553,0.004879310344827587,0.0045000000000000005,40816,22877,41473.81242387333
0.0007827586206896553,0.004879310344827587,0.005600000000000001,40809,21097,41473.81242387333
0.0007827586206896553,0.004879310344827587,0.0067,40786,19205,41473.81242387333
0.0007827586206896553,0.004879310344827587,0.0078000000000000005,40780,17614,41473.81242387333
0.0007827586206896553,0.004879310344827587,0.0089,40909,16302,41473.81242387333
0.0007827586206896553,0.004879310344827587,0.01,40749,15068,41473.81242387333
0.0007827586206896553,0.005220689655172415,0.0001,39579,39039,39115.45089029293
0.0007827586206896553,0.005220689655172415,0.0012000000000000001,39086,32731,39115.45089029293
0.0007827586206896553,0.005220689655172415,0.0023,38865,28320,39115.45089029293
0.0007827586206896553,0.005220689655172415,0.0034,38929,24782,39115.45089029293
0.0007827586206896553,0.005220689655172415,0.0045000000000000005,38969,22575,39115.45089029293
0.0007827586206896553,0.005220689655172415,0.005600000000000001,39088,20578,39115.45089029293
0.0007827586206896553,0.005220689655172415,0.0067,38880,18698,39115.45089029293
0.0007827586206896553,0.005220689655172415,0.0078000000000000005,38944,17220,39115.45089029293
0.0007827586206896553,0.005220689655172415,0.0089,38943,15810,39115.45089029293
0.0007827586206896553,0.005220689655172415,0.01,39074,14819,39115.45089029293
0.0007827586206896553,0.005562068965517242,0.0001,37409,36839,37010.86956521739
0.0007827586206896553,0.005562068965517242,0.0012000000000000001,36807,31338,37010.86956521739
0.0007827586206896553,0.005562068965517242,0.0023,36513,27140,37010.86956521739
0.0007827586206896553,0.005562068965517242,0.0034,36177,23837,37010.86956521739
0.0007827586206896553,0.005562068965517242,0.0045000000000000005,36373,21951,37010.86956521739
0.0007827586206896553,0.005562068965517242,0.005600000000000001,36556,19891,37010.86956521739
0.0007827586206896553,0.005562068965517242,0.0067,36300,18205,37010.86956521739
0.0007827586206896553,0.005562068965517242,0.0078000000000000005,36597,16794,37010.86956521739
0.0007827586206896553,0.005562068965517242,0.0089,36522,15561,37010.86956521739
0.0007827586206896553,0.005562068965517242,0.01,36284,14492,37010.86956521739
0.0007827586206896553,0.00590344827586207,0.0001,35421,34887,35121.196493037656
0.0007827586206896553,0.00590344827586207,0.0012000000000000001,34862,29973,35121.196493037656
0.0007827586206896553,0.00590344827586207,0.0023,34585,25962,35121.196493037656
0.0007827586206896553,0.00590344827586207,0.0034,34517,23268,35121.196493037656
0.0007827586206896553,0.00590344827586207,0.0045000000000000005,34587,21315,35121.196493037656
0.0007827586206896553,0.00590344827586207,0.005600000000000001,34579,19355,35121.196493037656
0.0007827586206896553,0.00590344827586207,0.0067,34755,17737,35121.196493037656
0.0007827586206896553,0.00590344827586207,0.0078000000000000005,34766,16303,35121.196493037656
0.0007827586206896553,0.00590344827586207,0.0089,34720,15150,35121.196493037656
0.0007827586206896553,0.00590344827586207,0.01,34914,14147,35121.196493037656
0.0007827586206896553,0.006244827586206898,0.0001,33592,33132,33415.112855740925
0.0007827586206896553,0.006244827586206898,0.0012000000000000001,33349,28558,33415.112855740925
0.0007827586206896553,0.006244827586206898,0.0023,33141,25015,33415.112855740925
0.0007827586206896553,0.006244827586206898,0.0034,32985,22326,33415.112855740925
0.0007827586206896553,0.006244827586206898,0.0045000000000000005,32929,20612,33415.112855740925
0.0007827586206896553,0.006244827586206898,0.005600000000000001,33020,18823,33415.112855740925
0.0007827586206896553,0.006244827586206898,0.0067,32862,17290,33415.112855740925
0.0007827586206896553,0.006244827586206898,0.0078000000000000005,32947,16015,33415.112855740925
0.0007827586206896553,0.006244827586206898,0.0089,32909,14820,33415.112855740925
0.0007827586206896553,0.006244827586206898,0.01,32983,13834,33415.112855740925
0.0007827586206896553,0.006586206896551725,0.0001,32114,31695,31867.103416003738
0.0007827586206896553,0.006586206896551725,0.0012000000000000001,31652,27377,31867.103416003738
0.0007827586206896553,0.006586206896551725,0.0023,31388,24071,31867.103416003738
0.0007827586206896553,0.006586206896551725,0.0034,31353,21631,31867.103416003738
0.0007827586206896553,0.006586206896551725,0.0045000000000000005,31323,20090,31867.103416003738
0.0007827586206896553,0.006586206896551725,0.005600000000000001,31262,18281,31867.103416003738
0.0007827586206896553,0.006586206896551725,0.0067,31306,16800,31867.103416003738
0.0007827586206896553,0.006586206896551725,0.0078000000000000005,31097,15564,31867.103416003738
0.0007827586206896553,0.006586206896551725,0.0089,31108,14572,31867.103416003738
0.0007827586206896553,0.006586206896551725,0.01,31209,13586,31867.103416003738
0.0007827586206896553,0.006927586206896553,0.0001,30695,30317,30456.1717352415
0.0007827586206896553,0.006927586206896553,0.0012000000000000001,30447,26199,30456.1717352415
0.0007827586206896553,0.006927586206896553,0.0023,30220,23203,30456.1717352415
0.0007827586206896553,0.006927586206896553,0.0034,29791,21279,30456.1717352415
0.0007827586206896553,0.006927586206896553,0.0045000000000000005,30189,19446,30456.1717352415
0.0007827586206896553,0.006927586206896553,0.005600000000000001,29784,17788,30456.1717352415
0.0007827586206896553,0.006927586206896553,0.0067,29908,16481,30456.1717352415
0.0007827586206896553,0.006927586206896553,0.0078000000000000005,29982,15313,30456.1717352415
0.0007827586206896553,0.006927586206896553,0.0089,29840,14254,30456.1717352415
0.0007827586206896553,0.006927586206896553,0.01,29664,13337,30456.1717352415
0.0007827586206896553,0.00726896551724138,0.0001,29266,29013,29164.88222698073
0.0007827586206896553,0.00726896551724138,0.0012000000000000001,28894,25251,29164.88222698073
0.0007827586206896553,0.00726896551724138,0.0023,28537,22419,29164.88222698073
0.0007827586206896553,0.00726896551724138,0.0034,28504,20825,29164.88222698073
0.0007827586206896553,0.00726896551724138,0.0045000000000000005,28518,18932,29164.88222698073
0.0007827586206896553,0.00726896551724138,0.005600000000000001,28440,17292,29164.88222698073
0.0007827586206896553,0.00726896551724138,0.0067,28210,16056,29164.88222698073
0.0007827586206896553,0.00726896551724138,0.0078000000000000005,28519,14887,29164.88222698073
0.0007827586206896553,0.00726896551724138,0.0089,28221,13966,29164.88222698073
0.0007827586206896553,0.00726896551724138,0.01,28200,13091,29164.88222698073
0.0007827586206896553,0.0076103448275862086,0.0001,28038,27613,27978.63599013969
0.0007827586206896553,0.0076103448275862086,0.0012000000000000001,27736,24308,27978.63599013969
0.0007827586206896553,0.0076103448275862086,0.0023,27618,22298,27978.63599013969
0.0007827586206896553,0.0076103448275862086,0.0034,27586,20146,27978.63599013969
0.0007827586206896553,0.0076103448275862086,0.0045000000000000005,27369,18430,27978.63599013969
0.0007827586206896553,0.0076103448275862086,0.005600000000000001,27352,16973,27978.63599013969
0.0007827586206896553,0.0076103448275862086,0.0067,27560,15641,27978.63599013969
0.0007827586206896553,0.0076103448275862086,0.0078000000000000005,27338,14573,27978.63599013969
0.0007827586206896553,0.0076103448275862086,0.0089,27207,13652,27978.63599013969
0.0007827586206896553,0.0076103448275862086,0.01,27086,12843,27978.63599013969
0.0007827586206896553,0.007951724137931035,0.0001,26857,26433,26885.116462692462
0.0007827586206896553,0.007951724137931035,0.0012000000000000001,26610,23363,26885.116462692462
0.0007827586206896553,0.007951724137931035,0.0023,26682,21562,26885.116462692462
0.0007827586206896553,0.007951724137931035,0.0034,26560,19600,26885.116462692462
0.0007827586206896553,0.007951724137931035,0.0045000000000000005,26582,17959,26885.116462692462
0.0007827586206896553,0.007951724137931035,0.005600000000000001,26525,16551,26885.116462692462
0.0007827586206896553,0.007951724137931035,0.0067,26306,15316,26885.116462692462
0.0007827586206896553,0.007951724137931035,0.0078000000000000005,26354,14325,26885.116462692462
0.0007827586206896553,0.007951724137931035,0.0089,26332,13356,26885.116462692462
0.0007827586206896553,0.007951724137931035,0.01,26381,12597,26885.116462692462
0.0007827586206896553,0.008293103448275862,0.0001,25721,25486,25873.86018237082
0.0007827586206896553,0.008293103448275862,0.0012000000000000001,25445,23123,25873.86018237082
0.0007827586206896553,0.008293103448275862,0.0023,25234,20983,25873.86018237082
0.0007827586206896553,0.008293103448275862,0.0034,25149,19063,25873.86018237082
0.0007827586206896553,0.008293103448275862,0.0045000000000000005,25249,17492,25873.86018237082
0.0007827586206896553,0.008293103448275862,0.005600000000000001,25181,16056,25873.86018237082
0.0007827586206896553,0.008293103448275862,0.0067,24839,15061,25873.86018237082
0.0007827586206896553,0.008293103448275862,0.0078000000000000005,24635,14008,25873.86018237082
0.0007827586206896553,0.008293103448275862,0.0089,25070,13097,25873.86018237082
0.0007827586206896553,0.008293103448275862,0.01,25191,12349,25873.86018237082
0.0007827586206896553,0.00863448275862069,0.0001,24734,24542,24935.920908092274
0.0007827586206896553,0.00863448275862069,0.0012000000000000001,24475,22348,24935.920908092274
0.0007827586206896553,0.00863448275862069,0.0023,24453,20335,24935.920908092274
0.0007827586206896553,0.00863448275862069,0.0034,24503,18529,24935.920908092274
0.0007827586206896553,0.00863448275862069,0.0045000000000000005,24357,17044,24935.920908092274
0.0007827586206896553,0.00863448275862069,0.005600000000000001,24355,15808,24935.920908092274
0.0007827586206896553,0.00863448275862069,0.0067,24292,14650,24935.920908092274
0.0007827586206896553,0.00863448275862069,0.0078000000000000005,24033,13753,24935.920908092274
0.0007827586206896553,0.00863448275862069,0.0089,24257,12852,24935.920908092274
0.0007827586206896553,0.00863448275862069,0.01,24017,12157,24935.920908092274
0.0007827586206896553,0.008975862068965518,0.0001,23825,23599,24063.604240282686
0.0007827586206896553,0.008975862068965518,0.0012000000000000001,23529,21775,24063.604240282686
0.0007827586206896553,0.008975862068965518,0.0023,23421,19690,24063.604240282686
0.0007827586206896553,0.008975862068965518,0.0034,23733,18033,24063.604240282686
0.0007827586206896553,0.008975862068965518,0.0045000000000000005,23607,16553,24063.604240282686
0.0007827586206896553,0.008975862068965518,0.005600000000000001,23505,15336,24063.604240282686
0.0007827586206896553,0.008975862068965518,0.0067,23439,14327,24063.604240282686
0.0007827586206896553,0.008975862068965518,0.0078000000000000005,23326,13490,24063.604240282686
0.0007827586206896553,0.008975862068965518,0.0089,23179,12644,24063.604240282686
0.0007827586206896553,0.008975862068965518,0.01,23196,11991,24063.604240282686
0.0007827586206896553,0.009317241379310346,0.0001,23038,22893,23250.256060088774
0.0007827586206896553,0.009317241379310346,0.0012000000000000001,22948,21071,23250.256060088774
0.0007827586206896553,0.009317241379310346,0.0023,22907,19162,23250.256060088774
0.0007827586206896553,0.009317241379310346,0.0034,22855,17540,23250.256060088774
0.0007827586206896553,0.009317241379310346,0.0045000000000000005,22739,16265,23250.256060088774
0.0007827586206896553,0.009317241379310346,0.005600000000000001,22711,15068,23250.256060088774
0.0007827586206896553,0.009317241379310346,0.0067,22902,14079,23250.256060088774
0.0007827586206896553,0.009317241379310346,0.0078000000000000005,22823,13230,23250.256060088774
0.0007827586206896553,0.009317241379310346,0.0089,22690,12457,23250.256060088774
0.0007827586206896553,0.009317241379310346,0.01,22746,11765,23250.256060088774
0.0007827586206896553,0.009658620689655173,0.0001,22309,22059,22490.092470277414
0.0007827586206896553,0.009658620689655173,0.0012000000000000001,22217,20410,22490.092470277414
0.0007827586206896553,0.009658620689655173,0.0023,22401,18649,22490.092470277414
0.0007827586206896553,0.009658620689655173,0.0034,22281,17047,22490.092470277414
0.0007827586206896553,0.009658620689655173,0.0045000000000000005,22227,15809,22490.092470277414
0.0007827586206896553,0.009658620689655173,0.005600000000000001,22179,14699,22490.092470277414
0.0007827586206896553,0.009658620689655173,0.0067,22070,13831,22490.092470277414
0.0007827586206896553,0.009658620689655173,0.0078000000000000005,22085,12985,22490.092470277414
0.0007827586206896553,0.009658620689655173,0.0089,22016,12253,22490.092470277414
0.0007827586206896553,0.009658620689655173,0.01,21999,11549,22490.092470277414
0.0007827586206896553,0.01,0.0001,21754,21472,21778.062040294215
0.0007827586206896553,0.01,0.0012000000000000001,21827,19846,21778.062040294215
0.0007827586206896553,0.01,0.0023,21769,18162,21778.062040294215
0.0007827586206896553,0.01,0.0034,21679,16741,21778.062040294215
0.0007827586206896553,0.01,0.0045000000000000005,21625,15544,21778.062040294215
0.0007827586206896553,0.01,0.005600000000000001,21597,14434,21778.062040294215
0.0007827586206896553,0.01,0.0067,21593,13530,21778.062040294215
0.0007827586206896553,0.01,0.0078000000000000005,21497,12752,21778.062040294215
0.0007827586206896553,0.01,0.0089,21509,12013,21778.062040294215
0.0007827586206896553,0.01,0.01,21285,11360,21778.062040294215
0.001124137931034483,0.0001,0.0001,258833,256019,275492.95774647885
0.001124137931034483,0.0001,0.0012000000000000001,191856,140075,275492.95774647885
0.001124137931034483,0.0001,0.0023,174953,95536,275492.95774647885
0.001124137931034483,0.0001,0.0034,168333,72619,275492.95774647885
0.001124137931034483,0.0001,0.0045000000000000005,163175,59140,275492.95774647885
0.001124137931034483,0.0001,0.005600000000000001,161142,49251,275492.95774647885
0.001124137931034483,0.0001,0.0067,158779,42816,275492.95774647885
0.001124137931034483,0.0001,0.0078000000000000005,156683,37303,275492.95774647885
0.001124137931034483,0.0001,0.0089,155112,33260,275492.95774647885
0.001124137931034483,0.0001,0.01,154113,30277,275492.95774647885
0.001124137931034483,0.0004413793103448276,0.0001,208696,202414,215418.50220264317
0.001124137931034483,0.0004413793103448276,0.0012000000000000001,174785,121853,215418.50220264317
0.001124137931034483,0.0004413793103448276,0.0023,164932,87478,215418.50220264317
0.001124137931034483,0.0004413793103448276,0.0034,158788,68388,215418.50220264317
0.001124137931034483,0.0004413793103448276,0.0045000000000000005,156370,56002,215418.50220264317
0.001124137931034483,0.0004413793103448276,0.005600000000000001,152466,46851,215418.50220264317
0.001124137931034483,0.0004413793103448276,0.0067,150808,40939,215418.50220264317
0.001124137931034483,0.0004413793103448276,0.0078000000000000005,151297,35861,215418.50220264317
0.001124137931034483,0.0004413793103448276,0.0089,150721,32505,215418.50220264317
0.001124137931034483,0.0004413793103448276,0.01,149888,29319,215418.50220264317
0.001124137931034483,0.0007827586206896553,0.0001,174781,168027,176853.52622061482
0.001124137931034483,0.0007827586206896553,0.0012000000000000001,159091,108239,176853.52622061482
0.001124137931034483,0.0007827586206896553,0.0023,153252,80780,176853.52622061482
0.001124137931034483,0.0007827586206896553,0.0034,148565,63873,176853.52622061482
0.001124137931034483,0.0007827586206896553,0.0045000000000000005,148216,52925,176853.52622061482
0.001124137931034483,0.0007827586206896553,0.005600000000000001,145865,45343,176853.52622061482
0.001124137931034483,0.0007827586206896553,0.0067,145284,39401,176853.52622061482
0.001124137931034483,0.0007827586206896553,0.0078000000000000005,145606,35017,176853.52622061482
0.001124137931034483,0.0007827586206896553,0.0089,144195,31402,176853.52622061482
0.001124137931034483,0.0007827586206896553,0.01,140647,28452,176853.52622061482
0.001124137931034483,0.001124137931034483,0.0001,149423,143633,150000.0
0.001124137931034483,0.001124137931034483,0.0012000000000000001,145906,97608,150000.0
0.001124137931034483,0.001124137931034483,0.0023,143658,74030,150000.0
0.001124137931034483,0.001124137931034483,0.0034,141484,59380,150000.0
0.001124137931034483,0.001124137931034483,0.0045000000000000005,141557,50068,150000.0
0.001124137931034483,0.001124137931034483,0.005600000000000001,139350,43176,150000.0
0.001124137931034483,0.001124137931034483,0.0067,140570,37814,150000.0
0.001124137931034483,0.001124137931034483,0.0078000000000000005,137964,33852,150000.0
0.001124137931034483,0.001124137931034483,0.0089,136696,30333,150000.0
0.001124137931034483,0.001124137931034483,0.01,139567,27671,150000.0
0.001124137931034483,0.0014655172413793106,0.0001,130355,126133,130226.36484687084
0.001124137931034483,0.0014655172413793106,0.0012000000000000001,125542,89474,130226.36484687084
0.001124137931034483,0.0014655172413793106,0.0023,125192,69548,130226.36484687084
0.001124137931034483,0.0014655172413793106,0.0034,125928,56766,130226.36484687084
0.001124137931034483,0.0014655172413793106,0.0045000000000000005,125097,47317,130226.36484687084
0.001124137931034483,0.0014655172413793106,0.005600000000000001,124492,41333,130226.36484687084
0.001124137931034483,0.0014655172413793106,0.0067,119818,36185,130226.36484687084
0.001124137931034483,0.0014655172413793106,0.0078000000000000005,120054,32818,130226.36484687084
0.001124137931034483,0.0014655172413793106,0.0089,123257,29499,130226.36484687084
0.001124137931034483,0.0014655172413793106,0.01,125312,26926,130226.36484687084
0.001124137931034483,0.0018068965517241383,0.0001,115151,111532,115058.82352941176
0.001124137931034483,0.0018068965517241383,0.0012000000000000001,111048,82152,115058.82352941176
0.001124137931034483,0.0018068965517241383,0.0023,110156,64828,115058.82352941176
0.001124137931034483,0.0018068965517241383,0.0034,109769,53497,115058.82352941176
0.001124137931034483,0.0018068965517241383,0.0045000000000000005,113453,45786,115058.82352941176
0.001124137931034483,0.0018068965517241383,0.005600000000000001,113303,39738,115058.82352941176
0.001124137931034483,0.0018068965517241383,0.0067,112259,35143,115058.82352941176
0.001124137931034483,0.0018068965517241383,0.0078000000000000005,109795,31653,115058.82352941176
0.001124137931034483,0.0018068965517241383,0.0089,110765,28644,115058.82352941176
0.001124137931034483,0.0018068965517241383,0.01,113924,26223,115058.82352941176
0.001124137931034483,0.0021482758620689655,0.0001,103219,100447,103055.84826132773
0.001124137931034483,0.0021482758620689655,0.0012000000000000001,100463,75674,103055.84826132773
0.001124137931034483,0.0021482758620689655,0.0023,100130,60194,103055.84826132773
0.001124137931034483,0.0021482758620689655,0.0034,99939,50693,103055.84826132773
0.001124137931034483,0.0021482758620689655,0.0045000000000000005,96181,43711,103055.84826132773
0.001124137931034483,0.0021482758620689655,0.005600000000000001,100058,38141,103055.84826132773
0.001124137931034483,0.0021482758620689655,0.0067,100292,34172,103055.84826132773
0.001124137931034483,0.0021482758620689655,0.0078000000000000005,101948,30667,103055.84826132773
0.001124137931034483,0.0021482758620689655,0.0089,101697,27864,103055.84826132773
0.001124137931034483,0.0021482758620689655,0.01,101041,25546,103055.84826132773
0.001124137931034483,0.0024896551724137932,0.0001,93832,91308,93320.61068702291
0.001124137931034483,0.0024896551724137932,0.0012000000000000001,92200,70474,93320.61068702291
0.001124137931034483,0.0024896551724137932,0.0023,91139,57502,93320.61068702291
0.001124137931034483,0.0024896551724137932,0.0034,91076,47814,93320.61068702291
0.001124137931034483,0.0024896551724137932,0.0045000000000000005,91419,41748,93320.61068702291
0.001124137931034483,0.0024896551724137932,0.005600000000000001,90671,36511,93320.61068702291
0.001124137931034483,0.0024896551724137932,0.0067,89140,32985,93320.61068702291
0.001124137931034483,0.0024896551724137932,0.0078000000000000005,92630,29658,93320.61068702291
0.001124137931034483,0.0024896551724137932,0.0089,91734,27048,93320.61068702291
0.001124137931034483,0.0024896551724137932,0.01,92648,24893,93320.61068702291
0.001124137931034483,0.002831034482758621,0.0001,84827,83174,85265.91107236268
0.001124137931034483,0.002831034482758621,0.0012000000000000001,84398,65730,85265.91107236268
0.001124137931034483,0.002831034482758621,0.0023,84302,54139,85265.91107236268
0.001124137931034483,0.002831034482758621,0.0034,84186,46231,85265.91107236268
0.001124137931034483,0.002831034482758621,0.0045000000000000005,84441,40079,85265.91107236268
0.001124137931034483,0.002831034482758621,0.005600000000000001,84361,35209,85265.91107236268
0.001124137931034483,0.002831034482758621,0.0067,82481,31892,85265.91107236268
0.001124137931034483,0.002831034482758621,0.0078000000000000005,81006,28850,85265.91107236268
0.001124137931034483,0.002831034482758621,0.0089,84564,26258,85265.91107236268
0.001124137931034483,0.002831034482758621,0.01,84558,24210,85265.91107236268
0.001124137931034483,0.0031724137931034486,0.0001,78768,77124,78491.17174959871
0.001124137931034483,0.0031724137931034486,0.0012000000000000001,77507,61092,78491.17174959871
0.001124137931034483,0.0031724137931034486,0.0023,77349,51314,78491.17174959871
0.001124137931034483,0.0031724137931034486,0.0034,77934,44117,78491.17174959871
0.001124137931034483,0.0031724137931034486,0.0045000000000000005,77664,38468,78491.17174959871
0.001124137931034483,0.0031724137931034486,0.005600000000000001,77599,34361,78491.17174959871
0.001124137931034483,0.0031724137931034486,0.0067,77653,30908,78491.17174959871
0.001124137931034483,0.0031724137931034486,0.0078000000000000005,74212,27969,78491.17174959871
0.001124137931034483,0.0031724137931034486,0.0089,75778,25576,78491.17174959871
0.001124137931034483,0.0031724137931034486,0.01,76909,23528,78491.17174959871
0.001124137931034483,0.0035137931034482763,0.0001,72280,71081,72713.75464684016
0.001124137931034483,0.0035137931034482763,0.0012000000000000001,71984,58225,72713.75464684016
0.001124137931034483,0.0035137931034482763,0.0023,71868,48304,72713.75464684016
0.001124137931034483,0.0035137931034482763,0.0034,71928,42181,72713.75464684016
0.001124137931034483,0.0035137931034482763,0.0045000000000000005,71956,36839,72713.75464684016
0.001124137931034483,0.0035137931034482763,0.005600000000000001,69716,33208,72713.75464684016
0.001124137931034483,0.0035137931034482763,0.0067,71906,29962,72713.75464684016
0.001124137931034483,0.0035137931034482763,0.0078000000000000005,71935,27258,72713.75464684016
0.001124137931034483,0.0035137931034482763,0.0089,71441,24895,72713.75464684016
0.001124137931034483,0.0035137931034482763,0.01,71673,22850,72713.75464684016
0.001124137931034483,0.003855172413793104,0.0001,68034,66721,67728.53185595569
0.001124137931034483,0.003855172413793104,0.0012000000000000001,66835,54902,67728.53185595569
0.001124137931034483,0.003855172413793104,0.0023,66955,46407,67728.53185595569
0.001124137931034483,0.003855172413793104,0.0034,67167,40415,67728.53185595569
0.001124137931034483,0.003855172413793104,0.0045000000000000005,67217,35361,67728.53185595569
0.001124137931034483,0.003855172413793104,0.005600000000000001,67134,32161,67728.53185595569
0.001124137931034483,0.003855172413793104,0.0067,67037,28983,67728.53185595569
0.001124137931034483,0.003855172413793104,0.0078000000000000005,67053,26541,67728.53185595569
0.001124137931034483,0.003855172413793104,0.0089,67341,24214,67728.53185595569
0.001124137931034483,0.003855172413793104,0.01,67330,22554,67728.53185595569
0.001124137931034483,0.004196551724137932,0.0001,63548,62158,63383.02009073234
0.001124137931034483,0.004196551724137932,0.0012000000000000001,62556,51927,63383.02009073234
0.001124137931034483,0.004196551724137932,0.0023,62315,44589,63383.02009073234
0.001124137931034483,0.004196551724137932,0.0034,62560,38795,63383.02009073234
0.001124137931034483,0.004196551724137932,0.0045000000000000005,62622,34412,63383.02009073234
0.001124137931034483,0.004196551724137932,0.005600000000000001,62534,31008,63383.02009073234
0.001124137931034483,0.004196551724137932,0.0067,62584,28215,63383.02009073234
0.001124137931034483,0.004196551724137932,0.0078000000000000005,62444,25853,63383.02009073234
0.001124137931034483,0.004196551724137932,0.0089,62627,23532,63383.02009073234
0.001124137931034483,0.004196551724137932,0.01,62626,21824,63383.02009073234
0.001124137931034483,0.00453793103448276,0.0001,59284,58597,59561.510353227764
0.001124137931034483,0.00453793103448276,0.0012000000000000001,59116,48895,59561.510353227764
0.001124137931034483,0.00453793103448276,0.0023,59057,42508,59561.510353227764
0.001124137931034483,0.00453793103448276,0.0034,59128,37163,59561.510353227764
0.001124137931034483,0.00453793103448276,0.0045000000000000005,59136,33501,59561.510353227764
0.001124137931034483,0.00453793103448276,0.005600000000000001,59133,30031,59561.510353227764
0.001124137931034483,0.00453793103448276,0.0067,59006,27372,59561.510353227764
0.001124137931034483,0.00453793103448276,0.0078000000000000005,59071,25030,59561.510353227764
0.001124137931034483,0.00453793103448276,0.0089,59082,23070,59561.510353227764
0.001124137931034483,0.00453793103448276,0.01,59120,21712,59561.510353227764
0.001124137931034483,0.004879310344827587,0.0001,56522,55543,56174.61229178633
0.001124137931034483,0.004879310344827587,0.0012000000000000001,55667,46562,56174.61229178633
0.001124137931034483,0.004879310344827587,0.0023,55196,40804,56174.61229178633
0.001124137931034483,0.004879310344827587,0.0034,55658,35602,56174.61229178633
0.001124137931034483,0.004879310344827587,0.0045000000000000005,55705,32346,56174.61229178633
0.001124137931034483,0.004879310344827587,0.005600000000000001,55763,29227,56174.61229178633
0.001124137931034483,0.004879310344827587,0.0067,55427,26599,56174.61229178633
0.001124137931034483,0.004879310344827587,0.0078000000000000005,55734,24447,56174.61229178633
0.001124137931034483,0.004879310344827587,0.0089,55708,22506,56174.61229178633
0.001124137931034483,0.004879310344827587,0.01,55687,21245,56174.61229178633
0.001124137931034483,0.005220689655172415,0.0001,53324,52612,53152.17391304347
0.001124137931034483,0.005220689655172415,0.0012000000000000001,52558,45121,53152.17391304347
0.001124137931034483,0.005220689655172415,0.0023,52400,39120,53152.17391304347
0.001124137931034483,0.005220689655172415,0.0034,52529,34443,53152.17391304347
0.001124137931034483,0.005220689655172415,0.0045000000000000005,52504,31320,53152.17391304347
0.001124137931034483,0.005220689655172415,0.005600000000000001,52511,28307,53152.17391304347
0.001124137931034483,0.005220689655172415,0.0067,52561,25918,53152.17391304347
0.001124137931034483,0.005220689655172415,0.0078000000000000005,52633,23870,53152.17391304347
0.001124137931034483,0.005220689655172415,0.0089,52711,22331,53152.17391304347
0.001124137931034483,0.005220689655172415,0.01,52567,20459,53152.17391304347
0.001124137931034483,0.005562068965517242,0.0001,50386,49697,50438.37029396596
0.001124137931034483,0.005562068965517242,0.0012000000000000001,49648,43082,50438.37029396596
0.001124137931034483,0.005562068965517242,0.0023,49313,37490,50438.37029396596
0.001124137931034483,0.005562068965517242,0.0034,49629,33773,50438.37029396596
0.001124137931034483,0.005562068965517242,0.0045000000000000005,49583,30331,50438.37029396596
0.001124137931034483,0.005562068965517242,0.005600000000000001,49625,27594,50438.37029396596
0.001124137931034483,0.005562068965517242,0.0067,49401,25235,50438.37029396596
0.001124137931034483,0.005562068965517242,0.0078000000000000005,49629,23189,50438.37029396596
0.001124137931034483,0.005562068965517242,0.0089,49702,21483,50438.37029396596
0.001124137931034483,0.005562068965517242,0.01,49801,20369,50438.37029396596
0.001124137931034483,0.00590344827586207,0.0001,47624,47138,47988.22374877331
0.001124137931034483,0.00590344827586207,0.0012000000000000001,47348,41210,47988.22374877331
0.001124137931034483,0.00590344827586207,0.0023,47303,35874,47988.22374877331
0.001124137931034483,0.00590344827586207,0.0034,47346,32592,47988.22374877331
0.001124137931034483,0.00590344827586207,0.0045000000000000005,47306,29332,47988.22374877331
0.001124137931034483,0.00590344827586207,0.005600000000000001,47279,26863,47988.22374877331
0.001124137931034483,0.00590344827586207,0.0067,47391,24552,47988.22374877331
0.001124137931034483,0.00590344827586207,0.0078000000000000005,47317,22605,47988.22374877331
0.001124137931034483,0.00590344827586207,0.0089,47361,21353,47988.22374877331
0.001124137931034483,0.00590344827586207,0.01,47438,19970,47988.22374877331
0.001124137931034483,0.006244827586206898,0.0001,46008,45528,45765.09124941507
0.001124137931034483,0.006244827586206898,0.0012000000000000001,45844,39542,45765.09124941507
0.001124137931034483,0.006244827586206898,0.0023,45784,34634,45765.09124941507
0.001124137931034483,0.006244827586206898,0.0034,45624,31554,45765.09124941507
0.001124137931034483,0.006244827586206898,0.0045000000000000005,45753,28580,45765.09124941507
0.001124137931034483,0.006244827586206898,0.005600000000000001,45730,26173,45765.09124941507
0.001124137931034483,0.006244827586206898,0.0067,45553,23870,45765.09124941507
0.001124137931034483,0.006244827586206898,0.0078000000000000005,45664,22164,45765.09124941507
0.001124137931034483,0.006244827586206898,0.0089,45566,20918,45765.09124941507
0.001124137931034483,0.006244827586206898,0.01,45683,19602,45765.09124941507
0.001124137931034483,0.006586206896551725,0.0001,44048,43448,43738.819320214665
0.001124137931034483,0.006586206896551725,0.0012000000000000001,43462,37817,43738.819320214665
0.001124137931034483,0.006586206896551725,0.0023,43152,33830,43738.819320214665
0.001124137931034483,0.006586206896551725,0.0034,43244,30595,43738.819320214665
0.001124137931034483,0.006586206896551725,0.0045000000000000005,43304,27715,43738.819320214665
0.001124137931034483,0.006586206896551725,0.005600000000000001,43423,25237,43738.819320214665
0.001124137931034483,0.006586206896551725,0.0067,43047,23193,43738.819320214665
0.001124137931034483,0.006586206896551725,0.0078000000000000005,42770,21773,43738.819320214665
0.001124137931034483,0.006586206896551725,0.0089,42995,20123,43738.819320214665
0.001124137931034483,0.006586206896551725,0.01,43302,19251,43738.819320214665
0.001124137931034483,0.006927586206896553,0.0001,41997,41536,41884.36830835117
0.001124137931034483,0.006927586206896553,0.0012000000000000001,41627,36189,41884.36830835117
0.001124137931034483,0.006927586206896553,0.0023,41331,32853,41884.36830835117
0.001124137931034483,0.006927586206896553,0.0034,41349,29655,41884.36830835117
0.001124137931034483,0.006927586206896553,0.0045000000000000005,41330,26942,41884.36830835117
0.001124137931034483,0.006927586206896553,0.005600000000000001,41349,24556,41884.36830835117
0.001124137931034483,0.006927586206896553,0.0067,41176,22846,41884.36830835117
0.001124137931034483,0.006927586206896553,0.0078000000000000005,41375,21141,41884.36830835117
0.001124137931034483,0.006927586206896553,0.0089,41215,20051,41884.36830835117
0.001124137931034483,0.006927586206896553,0.01,41233,18899,41884.36830835117
0.001124137931034483,0.00726896551724138,0.0001,40388,39939,40180.77239112572
0.001124137931034483,0.00726896551724138,0.0012000000000000001,39876,34885,40180.77239112572
0.001124137931034483,0.00726896551724138,0.0023,39590,31824,40180.77239112572
0.001124137931034483,0.00726896551724138,0.0034,39588,28676,40180.77239112572
0.001124137931034483,0.00726896551724138,0.0045000000000000005,39594,26258,40180.77239112572
0.001124137931034483,0.00726896551724138,0.005600000000000001,39173,23977,40180.77239112572
0.001124137931034483,0.00726896551724138,0.0067,39516,22166,40180.77239112572
0.001124137931034483,0.00726896551724138,0.0078000000000000005,39786,21001,40180.77239112572
0.001124137931034483,0.00726896551724138,0.0089,39394,19658,40180.77239112572
0.001124137931034483,0.00726896551724138,0.01,39374,18550,40180.77239112572
0.001124137931034483,0.0076103448275862086,0.0001,38723,38143,38610.34346624556
0.001124137931034483,0.0076103448275862086,0.0012000000000000001,38307,33792,38610.34346624556
0.001124137931034483,0.0076103448275862086,0.0023,38150,30670,38610.34346624556
0.001124137931034483,0.0076103448275862086,0.0034,38364,27937,38610.34346624556
0.001124137931034483,0.0076103448275862086,0.0045000000000000005,38241,25574,38610.34346624556
0.001124137931034483,0.0076103448275862086,0.005600000000000001,38075,23528,38610.34346624556
0.001124137931034483,0.0076103448275862086,0.0067,38144,22054,38610.34346624556
0.001124137931034483,0.0076103448275862086,0.0078000000000000005,38238,20639,38610.34346624556
0.001124137931034483,0.0076103448275862086,0.0089,37991,19284,38610.34346624556
0.001124137931034483,0.0076103448275862086,0.01,38245,18199,38610.34346624556
0.001124137931034483,0.007951724137931035,0.0001,37099,36513,37158.05471124621
0.001124137931034483,0.007951724137931035,0.0012000000000000001,36747,33164,37158.05471124621
0.001124137931034483,0.007951724137931035,0.0023,36688,29749,37158.05471124621
0.001124137931034483,0.007951724137931035,0.0034,36738,27186,37158.05471124621
0.001124137931034483,0.007951724137931035,0.0045000000000000005,36662,24894,37158.05471124621
0.001124137931034483,0.007951724137931035,0.005600000000000001,36584,22849,37158.05471124621
0.001124137931034483,0.007951724137931035,0.0067,36522,21281,37158.05471124621
0.001124137931034483,0.007951724137931035,0.0078000000000000005,36491,19851,37158.05471124621
0.001124137931034483,0.007951724137931035,0.0089,36733,18915,37158.05471124621
0.001124137931034483,0.007951724137931035,0.01,36677,17850,37158.05471124621
0.001124137931034483,0.008293103448275862,0.0001,35534,35206,35811.05822043208
0.001124137931034483,0.008293103448275862,0.0012000000000000001,35215,31991,35811.05822043208
0.001124137931034483,0.008293103448275862,0.0023,35049,28937,35811.05822043208
0.001124137931034483,0.008293103448275862,0.0034,35060,26341,35811.05822043208
0.001124137931034483,0.008293103448275862,0.0045000000000000005,35003,24213,35811.05822043208
0.001124137931034483,0.008293103448275862,0.005600000000000001,35139,22625,35811.05822043208
0.001124137931034483,0.008293103448275862,0.0067,35046,20800,35811.05822043208
0.001124137931034483,0.008293103448275862,0.0078000000000000005,35122,19714,35811.05822043208
0.001124137931034483,0.008293103448275862,0.0089,34965,18564,35811.05822043208
0.001124137931034483,0.008293103448275862,0.01,35026,17511,35811.05822043208
0.001124137931034483,0.00863448275862069,0.0001,34422,33966,34558.3038869258
0.001124137931034483,0.00863448275862069,0.0012000000000000001,34264,30991,34558.3038869258
0.001124137931034483,0.00863448275862069,0.0023,34219,28075,34558.3038869258
0.001124137931034483,0.00863448275862069,0.0034,34389,25579,34558.3038869258
0.001124137931034483,0.00863448275862069,0.0045000000000000005,34263,23530,34558.3038869258
0.001124137931034483,0.00863448275862069,0.005600000000000001,34224,21824,34558.3038869258
0.001124137931034483,0.00863448275862069,0.0067,34166,20661,34558.3038869258
0.001124137931034483,0.00863448275862069,0.0078000000000000005,34135,19358,34558.3038869258
0.001124137931034483,0.00863448275862069,0.0089,34000,18223,34558.3038869258
0.001124137931034483,0.00863448275862069,0.01,34054,17201,34558.3038869258
0.001124137931034483,0.008975862068965518,0.0001,33559,33306,33390.235575281666
0.001124137931034483,0.008975862068965518,0.0012000000000000001,33425,29993,33390.235575281666
0.001124137931034483,0.008975862068965518,0.0023,33243,27283,33390.235575281666
0.001124137931034483,0.008975862068965518,0.0034,33452,24895,33390.235575281666
0.001124137931034483,0.008975862068965518,0.0045000000000000005,33437,22963,33390.235575281666
0.001124137931034483,0.008975862068965518,0.005600000000000001,33363,21702,33390.235575281666
0.001124137931034483,0.008975862068965518,0.0067,33241,20301,33390.235575281666
0.001124137931034483,0.008975862068965518,0.0078000000000000005,33152,18987,33390.235575281666
0.001124137931034483,0.008975862068965518,0.0089,33124,17901,33390.235575281666
0.001124137931034483,0.008975862068965518,0.01,33070,16897,33390.235575281666
0.001124137931034483,0.009317241379310346,0.0001,32550,32237,32298.546895640688
0.001124137931034483,0.009317241379310346,0.0012000000000000001,32291,29070,32298.546895640688
0.001124137931034483,0.009317241379310346,0.0023,32068,26598,32298.546895640688
0.001124137931034483,0.009317241379310346,0.0034,31931,24214,32298.546895640688
0.001124137931034483,0.009317241379310346,0.0045000000000000005,31899,22505,32298.546895640688
0.001124137931034483,0.009317241379310346,0.005600000000000001,31858,20894,32298.546895640688
0.001124137931034483,0.009317241379310346,0.0067,32021,19772,32298.546895640688
0.001124137931034483,0.009317241379310346,0.0078000000000000005,31651,18632,32298.546895640688
0.001124137931034483,0.009317241379310346,0.0089,31575,17574,32298.546895640688
0.001124137931034483,0.009317241379310346,0.01,31558,16545,32298.546895640688
0.001124137931034483,0.009658620689655173,0.0001,31478,31226,31275.983370642793
0.001124137931034483,0.009658620689655173,0.0012000000000000001,31252,28288,31275.983370642793
0.001124137931034483,0.009658620689655173,0.0023,31333,25911,31275.983370642793
0.001124137931034483,0.009658620689655173,0.0034,31303,23573,31275.983370642793
0.001124137931034483,0.009658620689655173,0.0045000000000000005,31195,21973,31275.983370642793
0.001124137931034483,0.009658620689655173,0.005600000000000001,31120,20556,31275.983370642793
0.001124137931034483,0.009658620689655173,0.0067,31118,19154,31275.983370642793
0.001124137931034483,0.009658620689655173,0.0078000000000000005,31134,18292,31275.983370642793
0.001124137931034483,0.009658620689655173,0.0089,30814,17251,31275.983370642793
0.001124137931034483,0.009658620689655173,0.01,31014,16326,31275.983370642793
0.001124137931034483,0.01,0.0001,30488,30277,30316.181029138254
0.001124137931034483,0.01,0.0012000000000000001,30430,27523,30316.181029138254
0.001124137931034483,0.01,0.0023,30394,25233,30316.181029138254
0.001124137931034483,0.01,0.0034,30293,23188,30316.181029138254
0.001124137931034483,0.01,0.0045000000000000005,30227,21483,30316.181029138254
0.001124137931034483,0.01,0.005600000000000001,30162,20333,30316.181029138254
0.001124137931034483,0.01,0.0067,30078,19012,30316.181029138254
0.001124137931034483,0.01,0.0078000000000000005,30062,17954,30316.181029138254
0.001124137931034483,0.01,0.0089,30262,16897,30316.181029138254
0.001124137931034483,0.01,0.01,29999,16098,30316.181029138254
0.0014655172413793106,0.0001,0.0001,267411,265277,280837.00440528634
0.0014655172413793106,0.0001,0.0012000000000000001,202097,159455,280837.00440528634
0.0014655172413793106,0.0001,0.0023,182786,114112,280837.00440528634
0.0014655172413793106,0.0001,0.0034,172762,88274,280837.00440528634
0.0014655172413793106,0.0001,0.0045000000000000005,168273,72690,280837.00440528634
0.0014655172413793106,0.0001,0.005600000000000001,164699,61200,280837.00440528634
0.0014655172413793106,0.0001,0.0067,161870,53335,280837.00440528634
0.0014655172413793106,0.0001,0.0078000000000000005,160849,47214,280837.00440528634
0.0014655172413793106,0.0001,0.0089,158988,42014,280837.00440528634
0.0014655172413793106,0.0001,0.01,157492,38265,280837.00440528634
0.0014655172413793106,0.0004413793103448276,0.0001,223551,219835,230560.57866184448
0.0014655172413793106,0.0004413793103448276,0.0012000000000000001,185298,141786,230560.57866184448
0.0014655172413793106,0.0004413793103448276,0.0023,173161,104938,230560.57866184448
0.0014655172413793106,0.0004413793103448276,0.0034,165000,83198,230560.57866184448
0.0014655172413793106,0.0004413793103448276,0.0045000000000000005,160759,68625,230560.57866184448
0.0014655172413793106,0.0004413793103448276,0.005600000000000001,160078,58803,230560.57866184448
0.0014655172413793106,0.0004413793103448276,0.0067,155465,50925,230560.57866184448
0.0014655172413793106,0.0004413793103448276,0.0078000000000000005,155953,45435,230560.57866184448
0.0014655172413793106,0.0004413793103448276,0.0089,153683,40522,230560.57866184448
0.0014655172413793106,0.0004413793103448276,0.01,152845,37124,230560.57866184448
0.0014655172413793106,0.0007827586206896553,0.0001,192183,187357,195552.1472392638
0.0014655172413793106,0.0007827586206896553,0.0012000000000000001,170479,127782,195552.1472392638
0.0014655172413793106,0.0007827586206896553,0.0023,163240,96656,195552.1472392638
0.0014655172413793106,0.0007827586206896553,0.0034,156197,77947,195552.1472392638
0.0014655172413793106,0.0007827586206896553,0.0045000000000000005,152858,65394,195552.1472392638
0.0014655172413793106,0.0007827586206896553,0.005600000000000001,151439,56305,195552.1472392638
0.0014655172413793106,0.0007827586206896553,0.0067,150206,49389,195552.1472392638
0.0014655172413793106,0.0007827586206896553,0.0078000000000000005,150276,43720,195552.1472392638
0.0014655172413793106,0.0007827586206896553,0.0089,149460,39461,195552.1472392638
0.0014655172413793106,0.0007827586206896553,0.01,147666,36026,195552.1472392638
0.0014655172413793106,0.001124137931034483,0.0001,168600,163663,169773.63515312917
0.0014655172413793106,0.001124137931034483,0.0012000000000000001,158057,115820,169773.63515312917
0.0014655172413793106,0.001124137931034483,0.0023,151789,89932,169773.63515312917
0.0014655172413793106,0.001124137931034483,0.0034,150360,73703,169773.63515312917
0.0014655172413793106,0.001124137931034483,0.0045000000000000005,150243,62143,169773.63515312917
0.0014655172413793106,0.001124137931034483,0.005600000000000001,144514,53847,169773.63515312917
0.0014655172413793106,0.001124137931034483,0.0067,144098,47609,169773.63515312917
0.0014655172413793106,0.001124137931034483,0.0078000000000000005,145355,42104,169773.63515312917
0.0014655172413793106,0.001124137931034483,0.0089,146064,38432,169773.63515312917
0.0014655172413793106,0.001124137931034483,0.01,141647,35032,169773.63515312917
0.0014655172413793106,0.0014655172413793106,0.0001,149747,145167,150000.0
0.0014655172413793106,0.0014655172413793106,0.0012000000000000001,146164,106335,150000.0
0.0014655172413793106,0.0014655172413793106,0.0023,145030,84379,150000.0
0.0014655172413793106,0.0014655172413793106,0.0034,143467,69181,150000.0
0.0014655172413793106,0.0014655172413793106,0.0045000000000000005,143574,59350,150000.0
0.0014655172413793106,0.0014655172413793106,0.005600000000000001,141504,51328,150000.0
0.0014655172413793106,0.0014655172413793106,0.0067,140264,45778,150000.0
0.0014655172413793106,0.0014655172413793106,0.0078000000000000005,140062,40768,150000.0
0.0014655172413793106,0.0014655172413793106,0.0089,141212,37285,150000.0
0.0014655172413793106,0.0014655172413793106,0.01,141244,34051,150000.0
0.0014655172413793106,0.0018068965517241383,0.0001,134119,131037,134351.9494204426
0.0014655172413793106,0.0018068965517241383,0.0012000000000000001,130902,98087,134351.9494204426
0.0014655172413793106,0.0018068965517241383,0.0023,128906,78628,134351.9494204426
0.0014655172413793106,0.0018068965517241383,0.0034,126530,66204,134351.9494204426
0.0014655172413793106,0.0018068965517241383,0.0045000000000000005,128861,56767,134351.9494204426
0.0014655172413793106,0.0018068965517241383,0.005600000000000001,129629,49824,134351.9494204426
0.0014655172413793106,0.0018068965517241383,0.0067,130734,44098,134351.9494204426
0.0014655172413793106,0.0018068965517241383,0.0078000000000000005,128833,39970,134351.9494204426
0.0014655172413793106,0.0018068965517241383,0.0089,128626,36294,134351.9494204426
0.0014655172413793106,0.0018068965517241383,0.01,125936,33187,134351.9494204426
0.0014655172413793106,0.0021482758620689655,0.0001,121727,118618,121660.30534351144
0.0014655172413793106,0.0021482758620689655,0.0012000000000000001,118306,91702,121660.30534351144
0.0014655172413793106,0.0021482758620689655,0.0023,113725,74640,121660.30534351144
0.0014655172413793106,0.0021482758620689655,0.0034,116578,62891,121660.30534351144
0.0014655172413793106,0.0021482758620689655,0.0045000000000000005,116445,54441,121660.30534351144
0.0014655172413793106,0.0021482758620689655,0.005600000000000001,117684,48013,121660.30534351144
0.0014655172413793106,0.0021482758620689655,0.0067,116540,42434,121660.30534351144
0.0014655172413793106,0.0021482758620689655,0.0078000000000000005,118570,38745,121660.30534351144
0.0014655172413793106,0.0021482758620689655,0.0089,114256,35294,121660.30534351144
0.0014655172413793106,0.0021482758620689655,0.01,118090,32323,121660.30534351144
0.0014655172413793106,0.0024896551724137932,0.0001,111314,108398,111159.54664341762
0.0014655172413793106,0.0024896551724137932,0.0012000000000000001,107540,85791,111159.54664341762
0.0014655172413793106,0.0024896551724137932,0.0023,107386,70045,111159.54664341762
0.0014655172413793106,0.0024896551724137932,0.0034,107186,59767,111159.54664341762
0.0014655172413793106,0.0024896551724137932,0.0045000000000000005,101629,51746,111159.54664341762
0.0014655172413793106,0.0024896551724137932,0.005600000000000001,101712,46148,111159.54664341762
0.0014655172413793106,0.0024896551724137932,0.0067,109245,41061,111159.54664341762
0.0014655172413793106,0.0024896551724137932,0.0078000000000000005,108997,37578,111159.54664341762
0.0014655172413793106,0.0024896551724137932,0.0089,110102,34343,111159.54664341762
0.0014655172413793106,0.0024896551724137932,0.01,108431,31463,111159.54664341762
0.0014655172413793106,0.002831034482758621,0.0001,102472,100312,102327.44783306582
0.0014655172413793106,0.002831034482758621,0.0012000000000000001,99380,79785,102327.44783306582
0.0014655172413793106,0.002831034482758621,0.0023,97399,67028,102327.44783306582
0.0014655172413793106,0.002831034482758621,0.0034,99863,57433,102327.44783306582
0.0014655172413793106,0.002831034482758621,0.0045000000000000005,96754,50276,102327.44783306582
0.0014655172413793106,0.002831034482758621,0.005600000000000001,96627,44514,102327.44783306582
0.0014655172413793106,0.002831034482758621,0.0067,99232,40201,102327.44783306582
0.0014655172413793106,0.002831034482758621,0.0078000000000000005,100029,36493,102327.44783306582
0.0014655172413793106,0.002831034482758621,0.0089,100205,33188,102327.44783306582
0.0014655172413793106,0.002831034482758621,0.01,101528,30600,102327.44783306582
0.0014655172413793106,0.0031724137931034486,0.0001,95220,93201,94795.53903345726
0.0014655172413793106,0.0031724137931034486,0.0012000000000000001,93423,75633,94795.53903345726
0.0014655172413793106,0.0031724137931034486,0.0023,90764,63634,94795.53903345726
0.0014655172413793106,0.0031724137931034486,0.0034,92807,54881,94795.53903345726
0.0014655172413793106,0.0031724137931034486,0.0045000000000000005,92368,48419,94795.53903345726
0.0014655172413793106,0.0031724137931034486,0.005600000000000001,91248,42848,94795.53903345726
0.0014655172413793106,0.0031724137931034486,0.0067,92134,39090,94795.53903345726
0.0014655172413793106,0.0031724137931034486,0.0078000000000000005,92287,35439,94795.53903345726
0.0014655172413793106,0.0031724137931034486,0.0089,91341,32326,94795.53903345726
0.0014655172413793106,0.0031724137931034486,0.01,93808,30158,94795.53903345726
0.0014655172413793106,0.0035137931034482763,0.0001,87924,86836,88296.39889196676
0.0014655172413793106,0.0035137931034482763,0.0012000000000000001,87812,71128,88296.39889196676
0.0014655172413793106,0.0035137931034482763,0.0023,86977,60193,88296.39889196676
0.0014655172413793106,0.0035137931034482763,0.0034,83756,52530,88296.39889196676
0.0014655172413793106,0.0035137931034482763,0.0045000000000000005,87784,46557,88296.39889196676
0.0014655172413793106,0.0035137931034482763,0.005600000000000001,86913,41464,88296.39889196676
0.0014655172413793106,0.0035137931034482763,0.0067,85904,37867,88296.39889196676
0.0014655172413793106,0.0035137931034482763,0.0078000000000000005,87792,34482,88296.39889196676
0.0014655172413793106,0.0035137931034482763,0.0089,86571,31485,88296.39889196676
0.0014655172413793106,0.0035137931034482763,0.01,85976,29528,88296.39889196676
0.0014655172413793106,0.003855172413793104,0.0001,82824,81168,82631.23784834739
0.0014655172413793106,0.003855172413793104,0.0012000000000000001,81457,67775,82631.23784834739
0.0014655172413793106,0.003855172413793104,0.0023,81332,58093,82631.23784834739
0.0014655172413793106,0.003855172413793104,0.0034,81394,50180,82631.23784834739
0.0014655172413793106,0.003855172413793104,0.0045000000000000005,81138,44920,82631.23784834739
0.0014655172413793106,0.003855172413793104,0.005600000000000001,80240,40090,82631.23784834739
0.0014655172413793106,0.003855172413793104,0.0067,81841,36723,82631.23784834739
0.0014655172413793106,0.003855172413793104,0.0078000000000000005,81655,33618,82631.23784834739
0.0014655172413793106,0.003855172413793104,0.0089,81950,31037,82631.23784834739
0.0014655172413793106,0.003855172413793104,0.01,81229,28814,82631.23784834739
0.0014655172413793106,0.004196551724137932,0.0001,77835,76774,77649.20828258223
0.0014655172413793106,0.004196551724137932,0.0012000000000000001,77263,64363,77649.20828258223
0.0014655172413793106,0.004196551724137932,0.0023,76803,55414,77649.20828258223
0.0014655172413793106,0.004196551724137932,0.0034,77497,48828,77649.20828258223
0.0014655172413793106,0.004196551724137932,0.0045000000000000005,77449,43266,77649.20828258223
0.0014655172413793106,0.004196551724137932,0.005600000000000001,77450,39252,77649.20828258223
0.0014655172413793106,0.004196551724137932,0.0067,77232,35727,77649.20828258223
0.0014655172413793106,0.004196551724137932,0.0078000000000000005,77234,32755,77649.20828258223
0.0014655172413793106,0.004196551724137932,0.0089,77334,30385,77649.20828258223
0.0014655172413793106,0.004196551724137932,0.01,77077,28242,77649.20828258223
0.0014655172413793106,0.00453793103448276,0.0001,73458,72296,73233.77369327973
0.0014655172413793106,0.00453793103448276,0.0012000000000000001,72634,60778,73233.77369327973
0.0014655172413793106,0.00453793103448276,0.0023,72702,52933,73233.77369327973
0.0014655172413793106,0.00453793103448276,0.0034,72923,46957,73233.77369327973
0.0014655172413793106,0.00453793103448276,0.0045000000000000005,72738,41627,73233.77369327973
0.0014655172413793106,0.00453793103448276,0.005600000000000001,72747,38006,73233.77369327973
0.0014655172413793106,0.00453793103448276,0.0067,72015,34738,73233.77369327973
0.0014655172413793106,0.00453793103448276,0.0078000000000000005,72282,31872,73233.77369327973
0.0014655172413793106,0.00453793103448276,0.0089,72728,29378,73233.77369327973
0.0014655172413793106,0.00453793103448276,0.01,72638,27617,73233.77369327973
0.0014655172413793106,0.004879310344827587,0.0001,69086,68580,69293.47826086957
0.0014655172413793106,0.004879310344827587,0.0012000000000000001,68842,58544,69293.47826086957
0.0014655172413793106,0.004879310344827587,0.0023,68766,50623,69293.47826086957
0.0014655172413793106,0.004879310344827587,0.0034,68857,45306,69293.47826086957
0.0014655172413793106,0.004879310344827587,0.0045000000000000005,68784,40354,69293.47826086957
0.0014655172413793106,0.004879310344827587,0.005600000000000001,68849,36871,69293.47826086957
0.0014655172413793106,0.004879310344827587,0.0067,68815,33619,69293.47826086957
0.0014655172413793106,0.004879310344827587,0.0078000000000000005,68783,30946,69293.47826086957
0.0014655172413793106,0.004879310344827587,0.0089,65021,29040,69293.47826086957
0.0014655172413793106,0.004879310344827587,0.01,68797,26963,69293.47826086957
0.0014655172413793106,0.005220689655172415,0.0001,65951,65027,65755.54409489427
0.0014655172413793106,0.005220689655172415,0.0012000000000000001,65104,55960,65755.54409489427
0.0014655172413793106,0.005220689655172415,0.0023,64716,49238,65755.54409489427
0.0014655172413793106,0.005220689655172415,0.0034,65136,43682,65755.54409489427
0.0014655172413793106,0.005220689655172415,0.0045000000000000005,65087,39554,65755.54409489427
0.0014655172413793106,0.005220689655172415,0.005600000000000001,65345,35869,65755.54409489427
0.0014655172413793106,0.005220689655172415,0.0067,64891,32758,65755.54409489427
0.0014655172413793106,0.005220689655172415,0.0078000000000000005,65108,30170,65755.54409489427
0.0014655172413793106,0.005220689655172415,0.0089,65186,28290,65755.54409489427
0.0014655172413793106,0.005220689655172415,0.01,65002,26501,65755.54409489427
0.0014655172413793106,0.005562068965517242,0.0001,62582,61688,62561.33464180569
0.0014655172413793106,0.005562068965517242,0.0012000000000000001,61877,53678,62561.33464180569
0.0014655172413793106,0.005562068965517242,0.0023,61586,47356,62561.33464180569
0.0014655172413793106,0.005562068965517242,0.0034,61645,42017,62561.33464180569
0.0014655172413793106,0.005562068965517242,0.0045000000000000005,61740,38365,62561.33464180569
0.0014655172413793106,0.005562068965517242,0.005600000000000001,61981,34912,62561.33464180569
0.0014655172413793106,0.005562068965517242,0.0067,61613,31895,62561.33464180569
0.0014655172413793106,0.005562068965517242,0.0078000000000000005,61851,29910,62561.33464180569
0.0014655172413793106,0.005562068965517242,0.0089,61630,27768,62561.33464180569
0.0014655172413793106,0.005562068965517242,0.01,61824,25871,62561.33464180569
0.0014655172413793106,0.00590344827586207,0.0001,59617,59096,59663.0790828264
0.0014655172413793106,0.00590344827586207,0.0012000000000000001,59338,51079,59663.0790828264
0.0014655172413793106,0.00590344827586207,0.0023,59145,45683,59663.0790828264
0.0014655172413793106,0.00590344827586207,0.0034,59231,41047,59663.0790828264
0.0014655172413793106,0.00590344827586207,0.0045000000000000005,59370,37149,59663.0790828264
0.0014655172413793106,0.00590344827586207,0.005600000000000001,59300,34034,59663.0790828264
0.0014655172413793106,0.00590344827586207,0.0067,59382,31067,59663.0790828264
0.0014655172413793106,0.00590344827586207,0.0078000000000000005,59370,29149,59663.0790828264
0.0014655172413793106,0.00590344827586207,0.0089,59389,27142,59663.0790828264
0.0014655172413793106,0.00590344827586207,0.01,59210,25415,59663.0790828264
0.0014655172413793106,0.006244827586206898,0.0001,57283,56575,57021.46690518784
0.0014655172413793106,0.006244827586206898,0.0012000000000000001,56742,49654,57021.46690518784
0.0014655172413793106,0.006244827586206898,0.0023,56746,44078,57021.46690518784
0.0014655172413793106,0.006244827586206898,0.0034,56642,39826,57021.46690518784
0.0014655172413793106,0.006244827586206898,0.0045000000000000005,56770,36165,57021.46690518784
0.0014655172413793106,0.006244827586206898,0.005600000000000001,56837,33153,57021.46690518784
0.0014655172413793106,0.006244827586206898,0.0067,56632,30732,57021.46690518784
0.0014655172413793106,0.006244827586206898,0.0078000000000000005,56554,28598,57021.46690518784
0.0014655172413793106,0.006244827586206898,0.0089,56709,26520,57021.46690518784
0.0014655172413793106,0.006244827586206898,0.01,56780,24935,57021.46690518784
0.0014655172413793106,0.006586206896551725,0.0001,54848,54116,54603.854389721615
0.0014655172413793106,0.006586206896551725,0.0012000000000000001,54214,47758,54603.854389721615
0.0014655172413793106,0.006586206896551725,0.0023,54031,42431,54603.854389721615
0.0014655172413793106,0.006586206896551725,0.0034,53874,38674,54603.854389721615
0.0014655172413793106,0.006586206896551725,0.0045000000000000005,53852,35151,54603.854389721615
0.0014655172413793106,0.006586206896551725,0.005600000000000001,54088,32244,54603.854389721615
0.0014655172413793106,0.006586206896551725,0.0067,54047,29983,54603.854389721615
0.0014655172413793106,0.006586206896551725,0.0078000000000000005,53942,27849,54603.854389721615
0.0014655172413793106,0.006586206896551725,0.0089,54175,26077,54603.854389721615
0.0014655172413793106,0.006586206896551725,0.01,54108,24467,54603.854389721615
0.0014655172413793106,0.006927586206896553,0.0001,52339,51727,52382.908792111746
0.0014655172413793106,0.006927586206896553,0.0012000000000000001,52007,46031,52382.908792111746
0.0014655172413793106,0.006927586206896553,0.0023,51785,40977,52382.908792111746
0.0014655172413793106,0.006927586206896553,0.0034,51587,37503,52382.908792111746
0.0014655172413793106,0.006927586206896553,0.0045000000000000005,51399,34052,52382.908792111746
0.0014655172413793106,0.006927586206896553,0.005600000000000001,51925,31683,52382.908792111746
0.0014655172413793106,0.006927586206896553,0.0067,51590,29085,52382.908792111746
0.0014655172413793106,0.006927586206896553,0.0078000000000000005,51888,27317,52382.908792111746
0.0014655172413793106,0.006927586206896553,0.0089,51723,25426,52382.908792111746
0.0014655172413793106,0.006927586206896553,0.01,51541,24013,52382.908792111746
0.0014655172413793106,0.00726896551724138,0.0001,50401,49655,50335.570469798666
0.0014655172413793106,0.00726896551724138,0.0012000000000000001,50292,44459,50335.570469798666
0.0014655172413793106,0.00726896551724138,0.0023,50099,39694,50335.570469798666
0.0014655172413793106,0.00726896551724138,0.0034,49799,36320,50335.570469798666
0.0014655172413793106,0.00726896551724138,0.0045000000000000005,50136,33188,50335.570469798666
0.0014655172413793106,0.00726896551724138,0.005600000000000001,50015,30836,50335.570469798666
0.0014655172413793106,0.00726896551724138,0.0067,49755,28654,50335.570469798666
0.0014655172413793106,0.00726896551724138,0.0078000000000000005,50021,26708,50335.570469798666
0.0014655172413793106,0.00726896551724138,0.0089,50020,24978,50335.570469798666
0.0014655172413793106,0.00726896551724138,0.01,49573,23576,50335.570469798666
0.0014655172413793106,0.0076103448275862086,0.0001,48716,48162,48442.249240121586
0.0014655172413793106,0.0076103448275862086,0.0012000000000000001,48218,42848,48442.249240121586
0.0014655172413793106,0.0076103448275862086,0.0023,48101,38844,48442.249240121586
0.0014655172413793106,0.0076103448275862086,0.0034,48293,35343,48442.249240121586
0.0014655172413793106,0.0076103448275862086,0.0045000000000000005,48025,32324,48442.249240121586
0.0014655172413793106,0.0076103448275862086,0.005600000000000001,48105,29793,48442.249240121586
0.0014655172413793106,0.0076103448275862086,0.0067,48125,27978,48442.249240121586
0.0014655172413793106,0.0076103448275862086,0.0078000000000000005,48099,26111,48442.249240121586
0.0014655172413793106,0.0076103448275862086,0.0089,47722,24532,48442.249240121586
0.0014655172413793106,0.0076103448275862086,0.01,48109,23149,48442.249240121586
0.0014655172413793106,0.007951724137931035,0.0001,46846,46360,46686.19553277189
0.0014655172413793106,0.007951724137931035,0.0012000000000000001,46430,41183,46686.19553277189
0.0014655172413793106,0.007951724137931035,0.0023,46351,37615,46686.19553277189
0.0014655172413793106,0.007951724137931035,0.0034,46500,34448,46686.19553277189
0.0014655172413793106,0.007951724137931035,0.0045000000000000005,46118,31464,46686.19553277189
0.0014655172413793106,0.007951724137931035,0.005600000000000001,46333,29482,46686.19553277189
0.0014655172413793106,0.007951724137931035,0.0067,46247,27406,46686.19553277189
0.0014655172413793106,0.007951724137931035,0.0078000000000000005,46330,25635,46686.19553277189
0.0014655172413793106,0.007951724137931035,0.0089,46399,24084,46686.19553277189
0.0014655172413793106,0.007951724137931035,0.01,46226,22738,46686.19553277189
0.0014655172413793106,0.008293103448275862,0.0001,45258,44797,45053.0035335689
0.0014655172413793106,0.008293103448275862,0.0012000000000000001,44871,40390,45053.0035335689
0.0014655172413793106,0.008293103448275862,0.0023,44628,36566,45053.0035335689
0.0014655172413793106,0.008293103448275862,0.0034,44512,33517,45053.0035335689
0.0014655172413793106,0.008293103448275862,0.0045000000000000005,44525,30677,45053.0035335689
0.0014655172413793106,0.008293103448275862,0.005600000000000001,44549,28731,45053.0035335689
0.0014655172413793106,0.008293103448275862,0.0067,44587,26877,45053.0035335689
0.0014655172413793106,0.008293103448275862,0.0078000000000000005,44461,25043,45053.0035335689
0.0014655172413793106,0.008293103448275862,0.0089,44442,23639,45053.0035335689
0.0014655172413793106,0.008293103448275862,0.01,44538,22299,45053.0035335689
0.0014655172413793106,0.00863448275862069,0.0001,43595,43253,43530.21509047457
0.0014655172413793106,0.00863448275862069,0.0012000000000000001,43208,39143,43530.21509047457
0.0014655172413793106,0.00863448275862069,0.0023,43124,35580,43530.21509047457
0.0014655172413793106,0.00863448275862069,0.0034,43167,32390,43530.21509047457
0.0014655172413793106,0.00863448275862069,0.0045000000000000005,43216,30361,43530.21509047457
0.0014655172413793106,0.00863448275862069,0.005600000000000001,42921,28181,43530.21509047457
0.0014655172413793106,0.00863448275862069,0.0067,43084,26282,43530.21509047457
0.0014655172413793106,0.00863448275862069,0.0078000000000000005,43057,24533,43530.21509047457
0.0014655172413793106,0.00863448275862069,0.0089,42964,23191,43530.21509047457
0.0014655172413793106,0.00863448275862069,0.01,43183,21856,43530.21509047457
0.0014655172413793106,0.008975862068965518,0.0001,41962,41599,42107.00132100396
0.0014655172413793106,0.008975862068965518,0.0012000000000000001,41544,37972,42107.00132100396
0.0014655172413793106,0.008975862068965518,0.0023,41636,34483,42107.00132100396
0.0014655172413793106,0.008975862068965518,0.0034,41589,31787,42107.00132100396
0.0014655172413793106,0.008975862068965518,0.0045000000000000005,41578,29595,42107.00132100396
0.0014655172413793106,0.008975862068965518,0.005600000000000001,41638,27495,42107.00132100396
0.0014655172413793106,0.008975862068965518,0.0067,41667,25747,42107.00132100396
0.0014655172413793106,0.008975862068965518,0.0078000000000000005,41617,24085,42107.00132100396
0.0014655172413793106,0.008975862068965518,0.0089,41522,22747,42107.00132100396
0.0014655172413793106,0.008975862068965518,0.01,41309,21409,42107.00132100396
0.0014655172413793106,0.009317241379310346,0.0001,40787,40608,40773.90470099136
0.0014655172413793106,0.009317241379310346,0.0012000000000000001,40654,36785,40773.90470099136
0.0014655172413793106,0.009317241379310346,0.0023,40573,33618,40773.90470099136
0.0014655172413793106,0.009317241379310346,0.0034,40413,31243,40773.90470099136
0.0014655172413793106,0.009317241379310346,0.0045000000000000005,40430,29002,40773.90470099136
0.0014655172413793106,0.009317241379310346,0.005600000000000001,40303,26963,40773.90470099136
0.0014655172413793106,0.009317241379310346,0.0067,40366,25196,40773.90470099136
0.0014655172413793106,0.009317241379310346,0.0078000000000000005,40499,23639,40773.90470099136
0.0014655172413793106,0.009317241379310346,0.0089,40470,22301,40773.90470099136
0.0014655172413793106,0.009317241379310346,0.01,40363,21188,40773.90470099136
0.0014655172413793106,0.009658620689655173,0.0001,39804,39464,39522.62864228147
0.0014655172413793106,0.009658620689655173,0.0012000000000000001,39524,35788,39522.62864228147
0.0014655172413793106,0.009658620689655173,0.0023,39595,32757,39522.62864228147
0.0014655172413793106,0.009658620689655173,0.0034,39543,30476,39522.62864228147
0.0014655172413793106,0.009658620689655173,0.0045000000000000005,39526,28289,39522.62864228147
0.0014655172413793106,0.009658620689655173,0.005600000000000001,39495,26349,39522.62864228147
0.0014655172413793106,0.009658620689655173,0.0067,39328,24751,39522.62864228147
0.0014655172413793106,0.009658620689655173,0.0078000000000000005,39364,23194,39522.62864228147
0.0014655172413793106,0.009658620689655173,0.0089,39369,21857,39522.62864228147
0.0014655172413793106,0.009658620689655173,0.01,39286,20946,39522.62864228147
0.0014655172413793106,0.01,0.0001,38593,38265,38345.86466165414
0.0014655172413793106,0.01,0.0012000000000000001,38542,34869,38345.86466165414
0.0014655172413793106,0.01,0.0023,38488,31893,38345.86466165414
0.0014655172413793106,0.01,0.0034,38364,29572,38345.86466165414
0.0014655172413793106,0.01,0.0045000000000000005,38359,27721,38345.86466165414
0.0014655172413793106,0.01,0.005600000000000001,38260,25865,38345.86466165414
0.0014655172413793106,0.01,0.0067,38323,24088,38345.86466165414
0.0014655172413793106,0.01,0.0078000000000000005,38294,22748,38345.86466165414
0.0014655172413793106,0.01,0.0089,38196,21504,38345.86466165414
0.0014655172413793106,0.01,0.01,38254,20514,38345.86466165414
0.0018068965517241383,0.0001,0.0001,272663,270210,284267.6311030741
0.0018068965517241383,0.0001,0.0012000000000000001,209346,174812,284267.6311030741
0.0018068965517241383,0.0001,0.0023,188709,128722,284267.6311030741
0.0018068965517241383,0.0001,0.0034,178808,102503,284267.6311030741
0.0018068965517241383,0.0001,0.0045000000000000005,172561,84497,284267.6311030741
0.0018068965517241383,0.0001,0.005600000000000001,168156,72433,284267.6311030741
0.0018068965517241383,0.0001,0.0067,165659,63219,284267.6311030741
0.0018068965517241383,0.0001,0.0078000000000000005,163307,56002,284267.6311030741
0.0018068965517241383,0.0001,0.0089,161097,50455,284267.6311030741
0.0018068965517241383,0.0001,0.01,160048,45538,284267.6311030741
0.0018068965517241383,0.0004413793103448276,0.0001,233648,230915,241104.29447852762
0.0018068965517241383,0.0004413793103448276,0.0012000000000000001,194143,157298,241104.29447852762
0.0018068965517241383,0.0004413793103448276,0.0023,178508,119444,241104.29447852762
0.0018068965517241383,0.0004413793103448276,0.0034,171211,96402,241104.29447852762
0.0018068965517241383,0.0004413793103448276,0.0045000000000000005,166534,80681,241104.29447852762
0.0018068965517241383,0.0004413793103448276,0.005600000000000001,163519,69114,241104.29447852762
0.0018068965517241383,0.0004413793103448276,0.0067,161226,60450,241104.29447852762
0.0018068965517241383,0.0004413793103448276,0.0078000000000000005,158206,54011,241104.29447852762
0.0018068965517241383,0.0004413793103448276,0.0089,155598,48740,241104.29447852762
0.0018068965517241383,0.0004413793103448276,0.01,156112,44078,241104.29447852762
0.0018068965517241383,0.0007827586206896553,0.0001,205451,201491,209320.90545938752
0.0018068965517241383,0.0007827586206896553,0.0012000000000000001,180107,142982,209320.90545938752
0.0018068965517241383,0.0007827586206896553,0.0023,169466,111284,209320.90545938752
0.0018068965517241383,0.0007827586206896553,0.0034,163907,90315,209320.90545938752
0.0018068965517241383,0.0007827586206896553,0.0045000000000000005,159502,76285,209320.90545938752
0.0018068965517241383,0.0007827586206896553,0.005600000000000001,158176,66413,209320.90545938752
0.0018068965517241383,0.0007827586206896553,0.0067,156004,58682,209320.90545938752
0.0018068965517241383,0.0007827586206896553,0.0078000000000000005,153074,52244,209320.90545938752
0.0018068965517241383,0.0007827586206896553,0.0089,152808,47336,209320.90545938752
0.0018068965517241383,0.0007827586206896553,0.01,151622,43283,209320.90545938752
0.0018068965517241383,0.001124137931034483,0.0001,182979,178890,184941.17647058825
0.0018068965517241383,0.001124137931034483,0.0012000000000000001,167216,131668,184941.17647058825
0.0018068965517241383,0.001124137931034483,0.0023,160727,104025,184941.17647058825
0.0018068965517241383,0.001124137931034483,0.0034,154155,85895,184941.17647058825
0.0018068965517241383,0.001124137931034483,0.0045000000000000005,154507,73326,184941.17647058825
0.0018068965517241383,0.001124137931034483,0.005600000000000001,152008,63746,184941.17647058825
0.0018068965517241383,0.001124137931034483,0.0067,149969,56470,184941.17647058825
0.0018068965517241383,0.001124137931034483,0.0078000000000000005,149179,50748,184941.17647058825
0.0018068965517241383,0.001124137931034483,0.0089,148164,45643,184941.17647058825
0.0018068965517241383,0.001124137931034483,0.01,148802,42113,184941.17647058825
0.0018068965517241383,0.0014655172413793106,0.0001,164632,161186,165648.05057955743
0.0018068965517241383,0.0014655172413793106,0.0012000000000000001,156730,121040,165648.05057955743
0.0018068965517241383,0.0014655172413793106,0.0023,152775,97348,165648.05057955743
0.0018068965517241383,0.0014655172413793106,0.0034,150990,81597,165648.05057955743
0.0018068965517241383,0.0014655172413793106,0.0045000000000000005,147761,69932,165648.05057955743
0.0018068965517241383,0.0014655172413793106,0.005600000000000001,144610,60928,165648.05057955743
0.0018068965517241383,0.0014655172413793106,0.0067,145877,54492,165648.05057955743
0.0018068965517241383,0.0014655172413793106,0.0078000000000000005,142838,49162,165648.05057955743
0.0018068965517241383,0.0014655172413793106,0.0089,143455,44697,165648.05057955743
0.0018068965517241383,0.0014655172413793106,0.01,143641,40950,165648.05057955743
0.0018068965517241383,0.0018068965517241383,0.0001,149659,146393,150000.0
0.0018068965517241383,0.0018068965517241383,0.0012000000000000001,145822,112672,150000.0
0.0018068965517241383,0.0018068965517241383,0.0023,144850,91559,150000.0
0.0018068965517241383,0.0018068965517241383,0.0034,144407,77392,150000.0
0.0018068965517241383,0.0018068965517241383,0.0045000000000000005,143966,67150,150000.0
0.0018068965517241383,0.0018068965517241383,0.005600000000000001,143122,59158,150000.0
0.0018068965517241383,0.0018068965517241383,0.0067,142421,52679,150000.0
0.0018068965517241383,0.0018068965517241383,0.0078000000000000005,140099,47565,150000.0
0.0018068965517241383,0.0018068965517241383,0.0089,142040,43237,150000.0
0.0018068965517241383,0.0018068965517241383,0.01,141974,39928,150000.0
0.0018068965517241383,0.0021482758620689655,0.0001,136553,133984,137053.18221447256
0.0018068965517241383,0.0021482758620689655,0.0012000000000000001,132387,105153,137053.18221447256
0.0018068965517241383,0.0021482758620689655,0.0023,131873,86973,137053.18221447256
0.0018068965517241383,0.0021482758620689655,0.0034,127530,74039,137053.18221447256
0.0018068965517241383,0.0021482758620689655,0.0045000000000000005,130129,64301,137053.18221447256
0.0018068965517241383,0.0021482758620689655,0.005600000000000001,129332,56943,137053.18221447256
0.0018068965517241383,0.0021482758620689655,0.0067,131993,51107,137053.18221447256
0.0018068965517241383,0.0021482758620689655,0.0078000000000000005,130184,46047,137053.18221447256
0.0018068965517241383,0.0021482758620689655,0.0089,129836,42359,137053.18221447256
0.0018068965517241383,0.0021482758620689655,0.01,130443,38991,137053.18221447256
0.0018068965517241383,0.0024896551724137932,0.0001,126355,123663,126163.72391653292
0.0018068965517241383,0.0024896551724137932,0.0012000000000000001,123206,98433,126163.72391653292
0.0018068965517241383,0.0024896551724137932,0.0023,123448,82150,126163.72391653292
0.0018068965517241383,0.0024896551724137932,0.0034,121229,70686,126163.72391653292
0.0018068965517241383,0.0024896551724137932,0.0045000000000000005,117459,61421,126163.72391653292
0.0018068965517241383,0.0024896551724137932,0.005600000000000001,121946,54956,126163.72391653292
0.0018068965517241383,0.0024896551724137932,0.0067,120689,49549,126163.72391653292
0.0018068965517241383,0.0024896551724137932,0.0078000000000000005,122356,44649,126163.72391653292
0.0018068965517241383,0.0024896551724137932,0.0089,121878,41271,126163.72391653292
0.0018068965517241383,0.0024896551724137932,0.01,122008,38029,126163.72391653292
0.0018068965517241383,0.002831034482758621,0.0001,116943,114423,116877.32342007435
0.0018068965517241383,0.002831034482758621,0.0012000000000000001,111614,93110,116877.32342007435
0.0018068965517241383,0.002831034482758621,0.0023,107729,78403,116877.32342007435
0.0018068965517241383,0.002831034482758621,0.0034,112177,67463,116877.32342007435
0.0018068965517241383,0.002831034482758621,0.0045000000000000005,114815,59639,116877.32342007435
0.0018068965517241383,0.002831034482758621,0.005600000000000001,113347,52890,116877.32342007435
0.0018068965517241383,0.002831034482758621,0.0067,115587,47995,116877.32342007435
0.0018068965517241383,0.002831034482758621,0.0078000000000000005,113825,43807,116877.32342007435
0.0018068965517241383,0.002831034482758621,0.0089,115115,40118,116877.32342007435
0.0018068965517241383,0.002831034482758621,0.01,113337,36990,116877.32342007435
0.0018068965517241383,0.0031724137931034486,0.0001,108992,106674,108864.26592797783
0.0018068965517241383,0.0031724137931034486,0.0012000000000000001,105064,88092,108864.26592797783
0.0018068965517241383,0.0031724137931034486,0.0023,103398,74699,108864.26592797783
0.0018068965517241383,0.0031724137931034486,0.0034,101039,64971,108864.26592797783
0.0018068965517241383,0.0031724137931034486,0.0045000000000000005,103894,57414,108864.26592797783
0.0018068965517241383,0.0031724137931034486,0.005600000000000001,106466,51522,108864.26592797783
0.0018068965517241383,0.0031724137931034486,0.0067,105576,46544,108864.26592797783
0.0018068965517241383,0.0031724137931034486,0.0078000000000000005,104228,42646,108864.26592797783
0.0018068965517241383,0.0031724137931034486,0.0089,106035,39076,108864.26592797783
0.0018068965517241383,0.0031724137931034486,0.01,107253,36076,108864.26592797783
0.0018068965517241383,0.0035137931034482763,0.0001,102011,100204,101879.45560596242
0.0018068965517241383,0.0035137931034482763,0.0012000000000000001,99909,82907,101879.45560596242
0.0018068965517241383,0.0035137931034482763,0.0023,99958,71367,101879.45560596242
0.0018068965517241383,0.0035137931034482763,0.0034,99454,62331,101879.45560596242
0.0018068965517241383,0.0035137931034482763,0.0045000000000000005,96445,55408,101879.45560596242
0.0018068965517241383,0.0035137931034482763,0.005600000000000001,100031,49759,101879.45560596242
0.0018068965517241383,0.0035137931034482763,0.0067,100306,45031,101879.45560596242
0.0018068965517241383,0.0035137931034482763,0.0078000000000000005,98759,41404,101879.45560596242
0.0018068965517241383,0.0035137931034482763,0.0089,96172,38035,101879.45560596242
0.0018068965517241383,0.0035137931034482763,0.01,100051,35552,101879.45560596242
0.0018068965517241383,0.003855172413793104,0.0001,95981,94412,95736.90621193669
0.0018068965517241383,0.003855172413793104,0.0012000000000000001,94162,79256,95736.90621193669
0.0018068965517241383,0.003855172413793104,0.0023,93783,67873,95736.90621193669
0.0018068965517241383,0.003855172413793104,0.0034,90097,59619,95736.90621193669
0.0018068965517241383,0.003855172413793104,0.0045000000000000005,91670,53151,95736.90621193669
0.0018068965517241383,0.003855172413793104,0.005600000000000001,89645,48250,95736.90621193669
0.0018068965517241383,0.003855172413793104,0.0067,92629,43820,95736.90621193669
0.0018068965517241383,0.003855172413793104,0.0078000000000000005,93854,40353,95736.90621193669
0.0018068965517241383,0.003855172413793104,0.0089,93838,37073,95736.90621193669
0.0018068965517241383,0.003855172413793104,0.01,94428,34755,95736.90621193669
0.0018068965517241383,0.004196551724137932,0.0001,90183,89226,90292.93509477313
0.0018068965517241383,0.004196551724137932,0.0012000000000000001,89902,75194,90292.93509477313
0.0018068965517241383,0.004196551724137932,0.0023,89520,65530,90292.93509477313
0.0018068965517241383,0.004196551724137932,0.0034,88175,57884,90292.93509477313
0.0018068965517241383,0.004196551724137932,0.0045000000000000005,88612,51843,90292.93509477313
0.0018068965517241383,0.004196551724137932,0.005600000000000001,86988,46782,90292.93509477313
0.0018068965517241383,0.004196551724137932,0.0067,88250,42870,90292.93509477313
0.0018068965517241383,0.004196551724137932,0.0078000000000000005,88889,39365,90292.93509477313
0.0018068965517241383,0.004196551724137932,0.0089,89916,36576,90292.93509477313
0.0018068965517241383,0.004196551724137932,0.01,89191,34026,90292.93509477313
0.0018068965517241383,0.00453793103448276,0.0001,85595,84043,85434.78260869563
0.0018068965517241383,0.00453793103448276,0.0012000000000000001,84619,72070,85434.78260869563
0.0018068965517241383,0.00453793103448276,0.0023,84232,62830,85434.78260869563
0.0018068965517241383,0.00453793103448276,0.0034,84484,55822,85434.78260869563
0.0018068965517241383,0.00453793103448276,0.0045000000000000005,84929,50176,85434.78260869563
0.0018068965517241383,0.00453793103448276,0.005600000000000001,83913,45333,85434.78260869563
0.0018068965517241383,0.00453793103448276,0.0067,84360,41754,85434.78260869563
0.0018068965517241383,0.00453793103448276,0.0078000000000000005,84883,38370,85434.78260869563
0.0018068965517241383,0.00453793103448276,0.0089,84609,35778,85434.78260869563
0.0018068965517241383,0.00453793103448276,0.01,84743,33253,85434.78260869563
0.0018068965517241383,0.004879310344827587,0.0001,81400,80139,81072.71789582258
0.0018068965517241383,0.004879310344827587,0.0012000000000000001,80460,68687,81072.71789582258
0.0018068965517241383,0.004879310344827587,0.0023,80277,60119,81072.71789582258
0.0018068965517241383,0.004879310344827587,0.0034,79952,53533,81072.71789582258
0.0018068965517241383,0.004879310344827587,0.0045000000000000005,78361,48647,81072.71789582258
0.0018068965517241383,0.004879310344827587,0.005600000000000001,79072,44359,81072.71789582258
0.0018068965517241383,0.004879310344827587,0.0067,77878,40621,81072.71789582258
0.0018068965517241383,0.004879310344827587,0.0078000000000000005,80651,37445,81072.71789582258
0.0018068965517241383,0.004879310344827587,0.0089,77908,34980,81072.71789582258
0.0018068965517241383,0.004879310344827587,0.01,80555,32599,81072.71789582258
0.0018068965517241383,0.005220689655172415,0.0001,77069,75872,77134.44553483807
0.0018068965517241383,0.005220689655172415,0.0012000000000000001,76339,66233,77134.44553483807
0.0018068965517241383,0.005220689655172415,0.0023,76489,58358,77134.44553483807
0.0018068965517241383,0.005220689655172415,0.0034,76454,51998,77134.44553483807
0.0018068965517241383,0.005220689655172415,0.0045000000000000005,76216,47059,77134.44553483807
0.0018068965517241383,0.005220689655172415,0.005600000000000001,76671,43154,77134.44553483807
0.0018068965517241383,0.005220689655172415,0.0067,73327,39597,77134.44553483807
0.0018068965517241383,0.005220689655172415,0.0078000000000000005,76368,36470,77134.44553483807
0.0018068965517241383,0.005220689655172415,0.0089,76418,34108,77134.44553483807
0.0018068965517241383,0.005220689655172415,0.01,76513,31919,77134.44553483807
0.0018068965517241383,0.005562068965517242,0.0001,73870,72862,73561.06691623772
0.0018068965517241383,0.005562068965517242,0.0012000000000000001,73148,63450,73561.06691623772
0.0018068965517241383,0.005562068965517242,0.0023,72839,56238,73561.06691623772
0.0018068965517241383,0.005562068965517242,0.0034,72994,50576,73561.06691623772
0.0018068965517241383,0.005562068965517242,0.0045000000000000005,72922,45541,73561.06691623772
0.0018068965517241383,0.005562068965517242,0.005600000000000001,72819,41888,73561.06691623772
0.0018068965517241383,0.005562068965517242,0.0067,72783,38555,73561.06691623772
0.0018068965517241383,0.005562068965517242,0.0078000000000000005,70234,35868,73561.06691623772
0.0018068965517241383,0.005562068965517242,0.0089,73134,33481,73561.06691623772
0.0018068965517241383,0.005562068965517242,0.01,72308,31091,73561.06691623772
0.0018068965517241383,0.00590344827586207,0.0001,70410,69417,70304.114490161
0.0018068965517241383,0.00590344827586207,0.0012000000000000001,69597,60642,70304.114490161
0.0018068965517241383,0.00590344827586207,0.0023,69396,54012,70304.114490161
0.0018068965517241383,0.00590344827586207,0.0034,69353,48966,70304.114490161
0.0018068965517241383,0.00590344827586207,0.0045000000000000005,70010,44471,70304.114490161
0.0018068965517241383,0.00590344827586207,0.005600000000000001,69412,40843,70304.114490161
0.0018068965517241383,0.00590344827586207,0.0067,69780,37512,70304.114490161
0.0018068965517241383,0.00590344827586207,0.0078000000000000005,69832,35099,70304.114490161
0.0018068965517241383,0.00590344827586207,0.0089,69402,32699,70304.114490161
0.0018068965517241383,0.00590344827586207,0.01,69565,30554,70304.114490161
0.0018068965517241383,0.006244827586206898,0.0001,67158,66700,67323.34047109207
0.0018068965517241383,0.006244827586206898,0.0012000000000000001,67039,58886,67323.34047109207
0.0018068965517241383,0.006244827586206898,0.0023,67004,52177,67323.34047109207
0.0018068965517241383,0.006244827586206898,0.0034,66930,47513,67323.34047109207
0.0018068965517241383,0.006244827586206898,0.0045000000000000005,67058,43388,67323.34047109207
0.0018068965517241383,0.006244827586206898,0.005600000000000001,66972,39798,67323.34047109207
0.0018068965517241383,0.006244827586206898,0.0067,66891,36735,67323.34047109207
0.0018068965517241383,0.006244827586206898,0.0078000000000000005,66892,34423,67323.34047109207
0.0018068965517241383,0.006244827586206898,0.0089,67057,32094,67323.34047109207
0.0018068965517241383,0.006244827586206898,0.01,67032,30018,67323.34047109207
0.0018068965517241383,0.006586206896551725,0.0001,64768,64038,64585.045193097765
0.0018068965517241383,0.006586206896551725,0.0012000000000000001,64024,56664,64585.045193097765
0.0018068965517241383,0.006586206896551725,0.0023,63783,50992,64585.045193097765
0.0018068965517241383,0.006586206896551725,0.0034,63557,46045,64585.045193097765
0.0018068965517241383,0.006586206896551725,0.0045000000000000005,63891,42259,64585.045193097765
0.0018068965517241383,0.006586206896551725,0.005600000000000001,64168,38564,64585.045193097765
0.0018068965517241383,0.006586206896551725,0.0067,64058,36087,64585.045193097765
0.0018068965517241383,0.006586206896551725,0.0078000000000000005,63686,33541,64585.045193097765
0.0018068965517241383,0.006586206896551725,0.0089,64061,31404,64585.045193097765
0.0018068965517241383,0.006586206896551725,0.01,62832,29481,64585.045193097765
0.0018068965517241383,0.006927586206896553,0.0001,62134,61402,62060.79747335175
0.0018068965517241383,0.006927586206896553,0.0012000000000000001,61732,54504,62060.79747335175
0.0018068965517241383,0.006927586206896553,0.0023,61530,49242,62060.79747335175
0.0018068965517241383,0.006927586206896553,0.0034,61519,44528,62060.79747335175
0.0018068965517241383,0.006927586206896553,0.0045000000000000005,61430,41114,62060.79747335175
0.0018068965517241383,0.006927586206896553,0.005600000000000001,61677,37842,62060.79747335175
0.0018068965517241383,0.006927586206896553,0.0067,61593,34977,62060.79747335175
0.0018068965517241383,0.006927586206896553,0.0078000000000000005,61655,32945,62060.79747335175
0.0018068965517241383,0.006927586206896553,0.0089,61554,30598,62060.79747335175
0.0018068965517241383,0.006927586206896553,0.01,61529,28943,62060.79747335175
0.0018068965517241383,0.00726896551724138,0.0001,59762,59162,59726.44376899696
0.0018068965517241383,0.00726896551724138,0.0012000000000000001,59559,52552,59726.44376899696
0.0018068965517241383,0.00726896551724138,0.0023,59492,47771,59726.44376899696
0.0018068965517241383,0.00726896551724138,0.0034,59419,43683,59726.44376899696
0.0018068965517241383,0.00726896551724138,0.0045000000000000005,59452,40078,59726.44376899696
0.0018068965517241383,0.00726896551724138,0.005600000000000001,59407,36783,59726.44376899696
0.0018068965517241383,0.00726896551724138,0.0067,59497,34529,59726.44376899696
0.0018068965517241383,0.00726896551724138,0.0078000000000000005,59486,32161,59726.44376899696
0.0018068965517241383,0.00726896551724138,0.0089,59435,30018,59726.44376899696
0.0018068965517241383,0.00726896551724138,0.01,59370,28408,59726.44376899696
0.0018068965517241383,0.0076103448275862086,0.0001,57729,57113,57561.33284511168
0.0018068965517241383,0.0076103448275862086,0.0012000000000000001,57146,51218,57561.33284511168
0.0018068965517241383,0.0076103448275862086,0.0023,57286,46066,57561.33284511168
0.0018068965517241383,0.0076103448275862086,0.0034,57233,42395,57561.33284511168
0.0018068965517241383,0.0076103448275862086,0.0045000000000000005,57071,39065,57561.33284511168
0.0018068965517241383,0.0076103448275862086,0.005600000000000001,57211,35948,57561.33284511168
0.0018068965517241383,0.0076103448275862086,0.0067,57228,33748,57561.33284511168
0.0018068965517241383,0.0076103448275862086,0.0078000000000000005,57304,31595,57561.33284511168
0.0018068965517241383,0.0076103448275862086,0.0089,56949,29482,57561.33284511168
0.0018068965517241383,0.0076103448275862086,0.01,56874,27871,57561.33284511168
0.0018068965517241383,0.007951724137931035,0.0001,55613,54997,55547.703180212025
0.0018068965517241383,0.007951724137931035,0.0012000000000000001,55212,49665,55547.703180212025
0.0018068965517241383,0.007951724137931035,0.0023,54938,45121,55547.703180212025
0.0018068965517241383,0.007951724137931035,0.0034,55184,41353,55547.703180212025
0.0018068965517241383,0.007951724137931035,0.0045000000000000005,55101,38034,55547.703180212025
0.0018068965517241383,0.007951724137931035,0.005600000000000001,55079,35512,55547.703180212025
0.0018068965517241383,0.007951724137931035,0.0067,55210,32998,55547.703180212025
0.0018068965517241383,0.007951724137931035,0.0078000000000000005,55130,30969,55547.703180212025
0.0018068965517241383,0.007951724137931035,0.0089,55164,28944,55547.703180212025
0.0018068965517241383,0.007951724137931035,0.01,54791,27336,55547.703180212025
0.0018068965517241383,0.008293103448275862,0.0001,53515,53026,53670.194605667464
0.0018068965517241383,0.008293103448275862,0.0012000000000000001,53012,48071,53670.194605667464
0.0018068965517241383,0.008293103448275862,0.0023,52987,43624,53670.194605667464
0.0018068965517241383,0.008293103448275862,0.0034,52989,40241,53670.194605667464
0.0018068965517241383,0.008293103448275862,0.0045000000000000005,52995,36993,53670.194605667464
0.0018068965517241383,0.008293103448275862,0.005600000000000001,53135,34590,53670.194605667464
0.0018068965517241383,0.008293103448275862,0.0067,53055,32420,53670.194605667464
0.0018068965517241383,0.008293103448275862,0.0078000000000000005,53023,30157,53670.194605667464
0.0018068965517241383,0.008293103448275862,0.0089,52746,28409,53670.194605667464
0.0018068965517241383,0.008293103448275862,0.01,52997,26856,53670.194605667464
0.0018068965517241383,0.00863448275862069,0.0001,51981,51308,51915.45574636724
0.0018068965517241383,0.00863448275862069,0.0012000000000000001,51718,46553,51915.45574636724
0.0018068965517241383,0.00863448275862069,0.0023,51702,42768,51915.45574636724
0.0018068965517241383,0.00863448275862069,0.0034,51718,39079,51915.45574636724
0.0018068965517241383,0.00863448275862069,0.0045000000000000005,51680,36449,51915.45574636724
0.0018068965517241383,0.00863448275862069,0.005600000000000001,51616,33956,51915.45574636724
0.0018068965517241383,0.00863448275862069,0.0067,51642,31627,51915.45574636724
0.0018068965517241383,0.00863448275862069,0.0078000000000000005,51633,29772,51915.45574636724
0.0018068965517241383,0.00863448275862069,0.0089,51570,27887,51915.45574636724
0.0018068965517241383,0.00863448275862069,0.01,51618,26706,51915.45574636724
0.0018068965517241383,0.008975862068965518,0.0001,50506,50051,50271.82603133994
0.0018068965517241383,0.008975862068965518,0.0012000000000000001,49963,45046,50271.82603133994
0.0018068965517241383,0.008975862068965518,0.0023,49807,41588,50271.82603133994
0.0018068965517241383,0.008975862068965518,0.0034,50071,38036,50271.82603133994
0.0018068965517241383,0.008975862068965518,0.0045000000000000005,50036,35628,50271.82603133994
0.0018068965517241383,0.008975862068965518,0.005600000000000001,49973,33204,50271.82603133994
0.0018068965517241383,0.008975862068965518,0.0067,50004,31089,50271.82603133994
0.0018068965517241383,0.008975862068965518,0.0078000000000000005,49982,29219,50271.82603133994
0.0018068965517241383,0.008975862068965518,0.0089,49967,27548,50271.82603133994
0.0018068965517241383,0.008975862068965518,0.01,50009,26214,50271.82603133994
0.0018068965517241383,0.009317241379310346,0.0001,48867,48479,48729.076255424676
0.0018068965517241383,0.009317241379310346,0.0012000000000000001,48375,44248,48729.076255424676
0.0018068965517241383,0.009317241379310346,0.0023,48253,40516,48729.076255424676
0.0018068965517241383,0.009317241379310346,0.0034,48059,37459,48729.076255424676
0.0018068965517241383,0.009317241379310346,0.0045000000000000005,47992,34854,48729.076255424676
0.0018068965517241383,0.009317241379310346,0.005600000000000001,48206,32475,48729.076255424676
0.0018068965517241383,0.009317241379310346,0.0067,48125,30522,48729.076255424676
0.0018068965517241383,0.009317241379310346,0.0078000000000000005,48191,28756,48729.076255424676
0.0018068965517241383,0.009317241379310346,0.0089,48260,27251,48729.076255424676
0.0018068965517241383,0.009317241379310346,0.01,48055,25710,48729.076255424676
0.0018068965517241383,0.009658620689655173,0.0001,47417,47028,47278.19548872181
0.0018068965517241383,0.009658620689655173,0.0012000000000000001,47031,43006,47278.19548872181
0.0018068965517241383,0.009658620689655173,0.0023,47081,39531,47278.19548872181
0.0018068965517241383,0.009658620689655173,0.0034,47076,36306,47278.19548872181
0.0018068965517241383,0.009658620689655173,0.0045000000000000005,47050,34049,47278.19548872181
0.0018068965517241383,0.009658620689655173,0.005600000000000001,46857,31864,47278.19548872181
0.0018068965517241383,0.009658620689655173,0.0067,46664,29951,47278.19548872181
0.0018068965517241383,0.009658620689655173,0.0078000000000000005,47119,28323,47278.19548872181
0.0018068965517241383,0.009658620689655173,0.0089,46961,26749,47278.19548872181
0.0018068965517241383,0.009658620689655173,0.01,46628,25337,47278.19548872181
0.0018068965517241383,0.01,0.0001,45937,45538,45911.21495327103
0.0018068965517241383,0.01,0.0012000000000000001,45869,41853,45911.21495327103
0.0018068965517241383,0.01,0.0023,45803,38543,45911.21495327103
0.0018068965517241383,0.01,0.0034,45713,35498,45911.21495327103
0.0018068965517241383,0.01,0.0045000000000000005,45543,33413,45911.21495327103
0.0018068965517241383,0.01,0.005600000000000001,45582,31091,45911.21495327103
0.0018068965517241383,0.01,0.0067,45658,29449,45911.21495327103
0.0018068965517241383,0.01,0.0078000000000000005,45568,27797,45911.21495327103
0.0018068965517241383,0.01,0.0089,45405,26257,45911.21495327103
0.0018068965517241383,0.01,0.01,44982,24991,45911.21495327103
0.0021482758620689655,0.0001,0.0001,275842,273828,286656.44171779143
0.0021482758620689655,0.0001,0.0012000000000000001,215974,186912,286656.44171779143
0.0021482758620689655,0.0001,0.0023,194592,141858,286656.44171779143
0.0021482758620689655,0.0001,0.0034,182995,114477,286656.44171779143
0.0021482758620689655,0.0001,0.0045000000000000005,176906,95798,286656.44171779143
0.0021482758620689655,0.0001,0.005600000000000001,171894,82358,286656.44171779143
0.0021482758620689655,0.0001,0.0067,168519,72242,286656.44171779143
0.0021482758620689655,0.0001,0.0078000000000000005,165430,64355,286656.44171779143
0.0021482758620689655,0.0001,0.0089,164021,58087,286656.44171779143
0.0021482758620689655,0.0001,0.01,162351,52559,286656.44171779143
0.0021482758620689655,0.0004413793103448276,0.0001,241960,240545,248868.1757656458
0.0021482758620689655,0.0004413793103448276,0.0012000000000000001,200924,170500,248868.1757656458
0.0021482758620689655,0.0004413793103448276,0.0023,185028,132005,248868.1757656458
0.0021482758620689655,0.0004413793103448276,0.0034,175726,107929,248868.1757656458
0.0021482758620689655,0.0004413793103448276,0.0045000000000000005,171013,91132,248868.1757656458
0.0021482758620689655,0.0004413793103448276,0.005600000000000001,166861,78771,248868.1757656458
0.0021482758620689655,0.0004413793103448276,0.0067,164562,69562,248868.1757656458
0.0021482758620689655,0.0004413793103448276,0.0078000000000000005,162017,62217,248868.1757656458
0.0021482758620689655,0.0004413793103448276,0.0089,161000,56273,248868.1757656458
0.0021482758620689655,0.0004413793103448276,0.01,158336,51397,248868.1757656458
0.0021482758620689655,0.0007827586206896553,0.0001,216109,212963,219882.35294117645
0.0021482758620689655,0.0007827586206896553,0.0012000000000000001,188342,155981,219882.35294117645
0.0021482758620689655,0.0007827586206896553,0.0023,174950,123289,219882.35294117645
0.0021482758620689655,0.0007827586206896553,0.0034,168803,102112,219882.35294117645
0.0021482758620689655,0.0007827586206896553,0.0045000000000000005,164278,86597,219882.35294117645
0.0021482758620689655,0.0007827586206896553,0.005600000000000001,161196,75758,219882.35294117645
0.0021482758620689655,0.0007827586206896553,0.0067,158696,66745,219882.35294117645
0.0021482758620689655,0.0007827586206896553,0.0078000000000000005,157152,60023,219882.35294117645
0.0021482758620689655,0.0007827586206896553,0.0089,156302,54418,219882.35294117645
0.0021482758620689655,0.0007827586206896553,0.01,154268,50001,219882.35294117645
0.0021482758620689655,0.001124137931034483,0.0001,194524,191374,196944.15173867228
0.0021482758620689655,0.001124137931034483,0.0012000000000000001,176544,144300,196944.15173867228
0.0021482758620689655,0.001124137931034483,0.0023,167805,116017,196944.15173867228
0.0021482758620689655,0.001124137931034483,0.0034,161614,96951,196944.15173867228
0.0021482758620689655,0.001124137931034483,0.0045000000000000005,158464,83143,196944.15173867228
0.0021482758620689655,0.001124137931034483,0.005600000000000001,156414,72666,196944.15173867228
0.0021482758620689655,0.001124137931034483,0.0067,154325,64916,196944.15173867228
0.0021482758620689655,0.001124137931034483,0.0078000000000000005,151978,58469,196944.15173867228
0.0021482758620689655,0.001124137931034483,0.0089,151323,53161,196944.15173867228
0.0021482758620689655,0.001124137931034483,0.01,149247,48590,196944.15173867228
0.0021482758620689655,0.0014655172413793106,0.0001,176765,173572,178339.69465648851
0.0021482758620689655,0.0014655172413793106,0.0012000000000000001,166153,134359,178339.69465648851
0.0021482758620689655,0.0014655172413793106,0.0023,160112,109342,178339.69465648851
0.0021482758620689655,0.0014655172413793106,0.0034,154736,91941,178339.69465648851
0.0021482758620689655,0.0014655172413793106,0.0045000000000000005,153051,79256,178339.69465648851
0.0021482758620689655,0.0014655172413793106,0.005600000000000001,150939,70132,178339.69465648851
0.0021482758620689655,0.0014655172413793106,0.0067,148626,62670,178339.69465648851
0.0021482758620689655,0.0014655172413793106,0.0078000000000000005,147825,56595,178339.69465648851
0.0021482758620689655,0.0014655172413793106,0.0089,148726,51622,178339.69465648851
0.0021482758620689655,0.0014655172413793106,0.01,146576,47203,178339.69465648851
0.0021482758620689655,0.0018068965517241383,0.0001,162049,159493,162946.81778552744
0.0021482758620689655,0.0018068965517241383,0.0012000000000000001,155133,125053,162946.81778552744
0.0021482758620689655,0.0018068965517241383,0.0023,149102,103399,162946.81778552744
0.0021482758620689655,0.0018068965517241383,0.0034,149321,87786,162946.81778552744
0.0021482758620689655,0.0018068965517241383,0.0045000000000000005,146918,76433,162946.81778552744
0.0021482758620689655,0.0018068965517241383,0.005600000000000001,146637,67279,162946.81778552744
0.0021482758620689655,0.0018068965517241383,0.0067,146370,60436,162946.81778552744
0.0021482758620689655,0.0018068965517241383,0.0078000000000000005,145753,54657,162946.81778552744
0.0021482758620689655,0.0018068965517241383,0.0089,143479,50297,162946.81778552744
0.0021482758620689655,0.0018068965517241383,0.01,143258,46141,162946.81778552744
0.0021482758620689655,0.0021482758620689655,0.0001,149514,147097,150000.0
0.0021482758620689655,0.0021482758620689655,0.0012000000000000001,146440,117232,150000.0
0.0021482758620689655,0.0021482758620689655,0.0023,144889,97884,150000.0
0.0021482758620689655,0.0021482758620689655,0.0034,144831,84070,150000.0
0.0021482758620689655,0.0021482758620689655,0.0045000000000000005,143735,73086,150000.0
0.0021482758620689655,0.0021482758620689655,0.005600000000000001,143938,65359,150000.0
0.0021482758620689655,0.0021482758620689655,0.0067,143546,58805,150000.0
0.0021482758620689655,0.0021482758620689655,0.0078000000000000005,142448,53377,150000.0
0.0021482758620689655,0.0021482758620689655,0.0089,140470,48873,150000.0
0.0021482758620689655,0.0021482758620689655,0.01,140788,45274,150000.0
0.0021482758620689655,0.0024896551724137932,0.0001,138721,136120,138959.10780669143
0.0021482758620689655,0.0024896551724137932,0.0012000000000000001,133654,110544,138959.10780669143
0.0021482758620689655,0.0024896551724137932,0.0023,133822,92759,138959.10780669143
0.0021482758620689655,0.0024896551724137932,0.0034,133177,80053,138959.10780669143
0.0021482758620689655,0.0024896551724137932,0.0045000000000000005,129076,70772,138959.10780669143
0.0021482758620689655,0.0024896551724137932,0.005600000000000001,133741,63106,138959.10780669143
0.0021482758620689655,0.0024896551724137932,0.0067,132272,57031,138959.10780669143
0.0021482758620689655,0.0024896551724137932,0.0078000000000000005,131201,52016,138959.10780669143
0.0021482758620689655,0.0024896551724137932,0.0089,134448,47678,138959.10780669143
0.0021482758620689655,0.0024896551724137932,0.01,133145,44207,138959.10780669143
0.0021482758620689655,0.002831034482758621,0.0001,129446,127299,129432.13296398892
0.0021482758620689655,0.002831034482758621,0.0012000000000000001,124394,104397,129432.13296398892
0.0021482758620689655,0.002831034482758621,0.0023,123248,88792,129432.13296398892
0.0021482758620689655,0.002831034482758621,0.0034,121718,77120,129432.13296398892
0.0021482758620689655,0.002831034482758621,0.0045000000000000005,125664,67924,129432.13296398892
0.0021482758620689655,0.002831034482758621,0.005600000000000001,124427,60778,129432.13296398892
0.0021482758620689655,0.002831034482758621,0.0067,126052,55196,129432.13296398892
0.0021482758620689655,0.002831034482758621,0.0078000000000000005,125162,50597,129432.13296398892
0.0021482758620689655,0.002831034482758621,0.0089,121647,46623,129432.13296398892
0.0021482758620689655,0.002831034482758621,0.01,123088,43107,129432.13296398892
0.0021482758620689655,0.0031724137931034486,0.0001,121135,118999,121127.67336357743
0.0021482758620689655,0.0031724137931034486,0.0012000000000000001,115365,98640,121127.67336357743
0.0021482758620689655,0.0031724137931034486,0.0023,117885,84879,121127.67336357743
0.0021482758620689655,0.0031724137931034486,0.0034,116966,73835,121127.67336357743
0.0021482758620689655,0.0031724137931034486,0.0045000000000000005,118276,65810,121127.67336357743
0.0021482758620689655,0.0031724137931034486,0.005600000000000001,115093,59266,121127.67336357743
0.0021482758620689655,0.0031724137931034486,0.0067,114990,53453,121127.67336357743
0.0021482758620689655,0.0031724137931034486,0.0078000000000000005,116613,49230,121127.67336357743
0.0021482758620689655,0.0031724137931034486,0.0089,116797,45492,121127.67336357743
0.0021482758620689655,0.0031724137931034486,0.01,116305,42158,121127.67336357743
0.0021482758620689655,0.0035137931034482763,0.0001,113882,111743,113824.60414129111
0.0021482758620689655,0.0035137931034482763,0.0012000000000000001,109857,94086,113824.60414129111
0.0021482758620689655,0.0035137931034482763,0.0023,106670,81109,113824.60414129111
0.0021482758620689655,0.0035137931034482763,0.0034,107745,71434,113824.60414129111
0.0021482758620689655,0.0035137931034482763,0.0045000000000000005,109691,63580,113824.60414129111
0.0021482758620689655,0.0035137931034482763,0.005600000000000001,106980,57397,113824.60414129111
0.0021482758620689655,0.0035137931034482763,0.0067,112662,52297,113824.60414129111
0.0021482758620689655,0.0035137931034482763,0.0078000000000000005,109438,47710,113824.60414129111
0.0021482758620689655,0.0035137931034482763,0.0089,110061,44343,113824.60414129111
0.0021482758620689655,0.0035137931034482763,0.01,112611,41006,113824.60414129111
0.0021482758620689655,0.003855172413793104,0.0001,107419,105439,107352.09649626652
0.0021482758620689655,0.003855172413793104,0.0012000000000000001,103241,89722,107352.09649626652
0.0021482758620689655,0.003855172413793104,0.0023,102709,77951,107352.09649626652
0.0021482758620689655,0.003855172413793104,0.0034,102132,68743,107352.09649626652
0.0021482758620689655,0.003855172413793104,0.0045000000000000005,102154,61187,107352.09649626652
0.0021482758620689655,0.003855172413793104,0.005600000000000001,99402,55720,107352.09649626652
0.0021482758620689655,0.003855172413793104,0.0067,105183,50894,107352.09649626652
0.0021482758620689655,0.003855172413793104,0.0078000000000000005,99598,46538,107352.09649626652
0.0021482758620689655,0.003855172413793104,0.0089,106481,43364,107352.09649626652
0.0021482758620689655,0.003855172413793104,0.01,104870,40194,107352.09649626652
0.0021482758620689655,0.004196551724137932,0.0001,101763,99978,101576.08695652174
0.0021482758620689655,0.004196551724137932,0.0012000000000000001,99502,85281,101576.08695652174
0.0021482758620689655,0.004196551724137932,0.0023,97727,74504,101576.08695652174
0.0021482758620689655,0.004196551724137932,0.0034,96962,66280,101576.08695652174
0.0021482758620689655,0.004196551724137932,0.0045000000000000005,96866,59642,101576.08695652174
0.0021482758620689655,0.004196551724137932,0.005600000000000001,97451,53810,101576.08695652174
0.0021482758620689655,0.004196551724137932,0.0067,98500,49470,101576.08695652174
0.0021482758620689655,0.004196551724137932,0.0078000000000000005,100430,45478,101576.08695652174
0.0021482758620689655,0.004196551724137932,0.0089,100663,42162,101576.08695652174
0.0021482758620689655,0.004196551724137932,0.01,96903,39621,101576.08695652174
0.0021482758620689655,0.00453793103448276,0.0001,96592,95269,96389.89169675088
0.0021482758620689655,0.00453793103448276,0.0012000000000000001,95338,81957,96389.89169675088
0.0021482758620689655,0.00453793103448276,0.0023,93953,72020,96389.89169675088
0.0021482758620689655,0.00453793103448276,0.0034,94571,64058,96389.89169675088
0.0021482758620689655,0.00453793103448276,0.0045000000000000005,94675,57746,96389.89169675088
0.0021482758620689655,0.00453793103448276,0.005600000000000001,89669,52646,96389.89169675088
0.0021482758620689655,0.00453793103448276,0.0067,94407,48263,96389.89169675088
0.0021482758620689655,0.00453793103448276,0.0078000000000000005,91846,44714,96389.89169675088
0.0021482758620689655,0.00453793103448276,0.0089,91636,41430,96389.89169675088
0.0021482758620689655,0.00453793103448276,0.01,95173,38742,96389.89169675088
0.0021482758620689655,0.004879310344827587,0.0001,91749,90786,91707.55642787044
0.0021482758620689655,0.004879310344827587,0.0012000000000000001,91063,78475,91707.55642787044
0.0021482758620689655,0.004879310344827587,0.0023,88682,69301,91707.55642787044
0.0021482758620689655,0.004879310344827587,0.0034,86943,61696,91707.55642787044
0.0021482758620689655,0.004879310344827587,0.0045000000000000005,89000,56032,91707.55642787044
0.0021482758620689655,0.004879310344827587,0.005600000000000001,90806,51159,91707.55642787044
0.0021482758620689655,0.004879310344827587,0.0067,90277,47183,91707.55642787044
0.0021482758620689655,0.004879310344827587,0.0078000000000000005,90363,43561,91707.55642787044
0.0021482758620689655,0.004879310344827587,0.0089,88952,40326,91707.55642787044
0.0021482758620689655,0.004879310344827587,0.01,86641,37943,91707.55642787044
0.0021482758620689655,0.005220689655172415,0.0001,87424,86138,87459.05474964902
0.0021482758620689655,0.005220689655172415,0.0012000000000000001,86584,75431,87459.05474964902
0.0021482758620689655,0.005220689655172415,0.0023,86533,66744,87459.05474964902
0.0021482758620689655,0.005220689655172415,0.0034,86663,59832,87459.05474964902
0.0021482758620689655,0.005220689655172415,0.0045000000000000005,83937,54135,87459.05474964902
0.0021482758620689655,0.005220689655172415,0.005600000000000001,86329,49801,87459.05474964902
0.0021482758620689655,0.005220689655172415,0.0067,81087,46008,87459.05474964902
0.0021482758620689655,0.005220689655172415,0.0078000000000000005,84127,42584,87459.05474964902
0.0021482758620689655,0.005220689655172415,0.0089,86830,39773,87459.05474964902
0.0021482758620689655,0.005220689655172415,0.01,83868,37256,87459.05474964902
0.0021482758620689655,0.005562068965517242,0.0001,83831,82746,83586.76207513416
0.0021482758620689655,0.005562068965517242,0.0012000000000000001,82981,72287,83586.76207513416
0.0021482758620689655,0.005562068965517242,0.0023,82877,64581,83586.76207513416
0.0021482758620689655,0.005562068965517242,0.0034,80905,58213,83586.76207513416
0.0021482758620689655,0.005562068965517242,0.0045000000000000005,83350,53003,83586.76207513416
0.0021482758620689655,0.005562068965517242,0.005600000000000001,83254,48277,83586.76207513416
0.0021482758620689655,0.005562068965517242,0.0067,82228,44890,83586.76207513416
0.0021482758620689655,0.005562068965517242,0.0078000000000000005,83131,41549,83586.76207513416
0.0021482758620689655,0.005562068965517242,0.0089,83144,38971,83586.76207513416
0.0021482758620689655,0.005562068965517242,0.01,83237,36311,83586.76207513416
0.0021482758620689655,0.00590344827586207,0.0001,79770,78897,80042.82655246252
0.0021482758620689655,0.00590344827586207,0.0012000000000000001,79578,69875,80042.82655246252
0.0021482758620689655,0.00590344827586207,0.0023,79526,62262,80042.82655246252
0.0021482758620689655,0.00590344827586207,0.0034,76435,56359,80042.82655246252
0.0021482758620689655,0.00590344827586207,0.0045000000000000005,79502,51493,80042.82655246252
0.0021482758620689655,0.00590344827586207,0.005600000000000001,75927,47084,80042.82655246252
0.0021482758620689655,0.00590344827586207,0.0067,79536,43781,80042.82655246252
0.0021482758620689655,0.00590344827586207,0.0078000000000000005,79540,40817,80042.82655246252
0.0021482758620689655,0.00590344827586207,0.0089,79483,38140,80042.82655246252
0.0021482758620689655,0.00590344827586207,0.01,79564,35684,80042.82655246252
0.0021482758620689655,0.006244827586206898,0.0001,76921,76104,76787.1815940838
0.0021482758620689655,0.006244827586206898,0.0012000000000000001,76268,67022,76787.1815940838
0.0021482758620689655,0.006244827586206898,0.0023,76223,60098,76787.1815940838
0.0021482758620689655,0.006244827586206898,0.0034,76144,54613,76787.1815940838
0.0021482758620689655,0.006244827586206898,0.0045000000000000005,76533,50067,76787.1815940838
0.0021482758620689655,0.006244827586206898,0.005600000000000001,76461,45928,76787.1815940838
0.0021482758620689655,0.006244827586206898,0.0067,76324,42770,76787.1815940838
0.0021482758620689655,0.006244827586206898,0.0078000000000000005,71101,39714,76787.1815940838
0.0021482758620689655,0.006244827586206898,0.0089,72952,37331,76787.1815940838
0.0021482758620689655,0.006244827586206898,0.01,76379,35058,76787.1815940838
0.0021482758620689655,0.006586206896551725,0.0001,73542,73019,73786.02447690484
0.0021482758620689655,0.006586206896551725,0.0012000000000000001,73310,65100,73786.02447690484
0.0021482758620689655,0.006586206896551725,0.0023,73221,58675,73786.02447690484
0.0021482758620689655,0.006586206896551725,0.0034,72298,52947,73786.02447690484
0.0021482758620689655,0.006586206896551725,0.0045000000000000005,73252,48842,73786.02447690484
0.0021482758620689655,0.006586206896551725,0.005600000000000001,73109,45064,73786.02447690484
0.0021482758620689655,0.006586206896551725,0.0067,73203,41612,73786.02447690484
0.0021482758620689655,0.006586206896551725,0.0078000000000000005,70952,39136,73786.02447690484
0.0021482758620689655,0.006586206896551725,0.0089,73209,36681,73786.02447690484
0.0021482758620689655,0.006586206896551725,0.01,73191,34431,73786.02447690484
0.0021482758620689655,0.006927586206896553,0.0001,71233,70466,71010.63829787233
0.0021482758620689655,0.006927586206896553,0.0012000000000000001,70744,62826,71010.63829787233
0.0021482758620689655,0.006927586206896553,0.0023,70494,56826,71010.63829787233
0.0021482758620689655,0.006927586206896553,0.0034,70210,51911,71010.63829787233
0.0021482758620689655,0.006927586206896553,0.0045000000000000005,70506,47624,71010.63829787233
0.0021482758620689655,0.006927586206896553,0.005600000000000001,70577,44034,71010.63829787233
0.0021482758620689655,0.006927586206896553,0.0067,68880,40936,71010.63829787233
0.0021482758620689655,0.006927586206896553,0.0078000000000000005,70650,38377,71010.63829787233
0.0021482758620689655,0.006927586206896553,0.0089,70665,35714,71010.63829787233
0.0021482758620689655,0.006927586206896553,0.01,70716,33803,71010.63829787233
0.0021482758620689655,0.00726896551724138,0.0001,68575,67771,68436.47015745148
0.0021482758620689655,0.00726896551724138,0.0012000000000000001,68229,60561,68436.47015745148
0.0021482758620689655,0.00726896551724138,0.0023,67994,55162,68436.47015745148
0.0021482758620689655,0.00726896551724138,0.0034,67876,50392,68436.47015745148
0.0021482758620689655,0.00726896551724138,0.0045000000000000005,67899,46526,68436.47015745148
0.0021482758620689655,0.00726896551724138,0.005600000000000001,68080,43017,68436.47015745148
0.0021482758620689655,0.00726896551724138,0.0067,68049,40030,68436.47015745148
0.0021482758620689655,0.00726896551724138,0.0078000000000000005,67968,37539,68436.47015745148
0.0021482758620689655,0.00726896551724138,0.0089,67979,35058,68436.47015745148
0.0021482758620689655,0.00726896551724138,0.01,68052,33178,68436.47015745148
0.0021482758620689655,0.0076103448275862086,0.0001,66158,65619,66042.40282685513
0.0021482758620689655,0.0076103448275862086,0.0012000000000000001,65804,58984,66042.40282685513
0.0021482758620689655,0.0076103448275862086,0.0023,65650,53525,66042.40282685513
0.0021482758620689655,0.0076103448275862086,0.0034,65738,48873,66042.40282685513
0.0021482758620689655,0.0076103448275862086,0.0045000000000000005,65646,45397,66042.40282685513
0.0021482758620689655,0.0076103448275862086,0.005600000000000001,65861,42099,66042.40282685513
0.0021482758620689655,0.0076103448275862086,0.0067,65775,39360,66042.40282685513
0.0021482758620689655,0.0076103448275862086,0.0078000000000000005,65808,36790,66042.40282685513
0.0021482758620689655,0.0076103448275862086,0.0089,65521,34432,66042.40282685513
0.0021482758620689655,0.0076103448275862086,0.01,65745,32551,66042.40282685513
0.0021482758620689655,0.007951724137931035,0.0001,63900,63372,63810.17412086037
0.0021482758620689655,0.007951724137931035,0.0012000000000000001,63404,57164,63810.17412086037
0.0021482758620689655,0.007951724137931035,0.0023,63346,52098,63810.17412086037
0.0021482758620689655,0.007951724137931035,0.0034,63446,47680,63810.17412086037
0.0021482758620689655,0.007951724137931035,0.0045000000000000005,63331,44294,63810.17412086037
0.0021482758620689655,0.007951724137931035,0.005600000000000001,63408,40939,63810.17412086037
0.0021482758620689655,0.007951724137931035,0.0067,63332,38519,63810.17412086037
0.0021482758620689655,0.007951724137931035,0.0078000000000000005,63444,36075,63810.17412086037
0.0021482758620689655,0.007951724137931035,0.0089,63358,33804,63810.17412086037
0.0021482758620689655,0.007951724137931035,0.01,63392,31931,63810.17412086037
0.0021482758620689655,0.008293103448275862,0.0001,61691,61126,61723.91017173052
0.0021482758620689655,0.008293103448275862,0.0012000000000000001,61082,55260,61723.91017173052
0.0021482758620689655,0.008293103448275862,0.0023,61048,50777,61723.91017173052
0.0021482758620689655,0.008293103448275862,0.0034,61119,46428,61723.91017173052
0.0021482758620689655,0.008293103448275862,0.0045000000000000005,60856,43249,61723.91017173052
0.0021482758620689655,0.008293103448275862,0.005600000000000001,60912,40336,61723.91017173052
0.0021482758620689655,0.008293103448275862,0.0067,61061,37809,61723.91017173052
0.0021482758620689655,0.008293103448275862,0.0078000000000000005,61224,35409,61723.91017173052
0.0021482758620689655,0.008293103448275862,0.0089,60999,33185,61723.91017173052
0.0021482758620689655,0.008293103448275862,0.01,61137,31661,61723.91017173052
0.0021482758620689655,0.00863448275862069,0.0001,59802,59118,59769.747361688525
0.0021482758620689655,0.00863448275862069,0.0012000000000000001,59556,53695,59769.747361688525
0.0021482758620689655,0.00863448275862069,0.0023,59455,49419,59769.747361688525
0.0021482758620689655,0.00863448275862069,0.0034,59479,45534,59769.747361688525
0.0021482758620689655,0.00863448275862069,0.0045000000000000005,59508,42160,59769.747361688525
0.0021482758620689655,0.00863448275862069,0.005600000000000001,59525,39278,59769.747361688525
0.0021482758620689655,0.00863448275862069,0.0067,59518,36937,59769.747361688525
0.0021482758620689655,0.00863448275862069,0.0078000000000000005,59512,34782,59769.747361688525
0.0021482758620689655,0.00863448275862069,0.0089,59067,32690,59769.747361688525
0.0021482758620689655,0.00863448275862069,0.01,59317,31142,59769.747361688525
0.0021482758620689655,0.008975862068965518,0.0001,58154,57626,57935.52386856787
0.0021482758620689655,0.008975862068965518,0.0012000000000000001,57541,52533,57935.52386856787
0.0021482758620689655,0.008975862068965518,0.0023,57514,47912,57935.52386856787
0.0021482758620689655,0.008975862068965518,0.0034,57462,44506,57935.52386856787
0.0021482758620689655,0.008975862068965518,0.0045000000000000005,57506,41362,57935.52386856787
0.0021482758620689655,0.008975862068965518,0.005600000000000001,57494,38605,57935.52386856787
0.0021482758620689655,0.008975862068965518,0.0067,57760,36274,57935.52386856787
0.0021482758620689655,0.008975862068965518,0.0078000000000000005,57499,34174,57935.52386856787
0.0021482758620689655,0.008975862068965518,0.0089,57519,32369,57935.52386856787
0.0021482758620689655,0.008975862068965518,0.01,57610,30577,57935.52386856787
0.0021482758620689655,0.009317241379310346,0.0001,56341,55778,56210.526315789466
0.0021482758620689655,0.009317241379310346,0.0012000000000000001,55825,50997,56210.526315789466
0.0021482758620689655,0.009317241379310346,0.0023,55719,46875,56210.526315789466
0.0021482758620689655,0.009317241379310346,0.0034,55555,43384,56210.526315789466
0.0021482758620689655,0.009317241379310346,0.0045000000000000005,55521,40325,56210.526315789466
0.0021482758620689655,0.009317241379310346,0.005600000000000001,54988,37914,56210.526315789466
0.0021482758620689655,0.009317241379310346,0.0067,55341,35576,56210.526315789466
0.0021482758620689655,0.009317241379310346,0.0078000000000000005,55486,33640,56210.526315789466
0.0021482758620689655,0.009317241379310346,0.0089,55726,31778,56210.526315789466
0.0021482758620689655,0.009317241379310346,0.01,55472,30110,56210.526315789466
0.0021482758620689655,0.009658620689655173,0.0001,54593,54033,54585.28037383178
0.0021482758620689655,0.009658620689655173,0.0012000000000000001,54132,49685,54585.28037383178
0.0021482758620689655,0.009658620689655173,0.0023,53983,45877,54585.28037383178
0.0021482758620689655,0.009658620689655173,0.0034,54308,42453,54585.28037383178
0.0021482758620689655,0.009658620689655173,0.0045000000000000005,54200,39698,54585.28037383178
0.0021482758620689655,0.009658620689655173,0.005600000000000001,54231,37179,54585.28037383178
0.0021482758620689655,0.009658620689655173,0.0067,54283,34898,54585.28037383178
0.0021482758620689655,0.009658620689655173,0.0078000000000000005,54263,33024,54585.28037383178
0.0021482758620689655,0.009658620689655173,0.0089,54060,31216,54585.28037383178
0.0021482758620689655,0.009658620689655173,0.01,54034,29489,54585.28037383178
0.0021482758620689655,0.01,0.0001,52978,52559,53051.376667612836
0.0021482758620689655,0.01,0.0012000000000000001,52970,48277,53051.376667612836
0.0021482758620689655,0.01,0.0023,52993,44796,53051.376667612836
0.0021482758620689655,0.01,0.0034,52833,41547,53051.376667612836
0.0021482758620689655,0.01,0.0045000000000000005,52867,38617,53051.376667612836
0.0021482758620689655,0.01,0.005600000000000001,52768,36311,53051.376667612836
0.0021482758620689655,0.01,0.0067,52743,34358,53051.376667612836
0.0021482758620689655,0.01,0.0078000000000000005,52680,32442,53051.376667612836
0.0021482758620689655,0.01,0.0089,52695,30712,53051.376667612836
0.0021482758620689655,0.01,0.01,52426,29224,53051.376667612836
0.0024896551724137932,0.0001,0.0001,278690,277413,288415.44607190415
0.0024896551724137932,0.0001,0.0012000000000000001,221922,197133,288415.44607190415
0.0024896551724137932,0.0001,0.0023,199548,152840,288415.44607190415
0.0024896551724137932,0.0001,0.0034,187912,124958,288415.44607190415
0.0024896551724137932,0.0001,0.0045000000000000005,180310,105492,288415.44607190415
0.0024896551724137932,0.0001,0.005600000000000001,174982,91507,288415.44607190415
0.0024896551724137932,0.0001,0.0067,171406,80623,288415.44607190415
0.0024896551724137932,0.0001,0.0078000000000000005,168633,71919,288415.44607190415
0.0024896551724137932,0.0001,0.0089,166301,64853,288415.44607190415
0.0024896551724137932,0.0001,0.01,164412,59210,288415.44607190415
0.0024896551724137932,0.0004413793103448276,0.0001,248689,247010,254823.5294117647
0.0024896551724137932,0.0004413793103448276,0.0012000000000000001,207540,180801,254823.5294117647
0.0024896551724137932,0.0004413793103448276,0.0023,190088,142689,254823.5294117647
0.0024896551724137932,0.0004413793103448276,0.0034,180043,118307,254823.5294117647
0.0024896551724137932,0.0004413793103448276,0.0045000000000000005,174465,100718,254823.5294117647
0.0024896551724137932,0.0004413793103448276,0.005600000000000001,170370,87408,254823.5294117647
0.0024896551724137932,0.0004413793103448276,0.0067,167028,77595,254823.5294117647
0.0024896551724137932,0.0004413793103448276,0.0078000000000000005,164644,69868,254823.5294117647
0.0024896551724137932,0.0004413793103448276,0.0089,163424,63268,254823.5294117647
0.0024896551724137932,0.0004413793103448276,0.01,160924,57947,254823.5294117647
0.0024896551724137932,0.0007827586206896553,0.0001,223846,222000,228240.25289778714
0.0024896551724137932,0.0007827586206896553,0.0012000000000000001,194848,167482,228240.25289778714
0.0024896551724137932,0.0007827586206896553,0.0023,181736,134395,228240.25289778714
0.0024896551724137932,0.0007827586206896553,0.0034,173537,112214,228240.25289778714
0.0024896551724137932,0.0007827586206896553,0.0045000000000000005,169193,96360,228240.25289778714
0.0024896551724137932,0.0007827586206896553,0.005600000000000001,165652,84395,228240.25289778714
0.0024896551724137932,0.0007827586206896553,0.0067,162668,75136,228240.25289778714
0.0024896551724137932,0.0007827586206896553,0.0078000000000000005,160500,67350,228240.25289778714
0.0024896551724137932,0.0007827586206896553,0.0089,159780,61495,228240.25289778714
0.0024896551724137932,0.0007827586206896553,0.01,157420,56364,228240.25289778714
0.0024896551724137932,0.001124137931034483,0.0001,203758,201156,206679.3893129771
0.0024896551724137932,0.001124137931034483,0.0012000000000000001,183369,155448,206679.3893129771
0.0024896551724137932,0.001124137931034483,0.0023,173109,126183,206679.3893129771
0.0024896551724137932,0.001124137931034483,0.0034,166215,106744,206679.3893129771
0.0024896551724137932,0.001124137931034483,0.0045000000000000005,163163,92250,206679.3893129771
0.0024896551724137932,0.001124137931034483,0.005600000000000001,160166,81366,206679.3893129771
0.0024896551724137932,0.001124137931034483,0.0067,156894,72583,206679.3893129771
0.0024896551724137932,0.001124137931034483,0.0078000000000000005,157102,65682,206679.3893129771
0.0024896551724137932,0.001124137931034483,0.0089,154821,59931,206679.3893129771
0.0024896551724137932,0.001124137931034483,0.01,153313,54973,206679.3893129771
0.0024896551724137932,0.0014655172413793106,0.0001,187297,184486,188840.45335658238
0.0024896551724137932,0.0014655172413793106,0.0012000000000000001,173309,145256,188840.45335658238
0.0024896551724137932,0.0014655172413793106,0.0023,165674,119618,188840.45335658238
0.0024896551724137932,0.0014655172413793106,0.0034,162536,101813,188840.45335658238
0.0024896551724137932,0.0014655172413793106,0.0045000000000000005,158460,88176,188840.45335658238
0.0024896551724137932,0.0014655172413793106,0.005600000000000001,155684,78208,188840.45335658238
0.0024896551724137932,0.0014655172413793106,0.0067,152823,70291,188840.45335658238
0.0024896551724137932,0.0014655172413793106,0.0078000000000000005,151559,63764,188840.45335658238
0.0024896551724137932,0.0014655172413793106,0.0089,150539,58223,188840.45335658238
0.0024896551724137932,0.0014655172413793106,0.01,149244,53739,188840.45335658238
0.0024896551724137932,0.0018068965517241383,0.0001,172906,169854,173836.2760834671
0.0024896551724137932,0.0018068965517241383,0.0012000000000000001,163990,136077,173836.2760834671
0.0024896551724137932,0.0018068965517241383,0.0023,160219,113537,173836.2760834671
0.0024896551724137932,0.0018068965517241383,0.0034,156416,97365,173836.2760834671
0.0024896551724137932,0.0018068965517241383,0.0045000000000000005,152216,85100,173836.2760834671
0.0024896551724137932,0.0018068965517241383,0.005600000000000001,154380,75732,173836.2760834671
0.0024896551724137932,0.0018068965517241383,0.0067,151686,68099,173836.2760834671
0.0024896551724137932,0.0018068965517241383,0.0078000000000000005,146903,61665,173836.2760834671
0.0024896551724137932,0.0018068965517241383,0.0089,147071,56715,173836.2760834671
0.0024896551724137932,0.0018068965517241383,0.01,146835,52422,173836.2760834671
0.0024896551724137932,0.0021482758620689655,0.0001,160404,157762,161040.89219330857
0.0024896551724137932,0.0021482758620689655,0.0012000000000000001,154849,128147,161040.89219330857
0.0024896551724137932,0.0021482758620689655,0.0023,151788,107935,161040.89219330857
0.0024896551724137932,0.0021482758620689655,0.0034,147043,92932,161040.89219330857
0.0024896551724137932,0.0021482758620689655,0.0045000000000000005,146520,81881,161040.89219330857
0.0024896551724137932,0.0021482758620689655,0.005600000000000001,147585,73143,161040.89219330857
0.0024896551724137932,0.0021482758620689655,0.0067,145219,66000,161040.89219330857
0.0024896551724137932,0.0021482758620689655,0.0078000000000000005,145908,60027,161040.89219330857
0.0024896551724137932,0.0021482758620689655,0.0089,144593,55026,161040.89219330857
0.0024896551724137932,0.0021482758620689655,0.01,143167,51143,161040.89219330857
0.0024896551724137932,0.0024896551724137932,0.0001,149678,147179,150000.0
0.0024896551724137932,0.0024896551724137932,0.0012000000000000001,146849,120745,150000.0
0.0024896551724137932,0.0024896551724137932,0.0023,146273,102924,150000.0
0.0024896551724137932,0.0024896551724137932,0.0034,144996,89035,150000.0
0.0024896551724137932,0.0024896551724137932,0.0045000000000000005,143659,79006,150000.0
0.0024896551724137932,0.0024896551724137932,0.005600000000000001,142897,70666,150000.0
0.0024896551724137932,0.0024896551724137932,0.0067,142693,64205,150000.0
0.0024896551724137932,0.0024896551724137932,0.0078000000000000005,142235,58630,150000.0
0.0024896551724137932,0.0024896551724137932,0.0089,143209,53678,150000.0
0.0024896551724137932,0.0024896551724137932,0.01,142779,50001,150000.0
0.0024896551724137932,0.002831034482758621,0.0001,140263,137748,140375.8911211925
0.0024896551724137932,0.002831034482758621,0.0012000000000000001,136428,114697,140375.8911211925
0.0024896551724137932,0.002831034482758621,0.0023,128925,98201,140375.8911211925
0.0024896551724137932,0.002831034482758621,0.0034,132134,85852,140375.8911211925
0.0024896551724137932,0.002831034482758621,0.0045000000000000005,133754,76239,140375.8911211925
0.0024896551724137932,0.002831034482758621,0.005600000000000001,135455,68576,140375.8911211925
0.0024896551724137932,0.002831034482758621,0.0067,133042,62290,140375.8911211925
0.0024896551724137932,0.002831034482758621,0.0078000000000000005,134328,57030,140375.8911211925
0.0024896551724137932,0.002831034482758621,0.0089,133352,52627,140375.8911211925
0.0024896551724137932,0.002831034482758621,0.01,133039,48705,140375.8911211925
0.0024896551724137932,0.0031724137931034486,0.0001,131705,129968,131912.30207064553
0.0024896551724137932,0.0031724137931034486,0.0012000000000000001,127477,109000,131912.30207064553
0.0024896551724137932,0.0031724137931034486,0.0023,124517,93649,131912.30207064553
0.0024896551724137932,0.0031724137931034486,0.0034,121289,82254,131912.30207064553
0.0024896551724137932,0.0031724137931034486,0.0045000000000000005,120510,73680,131912.30207064553
0.0024896551724137932,0.0031724137931034486,0.005600000000000001,124676,66169,131912.30207064553
0.0024896551724137932,0.0031724137931034486,0.0067,122976,60353,131912.30207064553
0.0024896551724137932,0.0031724137931034486,0.0078000000000000005,125314,55637,131912.30207064553
0.0024896551724137932,0.0031724137931034486,0.0089,128765,51423,131912.30207064553
0.0024896551724137932,0.0031724137931034486,0.01,127224,47861,131912.30207064553
0.0024896551724137932,0.0035137931034482763,0.0001,124535,122573,124411.2578977599
0.0024896551724137932,0.0035137931034482763,0.0012000000000000001,118551,103718,124411.2578977599
0.0024896551724137932,0.0035137931034482763,0.0023,116132,90106,124411.2578977599
0.0024896551724137932,0.0035137931034482763,0.0034,118084,79619,124411.2578977599
0.0024896551724137932,0.0035137931034482763,0.0045000000000000005,117907,70995,124411.2578977599
0.0024896551724137932,0.0035137931034482763,0.005600000000000001,122330,64556,124411.2578977599
0.0024896551724137932,0.0035137931034482763,0.0067,115197,58919,124411.2578977599
0.0024896551724137932,0.0035137931034482763,0.0078000000000000005,119249,54287,124411.2578977599
0.0024896551724137932,0.0035137931034482763,0.0089,122063,50080,124411.2578977599
0.0024896551724137932,0.0035137931034482763,0.01,122248,46757,124411.2578977599
0.0024896551724137932,0.003855172413793104,0.0001,117765,115829,117717.39130434782
0.0024896551724137932,0.003855172413793104,0.0012000000000000001,115145,98843,117717.39130434782
0.0024896551724137932,0.003855172413793104,0.0023,111454,86688,117717.39130434782
0.0024896551724137932,0.003855172413793104,0.0034,112100,76496,117717.39130434782
0.0024896551724137932,0.003855172413793104,0.0045000000000000005,112655,69016,117717.39130434782
0.0024896551724137932,0.003855172413793104,0.005600000000000001,113510,62665,117717.39130434782
0.0024896551724137932,0.003855172413793104,0.0067,109317,57378,117717.39130434782
0.0024896551724137932,0.003855172413793104,0.0078000000000000005,112573,53024,117717.39130434782
0.0024896551724137932,0.003855172413793104,0.0089,116127,48987,117717.39130434782
0.0024896551724137932,0.003855172413793104,0.01,113160,45770,117717.39130434782
0.0024896551724137932,0.004196551724137932,0.0001,111720,109924,111707.06549767921
0.0024896551724137932,0.004196551724137932,0.0012000000000000001,108190,94636,111707.06549767921
0.0024896551724137932,0.004196551724137932,0.0023,106082,82965,111707.06549767921
0.0024896551724137932,0.004196551724137932,0.0034,108764,74230,111707.06549767921
0.0024896551724137932,0.004196551724137932,0.0045000000000000005,109953,66666,111707.06549767921
0.0024896551724137932,0.004196551724137932,0.005600000000000001,110327,60700,111707.06549767921
0.0024896551724137932,0.004196551724137932,0.0067,107030,55695,111707.06549767921
0.0024896551724137932,0.004196551724137932,0.0078000000000000005,109334,51737,111707.06549767921
0.0024896551724137932,0.004196551724137932,0.0089,109639,48070,111707.06549767921
0.0024896551724137932,0.004196551724137932,0.01,108681,44856,111707.06549767921
0.0024896551724137932,0.00453793103448276,0.0001,106349,104691,106280.66732090282
0.0024896551724137932,0.00453793103448276,0.0012000000000000001,103942,91017,106280.66732090282
0.0024896551724137932,0.00453793103448276,0.0023,99714,80272,106280.66732090282
0.0024896551724137932,0.00453793103448276,0.0034,105383,71471,106280.66732090282
0.0024896551724137932,0.00453793103448276,0.0045000000000000005,103678,65039,106280.66732090282
0.0024896551724137932,0.00453793103448276,0.005600000000000001,100552,59334,106280.66732090282
0.0024896551724137932,0.00453793103448276,0.0067,101783,54350,106280.66732090282
0.0024896551724137932,0.00453793103448276,0.0078000000000000005,102545,50495,106280.66732090282
0.0024896551724137932,0.00453793103448276,0.0089,102315,46963,106280.66732090282
0.0024896551724137932,0.00453793103448276,0.01,103718,43793,106280.66732090282
0.0024896551724137932,0.004879310344827587,0.0001,101501,99949,101357.04258306035
0.0024896551724137932,0.004879310344827587,0.0012000000000000001,99983,87168,101357.04258306035
0.0024896551724137932,0.004879310344827587,0.0023,97005,77096,101357.04258306035
0.0024896551724137932,0.004879310344827587,0.0034,93480,69512,101357.04258306035
0.0024896551724137932,0.004879310344827587,0.0045000000000000005,96815,63061,101357.04258306035
0.0024896551724137932,0.004879310344827587,0.005600000000000001,96408,57723,101357.04258306035
0.0024896551724137932,0.004879310344827587,0.0067,100501,53198,101357.04258306035
0.0024896551724137932,0.004879310344827587,0.0078000000000000005,97500,49293,101357.04258306035
0.0024896551724137932,0.004879310344827587,0.0089,99420,46002,101357.04258306035
0.0024896551724137932,0.004879310344827587,0.01,99635,42989,101357.04258306035
0.0024896551724137932,0.005220689655172415,0.0001,96995,95882,96869.40966010731
0.0024896551724137932,0.005220689655172415,0.0012000000000000001,95497,83996,96869.40966010731
0.0024896551724137932,0.005220689655172415,0.0023,94982,74787,96869.40966010731
0.0024896551724137932,0.005220689655172415,0.0034,91651,67307,96869.40966010731
0.0024896551724137932,0.005220689655172415,0.0045000000000000005,92506,61020,96869.40966010731
0.0024896551724137932,0.005220689655172415,0.005600000000000001,95287,56261,96869.40966010731
0.0024896551724137932,0.005220689655172415,0.0067,93289,51936,96869.40966010731
0.0024896551724137932,0.005220689655172415,0.0078000000000000005,92565,48020,96869.40966010731
0.0024896551724137932,0.005220689655172415,0.0089,94932,44866,96869.40966010731
0.0024896551724137932,0.005220689655172415,0.01,92204,42059,96869.40966010731
0.0024896551724137932,0.005562068965517242,0.0001,92858,91937,92762.31263383296
0.0024896551724137932,0.005562068965517242,0.0012000000000000001,91845,81001,92762.31263383296
0.0024896551724137932,0.005562068965517242,0.0023,91163,72013,92762.31263383296
0.0024896551724137932,0.005562068965517242,0.0034,89573,65344,92762.31263383296
0.0024896551724137932,0.005562068965517242,0.0045000000000000005,87620,59667,92762.31263383296
0.0024896551724137932,0.005562068965517242,0.005600000000000001,89917,54786,92762.31263383296
0.0024896551724137932,0.005562068965517242,0.0067,87146,50747,92762.31263383296
0.0024896551724137932,0.005562068965517242,0.0078000000000000005,87478,47289,92762.31263383296
0.0024896551724137932,0.005562068965517242,0.0089,91211,44155,92762.31263383296
0.0024896551724137932,0.005562068965517242,0.01,87973,41490,92762.31263383296
0.0024896551724137932,0.00590344827586207,0.0001,88813,87784,88989.31799506982
0.0024896551724137932,0.00590344827586207,0.0012000000000000001,88368,77727,88989.31799506982
0.0024896551724137932,0.00590344827586207,0.0023,88140,70062,88989.31799506982
0.0024896551724137932,0.00590344827586207,0.0034,86451,63506,88989.31799506982
0.0024896551724137932,0.00590344827586207,0.0045000000000000005,86835,58050,88989.31799506982
0.0024896551724137932,0.00590344827586207,0.005600000000000001,84513,53493,88989.31799506982
0.0024896551724137932,0.00590344827586207,0.0067,82303,49392,88989.31799506982
0.0024896551724137932,0.00590344827586207,0.0078000000000000005,84215,46241,88989.31799506982
0.0024896551724137932,0.00590344827586207,0.0089,83893,43343,88989.31799506982
0.0024896551724137932,0.00590344827586207,0.01,87592,40698,88989.31799506982
0.0024896551724137932,0.006244827586206898,0.0001,85608,84751,85511.25148045794
0.0024896551724137932,0.006244827586206898,0.0012000000000000001,85013,75467,85511.25148045794
0.0024896551724137932,0.006244827586206898,0.0023,84825,67868,85511.25148045794
0.0024896551724137932,0.006244827586206898,0.0034,83142,61655,85511.25148045794
0.0024896551724137932,0.006244827586206898,0.0045000000000000005,84012,56367,85511.25148045794
0.0024896551724137932,0.006244827586206898,0.005600000000000001,79035,52330,85511.25148045794
0.0024896551724137932,0.006244827586206898,0.0067,84029,48570,85511.25148045794
0.0024896551724137932,0.006244827586206898,0.0078000000000000005,79800,45295,85511.25148045794
0.0024896551724137932,0.006244827586206898,0.0089,85195,42496,85511.25148045794
0.0024896551724137932,0.006244827586206898,0.01,84819,39944,85511.25148045794
0.0024896551724137932,0.006586206896551725,0.0001,82254,81688,82294.83282674769
0.0024896551724137932,0.006586206896551725,0.0012000000000000001,81938,72617,82294.83282674769
0.0024896551724137932,0.006586206896551725,0.0023,81830,65505,82294.83282674769
0.0024896551724137932,0.006586206896551725,0.0034,79075,59718,82294.83282674769
0.0024896551724137932,0.006586206896551725,0.0045000000000000005,81476,55022,82294.83282674769
0.0024896551724137932,0.006586206896551725,0.005600000000000001,80695,50984,82294.83282674769
0.0024896551724137932,0.006586206896551725,0.0067,82046,47427,82294.83282674769
0.0024896551724137932,0.006586206896551725,0.0078000000000000005,81898,44166,82294.83282674769
0.0024896551724137932,0.006586206896551725,0.0089,81942,41443,82294.83282674769
0.0024896551724137932,0.006586206896551725,0.01,81994,39228,82294.83282674769
0.0024896551724137932,0.006927586206896553,0.0001,79371,78675,79311.60746979127
0.0024896551724137932,0.006927586206896553,0.0012000000000000001,78700,70519,79311.60746979127
0.0024896551724137932,0.006927586206896553,0.0023,78828,63883,79311.60746979127
0.0024896551724137932,0.006927586206896553,0.0034,78443,58512,79311.60746979127
0.0024896551724137932,0.006927586206896553,0.0045000000000000005,78423,53835,79311.60746979127
0.0024896551724137932,0.006927586206896553,0.005600000000000001,78972,49605,79311.60746979127
0.0024896551724137932,0.006927586206896553,0.0067,78807,46555,79311.60746979127
0.0024896551724137932,0.006927586206896553,0.0078000000000000005,78904,43461,79311.60746979127
0.0024896551724137932,0.006927586206896553,0.0089,77779,40893,79311.60746979127
0.0024896551724137932,0.006927586206896553,0.01,78872,38551,79311.60746979127
0.0024896551724137932,0.00726896551724138,0.0001,76425,75911,76537.10247349822
0.0024896551724137932,0.00726896551724138,0.0012000000000000001,76392,68309,76537.10247349822
0.0024896551724137932,0.00726896551724138,0.0023,76020,62070,76537.10247349822
0.0024896551724137932,0.00726896551724138,0.0034,76195,56902,76537.10247349822
0.0024896551724137932,0.00726896551724138,0.0045000000000000005,76026,52507,76537.10247349822
0.0024896551724137932,0.00726896551724138,0.005600000000000001,76142,48687,76537.10247349822
0.0024896551724137932,0.00726896551724138,0.0067,73686,45509,76537.10247349822
0.0024896551724137932,0.00726896551724138,0.0078000000000000005,76212,42681,76537.10247349822
0.0024896551724137932,0.00726896551724138,0.0089,76034,40098,76537.10247349822
0.0024896551724137932,0.00726896551724138,0.01,76333,37909,76537.10247349822
0.0024896551724137932,0.0076103448275862086,0.0001,74011,73294,73950.15363605326
0.0024896551724137932,0.0076103448275862086,0.0012000000000000001,73463,66023,73950.15363605326
0.0024896551724137932,0.0076103448275862086,0.0023,73151,60238,73950.15363605326
0.0024896551724137932,0.0076103448275862086,0.0034,73205,55265,73950.15363605326
0.0024896551724137932,0.0076103448275862086,0.0045000000000000005,73415,51261,73950.15363605326
0.0024896551724137932,0.0076103448275862086,0.005600000000000001,72845,47492,73950.15363605326
0.0024896551724137932,0.0076103448275862086,0.0067,73323,44483,73950.15363605326
0.0024896551724137932,0.0076103448275862086,0.0078000000000000005,73103,41896,73950.15363605326
0.0024896551724137932,0.0076103448275862086,0.0089,73192,39382,73950.15363605326
0.0024896551724137932,0.0076103448275862086,0.01,73587,37231,73950.15363605326
0.0024896551724137932,0.007951724137931035,0.0001,71356,71002,71532.3645970938
0.0024896551724137932,0.007951724137931035,0.0012000000000000001,71119,64395,71532.3645970938
0.0024896551724137932,0.007951724137931035,0.0023,71110,58761,71532.3645970938
0.0024896551724137932,0.007951724137931035,0.0034,71139,53881,71532.3645970938
0.0024896551724137932,0.007951724137931035,0.0045000000000000005,71087,50078,71532.3645970938
0.0024896551724137932,0.007951724137931035,0.005600000000000001,71138,46690,71532.3645970938
0.0024896551724137932,0.007951724137931035,0.0067,71001,43464,71532.3645970938
0.0024896551724137932,0.007951724137931035,0.0078000000000000005,71018,41103,71532.3645970938
0.0024896551724137932,0.007951724137931035,0.0089,70624,38664,71532.3645970938
0.0024896551724137932,0.007951724137931035,0.01,71099,36516,71532.3645970938
0.0024896551724137932,0.008293103448275862,0.0001,69418,68785,69267.66869203708
0.0024896551724137932,0.008293103448275862,0.0012000000000000001,68667,62499,69267.66869203708
0.0024896551724137932,0.008293103448275862,0.0023,68476,57255,69267.66869203708
0.0024896551724137932,0.008293103448275862,0.0034,68549,52864,69267.66869203708
0.0024896551724137932,0.008293103448275862,0.0045000000000000005,68499,48732,69267.66869203708
0.0024896551724137932,0.008293103448275862,0.005600000000000001,68554,45566,69267.66869203708
0.0024896551724137932,0.008293103448275862,0.0067,68696,42760,69267.66869203708
0.0024896551724137932,0.008293103448275862,0.0078000000000000005,68875,40126,69267.66869203708
0.0024896551724137932,0.008293103448275862,0.0089,68128,37949,69267.66869203708
0.0024896551724137932,0.008293103448275862,0.01,68746,35819,69267.66869203708
0.0024896551724137932,0.00863448275862069,0.0001,67183,66653,67141.9714817111
0.0024896551724137932,0.00863448275862069,0.0012000000000000001,66711,60451,67141.9714817111
0.0024896551724137932,0.00863448275862069,0.0023,66712,55693,67141.9714817111
0.0024896551724137932,0.00863448275862069,0.0034,66529,51454,67141.9714817111
0.0024896551724137932,0.00863448275862069,0.0045000000000000005,66837,47981,67141.9714817111
0.0024896551724137932,0.00863448275862069,0.005600000000000001,66632,44778,67141.9714817111
0.0024896551724137932,0.00863448275862069,0.0067,66797,42011,67141.9714817111
0.0024896551724137932,0.00863448275862069,0.0078000000000000005,66634,39383,67141.9714817111
0.0024896551724137932,0.00863448275862069,0.0089,66650,37231,67141.9714817111
0.0024896551724137932,0.00863448275862069,0.01,66624,35526,67141.9714817111
0.0024896551724137932,0.008975862068965518,0.0001,65081,64716,65142.857142857116
0.0024896551724137932,0.008975862068965518,0.0012000000000000001,64961,59206,65142.857142857116
0.0024896551724137932,0.008975862068965518,0.0023,64911,54455,65142.857142857116
0.0024896551724137932,0.008975862068965518,0.0034,64917,50094,65142.857142857116
0.0024896551724137932,0.008975862068965518,0.0045000000000000005,64862,46915,65142.857142857116
0.0024896551724137932,0.008975862068965518,0.005600000000000001,64935,43898,65142.857142857116
0.0024896551724137932,0.008975862068965518,0.0067,65000,41259,65142.857142857116
0.0024896551724137932,0.008975862068965518,0.0078000000000000005,65009,38665,65142.857142857116
0.0024896551724137932,0.008975862068965518,0.0089,64886,36562,65142.857142857116
0.0024896551724137932,0.008975862068965518,0.01,64849,34897,65142.857142857116
0.0024896551724137932,0.009317241379310346,0.0001,63396,62898,63259.345794392524
0.0024896551724137932,0.009317241379310346,0.0012000000000000001,62815,57562,63259.345794392524
0.0024896551724137932,0.009317241379310346,0.0023,62737,53120,63259.345794392524
0.0024896551724137932,0.009317241379310346,0.0034,62496,49324,63259.345794392524
0.0024896551724137932,0.009317241379310346,0.0045000000000000005,62863,45955,63259.345794392524
0.0024896551724137932,0.009317241379310346,0.005600000000000001,62665,42772,63259.345794392524
0.0024896551724137932,0.009317241379310346,0.0067,62774,40499,63259.345794392524
0.0024896551724137932,0.009317241379310346,0.0078000000000000005,62563,37968,63259.345794392524
0.0024896551724137932,0.009317241379310346,0.0089,62610,36240,63259.345794392524
0.0024896551724137932,0.009317241379310346,0.01,62844,34338,63259.345794392524
0.0024896551724137932,0.009658620689655173,0.0001,61521,61008,61481.69173999432
0.0024896551724137932,0.009658620689655173,0.0012000000000000001,61037,55813,61481.69173999432
0.0024896551724137932,0.009658620689655173,0.0023,60882,51823,61481.69173999432
0.0024896551724137932,0.009658620689655173,0.0034,61094,48229,61481.69173999432
0.0024896551724137932,0.009658620689655173,0.0045000000000000005,61179,44865,61481.69173999432
0.0024896551724137932,0.009658620689655173,0.005600000000000001,61054,41960,61481.69173999432
0.0024896551724137932,0.009658620689655173,0.0067,61130,39777,61481.69173999432
0.0024896551724137932,0.009658620689655173,0.0078000000000000005,61142,37439,61481.69173999432
0.0024896551724137932,0.009658620689655173,0.0089,60848,35606,61481.69173999432
0.0024896551724137932,0.009658620689655173,0.01,60931,33629,61481.69173999432
0.0024896551724137932,0.01,0.0001,59712,59210,59801.21479845389
0.0024896551724137932,0.01,0.0012000000000000001,59621,54413,59801.21479845389
0.0024896551724137932,0.01,0.0023,59710,50614,59801.21479845389
0.0024896551724137932,0.01,0.0034,59566,47191,59801.21479845389
0.0024896551724137932,0.01,0.0045000000000000005,59590,44081,59801.21479845389
0.0024896551724137932,0.01,0.005600000000000001,59473,41366,59801.21479845389
0.0024896551724137932,0.01,0.0067,59505,38983,59801.21479845389
0.0024896551724137932,0.01,0.0078000000000000005,59426,36977,59801.21479845389
0.0024896551724137932,0.01,0.0089,59468,35000,59801.21479845389
0.0024896551724137932,0.01,0.01,59208,33348,59801.21479845389
0.002831034482758621,0.0001,0.0001,280474,280156,289764.7058823529
0.002831034482758621,0.0001,0.0012000000000000001,226724,205947,289764.7058823529
0.002831034482758621,0.0001,0.0023,204468,162509,289764.7058823529
0.002831034482758621,0.0001,0.0034,191554,134311,289764.7058823529
0.002831034482758621,0.0001,0.0045000000000000005,183945,114224,289764.7058823529
0.002831034482758621,0.0001,0.005600000000000001,178246,99486,289764.7058823529
0.002831034482758621,0.0001,0.0067,173965,88452,289764.7058823529
0.002831034482758621,0.0001,0.0078000000000000005,170981,79253,289764.7058823529
0.002831034482758621,0.0001,0.0089,168440,71931,289764.7058823529
0.002831034482758621,0.0001,0.01,166002,65779,289764.7058823529
0.002831034482758621,0.0004413793103448276,0.0001,253898,251499,259536.35405690203
0.002831034482758621,0.0004413793103448276,0.0012000000000000001,213366,189887,259536.35405690203
0.002831034482758621,0.0004413793103448276,0.0023,195209,152384,259536.35405690203
0.002831034482758621,0.0004413793103448276,0.0034,184967,127418,259536.35405690203
0.002831034482758621,0.0004413793103448276,0.0045000000000000005,178124,109210,259536.35405690203
0.002831034482758621,0.0004413793103448276,0.005600000000000001,173774,95913,259536.35405690203
0.002831034482758621,0.0004413793103448276,0.0067,169873,85215,259536.35405690203
0.002831034482758621,0.0004413793103448276,0.0078000000000000005,167351,76872,259536.35405690203
0.002831034482758621,0.0004413793103448276,0.0089,165121,69675,259536.35405690203
0.002831034482758621,0.0004413793103448276,0.01,163392,64076,259536.35405690203
0.002831034482758621,0.0007827586206896553,0.0001,231048,228971,235019.0839694657
0.002831034482758621,0.0007827586206896553,0.0012000000000000001,200959,176527,235019.0839694657
0.002831034482758621,0.0007827586206896553,0.0023,186847,143797,235019.0839694657
0.002831034482758621,0.0007827586206896553,0.0034,178451,121395,235019.0839694657
0.002831034482758621,0.0007827586206896553,0.0045000000000000005,173369,104605,235019.0839694657
0.002831034482758621,0.0007827586206896553,0.005600000000000001,168949,92430,235019.0839694657
0.002831034482758621,0.0007827586206896553,0.0067,165271,82522,235019.0839694657
0.002831034482758621,0.0007827586206896553,0.0078000000000000005,162968,74503,235019.0839694657
0.002831034482758621,0.0007827586206896553,0.0089,161154,68106,235019.0839694657
0.002831034482758621,0.0007827586206896553,0.01,161148,62519,235019.0839694657
0.002831034482758621,0.001124137931034483,0.0001,212069,209542,214734.08892763732
0.002831034482758621,0.001124137931034483,0.0012000000000000001,190296,164988,214734.08892763732
0.002831034482758621,0.001124137931034483,0.0023,178794,136090,214734.08892763732
0.002831034482758621,0.001124137931034483,0.0034,171839,115729,214734.08892763732
0.002831034482758621,0.001124137931034483,0.0045000000000000005,167633,100642,214734.08892763732
0.002831034482758621,0.001124137931034483,0.005600000000000001,163194,89029,214734.08892763732
0.002831034482758621,0.001124137931034483,0.0067,159819,79603,214734.08892763732
0.002831034482758621,0.001124137931034483,0.0078000000000000005,159488,72403,214734.08892763732
0.002831034482758621,0.001124137931034483,0.0089,157668,66018,214734.08892763732
0.002831034482758621,0.001124137931034483,0.01,156612,60900,214734.08892763732
0.002831034482758621,0.0014655172413793106,0.0001,195850,193531,197672.55216693418
0.002831034482758621,0.0014655172413793106,0.0012000000000000001,180295,154944,197672.55216693418
0.002831034482758621,0.0014655172413793106,0.0023,171561,128815,197672.55216693418
0.002831034482758621,0.0014655172413793106,0.0034,165146,110586,197672.55216693418
0.002831034482758621,0.0014655172413793106,0.0045000000000000005,161922,96766,197672.55216693418
0.002831034482758621,0.0014655172413793106,0.005600000000000001,159139,85885,197672.55216693418
0.002831034482758621,0.0014655172413793106,0.0067,156580,77395,197672.55216693418
0.002831034482758621,0.0014655172413793106,0.0078000000000000005,156102,70168,197672.55216693418
0.002831034482758621,0.0014655172413793106,0.0089,154612,64477,197672.55216693418
0.002831034482758621,0.0014655172413793106,0.01,153349,59607,197672.55216693418
0.002831034482758621,0.0018068965517241383,0.0001,181944,179381,183122.67657992564
0.002831034482758621,0.0018068965517241383,0.0012000000000000001,170954,145774,183122.67657992564
0.002831034482758621,0.0018068965517241383,0.0023,164994,122547,183122.67657992564
0.002831034482758621,0.0018068965517241383,0.0034,160457,105923,183122.67657992564
0.002831034482758621,0.0018068965517241383,0.0045000000000000005,156591,93217,183122.67657992564
0.002831034482758621,0.0018068965517241383,0.005600000000000001,155717,83131,183122.67657992564
0.002831034482758621,0.0018068965517241383,0.0067,153811,74806,183122.67657992564
0.002831034482758621,0.0018068965517241383,0.0078000000000000005,151798,68418,183122.67657992564
0.002831034482758621,0.0018068965517241383,0.0089,149600,62939,183122.67657992564
0.002831034482758621,0.0018068965517241383,0.01,149012,58196,183122.67657992564
0.002831034482758621,0.0021482758620689655,0.0001,169888,167424,170567.86703601107
0.002831034482758621,0.0021482758620689655,0.0012000000000000001,162423,137374,170567.86703601107
0.002831034482758621,0.0021482758620689655,0.0023,157575,116961,170567.86703601107
0.002831034482758621,0.0021482758620689655,0.0034,155823,101607,170567.86703601107
0.002831034482758621,0.0021482758620689655,0.0045000000000000005,151797,89468,170567.86703601107
0.002831034482758621,0.0021482758620689655,0.005600000000000001,149518,80261,170567.86703601107
0.002831034482758621,0.0021482758620689655,0.0067,149753,72866,170567.86703601107
0.002831034482758621,0.0021482758620689655,0.0078000000000000005,149008,66522,170567.86703601107
0.002831034482758621,0.0021482758620689655,0.0089,147406,61173,170567.86703601107
0.002831034482758621,0.0021482758620689655,0.01,146158,56798,170567.86703601107
0.002831034482758621,0.0024896551724137932,0.0001,159194,156645,159624.1088788075
0.002831034482758621,0.0024896551724137932,0.0012000000000000001,153462,130519,159624.1088788075
0.002831034482758621,0.0024896551724137932,0.0023,152238,111699,159624.1088788075
0.002831034482758621,0.0024896551724137932,0.0034,151787,97617,159624.1088788075
0.002831034482758621,0.0024896551724137932,0.0045000000000000005,147100,86680,159624.1088788075
0.002831034482758621,0.0024896551724137932,0.005600000000000001,146262,77966,159624.1088788075
0.002831034482758621,0.0024896551724137932,0.0067,145981,70663,159624.1088788075
0.002831034482758621,0.0024896551724137932,0.0078000000000000005,144585,64813,159624.1088788075
0.002831034482758621,0.0024896551724137932,0.0089,144058,59678,159624.1088788075
0.002831034482758621,0.0024896551724137932,0.01,145705,55540,159624.1088788075
0.002831034482758621,0.002831034482758621,0.0001,149749,147322,150000.0
0.002831034482758621,0.002831034482758621,0.0012000000000000001,147016,123687,150000.0
0.002831034482758621,0.002831034482758621,0.0023,146344,106919,150000.0
0.002831034482758621,0.002831034482758621,0.0034,145491,93868,150000.0
0.002831034482758621,0.002831034482758621,0.0045000000000000005,144527,83808,150000.0
0.002831034482758621,0.002831034482758621,0.005600000000000001,143254,75274,150000.0
0.002831034482758621,0.002831034482758621,0.0067,144037,68927,150000.0
0.002831034482758621,0.002831034482758621,0.0078000000000000005,143896,63213,150000.0
0.002831034482758621,0.002831034482758621,0.0089,143277,58438,150000.0
0.002831034482758621,0.002831034482758621,0.01,142930,54111,150000.0
0.002831034482758621,0.0031724137931034486,0.0001,141411,139367,141470.4192992533
0.002831034482758621,0.0031724137931034486,0.0012000000000000001,137536,118014,141470.4192992533
0.002831034482758621,0.0031724137931034486,0.0023,138727,102516,141470.4192992533
0.002831034482758621,0.0031724137931034486,0.0034,135496,90325,141470.4192992533
0.002831034482758621,0.0031724137931034486,0.0045000000000000005,137534,80942,141470.4192992533
0.002831034482758621,0.0031724137931034486,0.005600000000000001,135087,73340,141470.4192992533
0.002831034482758621,0.0031724137931034486,0.0067,131163,66987,141470.4192992533
0.002831034482758621,0.0031724137931034486,0.0078000000000000005,133405,61644,141470.4192992533
0.002831034482758621,0.0031724137931034486,0.0089,134882,57072,141470.4192992533
0.002831034482758621,0.0031724137931034486,0.01,134826,53218,141470.4192992533
0.002831034482758621,0.0035137931034482763,0.0001,133639,131926,133858.69565217392
0.002831034482758621,0.0035137931034482763,0.0012000000000000001,129045,112745,133858.69565217392
0.002831034482758621,0.0035137931034482763,0.0023,129200,98405,133858.69565217392
0.002831034482758621,0.0035137931034482763,0.0034,127191,87334,133858.69565217392
0.002831034482758621,0.0035137931034482763,0.0045000000000000005,124976,78571,133858.69565217392
0.002831034482758621,0.0035137931034482763,0.005600000000000001,127725,71124,133858.69565217392
0.002831034482758621,0.0035137931034482763,0.0067,127295,65056,133858.69565217392
0.002831034482758621,0.0035137931034482763,0.0078000000000000005,128279,60124,133858.69565217392
0.002831034482758621,0.0035137931034482763,0.0089,126240,55580,133858.69565217392
0.002831034482758621,0.0035137931034482763,0.01,124659,51995,133858.69565217392
0.002831034482758621,0.003855172413793104,0.0001,127083,125435,127024.23929860754
0.002831034482758621,0.003855172413793104,0.0012000000000000001,122618,107848,127024.23929860754
0.002831034482758621,0.003855172413793104,0.0023,119927,94381,127024.23929860754
0.002831034482758621,0.003855172413793104,0.0034,124329,84070,127024.23929860754
0.002831034482758621,0.003855172413793104,0.0045000000000000005,120161,75823,127024.23929860754
0.002831034482758621,0.003855172413793104,0.005600000000000001,118852,69137,127024.23929860754
0.002831034482758621,0.003855172413793104,0.0067,119953,63666,127024.23929860754
0.002831034482758621,0.003855172413793104,0.0078000000000000005,122130,58814,127024.23929860754
0.002831034482758621,0.003855172413793104,0.0089,122849,54688,127024.23929860754
0.002831034482758621,0.003855172413793104,0.01,118838,50984,127024.23929860754
0.002831034482758621,0.004196551724137932,0.0001,120916,119164,120853.77821393523
0.002831034482758621,0.004196551724137932,0.0012000000000000001,117017,103341,120853.77821393523
0.002831034482758621,0.004196551724137932,0.0023,117694,91165,120853.77821393523
0.002831034482758621,0.004196551724137932,0.0034,117714,81602,120853.77821393523
0.002831034482758621,0.004196551724137932,0.0045000000000000005,114690,73910,120853.77821393523
0.002831034482758621,0.004196551724137932,0.005600000000000001,113431,67394,120853.77821393523
0.002831034482758621,0.004196551724137932,0.0067,113827,61920,120853.77821393523
0.002831034482758621,0.004196551724137932,0.0078000000000000005,118792,57448,120853.77821393523
0.002831034482758621,0.004196551724137932,0.0089,117301,53440,120853.77821393523
0.002831034482758621,0.004196551724137932,0.01,118554,49788,120853.77821393523
0.002831034482758621,0.00453793103448276,0.0001,115268,113588,115255.03041647167
0.002831034482758621,0.00453793103448276,0.0012000000000000001,111938,98980,115255.03041647167
0.002831034482758621,0.00453793103448276,0.0023,111737,88026,115255.03041647167
0.002831034482758621,0.00453793103448276,0.0034,105245,79051,115255.03041647167
0.002831034482758621,0.00453793103448276,0.0045000000000000005,109634,71601,115255.03041647167
0.002831034482758621,0.00453793103448276,0.005600000000000001,108090,65403,115255.03041647167
0.002831034482758621,0.00453793103448276,0.0067,106448,60425,115255.03041647167
0.002831034482758621,0.00453793103448276,0.0078000000000000005,112414,56086,115255.03041647167
0.002831034482758621,0.00453793103448276,0.0089,111516,52325,115255.03041647167
0.002831034482758621,0.00453793103448276,0.01,106914,49057,115255.03041647167
0.002831034482758621,0.004879310344827587,0.0001,110099,108623,110152.05724508049
0.002831034482758621,0.004879310344827587,0.0012000000000000001,106904,95469,110152.05724508049
0.002831034482758621,0.004879310344827587,0.0023,106590,84700,110152.05724508049
0.002831034482758621,0.004879310344827587,0.0034,104984,76564,110152.05724508049
0.002831034482758621,0.004879310344827587,0.0045000000000000005,101810,69420,110152.05724508049
0.002831034482758621,0.004879310344827587,0.005600000000000001,107312,63817,110152.05724508049
0.002831034482758621,0.004879310344827587,0.0067,109100,59046,110152.05724508049
0.002831034482758621,0.004879310344827587,0.0078000000000000005,106228,54626,110152.05724508049
0.002831034482758621,0.004879310344827587,0.0089,109192,51214,110152.05724508049
0.002831034482758621,0.004879310344827587,0.01,107801,48030,110152.05724508049
0.002831034482758621,0.005220689655172415,0.0001,105514,104065,105481.7987152034
0.002831034482758621,0.005220689655172415,0.0012000000000000001,103309,92003,105481.7987152034
0.002831034482758621,0.005220689655172415,0.0023,100161,82232,105481.7987152034
0.002831034482758621,0.005220689655172415,0.0034,101381,74315,105481.7987152034
0.002831034482758621,0.005220689655172415,0.0045000000000000005,102502,67807,105481.7987152034
0.002831034482758621,0.005220689655172415,0.005600000000000001,102157,62330,105481.7987152034
0.002831034482758621,0.005220689655172415,0.0067,99646,57693,105481.7987152034
0.002831034482758621,0.005220689655172415,0.0078000000000000005,104492,53653,105481.7987152034
0.002831034482758621,0.005220689655172415,0.0089,101266,50265,105481.7987152034
0.002831034482758621,0.005220689655172415,0.01,101045,47185,105481.7987152034
0.002831034482758621,0.005562068965517242,0.0001,101285,100089,101191.45439605587
0.002831034482758621,0.005562068965517242,0.0012000000000000001,99960,88632,101191.45439605587
0.002831034482758621,0.005562068965517242,0.0023,98771,79521,101191.45439605587
0.002831034482758621,0.005562068965517242,0.0034,97440,72177,101191.45439605587
0.002831034482758621,0.005562068965517242,0.0045000000000000005,100331,65791,101191.45439605587
0.002831034482758621,0.005562068965517242,0.005600000000000001,95219,60594,101191.45439605587
0.002831034482758621,0.005562068965517242,0.0067,100606,56315,101191.45439605587
0.002831034482758621,0.005562068965517242,0.0078000000000000005,100516,52536,101191.45439605587
0.002831034482758621,0.005562068965517242,0.0089,97593,49050,101191.45439605587
0.002831034482758621,0.005562068965517242,0.01,100605,46119,101191.45439605587
0.002831034482758621,0.00590344827586207,0.0001,97324,96358,97236.47848401105
0.002831034482758621,0.00590344827586207,0.0012000000000000001,95647,85589,97236.47848401105
0.002831034482758621,0.00590344827586207,0.0023,92570,77148,97236.47848401105
0.002831034482758621,0.00590344827586207,0.0034,92538,69944,97236.47848401105
0.002831034482758621,0.00590344827586207,0.0045000000000000005,94208,64397,97236.47848401105
0.002831034482758621,0.00590344827586207,0.005600000000000001,94695,59254,97236.47848401105
0.002831034482758621,0.00590344827586207,0.0067,96252,54928,97236.47848401105
0.002831034482758621,0.00590344827586207,0.0078000000000000005,95341,51243,97236.47848401105
0.002831034482758621,0.00590344827586207,0.0089,95037,48247,97236.47848401105
0.002831034482758621,0.00590344827586207,0.01,95507,45382,97236.47848401105
0.002831034482758621,0.006244827586206898,0.0001,93624,92834,93579.0273556231
0.002831034482758621,0.006244827586206898,0.0012000000000000001,92940,82817,93579.0273556231
0.002831034482758621,0.006244827586206898,0.0023,91429,74565,93579.0273556231
0.002831034482758621,0.006244827586206898,0.0034,89744,68256,93579.0273556231
0.002831034482758621,0.006244827586206898,0.0045000000000000005,91139,62706,93579.0273556231
0.002831034482758621,0.006244827586206898,0.005600000000000001,91483,58052,93579.0273556231
0.002831034482758621,0.006244827586206898,0.0067,88806,53987,93579.0273556231
0.002831034482758621,0.006244827586206898,0.0078000000000000005,91508,50426,93579.0273556231
0.002831034482758621,0.006244827586206898,0.0089,91488,47339,93579.0273556231
0.002831034482758621,0.006244827586206898,0.01,92202,44528,93579.0273556231
0.002831034482758621,0.006586206896551725,0.0001,90096,89334,90186.74478213108
0.002831034482758621,0.006586206896551725,0.0012000000000000001,89735,79929,90186.74478213108
0.002831034482758621,0.006586206896551725,0.0023,89675,72628,90186.74478213108
0.002831034482758621,0.006586206896551725,0.0034,86337,66415,90186.74478213108
0.002831034482758621,0.006586206896551725,0.0045000000000000005,84282,61150,90186.74478213108
0.002831034482758621,0.006586206896551725,0.005600000000000001,85391,56462,90186.74478213108
0.002831034482758621,0.006586206896551725,0.0067,89603,52772,90186.74478213108
0.002831034482758621,0.006586206896551725,0.0078000000000000005,89421,49486,90186.74478213108
0.002831034482758621,0.006586206896551725,0.0089,87961,46439,90186.74478213108
0.002831034482758621,0.006586206896551725,0.01,89414,43792,90186.74478213108
0.002831034482758621,0.006927586206896553,0.0001,87108,86340,87031.80212014134
0.002831034482758621,0.006927586206896553,0.0012000000000000001,86591,77679,87031.80212014134
0.002831034482758621,0.006927586206896553,0.0023,85574,70292,87031.80212014134
0.002831034482758621,0.006927586206896553,0.0034,84198,64411,87031.80212014134
0.002831034482758621,0.006927586206896553,0.0045000000000000005,85309,59743,87031.80212014134
0.002831034482758621,0.006927586206896553,0.005600000000000001,86070,55295,87031.80212014134
0.002831034482758621,0.006927586206896553,0.0067,85017,51715,87031.80212014134
0.002831034482758621,0.006927586206896553,0.0078000000000000005,82629,48413,87031.80212014134
0.002831034482758621,0.006927586206896553,0.0089,86531,45670,87031.80212014134
0.002831034482758621,0.006927586206896553,0.01,84255,43126,87031.80212014134
0.002831034482758621,0.00726896551724138,0.0001,84015,83461,84090.13315124615
0.002831034482758621,0.00726896551724138,0.0012000000000000001,83962,75043,84090.13315124615
0.002831034482758621,0.00726896551724138,0.0023,83891,68629,84090.13315124615
0.002831034482758621,0.00726896551724138,0.0034,81298,63048,84090.13315124615
0.002831034482758621,0.00726896551724138,0.0045000000000000005,81684,58283,84090.13315124615
0.002831034482758621,0.00726896551724138,0.005600000000000001,83839,54274,84090.13315124615
0.002831034482758621,0.00726896551724138,0.0067,79963,50441,84090.13315124615
0.002831034482758621,0.00726896551724138,0.0078000000000000005,83807,47461,84090.13315124615
0.002831034482758621,0.00726896551724138,0.0089,81196,44838,84090.13315124615
0.002831034482758621,0.00726896551724138,0.01,81494,42407,84090.13315124615
0.002831034482758621,0.0076103448275862086,0.0001,81386,80495,81340.81902245707
0.002831034482758621,0.0076103448275862086,0.0012000000000000001,80766,73191,81340.81902245707
0.002831034482758621,0.0076103448275862086,0.0023,80921,66796,81340.81902245707
0.002831034482758621,0.0076103448275862086,0.0034,79421,61228,81340.81902245707
0.002831034482758621,0.0076103448275862086,0.0045000000000000005,78397,56969,81340.81902245707
0.002831034482758621,0.0076103448275862086,0.005600000000000001,80349,53140,81340.81902245707
0.002831034482758621,0.0076103448275862086,0.0067,80658,49628,81340.81902245707
0.002831034482758621,0.0076103448275862086,0.0078000000000000005,80811,46654,81340.81902245707
0.002831034482758621,0.0076103448275862086,0.0089,78873,44046,81340.81902245707
0.002831034482758621,0.0076103448275862086,0.01,80857,41674,81340.81902245707
0.002831034482758621,0.007951724137931035,0.0001,78922,78203,78765.59002238569
0.002831034482758621,0.007951724137931035,0.0012000000000000001,78495,70883,78765.59002238569
0.002831034482758621,0.007951724137931035,0.0023,78171,65118,78765.59002238569
0.002831034482758621,0.007951724137931035,0.0034,77963,59752,78765.59002238569
0.002831034482758621,0.007951724137931035,0.0045000000000000005,77616,55554,78765.59002238569
0.002831034482758621,0.007951724137931035,0.005600000000000001,78389,51966,78765.59002238569
0.002831034482758621,0.007951724137931035,0.0067,78477,48727,78765.59002238569
0.002831034482758621,0.007951724137931035,0.0078000000000000005,76700,45819,78765.59002238569
0.002831034482758621,0.007951724137931035,0.0089,78648,43278,78765.59002238569
0.002831034482758621,0.007951724137931035,0.01,78623,40925,78765.59002238569
0.002831034482758621,0.008293103448275862,0.0001,76404,75706,76348.41909485431
0.002831034482758621,0.008293103448275862,0.0012000000000000001,75659,69147,76348.41909485431
0.002831034482758621,0.008293103448275862,0.0023,75526,63476,76348.41909485431
0.002831034482758621,0.008293103448275862,0.0034,75392,58530,76348.41909485431
0.002831034482758621,0.008293103448275862,0.0045000000000000005,72991,54447,76348.41909485431
0.002831034482758621,0.008293103448275862,0.005600000000000001,75042,50931,76348.41909485431
0.002831034482758621,0.008293103448275862,0.0067,75465,47808,76348.41909485431
0.002831034482758621,0.008293103448275862,0.0078000000000000005,73658,44985,76348.41909485431
0.002831034482758621,0.008293103448275862,0.0089,75906,42507,76348.41909485431
0.002831034482758621,0.008293103448275862,0.01,75751,40288,76348.41909485431
0.002831034482758621,0.00863448275862069,0.0001,74224,73579,74075.18796992482
0.002831034482758621,0.00863448275862069,0.0012000000000000001,73852,67209,74075.18796992482
0.002831034482758621,0.00863448275862069,0.0023,73888,61846,74075.18796992482
0.002831034482758621,0.00863448275862069,0.0034,73548,57204,74075.18796992482
0.002831034482758621,0.00863448275862069,0.0045000000000000005,73881,53287,74075.18796992482
0.002831034482758621,0.00863448275862069,0.005600000000000001,73747,49664,74075.18796992482
0.002831034482758621,0.00863448275862069,0.0067,73903,46672,74075.18796992482
0.002831034482758621,0.00863448275862069,0.0078000000000000005,71924,44152,74075.18796992482
0.002831034482758621,0.00863448275862069,0.0089,73377,41775,74075.18796992482
0.002831034482758621,0.00863448275862069,0.01,70811,39496,74075.18796992482
0.002831034482758621,0.008975862068965518,0.0001,72047,71490,71933.41121495326
0.002831034482758621,0.008975862068965518,0.0012000000000000001,71462,65163,71933.41121495326
0.002831034482758621,0.008975862068965518,0.0023,71458,60204,71933.41121495326
0.002831034482758621,0.008975862068965518,0.0034,71176,55850,71933.41121495326
0.002831034482758621,0.008975862068965518,0.0045000000000000005,70699,51996,71933.41121495326
0.002831034482758621,0.008975862068965518,0.005600000000000001,71175,48875,71933.41121495326
0.002831034482758621,0.008975862068965518,0.0067,71589,45879,71933.41121495326
0.002831034482758621,0.008975862068965518,0.0078000000000000005,71608,43394,71933.41121495326
0.002831034482758621,0.008975862068965518,0.0089,71532,41098,71933.41121495326
0.002831034482758621,0.008975862068965518,0.01,70867,39107,71933.41121495326
0.002831034482758621,0.009317241379310346,0.0001,69896,69566,69912.00681237581
0.002831034482758621,0.009317241379310346,0.0012000000000000001,69658,63777,69912.00681237581
0.002831034482758621,0.009317241379310346,0.0023,69579,58957,69912.00681237581
0.002831034482758621,0.009317241379310346,0.0034,69384,54774,69912.00681237581
0.002831034482758621,0.009317241379310346,0.0045000000000000005,69558,51135,69912.00681237581
0.002831034482758621,0.009317241379310346,0.005600000000000001,69516,47985,69912.00681237581
0.002831034482758621,0.009317241379310346,0.0067,69272,45087,69912.00681237581
0.002831034482758621,0.009317241379310346,0.0078000000000000005,66829,42680,69912.00681237581
0.002831034482758621,0.009317241379310346,0.0089,69640,40301,69912.00681237581
0.002831034482758621,0.009317241379310346,0.01,69627,38400,69912.00681237581
0.002831034482758621,0.009658620689655173,0.0001,68152,67595,68001.1043622308
0.002831034482758621,0.009658620689655173,0.0012000000000000001,67744,62166,68001.1043622308
0.002831034482758621,0.009658620689655173,0.0023,67414,57534,68001.1043622308
0.002831034482758621,0.009658620689655173,0.0034,67076,53650,68001.1043622308
0.002831034482758621,0.009658620689655173,0.0045000000000000005,67682,50127,68001.1043622308
0.002831034482758621,0.009658620689655173,0.005600000000000001,67670,46911,68001.1043622308
0.002831034482758621,0.009658620689655173,0.0067,67567,44295,68001.1043622308
0.002831034482758621,0.009658620689655173,0.0078000000000000005,67583,41914,68001.1043622308
0.002831034482758621,0.009658620689655173,0.0089,67610,39751,68001.1043622308
0.002831034482758621,0.009658620689655173,0.01,67580,37769,68001.1043622308
0.002831034482758621,0.01,0.0001,66210,65779,66191.88390217684
0.002831034482758621,0.01,0.0012000000000000001,65985,60427,66191.88390217684
0.002831034482758621,0.01,0.0023,66029,56267,66191.88390217684
0.002831034482758621,0.01,0.0034,66060,52468,66191.88390217684
0.002831034482758621,0.01,0.0045000000000000005,65910,48888,66191.88390217684
0.002831034482758621,0.01,0.005600000000000001,65798,45993,66191.88390217684
0.002831034482758621,0.01,0.0067,65857,43606,66191.88390217684
0.002831034482758621,0.01,0.0078000000000000005,65876,41108,66191.88390217684
0.002831034482758621,0.01,0.0089,65919,39197,66191.88390217684
0.002831034482758621,0.01,0.01,65764,37098,66191.88390217684
0.0031724137931034486,0.0001,0.0001,282629,282186,290832.4552160169
0.0031724137931034486,0.0001,0.0012000000000000001,231613,213199,290832.4552160169
0.0031724137931034486,0.0001,0.0023,208693,170957,290832.4552160169
0.0031724137931034486,0.0001,0.0034,195527,142596,290832.4552160169
0.0031724137931034486,0.0001,0.0045000000000000005,186950,122666,290832.4552160169
0.0031724137931034486,0.0001,0.005600000000000001,181189,107290,290832.4552160169
0.0031724137931034486,0.0001,0.0067,177063,95337,290832.4552160169
0.0031724137931034486,0.0001,0.0078000000000000005,173459,85861,290832.4552160169
0.0031724137931034486,0.0001,0.0089,170817,78334,290832.4552160169
0.0031724137931034486,0.0001,0.01,168782,71873,290832.4552160169
0.0031724137931034486,0.0004413793103448276,0.0001,257702,256200,263358.7786259542
0.0031724137931034486,0.0004413793103448276,0.0012000000000000001,218380,197723,263358.7786259542
0.0031724137931034486,0.0004413793103448276,0.0023,199608,161197,263358.7786259542
0.0031724137931034486,0.0004413793103448276,0.0034,188554,135994,263358.7786259542
0.0031724137931034486,0.0004413793103448276,0.0045000000000000005,181703,117350,263358.7786259542
0.0031724137931034486,0.0004413793103448276,0.005600000000000001,177099,103207,263358.7786259542
0.0031724137931034486,0.0004413793103448276,0.0067,172952,92468,263358.7786259542
0.0031724137931034486,0.0004413793103448276,0.0078000000000000005,169938,83550,263358.7786259542
0.0031724137931034486,0.0004413793103448276,0.0089,167545,76241,263358.7786259542
0.0031724137931034486,0.0004413793103448276,0.01,165469,70055,263358.7786259542
0.0031724137931034486,0.0007827586206896553,0.0001,236345,234762,240627.72449869226
0.0031724137931034486,0.0007827586206896553,0.0012000000000000001,206477,184618,240627.72449869226
0.0031724137931034486,0.0007827586206896553,0.0023,191523,152369,240627.72449869226
0.0031724137931034486,0.0007827586206896553,0.0034,182634,129319,240627.72449869226
0.0031724137931034486,0.0007827586206896553,0.0045000000000000005,176265,112445,240627.72449869226
0.0031724137931034486,0.0007827586206896553,0.005600000000000001,172483,99573,240627.72449869226
0.0031724137931034486,0.0007827586206896553,0.0067,168931,89561,240627.72449869226
0.0031724137931034486,0.0007827586206896553,0.0078000000000000005,166182,81152,240627.72449869226
0.0031724137931034486,0.0007827586206896553,0.0089,164407,74184,240627.72449869226
0.0031724137931034486,0.0007827586206896553,0.01,163033,68374,240627.72449869226
0.0031724137931034486,0.001124137931034483,0.0001,218504,217002,221508.82825040127
0.0031724137931034486,0.001124137931034483,0.0012000000000000001,195696,173438,221508.82825040127
0.0031724137931034486,0.001124137931034483,0.0023,183575,144609,221508.82825040127
0.0031724137931034486,0.001124137931034483,0.0034,176435,123912,221508.82825040127
0.0031724137931034486,0.001124137931034483,0.0045000000000000005,171167,108144,221508.82825040127
0.0031724137931034486,0.001124137931034483,0.005600000000000001,167709,96144,221508.82825040127
0.0031724137931034486,0.001124137931034483,0.0067,164952,86534,221508.82825040127
0.0031724137931034486,0.001124137931034483,0.0078000000000000005,162351,78842,221508.82825040127
0.0031724137931034486,0.001124137931034483,0.0089,159731,72318,221508.82825040127
0.0031724137931034486,0.001124137931034483,0.01,159479,66720,221508.82825040127
0.0031724137931034486,0.0014655172413793106,0.0001,203143,200979,205204.46096654274
0.0031724137931034486,0.0014655172413793106,0.0012000000000000001,185745,163100,205204.46096654274
0.0031724137931034486,0.0014655172413793106,0.0023,176693,137286,205204.46096654274
0.0031724137931034486,0.0014655172413793106,0.0034,170467,118657,205204.46096654274
0.0031724137931034486,0.0014655172413793106,0.0045000000000000005,166261,104110,205204.46096654274
0.0031724137931034486,0.0014655172413793106,0.005600000000000001,162774,93151,205204.46096654274
0.0031724137931034486,0.0014655172413793106,0.0067,160526,84103,205204.46096654274
0.0031724137931034486,0.0014655172413793106,0.0078000000000000005,159063,76623,205204.46096654274
0.0031724137931034486,0.0014655172413793106,0.0089,158047,70399,205204.46096654274
0.0031724137931034486,0.0014655172413793106,0.01,157291,64903,205204.46096654274
0.0031724137931034486,0.0018068965517241383,0.0001,189598,187731,191135.73407202214
0.0031724137931034486,0.0018068965517241383,0.0012000000000000001,176967,154124,191135.73407202214
0.0031724137931034486,0.0018068965517241383,0.0023,170363,130917,191135.73407202214
0.0031724137931034486,0.0018068965517241383,0.0034,165268,113712,191135.73407202214
0.0031724137931034486,0.0018068965517241383,0.0045000000000000005,161043,100514,191135.73407202214
0.0031724137931034486,0.0018068965517241383,0.005600000000000001,159058,90149,191135.73407202214
0.0031724137931034486,0.0018068965517241383,0.0067,156349,81365,191135.73407202214
0.0031724137931034486,0.0018068965517241383,0.0078000000000000005,155190,74509,191135.73407202214
0.0031724137931034486,0.0018068965517241383,0.0089,154377,68509,191135.73407202214
0.0031724137931034486,0.0018068965517241383,0.01,153029,63561,191135.73407202214
0.0031724137931034486,0.0021482758620689655,0.0001,177926,175631,178872.32663642257
0.0031724137931034486,0.0021482758620689655,0.0012000000000000001,169028,146009,178872.32663642257
0.0031724137931034486,0.0021482758620689655,0.0023,162960,124862,178872.32663642257
0.0031724137931034486,0.0021482758620689655,0.0034,160495,109290,178872.32663642257
0.0031724137931034486,0.0021482758620689655,0.0045000000000000005,157840,97112,178872.32663642257
0.0031724137931034486,0.0021482758620689655,0.005600000000000001,155180,87262,178872.32663642257
0.0031724137931034486,0.0021482758620689655,0.0067,152231,79181,178872.32663642257
0.0031724137931034486,0.0021482758620689655,0.0078000000000000005,151797,72725,178872.32663642257
0.0031724137931034486,0.0021482758620689655,0.0089,149361,67046,178872.32663642257
0.0031724137931034486,0.0021482758620689655,0.01,149059,62294,178872.32663642257
0.0031724137931034486,0.0024896551724137932,0.0001,167499,165440,168087.69792935444
0.0031724137931034486,0.0024896551724137932,0.0012000000000000001,160199,138803,168087.69792935444
0.0031724137931034486,0.0024896551724137932,0.0023,156641,119717,168087.69792935444
0.0031724137931034486,0.0024896551724137932,0.0034,155068,105170,168087.69792935444
0.0031724137931034486,0.0024896551724137932,0.0045000000000000005,152805,93899,168087.69792935444
0.0031724137931034486,0.0024896551724137932,0.005600000000000001,151287,84687,168087.69792935444
0.0031724137931034486,0.0024896551724137932,0.0067,149051,76901,168087.69792935444
0.0031724137931034486,0.0024896551724137932,0.0078000000000000005,148891,70841,168087.69792935444
0.0031724137931034486,0.0024896551724137932,0.0089,147767,65469,168087.69792935444
0.0031724137931034486,0.0024896551724137932,0.01,146569,60879,168087.69792935444
0.0031724137931034486,0.002831034482758621,0.0001,158179,156117,158529.5807007467
0.0031724137931034486,0.002831034482758621,0.0012000000000000001,155094,132400,158529.5807007467
0.0031724137931034486,0.002831034482758621,0.0023,152949,114867,158529.5807007467
0.0031724137931034486,0.002831034482758621,0.0034,150519,101411,158529.5807007467
0.0031724137931034486,0.002831034482758621,0.0045000000000000005,149353,90562,158529.5807007467
0.0031724137931034486,0.002831034482758621,0.005600000000000001,148213,82077,158529.5807007467
0.0031724137931034486,0.002831034482758621,0.0067,146405,75070,158529.5807007467
0.0031724137931034486,0.002831034482758621,0.0078000000000000005,145682,69069,158529.5807007467
0.0031724137931034486,0.002831034482758621,0.0089,144707,64008,158529.5807007467
0.0031724137931034486,0.002831034482758621,0.01,144730,59360,158529.5807007467
0.0031724137931034486,0.0031724137931034486,0.0001,149830,147862,150000.0
0.0031724137931034486,0.0031724137931034486,0.0012000000000000001,147491,126255,150000.0
0.0031724137931034486,0.0031724137931034486,0.0023,146508,110346,150000.0
0.0031724137931034486,0.0031724137931034486,0.0034,144941,97914,150000.0
0.0031724137931034486,0.0031724137931034486,0.0045000000000000005,144814,87923,150000.0
0.0031724137931034486,0.0031724137931034486,0.005600000000000001,144800,79831,150000.0
0.0031724137931034486,0.0031724137931034486,0.0067,144031,72839,150000.0
0.0031724137931034486,0.0031724137931034486,0.0078000000000000005,143497,67385,150000.0
0.0031724137931034486,0.0031724137931034486,0.0089,142924,62541,150000.0
0.0031724137931034486,0.0031724137931034486,0.01,143651,58376,150000.0
0.0031724137931034486,0.0035137931034482763,0.0001,142154,140589,142341.41309953583
0.0031724137931034486,0.0035137931034482763,0.0012000000000000001,138158,120598,142341.41309953583
0.0031724137931034486,0.0035137931034482763,0.0023,138864,106136,142341.41309953583
0.0031724137931034486,0.0035137931034482763,0.0034,132243,94397,142341.41309953583
0.0031724137931034486,0.0035137931034482763,0.0045000000000000005,136362,85312,142341.41309953583
0.0031724137931034486,0.0035137931034482763,0.005600000000000001,133605,77521,142341.41309953583
0.0031724137931034486,0.0035137931034482763,0.0067,134608,71277,142341.41309953583
0.0031724137931034486,0.0035137931034482763,0.0078000000000000005,136652,65682,142341.41309953583
0.0031724137931034486,0.0035137931034482763,0.0089,137125,61030,142341.41309953583
0.0031724137931034486,0.0035137931034482763,0.01,135015,57020,142341.41309953583
0.0031724137931034486,0.003855172413793104,0.0001,135313,133505,135426.88910696763
0.0031724137931034486,0.003855172413793104,0.0012000000000000001,132320,115790,135426.88910696763
0.0031724137931034486,0.003855172413793104,0.0023,128119,102277,135426.88910696763
0.0031724137931034486,0.003855172413793104,0.0034,130737,91360,135426.88910696763
0.0031724137931034486,0.003855172413793104,0.0045000000000000005,128487,82521,135426.88910696763
0.0031724137931034486,0.003855172413793104,0.005600000000000001,128325,75509,135426.88910696763
0.0031724137931034486,0.003855172413793104,0.0067,131485,69317,135426.88910696763
0.0031724137931034486,0.003855172413793104,0.0078000000000000005,126117,64073,135426.88910696763
0.0031724137931034486,0.003855172413793104,0.0089,130961,59906,135426.88910696763
0.0031724137931034486,0.003855172413793104,0.01,127368,55889,135426.88910696763
0.0031724137931034486,0.004196551724137932,0.0001,129076,127720,129153.01824988303
0.0031724137931034486,0.004196551724137932,0.0012000000000000001,126389,111308,129153.01824988303
0.0031724137931034486,0.004196551724137932,0.0023,124877,98640,129153.01824988303
0.0031724137931034486,0.004196551724137932,0.0034,123277,88554,129153.01824988303
0.0031724137931034486,0.004196551724137932,0.0045000000000000005,126005,80340,129153.01824988303
0.0031724137931034486,0.004196551724137932,0.005600000000000001,121357,73261,129153.01824988303
0.0031724137931034486,0.004196551724137932,0.0067,125476,67781,129153.01824988303
0.0031724137931034486,0.004196551724137932,0.0078000000000000005,122393,62829,129153.01824988303
0.0031724137931034486,0.004196551724137932,0.0089,122054,58613,129153.01824988303
0.0031724137931034486,0.004196551724137932,0.01,124168,54927,129153.01824988303
0.0031724137931034486,0.00453793103448276,0.0001,123506,121984,123434.70483005366
0.0031724137931034486,0.00453793103448276,0.0012000000000000001,119109,107013,123434.70483005366
0.0031724137931034486,0.00453793103448276,0.0023,118053,95064,123434.70483005366
0.0031724137931034486,0.00453793103448276,0.0034,116251,85799,123434.70483005366
0.0031724137931034486,0.00453793103448276,0.0045000000000000005,120788,77865,123434.70483005366
0.0031724137931034486,0.00453793103448276,0.005600000000000001,118624,71665,123434.70483005366
0.0031724137931034486,0.00453793103448276,0.0067,120796,66162,123434.70483005366
0.0031724137931034486,0.00453793103448276,0.0078000000000000005,121385,61484,123434.70483005366
0.0031724137931034486,0.00453793103448276,0.0089,117031,57435,123434.70483005366
0.0031724137931034486,0.00453793103448276,0.01,118264,53841,123434.70483005366
0.0031724137931034486,0.004879310344827587,0.0001,118216,116671,118201.28479657388
0.0031724137931034486,0.004879310344827587,0.0012000000000000001,115925,102919,118201.28479657388
0.0031724137931034486,0.004879310344827587,0.0023,111969,92075,118201.28479657388
0.0031724137931034486,0.004879310344827587,0.0034,113722,83164,118201.28479657388
0.0031724137931034486,0.004879310344827587,0.0045000000000000005,115178,76048,118201.28479657388
0.0031724137931034486,0.004879310344827587,0.005600000000000001,111409,69645,118201.28479657388
0.0031724137931034486,0.004879310344827587,0.0067,116573,64703,118201.28479657388
0.0031724137931034486,0.004879310344827587,0.0078000000000000005,116665,60122,118201.28479657388
0.0031724137931034486,0.004879310344827587,0.0089,115412,56166,118201.28479657388
0.0031724137931034486,0.004879310344827587,0.01,111064,52814,118201.28479657388
0.0031724137931034486,0.005220689655172415,0.0001,113332,111978,113393.59079704189
0.0031724137931034486,0.005220689655172415,0.0012000000000000001,109901,99093,113393.59079704189
0.0031724137931034486,0.005220689655172415,0.0023,109615,89178,113393.59079704189
0.0031724137931034486,0.005220689655172415,0.0034,108155,80926,113393.59079704189
0.0031724137931034486,0.005220689655172415,0.0045000000000000005,107658,73690,113393.59079704189
0.0031724137931034486,0.005220689655172415,0.005600000000000001,112054,67982,113393.59079704189
0.0031724137931034486,0.005220689655172415,0.0067,109375,63196,113393.59079704189
0.0031724137931034486,0.005220689655172415,0.0078000000000000005,109218,58726,113393.59079704189
0.0031724137931034486,0.005220689655172415,0.0089,111216,55152,113393.59079704189
0.0031724137931034486,0.005220689655172415,0.01,107658,51834,113393.59079704189
0.0031724137931034486,0.005562068965517242,0.0001,108849,107616,108961.70548756415
0.0031724137931034486,0.005562068965517242,0.0012000000000000001,107511,95920,108961.70548756415
0.0031724137931034486,0.005562068965517242,0.0023,106218,86249,108961.70548756415
0.0031724137931034486,0.005562068965517242,0.0034,106537,78377,108961.70548756415
0.0031724137931034486,0.005562068965517242,0.0045000000000000005,105113,72090,108961.70548756415
0.0031724137931034486,0.005562068965517242,0.005600000000000001,103564,66490,108961.70548756415
0.0031724137931034486,0.005562068965517242,0.0067,104853,61793,108961.70548756415
0.0031724137931034486,0.005562068965517242,0.0078000000000000005,105494,57653,108961.70548756415
0.0031724137931034486,0.005562068965517242,0.0089,108190,54145,108961.70548756415
0.0031724137931034486,0.005562068965517242,0.01,108238,50939,108961.70548756415
0.0031724137931034486,0.00590344827586207,0.0001,104901,103656,104863.22188449847
0.0031724137931034486,0.00590344827586207,0.0012000000000000001,102938,92807,104863.22188449847
0.0031724137931034486,0.00590344827586207,0.0023,100748,83837,104863.22188449847
0.0031724137931034486,0.00590344827586207,0.0034,100310,76439,104863.22188449847
0.0031724137931034486,0.00590344827586207,0.0045000000000000005,97127,70122,104863.22188449847
0.0031724137931034486,0.00590344827586207,0.005600000000000001,100644,64859,104863.22188449847
0.0031724137931034486,0.00590344827586207,0.0067,100364,60210,104863.22188449847
0.0031724137931034486,0.00590344827586207,0.0078000000000000005,103224,56322,104863.22188449847
0.0031724137931034486,0.00590344827586207,0.0089,102319,52872,104863.22188449847
0.0031724137931034486,0.00590344827586207,0.01,102692,49987,104863.22188449847
0.0031724137931034486,0.006244827586206898,0.0001,101139,99978,101061.88209447089
0.0031724137931034486,0.006244827586206898,0.0012000000000000001,99853,89876,101061.88209447089
0.0031724137931034486,0.006244827586206898,0.0023,98100,81357,101061.88209447089
0.0031724137931034486,0.006244827586206898,0.0034,94553,74343,101061.88209447089
0.0031724137931034486,0.006244827586206898,0.0045000000000000005,96948,68559,101061.88209447089
0.0031724137931034486,0.006244827586206898,0.005600000000000001,97933,63252,101061.88209447089
0.0031724137931034486,0.006244827586206898,0.0067,99782,59207,101061.88209447089
0.0031724137931034486,0.006244827586206898,0.0078000000000000005,98432,55314,101061.88209447089
0.0031724137931034486,0.006244827586206898,0.0089,98964,51960,101061.88209447089
0.0031724137931034486,0.006244827586206898,0.01,100293,49110,101061.88209447089
0.0031724137931034486,0.006586206896551725,0.0001,97654,96679,97526.50176678444
0.0031724137931034486,0.006586206896551725,0.0012000000000000001,96585,86720,97526.50176678444
0.0031724137931034486,0.006586206896551725,0.0023,96552,79080,97526.50176678444
0.0031724137931034486,0.006586206896551725,0.0034,92843,72307,97526.50176678444
0.0031724137931034486,0.006586206896551725,0.0045000000000000005,95686,66914,97526.50176678444
0.0031724137931034486,0.006586206896551725,0.005600000000000001,92680,62101,97526.50176678444
0.0031724137931034486,0.006586206896551725,0.0067,94994,57872,97526.50176678444
0.0031724137931034486,0.006586206896551725,0.0078000000000000005,93008,54303,97526.50176678444
0.0031724137931034486,0.006586206896551725,0.0089,96641,51087,97526.50176678444
0.0031724137931034486,0.006586206896551725,0.01,96572,48240,97526.50176678444
0.0031724137931034486,0.006927586206896553,0.0001,94326,93554,94230.11266643906
0.0031724137931034486,0.006927586206896553,0.0012000000000000001,93445,84377,94230.11266643906
0.0031724137931034486,0.006927586206896553,0.0023,93402,76975,94230.11266643906
0.0031724137931034486,0.006927586206896553,0.0034,92063,70628,94230.11266643906
0.0031724137931034486,0.006927586206896553,0.0045000000000000005,91599,65132,94230.11266643906
0.0031724137931034486,0.006927586206896553,0.005600000000000001,90588,60526,94230.11266643906
0.0031724137931034486,0.006927586206896553,0.0067,91011,56746,94230.11266643906
0.0031724137931034486,0.006927586206896553,0.0078000000000000005,90808,53334,94230.11266643906
0.0031724137931034486,0.006927586206896553,0.0089,90861,50227,94230.11266643906
0.0031724137931034486,0.006927586206896553,0.01,90960,47423,94230.11266643906
0.0031724137931034486,0.00726896551724138,0.0001,91003,90183,91149.27344782033
0.0031724137931034486,0.00726896551724138,0.0012000000000000001,90703,81650,91149.27344782033
0.0031724137931034486,0.00726896551724138,0.0023,88760,74835,91149.27344782033
0.0031724137931034486,0.00726896551724138,0.0034,90196,68644,91149.27344782033
0.0031724137931034486,0.00726896551724138,0.0045000000000000005,87752,63895,91149.27344782033
0.0031724137931034486,0.00726896551724138,0.005600000000000001,85639,59233,91149.27344782033
0.0031724137931034486,0.00726896551724138,0.0067,82530,55425,91149.27344782033
0.0031724137931034486,0.00726896551724138,0.0078000000000000005,83774,52110,91149.27344782033
0.0031724137931034486,0.00726896551724138,0.0089,86250,49312,91149.27344782033
0.0031724137931034486,0.00726896551724138,0.01,89209,46663,91149.27344782033
0.0031724137931034486,0.0076103448275862086,0.0001,88350,87622,88263.51135273425
0.0031724137931034486,0.0076103448275862086,0.0012000000000000001,87727,79577,88263.51135273425
0.0031724137931034486,0.0076103448275862086,0.0023,86714,72888,88263.51135273425
0.0031724137931034486,0.0076103448275862086,0.0034,85132,67224,88263.51135273425
0.0031724137931034486,0.0076103448275862086,0.0045000000000000005,84799,62384,88263.51135273425
0.0031724137931034486,0.0076103448275862086,0.005600000000000001,86471,58276,88263.51135273425
0.0031724137931034486,0.0076103448275862086,0.0067,83937,54576,88263.51135273425
0.0031724137931034486,0.0076103448275862086,0.0078000000000000005,85339,51100,88263.51135273425
0.0031724137931034486,0.0076103448275862086,0.0089,85241,48443,88263.51135273425
0.0031724137931034486,0.0076103448275862086,0.01,80369,45811,88263.51135273425
0.0031724137931034486,0.007951724137931035,0.0001,85631,85036,85554.86670799754
0.0031724137931034486,0.007951724137931035,0.0012000000000000001,85296,77232,85554.86670799754
0.0031724137931034486,0.007951724137931035,0.0023,85178,71010,85554.86670799754
0.0031724137931034486,0.007951724137931035,0.0034,83720,65654,85554.86670799754
0.0031724137931034486,0.007951724137931035,0.0045000000000000005,82190,61015,85554.86670799754
0.0031724137931034486,0.007951724137931035,0.005600000000000001,83783,57005,85554.86670799754
0.0031724137931034486,0.007951724137931035,0.0067,85347,53476,85554.86670799754
0.0031724137931034486,0.007951724137931035,0.0078000000000000005,81180,50227,85554.86670799754
0.0031724137931034486,0.007951724137931035,0.0089,85128,47574,85554.86670799754
0.0031724137931034486,0.007951724137931035,0.01,83032,44946,85554.86670799754
0.0031724137931034486,0.008293103448275862,0.0001,82944,82206,83007.51879699247
0.0031724137931034486,0.008293103448275862,0.0012000000000000001,82541,75288,83007.51879699247
0.0031724137931034486,0.008293103448275862,0.0023,81179,69117,83007.51879699247
0.0031724137931034486,0.008293103448275862,0.0034,80379,64031,83007.51879699247
0.0031724137931034486,0.008293103448275862,0.0045000000000000005,82199,59548,83007.51879699247
0.0031724137931034486,0.008293103448275862,0.005600000000000001,78706,55881,83007.51879699247
0.0031724137931034486,0.008293103448275862,0.0067,80398,52527,83007.51879699247
0.0031724137931034486,0.008293103448275862,0.0078000000000000005,82627,49506,83007.51879699247
0.0031724137931034486,0.008293103448275862,0.0089,82540,46694,83007.51879699247
0.0031724137931034486,0.008293103448275862,0.01,80136,44497,83007.51879699247
0.0031724137931034486,0.00863448275862069,0.0001,80805,80151,80607.47663551403
0.0031724137931034486,0.00863448275862069,0.0012000000000000001,80118,73211,80607.47663551403
0.0031724137931034486,0.00863448275862069,0.0023,80139,67671,80607.47663551403
0.0031724137931034486,0.00863448275862069,0.0034,79523,62717,80607.47663551403
0.0031724137931034486,0.00863448275862069,0.0045000000000000005,80404,58460,80607.47663551403
0.0031724137931034486,0.00863448275862069,0.005600000000000001,75766,54592,80607.47663551403
0.0031724137931034486,0.00863448275862069,0.0067,80250,51580,80607.47663551403
0.0031724137931034486,0.00863448275862069,0.0078000000000000005,78487,48458,80607.47663551403
0.0031724137931034486,0.00863448275862069,0.0089,78664,45861,80607.47663551403
0.0031724137931034486,0.00863448275862069,0.01,80353,43710,80607.47663551403
0.0031724137931034486,0.008975862068965518,0.0001,78360,77608,78342.3218847573
0.0031724137931034486,0.008975862068965518,0.0012000000000000001,77788,71429,78342.3218847573
0.0031724137931034486,0.008975862068965518,0.0023,77906,65989,78342.3218847573
0.0031724137931034486,0.008975862068965518,0.0034,77939,61090,78342.3218847573
0.0031724137931034486,0.008975862068965518,0.0045000000000000005,77733,57090,78342.3218847573
0.0031724137931034486,0.008975862068965518,0.005600000000000001,77890,53694,78342.3218847573
0.0031724137931034486,0.008975862068965518,0.0067,77923,50575,78342.3218847573
0.0031724137931034486,0.008975862068965518,0.0078000000000000005,78049,47603,78342.3218847573
0.0031724137931034486,0.008975862068965518,0.0089,77951,45376,78342.3218847573
0.0031724137931034486,0.008975862068965518,0.01,77806,43009,78342.3218847573
0.0031724137931034486,0.009317241379310346,0.0001,76336,75741,76200.99392600774
0.0031724137931034486,0.009317241379310346,0.0012000000000000001,75685,69397,76200.99392600774
0.0031724137931034486,0.009317241379310346,0.0023,75129,64352,76200.99392600774
0.0031724137931034486,0.009317241379310346,0.0034,75404,60081,76200.99392600774
0.0031724137931034486,0.009317241379310346,0.0045000000000000005,74634,56136,76200.99392600774
0.0031724137931034486,0.009317241379310346,0.005600000000000001,74128,52707,76200.99392600774
0.0031724137931034486,0.009317241379310346,0.0067,71921,49620,76200.99392600774
0.0031724137931034486,0.009317241379310346,0.0078000000000000005,72811,46907,76200.99392600774
0.0031724137931034486,0.009317241379310346,0.0089,75736,44593,76200.99392600774
0.0031724137931034486,0.009317241379310346,0.01,72884,42373,76200.99392600774
0.0031724137931034486,0.009658620689655173,0.0001,74238,73563,74173.60924482667
0.0031724137931034486,0.009658620689655173,0.0012000000000000001,73719,67949,74173.60924482667
0.0031724137931034486,0.009658620689655173,0.0023,73622,63098,74173.60924482667
0.0031724137931034486,0.009658620689655173,0.0034,73684,58737,74173.60924482667
0.0031724137931034486,0.009658620689655173,0.0045000000000000005,73553,55070,74173.60924482667
0.0031724137931034486,0.009658620689655173,0.005600000000000001,73862,51736,74173.60924482667
0.0031724137931034486,0.009658620689655173,0.0067,72777,48771,74173.60924482667
0.0031724137931034486,0.009658620689655173,0.0078000000000000005,73878,46285,74173.60924482667
0.0031724137931034486,0.009658620689655173,0.0089,73833,43887,74173.60924482667
0.0031724137931034486,0.009658620689655173,0.01,73335,41739,74173.60924482667
0.0031724137931034486,0.01,0.0001,72387,71873,72251.30890052357
0.0031724137931034486,0.01,0.0012000000000000001,72231,66344,72251.30890052357
0.0031724137931034486,0.01,0.0023,72191,61614,72251.30890052357
0.0031724137931034486,0.01,0.0034,72139,57562,72251.30890052357
0.0031724137931034486,0.01,0.0045000000000000005,72085,53838,72251.30890052357
0.0031724137931034486,0.01,0.005600000000000001,72099,50829,72251.30890052357
0.0031724137931034486,0.01,0.0067,72047,47887,72251.30890052357
0.0031724137931034486,0.01,0.0078000000000000005,72041,45483,72251.30890052357
0.0031724137931034486,0.01,0.0089,71995,43013,72251.30890052357
0.0031724137931034486,0.01,0.01,71903,41164,72251.30890052357
0.0035137931034482763,0.0001,0.0001,284221,283805,291698.4732824428
0.0035137931034482763,0.0001,0.0012000000000000001,235449,218949,291698.4732824428
0.0035137931034482763,0.0001,0.0023,212146,178537,291698.4732824428
0.0035137931034482763,0.0001,0.0034,199081,150300,291698.4732824428
0.0035137931034482763,0.0001,0.0045000000000000005,190389,129961,291698.4732824428
0.0035137931034482763,0.0001,0.005600000000000001,183836,114437,291698.4732824428
0.0035137931034482763,0.0001,0.0067,179243,102433,291698.4732824428
0.0035137931034482763,0.0001,0.0078000000000000005,175772,92481,291698.4732824428
0.0035137931034482763,0.0001,0.0089,172964,84382,291698.4732824428
0.0035137931034482763,0.0001,0.01,170645,77559,291698.4732824428
0.0035137931034482763,0.0004413793103448276,0.0001,260717,260063,266521.36006974714
0.0035137931034482763,0.0004413793103448276,0.0012000000000000001,222646,204731,266521.36006974714
0.0035137931034482763,0.0004413793103448276,0.0023,203537,168575,266521.36006974714
0.0035137931034482763,0.0004413793103448276,0.0034,192242,143589,266521.36006974714
0.0035137931034482763,0.0004413793103448276,0.0045000000000000005,184721,124928,266521.36006974714
0.0035137931034482763,0.0004413793103448276,0.005600000000000001,179442,110374,266521.36006974714
0.0035137931034482763,0.0004413793103448276,0.0067,175497,98844,266521.36006974714
0.0035137931034482763,0.0004413793103448276,0.0078000000000000005,172463,89827,266521.36006974714
0.0035137931034482763,0.0004413793103448276,0.0089,169842,82138,266521.36006974714
0.0035137931034482763,0.0004413793103448276,0.01,167668,75429,266521.36006974714
0.0035137931034482763,0.0007827586206896553,0.0001,241205,240321,245345.1043338684
0.0035137931034482763,0.0007827586206896553,0.0012000000000000001,211090,191762,245345.1043338684
0.0035137931034482763,0.0007827586206896553,0.0023,195739,160139,245345.1043338684
0.0035137931034482763,0.0007827586206896553,0.0034,186300,137161,245345.1043338684
0.0035137931034482763,0.0007827586206896553,0.0045000000000000005,179641,119916,245345.1043338684
0.0035137931034482763,0.0007827586206896553,0.005600000000000001,175159,106526,245345.1043338684
0.0035137931034482763,0.0007827586206896553,0.0067,171821,95787,245345.1043338684
0.0035137931034482763,0.0007827586206896553,0.0078000000000000005,169005,87030,245345.1043338684
0.0035137931034482763,0.0007827586206896553,0.0089,165951,79950,245345.1043338684
0.0035137931034482763,0.0007827586206896553,0.01,164298,73863,245345.1043338684
0.0035137931034482763,0.001124137931034483,0.0001,224305,222372,227286.24535315984
0.0035137931034482763,0.001124137931034483,0.0012000000000000001,200763,180567,227286.24535315984
0.0035137931034482763,0.001124137931034483,0.0023,187766,152275,227286.24535315984
0.0035137931034482763,0.001124137931034483,0.0034,180415,131249,227286.24535315984
0.0035137931034482763,0.001124137931034483,0.0045000000000000005,174682,115363,227286.24535315984
0.0035137931034482763,0.001124137931034483,0.005600000000000001,170278,102920,227286.24535315984
0.0035137931034482763,0.001124137931034483,0.0067,166771,93150,227286.24535315984
0.0035137931034482763,0.001124137931034483,0.0078000000000000005,165228,84907,227286.24535315984
0.0035137931034482763,0.001124137931034483,0.0089,163734,77998,227286.24535315984
0.0035137931034482763,0.001124137931034483,0.01,161655,71916,227286.24535315984
0.0035137931034482763,0.0014655172413793106,0.0001,209558,207552,211703.60110803324
0.0035137931034482763,0.0014655172413793106,0.0012000000000000001,191429,170842,211703.60110803324
0.0035137931034482763,0.0014655172413793106,0.0023,180892,144944,211703.60110803324
0.0035137931034482763,0.0014655172413793106,0.0034,174937,125914,211703.60110803324
0.0035137931034482763,0.0014655172413793106,0.0045000000000000005,170536,111163,211703.60110803324
0.0035137931034482763,0.0014655172413793106,0.005600000000000001,166019,99528,211703.60110803324
0.0035137931034482763,0.0014655172413793106,0.0067,162620,90475,211703.60110803324
0.0035137931034482763,0.0014655172413793106,0.0078000000000000005,162009,82629,211703.60110803324
0.0035137931034482763,0.0014655172413793106,0.0089,159716,75843,211703.60110803324
0.0035137931034482763,0.0014655172413793106,0.01,158514,70488,211703.60110803324
0.0035137931034482763,0.0018068965517241383,0.0001,196500,194770,198120.54439403757
0.0035137931034482763,0.0018068965517241383,0.0012000000000000001,182840,161635,198120.54439403757
0.0035137931034482763,0.0018068965517241383,0.0023,174495,138256,198120.54439403757
0.0035137931034482763,0.0018068965517241383,0.0034,169540,121123,198120.54439403757
0.0035137931034482763,0.0018068965517241383,0.0045000000000000005,165536,107232,198120.54439403757
0.0035137931034482763,0.0018068965517241383,0.005600000000000001,162360,96508,198120.54439403757
0.0035137931034482763,0.0018068965517241383,0.0067,159821,87740,198120.54439403757
0.0035137931034482763,0.0018068965517241383,0.0078000000000000005,158181,80299,198120.54439403757
0.0035137931034482763,0.0018068965517241383,0.0089,155659,74304,198120.54439403757
0.0035137931034482763,0.0018068965517241383,0.01,155162,68936,198120.54439403757
0.0035137931034482763,0.0021482758620689655,0.0001,185063,183264,186175.3958587089
0.0035137931034482763,0.0021482758620689655,0.0012000000000000001,174889,153583,186175.3958587089
0.0035137931034482763,0.0021482758620689655,0.0023,168914,132657,186175.3958587089
0.0035137931034482763,0.0021482758620689655,0.0034,163937,116511,186175.3958587089
0.0035137931034482763,0.0021482758620689655,0.0045000000000000005,161164,103642,186175.3958587089
0.0035137931034482763,0.0021482758620689655,0.005600000000000001,161000,93764,186175.3958587089
0.0035137931034482763,0.0021482758620689655,0.0067,155940,85419,186175.3958587089
0.0035137931034482763,0.0021482758620689655,0.0078000000000000005,154970,78434,186175.3958587089
0.0035137931034482763,0.0021482758620689655,0.0089,154348,72286,186175.3958587089
0.0035137931034482763,0.0021482758620689655,0.01,151233,67207,186175.3958587089
0.0035137931034482763,0.0024896551724137932,0.0001,174854,172715,175588.7421022401
0.0035137931034482763,0.0024896551724137932,0.0012000000000000001,167497,146303,175588.7421022401
0.0035137931034482763,0.0024896551724137932,0.0023,161969,126917,175588.7421022401
0.0035137931034482763,0.0024896551724137932,0.0034,158358,112270,175588.7421022401
0.0035137931034482763,0.0024896551724137932,0.0045000000000000005,156213,100491,175588.7421022401
0.0035137931034482763,0.0024896551724137932,0.005600000000000001,156050,90958,175588.7421022401
0.0035137931034482763,0.0024896551724137932,0.0067,153149,82987,175588.7421022401
0.0035137931034482763,0.0024896551724137932,0.0078000000000000005,151692,76266,175588.7421022401
0.0035137931034482763,0.0024896551724137932,0.0089,151904,70646,175588.7421022401
0.0035137931034482763,0.0024896551724137932,0.01,149919,66058,175588.7421022401
0.0035137931034482763,0.002831034482758621,0.0001,165535,163910,166141.3043478261
0.0035137931034482763,0.002831034482758621,0.0012000000000000001,160448,139947,166141.3043478261
0.0035137931034482763,0.002831034482758621,0.0023,157011,122103,166141.3043478261
0.0035137931034482763,0.002831034482758621,0.0034,156712,108195,166141.3043478261
0.0035137931034482763,0.002831034482758621,0.0045000000000000005,153725,97393,166141.3043478261
0.0035137931034482763,0.002831034482758621,0.005600000000000001,150397,88362,166141.3043478261
0.0035137931034482763,0.002831034482758621,0.0067,150270,80846,166141.3043478261
0.0035137931034482763,0.002831034482758621,0.0078000000000000005,148927,74651,166141.3043478261
0.0035137931034482763,0.002831034482758621,0.0089,147409,69077,166141.3043478261
0.0035137931034482763,0.002831034482758621,0.01,149830,64617,166141.3043478261
0.0035137931034482763,0.0031724137931034486,0.0001,157269,155662,157658.58690046417
0.0035137931034482763,0.0031724137931034486,0.0012000000000000001,154361,133768,157658.58690046417
0.0035137931034482763,0.0031724137931034486,0.0023,149659,117536,157658.58690046417
0.0035137931034482763,0.0031724137931034486,0.0034,148527,104698,157658.58690046417
0.0035137931034482763,0.0031724137931034486,0.0045000000000000005,149472,94459,157658.58690046417
0.0035137931034482763,0.0031724137931034486,0.005600000000000001,146825,85948,157658.58690046417
0.0035137931034482763,0.0031724137931034486,0.0067,148418,78854,157658.58690046417
0.0035137931034482763,0.0031724137931034486,0.0078000000000000005,145675,72888,157658.58690046417
0.0035137931034482763,0.0031724137931034486,0.0089,145447,67782,157658.58690046417
0.0035137931034482763,0.0031724137931034486,0.01,145813,63254,157658.58690046417
0.0035137931034482763,0.0035137931034482763,0.0001,149718,148217,150000.0
0.0035137931034482763,0.0035137931034482763,0.0012000000000000001,148223,128378,150000.0
0.0035137931034482763,0.0035137931034482763,0.0023,146249,113232,150000.0
0.0035137931034482763,0.0035137931034482763,0.0034,145930,101291,150000.0
0.0035137931034482763,0.0035137931034482763,0.0045000000000000005,143928,91366,150000.0
0.0035137931034482763,0.0035137931034482763,0.005600000000000001,144498,83477,150000.0
0.0035137931034482763,0.0035137931034482763,0.0067,142323,76923,150000.0
0.0035137931034482763,0.0035137931034482763,0.0078000000000000005,142095,71265,150000.0
0.0035137931034482763,0.0035137931034482763,0.0089,143288,66287,150000.0
0.0035137931034482763,0.0035137931034482763,0.01,142276,62021,150000.0
0.0035137931034482763,0.003855172413793104,0.0001,142770,141256,143051.00608329437
0.0035137931034482763,0.003855172413793104,0.0012000000000000001,138584,122979,143051.00608329437
0.0035137931034482763,0.003855172413793104,0.0023,136293,109239,143051.00608329437
0.0035137931034482763,0.003855172413793104,0.0034,136585,98106,143051.00608329437
0.0035137931034482763,0.003855172413793104,0.0045000000000000005,136026,88972,143051.00608329437
0.0035137931034482763,0.003855172413793104,0.005600000000000001,138037,81429,143051.00608329437
0.0035137931034482763,0.003855172413793104,0.0067,135175,75044,143051.00608329437
0.0035137931034482763,0.003855172413793104,0.0078000000000000005,137130,69607,143051.00608329437
0.0035137931034482763,0.003855172413793104,0.0089,137721,64691,143051.00608329437
0.0035137931034482763,0.003855172413793104,0.01,136902,60802,143051.00608329437
0.0035137931034482763,0.004196551724137932,0.0001,136679,135096,136717.35241502683
0.0035137931034482763,0.004196551724137932,0.0012000000000000001,132838,118251,136717.35241502683
0.0035137931034482763,0.004196551724137932,0.0023,132622,105512,136717.35241502683
0.0035137931034482763,0.004196551724137932,0.0034,133426,95040,136717.35241502683
0.0035137931034482763,0.004196551724137932,0.0045000000000000005,130057,86479,136717.35241502683
0.0035137931034482763,0.004196551724137932,0.005600000000000001,131308,79187,136717.35241502683
0.0035137931034482763,0.004196551724137932,0.0067,130165,73125,136717.35241502683
0.0035137931034482763,0.004196551724137932,0.0078000000000000005,130455,68075,136717.35241502683
0.0035137931034482763,0.004196551724137932,0.0089,127855,63588,136717.35241502683
0.0035137931034482763,0.004196551724137932,0.01,127085,59526,136717.35241502683
0.0035137931034482763,0.00453793103448276,0.0001,130666,129482,130920.77087794432
0.0035137931034482763,0.00453793103448276,0.0012000000000000001,128940,114046,130920.77087794432
0.0035137931034482763,0.00453793103448276,0.0023,127037,102017,130920.77087794432
0.0035137931034482763,0.00453793103448276,0.0034,125274,91964,130920.77087794432
0.0035137931034482763,0.00453793103448276,0.0045000000000000005,123216,83960,130920.77087794432
0.0035137931034482763,0.00453793103448276,0.005600000000000001,125018,77297,130920.77087794432
0.0035137931034482763,0.00453793103448276,0.0067,125388,71364,130920.77087794432
0.0035137931034482763,0.00453793103448276,0.0078000000000000005,126019,66684,130920.77087794432
0.0035137931034482763,0.00453793103448276,0.0089,126171,62241,130920.77087794432
0.0035137931034482763,0.00453793103448276,0.01,126073,58550,130920.77087794432
0.0035137931034482763,0.004879310344827587,0.0001,125682,124360,125595.72719802792
0.0035137931034482763,0.004879310344827587,0.0012000000000000001,122159,110046,125595.72719802792
0.0035137931034482763,0.004879310344827587,0.0023,119733,98745,125595.72719802792
0.0035137931034482763,0.004879310344827587,0.0034,116918,89555,125595.72719802792
0.0035137931034482763,0.004879310344827587,0.0045000000000000005,123823,81908,125595.72719802792
0.0035137931034482763,0.004879310344827587,0.005600000000000001,121861,75282,125595.72719802792
0.0035137931034482763,0.004879310344827587,0.0067,120236,69930,125595.72719802792
0.0035137931034482763,0.004879310344827587,0.0078000000000000005,119830,65225,125595.72719802792
0.0035137931034482763,0.004879310344827587,0.0089,116636,61076,125595.72719802792
0.0035137931034482763,0.004879310344827587,0.01,120764,57393,125595.72719802792
0.0035137931034482763,0.005220689655172415,0.0001,120749,119307,120686.93249111723
0.0035137931034482763,0.005220689655172415,0.0012000000000000001,117318,106280,120686.93249111723
0.0035137931034482763,0.005220689655172415,0.0023,115490,95472,120686.93249111723
0.0035137931034482763,0.005220689655172415,0.0034,112476,87046,120686.93249111723
0.0035137931034482763,0.005220689655172415,0.0045000000000000005,112620,79775,120686.93249111723
0.0035137931034482763,0.005220689655172415,0.005600000000000001,118308,73659,120686.93249111723
0.0035137931034482763,0.005220689655172415,0.0067,112422,68184,120686.93249111723
0.0035137931034482763,0.005220689655172415,0.0078000000000000005,114240,63770,120686.93249111723
0.0035137931034482763,0.005220689655172415,0.0089,111510,59913,120686.93249111723
0.0035137931034482763,0.005220689655172415,0.01,118284,56368,120686.93249111723
0.0035137931034482763,0.005562068965517242,0.0001,116124,114780,116147.41641337387
0.0035137931034482763,0.005562068965517242,0.0012000000000000001,113345,102639,116147.41641337387
0.0035137931034482763,0.005562068965517242,0.0023,111843,92690,116147.41641337387
0.0035137931034482763,0.005562068965517242,0.0034,112562,84440,116147.41641337387
0.0035137931034482763,0.005562068965517242,0.0045000000000000005,108675,77785,116147.41641337387
0.0035137931034482763,0.005562068965517242,0.005600000000000001,113429,71974,116147.41641337387
0.0035137931034482763,0.005562068965517242,0.0067,107602,67000,116147.41641337387
0.0035137931034482763,0.005562068965517242,0.0078000000000000005,110917,62616,116147.41641337387
0.0035137931034482763,0.005562068965517242,0.0089,112107,58744,116147.41641337387
0.0035137931034482763,0.005562068965517242,0.01,110328,55410,116147.41641337387
0.0035137931034482763,0.00590344827586207,0.0001,111905,110659,111937.0194068107
0.0035137931034482763,0.00590344827586207,0.0012000000000000001,110297,99241,111937.0194068107
0.0035137931034482763,0.00590344827586207,0.0023,109725,90183,111937.0194068107
0.0035137931034482763,0.00590344827586207,0.0034,108487,82382,111937.0194068107
0.0035137931034482763,0.00590344827586207,0.0045000000000000005,107836,75815,111937.0194068107
0.0035137931034482763,0.00590344827586207,0.005600000000000001,105961,70368,111937.0194068107
0.0035137931034482763,0.00590344827586207,0.0067,107100,65528,111937.0194068107
0.0035137931034482763,0.00590344827586207,0.0078000000000000005,110741,61124,111937.0194068107
0.0035137931034482763,0.00590344827586207,0.0089,108809,57444,111937.0194068107
0.0035137931034482763,0.00590344827586207,0.01,108782,54375,111937.0194068107
0.0035137931034482763,0.006244827586206898,0.0001,107965,106847,108021.20141342757
0.0035137931034482763,0.006244827586206898,0.0012000000000000001,106398,96348,108021.20141342757
0.0035137931034482763,0.006244827586206898,0.0023,103553,87387,108021.20141342757
0.0035137931034482763,0.006244827586206898,0.0034,104355,80022,108021.20141342757
0.0035137931034482763,0.006244827586206898,0.0045000000000000005,105012,74079,108021.20141342757
0.0035137931034482763,0.006244827586206898,0.005600000000000001,104506,68763,108021.20141342757
0.0035137931034482763,0.006244827586206898,0.0067,102067,64043,108021.20141342757
0.0035137931034482763,0.006244827586206898,0.0078000000000000005,105120,60153,108021.20141342757
0.0035137931034482763,0.006244827586206898,0.0089,103687,56460,108021.20141342757
0.0035137931034482763,0.006244827586206898,0.01,107420,53445,108021.20141342757
0.0035137931034482763,0.006586206896551725,0.0001,104376,103253,104370.09218163195
0.0035137931034482763,0.006586206896551725,0.0012000000000000001,102380,93444,104370.09218163195
0.0035137931034482763,0.006586206896551725,0.0023,101925,85159,104370.09218163195
0.0035137931034482763,0.006586206896551725,0.0034,101077,78292,104370.09218163195
0.0035137931034482763,0.006586206896551725,0.0045000000000000005,97639,72242,104370.09218163195
0.0035137931034482763,0.006586206896551725,0.005600000000000001,101593,67039,104370.09218163195
0.0035137931034482763,0.006586206896551725,0.0067,100427,62851,104370.09218163195
0.0035137931034482763,0.006586206896551725,0.0078000000000000005,97493,59011,104370.09218163195
0.0035137931034482763,0.006586206896551725,0.0089,102750,55518,104370.09218163195
0.0035137931034482763,0.006586206896551725,0.01,98019,52549,104370.09218163195
0.0035137931034482763,0.006927586206896553,0.0001,101020,100085,100957.72787318361
0.0035137931034482763,0.006927586206896553,0.0012000000000000001,99393,90549,100957.72787318361
0.0035137931034482763,0.006927586206896553,0.0023,97597,82910,100957.72787318361
0.0035137931034482763,0.006927586206896553,0.0034,98273,76208,100957.72787318361
0.0035137931034482763,0.006927586206896553,0.0045000000000000005,97272,70686,100957.72787318361
0.0035137931034482763,0.006927586206896553,0.005600000000000001,99507,65822,100957.72787318361
0.0035137931034482763,0.006927586206896553,0.0067,94059,61662,100957.72787318361
0.0035137931034482763,0.006927586206896553,0.0078000000000000005,95810,57961,100957.72787318361
0.0035137931034482763,0.006927586206896553,0.0089,97503,54647,100957.72787318361
0.0035137931034482763,0.006927586206896553,0.01,96874,51623,100957.72787318361
0.0035137931034482763,0.00726896551724138,0.0001,97841,97047,97761.43268308282
0.0035137931034482763,0.00726896551724138,0.0012000000000000001,96347,87894,97761.43268308282
0.0035137931034482763,0.00726896551724138,0.0023,94741,80719,97761.43268308282
0.0035137931034482763,0.00726896551724138,0.0034,94312,74476,97761.43268308282
0.0035137931034482763,0.00726896551724138,0.0045000000000000005,92970,68993,97761.43268308282
0.0035137931034482763,0.00726896551724138,0.005600000000000001,96213,64439,97761.43268308282
0.0035137931034482763,0.00726896551724138,0.0067,90178,60195,97761.43268308282
0.0035137931034482763,0.00726896551724138,0.0078000000000000005,96713,56778,97761.43268308282
0.0035137931034482763,0.00726896551724138,0.0089,91095,53538,97761.43268308282
0.0035137931034482763,0.00726896551724138,0.01,96667,50668,97761.43268308282
0.0035137931034482763,0.0076103448275862086,0.0001,94842,94136,94761.31432114073
0.0035137931034482763,0.0076103448275862086,0.0012000000000000001,94033,85678,94761.31432114073
0.0035137931034482763,0.0076103448275862086,0.0023,92878,78706,94761.31432114073
0.0035137931034482763,0.0076103448275862086,0.0034,90516,72578,94761.31432114073
0.0035137931034482763,0.0076103448275862086,0.0045000000000000005,89553,67421,94761.31432114073
0.0035137931034482763,0.0076103448275862086,0.005600000000000001,92844,62924,94761.31432114073
0.0035137931034482763,0.0076103448275862086,0.0067,89947,59143,94761.31432114073
0.0035137931034482763,0.0076103448275862086,0.0078000000000000005,90180,55611,94761.31432114073
0.0035137931034482763,0.0076103448275862086,0.0089,90112,52582,94761.31432114073
0.0035137931034482763,0.0076103448275862086,0.01,93727,49871,94761.31432114073
0.0035137931034482763,0.007951724137931035,0.0001,91840,91048,91939.84962406017
0.0035137931034482763,0.007951724137931035,0.0012000000000000001,91277,83312,91939.84962406017
0.0035137931034482763,0.007951724137931035,0.0023,90701,76526,91939.84962406017
0.0035137931034482763,0.007951724137931035,0.0034,89654,71042,91939.84962406017
0.0035137931034482763,0.007951724137931035,0.0045000000000000005,89211,66162,91939.84962406017
0.0035137931034482763,0.007951724137931035,0.005600000000000001,89916,61864,91939.84962406017
0.0035137931034482763,0.007951724137931035,0.0067,87816,58116,91939.84962406017
0.0035137931034482763,0.007951724137931035,0.0078000000000000005,86484,54614,91939.84962406017
0.0035137931034482763,0.007951724137931035,0.0089,90795,51663,91939.84962406017
0.0035137931034482763,0.007951724137931035,0.01,91156,49235,91939.84962406017
0.0035137931034482763,0.008293103448275862,0.0001,89425,88645,89281.54205607476
0.0035137931034482763,0.008293103448275862,0.0012000000000000001,88528,81181,89281.54205607476
0.0035137931034482763,0.008293103448275862,0.0023,87782,74760,89281.54205607476
0.0035137931034482763,0.008293103448275862,0.0034,86926,69443,89281.54205607476
0.0035137931034482763,0.008293103448275862,0.0045000000000000005,85619,64683,89281.54205607476
0.0035137931034482763,0.008293103448275862,0.005600000000000001,87812,60698,89281.54205607476
0.0035137931034482763,0.008293103448275862,0.0067,87133,57093,89281.54205607476
0.0035137931034482763,0.008293103448275862,0.0078000000000000005,84983,53777,89281.54205607476
0.0035137931034482763,0.008293103448275862,0.0089,88207,50975,89281.54205607476
0.0035137931034482763,0.008293103448275862,0.01,86188,48407,89281.54205607476
0.0035137931034482763,0.00863448275862069,0.0001,86845,86257,86772.6369571388
0.0035137931034482763,0.00863448275862069,0.0012000000000000001,86382,79178,86772.6369571388
0.0035137931034482763,0.00863448275862069,0.0023,84854,73088,86772.6369571388
0.0035137931034482763,0.00863448275862069,0.0034,83909,67835,86772.6369571388
0.0035137931034482763,0.00863448275862069,0.0045000000000000005,85079,63497,86772.6369571388
0.0035137931034482763,0.00863448275862069,0.005600000000000001,85015,59288,86772.6369571388
0.0035137931034482763,0.00863448275862069,0.0067,83952,56075,86772.6369571388
0.0035137931034482763,0.00863448275862069,0.0078000000000000005,85894,52926,86772.6369571388
0.0035137931034482763,0.00863448275862069,0.0089,84715,50207,86772.6369571388
0.0035137931034482763,0.00863448275862069,0.01,85994,47581,86772.6369571388
0.0035137931034482763,0.008975862068965518,0.0001,84430,83644,84400.88348978464
0.0035137931034482763,0.008975862068965518,0.0012000000000000001,83901,77070,84400.88348978464
0.0035137931034482763,0.008975862068965518,0.0023,83471,71178,84400.88348978464
0.0035137931034482763,0.008975862068965518,0.0034,81683,66472,84400.88348978464
0.0035137931034482763,0.008975862068965518,0.0045000000000000005,83097,62098,84400.88348978464
0.0035137931034482763,0.008975862068965518,0.005600000000000001,80020,58341,84400.88348978464
0.0035137931034482763,0.008975862068965518,0.0067,84163,55095,84400.88348978464
0.0035137931034482763,0.008975862068965518,0.0078000000000000005,81939,52112,84400.88348978464
0.0035137931034482763,0.008975862068965518,0.0089,83983,49346,84400.88348978464
0.0035137931034482763,0.008975862068965518,0.01,83198,47014,84400.88348978464
0.0035137931034482763,0.009317241379310346,0.0001,82302,81658,82155.3345874765
0.0035137931034482763,0.009317241379310346,0.0012000000000000001,81530,75314,82155.3345874765
0.0035137931034482763,0.009317241379310346,0.0023,81323,69792,82155.3345874765
0.0035137931034482763,0.009317241379310346,0.0034,80756,64840,82155.3345874765
0.0035137931034482763,0.009317241379310346,0.0045000000000000005,80955,60915,82155.3345874765
0.0035137931034482763,0.009317241379310346,0.005600000000000001,80284,57292,82155.3345874765
0.0035137931034482763,0.009317241379310346,0.0067,80120,54130,82155.3345874765
0.0035137931034482763,0.009317241379310346,0.0078000000000000005,78882,51213,82155.3345874765
0.0035137931034482763,0.009317241379310346,0.0089,78836,48551,82155.3345874765
0.0035137931034482763,0.009317241379310346,0.01,79737,46241,82155.3345874765
0.0035137931034482763,0.009658620689655173,0.0001,79909,79325,80026.17801047121
0.0035137931034482763,0.009658620689655173,0.0012000000000000001,79619,73465,80026.17801047121
0.0035137931034482763,0.009658620689655173,0.0023,78586,68097,80026.17801047121
0.0035137931034482763,0.009658620689655173,0.0034,79442,63581,80026.17801047121
0.0035137931034482763,0.009658620689655173,0.0045000000000000005,79735,59817,80026.17801047121
0.0035137931034482763,0.009658620689655173,0.005600000000000001,79650,56266,80026.17801047121
0.0035137931034482763,0.009658620689655173,0.0067,77535,53204,80026.17801047121
0.0035137931034482763,0.009658620689655173,0.0078000000000000005,79737,50332,80026.17801047121
0.0035137931034482763,0.009658620689655173,0.0089,78279,47702,80026.17801047121
0.0035137931034482763,0.009658620689655173,0.01,79720,45396,80026.17801047121
0.0035137931034482763,0.01,0.0001,78122,77559,78004.59300842052
0.0035137931034482763,0.01,0.0012000000000000001,77944,71580,78004.59300842052
0.0035137931034482763,0.01,0.0023,77696,66760,78004.59300842052
0.0035137931034482763,0.01,0.0034,77809,62471,78004.59300842052
0.0035137931034482763,0.01,0.0045000000000000005,76333,58414,78004.59300842052
0.0035137931034482763,0.01,0.005600000000000001,74555,55231,78004.59300842052
0.0035137931034482763,0.01,0.0067,77763,52074,78004.59300842052
0.0035137931034482763,0.01,0.0078000000000000005,77821,49522,78004.59300842052
0.0035137931034482763,0.01,0.0089,77834,47126,78004.59300842052
0.0035137931034482763,0.01,0.01,77833,44801,78004.59300842052
0.003855172413793104,0.0001,0.0001,285596,285100,292414.995640802
0.003855172413793104,0.0001,0.0012000000000000001,238720,224811,292414.995640802
0.003855172413793104,0.0001,0.0023,215713,185081,292414.995640802
0.003855172413793104,0.0001,0.0034,202201,157447,292414.995640802
0.003855172413793104,0.0001,0.0045000000000000005,193097,137056,292414.995640802
0.003855172413793104,0.0001,0.005600000000000001,186740,121012,292414.995640802
0.003855172413793104,0.0001,0.0067,181375,108735,292414.995640802
0.003855172413793104,0.0001,0.0078000000000000005,178073,98489,292414.995640802
0.003855172413793104,0.0001,0.0089,175173,90111,292414.995640802
0.003855172413793104,0.0001,0.01,172505,83009,292414.995640802
0.003855172413793104,0.0004413793103448276,0.0001,264089,263635,269181.3804173355
0.003855172413793104,0.0004413793103448276,0.0012000000000000001,226543,210806,269181.3804173355
0.003855172413793104,0.0004413793103448276,0.0023,207467,175618,269181.3804173355
0.003855172413793104,0.0004413793103448276,0.0034,195878,150479,269181.3804173355
0.003855172413793104,0.0004413793103448276,0.0045000000000000005,188095,131404,269181.3804173355
0.003855172413793104,0.0004413793103448276,0.005600000000000001,182037,116851,269181.3804173355
0.003855172413793104,0.0004413793103448276,0.0067,178187,105372,269181.3804173355
0.003855172413793104,0.0004413793103448276,0.0078000000000000005,174574,95534,269181.3804173355
0.003855172413793104,0.0004413793103448276,0.0089,171474,87840,269181.3804173355
0.003855172413793104,0.0004413793103448276,0.01,169498,80885,269181.3804173355
0.003855172413793104,0.0007827586206896553,0.0001,245466,244410,249368.029739777
0.003855172413793104,0.0007827586206896553,0.0012000000000000001,215668,198094,249368.029739777
0.003855172413793104,0.0007827586206896553,0.0023,199888,166687,249368.029739777
0.003855172413793104,0.0007827586206896553,0.0034,189517,144181,249368.029739777
0.003855172413793104,0.0007827586206896553,0.0045000000000000005,183107,126755,249368.029739777
0.003855172413793104,0.0007827586206896553,0.005600000000000001,178109,113012,249368.029739777
0.003855172413793104,0.0007827586206896553,0.0067,173841,102196,249368.029739777
0.003855172413793104,0.0007827586206896553,0.0078000000000000005,171298,93142,249368.029739777
0.003855172413793104,0.0007827586206896553,0.0089,168810,85471,249368.029739777
0.003855172413793104,0.0007827586206896553,0.01,166534,79044,249368.029739777
0.003855172413793104,0.001124137931034483,0.0001,229094,228182,232271.4681440443
0.003855172413793104,0.001124137931034483,0.0012000000000000001,205353,187196,232271.4681440443
0.003855172413793104,0.001124137931034483,0.0023,192477,158971,232271.4681440443
0.003855172413793104,0.001124137931034483,0.0034,184163,138060,232271.4681440443
0.003855172413793104,0.001124137931034483,0.0045000000000000005,177948,122219,232271.4681440443
0.003855172413793104,0.001124137931034483,0.005600000000000001,173753,109381,232271.4681440443
0.003855172413793104,0.001124137931034483,0.0067,170603,98932,232271.4681440443
0.003855172413793104,0.001124137931034483,0.0078000000000000005,167914,90642,232271.4681440443
0.003855172413793104,0.001124137931034483,0.0089,165320,83378,232271.4681440443
0.003855172413793104,0.001124137931034483,0.01,163969,77203,232271.4681440443
0.003855172413793104,0.0014655172413793106,0.0001,215078,213684,217368.76215165263
0.003855172413793104,0.0014655172413793106,0.0012000000000000001,196179,177381,217368.76215165263
0.003855172413793104,0.0014655172413793106,0.0023,185579,151845,217368.76215165263
0.003855172413793104,0.0014655172413793106,0.0034,178338,132832,217368.76215165263
0.003855172413793104,0.0014655172413793106,0.0045000000000000005,173692,117764,217368.76215165263
0.003855172413793104,0.0014655172413793106,0.005600000000000001,169771,106049,217368.76215165263
0.003855172413793104,0.0014655172413793106,0.0067,166394,96166,217368.76215165263
0.003855172413793104,0.0014655172413793106,0.0078000000000000005,164495,88094,217368.76215165263
0.003855172413793104,0.0014655172413793106,0.0089,162398,81375,217368.76215165263
0.003855172413793104,0.0014655172413793106,0.01,161236,75526,217368.76215165263
0.003855172413793104,0.0018068965517241383,0.0001,202607,200847,204263.09378806333
0.003855172413793104,0.0018068965517241383,0.0012000000000000001,187981,168871,204263.09378806333
0.003855172413793104,0.0018068965517241383,0.0023,179222,145266,204263.09378806333
0.003855172413793104,0.0018068965517241383,0.0034,172948,127554,204263.09378806333
0.003855172413793104,0.0018068965517241383,0.0045000000000000005,169079,113722,204263.09378806333
0.003855172413793104,0.0018068965517241383,0.005600000000000001,165976,102796,204263.09378806333
0.003855172413793104,0.0018068965517241383,0.0067,163631,93701,204263.09378806333
0.003855172413793104,0.0018068965517241383,0.0078000000000000005,161679,85953,204263.09378806333
0.003855172413793104,0.0018068965517241383,0.0089,158378,79569,204263.09378806333
0.003855172413793104,0.0018068965517241383,0.01,157827,73756,204263.09378806333
0.003855172413793104,0.0021482758620689655,0.0001,191316,189806,192647.90350373348
0.003855172413793104,0.0021482758620689655,0.0012000000000000001,180177,160760,192647.90350373348
0.003855172413793104,0.0021482758620689655,0.0023,172629,139416,192647.90350373348
0.003855172413793104,0.0021482758620689655,0.0034,167396,123206,192647.90350373348
0.003855172413793104,0.0021482758620689655,0.0045000000000000005,164477,110077,192647.90350373348
0.003855172413793104,0.0021482758620689655,0.005600000000000001,160966,99625,192647.90350373348
0.003855172413793104,0.0021482758620689655,0.0067,159706,91193,192647.90350373348
0.003855172413793104,0.0021482758620689655,0.0078000000000000005,157654,83919,192647.90350373348
0.003855172413793104,0.0021482758620689655,0.0089,155284,77715,192647.90350373348
0.003855172413793104,0.0021482758620689655,0.01,154825,72429,192647.90350373348
0.003855172413793104,0.0024896551724137932,0.0001,181318,179686,182282.6086956522
0.003855172413793104,0.0024896551724137932,0.0012000000000000001,172730,153393,182282.6086956522
0.003855172413793104,0.0024896551724137932,0.0023,166661,133943,182282.6086956522
0.003855172413793104,0.0024896551724137932,0.0034,163903,118883,182282.6086956522
0.003855172413793104,0.0024896551724137932,0.0045000000000000005,160198,106579,182282.6086956522
0.003855172413793104,0.0024896551724137932,0.005600000000000001,157535,96952,182282.6086956522
0.003855172413793104,0.0024896551724137932,0.0067,156176,88687,182282.6086956522
0.003855172413793104,0.0024896551724137932,0.0078000000000000005,155012,81679,182282.6086956522
0.003855172413793104,0.0024896551724137932,0.0089,153076,76045,182282.6086956522
0.003855172413793104,0.0024896551724137932,0.01,152229,70864,182282.6086956522
0.003855172413793104,0.002831034482758621,0.0001,172432,170509,172975.7607013925
0.003855172413793104,0.002831034482758621,0.0012000000000000001,165932,146829,172975.7607013925
0.003855172413793104,0.002831034482758621,0.0023,161586,128814,172975.7607013925
0.003855172413793104,0.002831034482758621,0.0034,157207,114849,172975.7607013925
0.003855172413793104,0.002831034482758621,0.0045000000000000005,157301,103310,172975.7607013925
0.003855172413793104,0.002831034482758621,0.005600000000000001,154972,94254,172975.7607013925
0.003855172413793104,0.002831034482758621,0.0067,153603,86517,172975.7607013925
0.003855172413793104,0.002831034482758621,0.0078000000000000005,151645,79972,172975.7607013925
0.003855172413793104,0.002831034482758621,0.0089,150276,74314,172975.7607013925
0.003855172413793104,0.002831034482758621,0.01,148179,69421,172975.7607013925
0.003855172413793104,0.0031724137931034486,0.0001,164119,162334,164573.11089303237
0.003855172413793104,0.0031724137931034486,0.0012000000000000001,159773,140801,164573.11089303237
0.003855172413793104,0.0031724137931034486,0.0023,156195,123977,164573.11089303237
0.003855172413793104,0.0031724137931034486,0.0034,154932,111056,164573.11089303237
0.003855172413793104,0.0031724137931034486,0.0045000000000000005,154589,100403,164573.11089303237
0.003855172413793104,0.0031724137931034486,0.005600000000000001,152459,91782,164573.11089303237
0.003855172413793104,0.0031724137931034486,0.0067,151983,84329,164573.11089303237
0.003855172413793104,0.0031724137931034486,0.0078000000000000005,148865,78088,164573.11089303237
0.003855172413793104,0.0031724137931034486,0.0089,148499,72733,164573.11089303237
0.003855172413793104,0.0031724137931034486,0.01,147209,68017,164573.11089303237
0.003855172413793104,0.0035137931034482763,0.0001,156459,154983,156948.99391670566
0.003855172413793104,0.0035137931034482763,0.0012000000000000001,154321,134902,156948.99391670566
0.003855172413793104,0.0035137931034482763,0.0023,151631,119813,156948.99391670566
0.003855172413793104,0.0035137931034482763,0.0034,150739,107512,156948.99391670566
0.003855172413793104,0.0035137931034482763,0.0045000000000000005,147989,97618,156948.99391670566
0.003855172413793104,0.0035137931034482763,0.005600000000000001,148811,89183,156948.99391670566
0.003855172413793104,0.0035137931034482763,0.0067,146930,82335,156948.99391670566
0.003855172413793104,0.0035137931034482763,0.0078000000000000005,147787,76369,156948.99391670566
0.003855172413793104,0.0035137931034482763,0.0089,147216,70988,156948.99391670566
0.003855172413793104,0.0035137931034482763,0.01,144805,66730,156948.99391670566
0.003855172413793104,0.003855172413793104,0.0001,149672,148175,150000.0
0.003855172413793104,0.003855172413793104,0.0012000000000000001,147797,130041,150000.0
0.003855172413793104,0.003855172413793104,0.0023,146768,115741,150000.0
0.003855172413793104,0.003855172413793104,0.0034,146038,104276,150000.0
0.003855172413793104,0.003855172413793104,0.0045000000000000005,145755,94861,150000.0
0.003855172413793104,0.003855172413793104,0.005600000000000001,145003,87026,150000.0
0.003855172413793104,0.003855172413793104,0.0067,143990,80451,150000.0
0.003855172413793104,0.003855172413793104,0.0078000000000000005,143219,74568,150000.0
0.003855172413793104,0.003855172413793104,0.0089,142540,69732,150000.0
0.003855172413793104,0.003855172413793104,0.01,142456,65456,150000.0
0.003855172413793104,0.004196551724137932,0.0001,143499,141883,143640.2569593148
0.003855172413793104,0.004196551724137932,0.0012000000000000001,139426,125073,143640.2569593148
0.003855172413793104,0.004196551724137932,0.0023,141059,111935,143640.2569593148
0.003855172413793104,0.004196551724137932,0.0034,135402,101143,143640.2569593148
0.003855172413793104,0.004196551724137932,0.0045000000000000005,137967,92232,143640.2569593148
0.003855172413793104,0.004196551724137932,0.005600000000000001,139043,84854,143640.2569593148
0.003855172413793104,0.004196551724137932,0.0067,139503,78349,143640.2569593148
0.003855172413793104,0.004196551724137932,0.0078000000000000005,139675,72970,143640.2569593148
0.003855172413793104,0.004196551724137932,0.0089,137473,68144,143640.2569593148
0.003855172413793104,0.004196551724137932,0.01,135823,64064,143640.2569593148
0.003855172413793104,0.00453793103448276,0.0001,137798,136386,137797.86359901394
0.003855172413793104,0.00453793103448276,0.0012000000000000001,135619,120535,137797.86359901394
0.003855172413793104,0.00453793103448276,0.0023,132150,108346,137797.86359901394
0.003855172413793104,0.00453793103448276,0.0034,131031,98226,137797.86359901394
0.003855172413793104,0.00453793103448276,0.0045000000000000005,128808,89643,137797.86359901394
0.003855172413793104,0.00453793103448276,0.005600000000000001,135533,82570,137797.86359901394
0.003855172413793104,0.00453793103448276,0.0067,134111,76734,137797.86359901394
0.003855172413793104,0.00453793103448276,0.0078000000000000005,127806,71531,137797.86359901394
0.003855172413793104,0.00453793103448276,0.0089,131497,66983,137797.86359901394
0.003855172413793104,0.00453793103448276,0.01,129915,62789,137797.86359901394
0.003855172413793104,0.004879310344827587,0.0001,132302,130931,132412.15949467034
0.003855172413793104,0.004879310344827587,0.0012000000000000001,130217,116518,132412.15949467034
0.003855172413793104,0.004879310344827587,0.0023,127637,105003,132412.15949467034
0.003855172413793104,0.004879310344827587,0.0034,123664,95467,132412.15949467034
0.003855172413793104,0.004879310344827587,0.0045000000000000005,127556,87498,132412.15949467034
0.003855172413793104,0.004879310344827587,0.005600000000000001,127874,80804,132412.15949467034
0.003855172413793104,0.004879310344827587,0.0067,127795,74831,132412.15949467034
0.003855172413793104,0.004879310344827587,0.0078000000000000005,123590,69893,132412.15949467034
0.003855172413793104,0.004879310344827587,0.0089,128854,65727,132412.15949467034
0.003855172413793104,0.004879310344827587,0.01,126238,61820,132412.15949467034
0.003855172413793104,0.005220689655172415,0.0001,127404,126276,127431.61094224923
0.003855172413793104,0.005220689655172415,0.0012000000000000001,123990,112739,127431.61094224923
0.003855172413793104,0.005220689655172415,0.0023,125524,101869,127431.61094224923
0.003855172413793104,0.005220689655172415,0.0034,122859,92609,127431.61094224923
0.003855172413793104,0.005220689655172415,0.0045000000000000005,120892,85286,127431.61094224923
0.003855172413793104,0.005220689655172415,0.005600000000000001,119529,78933,127431.61094224923
0.003855172413793104,0.005220689655172415,0.0067,119470,73441,127431.61094224923
0.003855172413793104,0.005220689655172415,0.0078000000000000005,125384,68673,127431.61094224923
0.003855172413793104,0.005220689655172415,0.0089,122515,64288,127431.61094224923
0.003855172413793104,0.005220689655172415,0.01,122155,60714,127431.61094224923
0.003855172413793104,0.005562068965517242,0.0001,122888,121647,122812.15671915049
0.003855172413793104,0.005562068965517242,0.0012000000000000001,120978,109107,122812.15671915049
0.003855172413793104,0.005562068965517242,0.0023,118437,98910,122812.15671915049
0.003855172413793104,0.005562068965517242,0.0034,117908,90376,122812.15671915049
0.003855172413793104,0.005562068965517242,0.0045000000000000005,120041,83236,122812.15671915049
0.003855172413793104,0.005562068965517242,0.005600000000000001,116216,77133,122812.15671915049
0.003855172413793104,0.005562068965517242,0.0067,116928,71844,122812.15671915049
0.003855172413793104,0.005562068965517242,0.0078000000000000005,116600,67077,122812.15671915049
0.003855172413793104,0.005562068965517242,0.0089,119304,63063,122812.15671915049
0.003855172413793104,0.005562068965517242,0.01,118576,59714,122812.15671915049
0.003855172413793104,0.00590344827586207,0.0001,118497,117234,118515.90106007067
0.003855172413793104,0.00590344827586207,0.0012000000000000001,117188,105717,118515.90106007067
0.003855172413793104,0.00590344827586207,0.0023,114151,95941,118515.90106007067
0.003855172413793104,0.00590344827586207,0.0034,111701,88035,118515.90106007067
0.003855172413793104,0.00590344827586207,0.0045000000000000005,111345,81277,118515.90106007067
0.003855172413793104,0.00590344827586207,0.005600000000000001,116407,75427,118515.90106007067
0.003855172413793104,0.00590344827586207,0.0067,117456,70368,118515.90106007067
0.003855172413793104,0.00590344827586207,0.0078000000000000005,113924,65975,118515.90106007067
0.003855172413793104,0.00590344827586207,0.0089,110021,62088,118515.90106007067
0.003855172413793104,0.00590344827586207,0.01,112104,58612,118515.90106007067
0.003855172413793104,0.006244827586206898,0.0001,114440,113364,114510.07169682486
0.003855172413793104,0.006244827586206898,0.0012000000000000001,111196,102398,114510.07169682486
0.003855172413793104,0.006244827586206898,0.0023,112601,93367,114510.07169682486
0.003855172413793104,0.006244827586206898,0.0034,110332,85633,114510.07169682486
0.003855172413793104,0.006244827586206898,0.0045000000000000005,107592,79345,114510.07169682486
0.003855172413793104,0.006244827586206898,0.005600000000000001,106965,73565,114510.07169682486
0.003855172413793104,0.006244827586206898,0.0067,112176,68959,114510.07169682486
0.003855172413793104,0.006244827586206898,0.0078000000000000005,110527,64743,114510.07169682486
0.003855172413793104,0.006244827586206898,0.0089,112294,60950,114510.07169682486
0.003855172413793104,0.006244827586206898,0.01,112928,57629,114510.07169682486
0.003855172413793104,0.006586206896551725,0.0001,110633,109691,110766.18229854689
0.003855172413793104,0.006586206896551725,0.0012000000000000001,108313,99383,110766.18229854689
0.003855172413793104,0.006586206896551725,0.0023,108446,90913,110766.18229854689
0.003855172413793104,0.006586206896551725,0.0034,104098,83755,110766.18229854689
0.003855172413793104,0.006586206896551725,0.0045000000000000005,104681,77316,110766.18229854689
0.003855172413793104,0.006586206896551725,0.005600000000000001,108691,72223,110766.18229854689
0.003855172413793104,0.006586206896551725,0.0067,104263,67562,110766.18229854689
0.003855172413793104,0.006586206896551725,0.0078000000000000005,105327,63514,110766.18229854689
0.003855172413793104,0.006586206896551725,0.0089,109766,59906,110766.18229854689
0.003855172413793104,0.006586206896551725,0.01,107314,56680,110766.18229854689
0.003855172413793104,0.006927586206896553,0.0001,107154,106187,107259.3540134314
0.003855172413793104,0.006927586206896553,0.0012000000000000001,106287,96408,107259.3540134314
0.003855172413793104,0.006927586206896553,0.0023,103338,88543,107259.3540134314
0.003855172413793104,0.006927586206896553,0.0034,106027,81490,107259.3540134314
0.003855172413793104,0.006927586206896553,0.0045000000000000005,102597,75759,107259.3540134314
0.003855172413793104,0.006927586206896553,0.005600000000000001,103209,70748,107259.3540134314
0.003855172413793104,0.006927586206896553,0.0067,101802,66063,107259.3540134314
0.003855172413793104,0.006927586206896553,0.0078000000000000005,105817,62142,107259.3540134314
0.003855172413793104,0.006927586206896553,0.0089,105556,58859,107259.3540134314
0.003855172413793104,0.006927586206896553,0.01,105662,55673,107259.3540134314
0.003855172413793104,0.00726896551724138,0.0001,103970,102957,103967.76193428395
0.003855172413793104,0.00726896551724138,0.0012000000000000001,102551,94010,103967.76193428395
0.003855172413793104,0.00726896551724138,0.0023,101719,86303,103967.76193428395
0.003855172413793104,0.00726896551724138,0.0034,101635,79757,103967.76193428395
0.003855172413793104,0.00726896551724138,0.0045000000000000005,99975,74133,103967.76193428395
0.003855172413793104,0.00726896551724138,0.005600000000000001,102199,69096,103967.76193428395
0.003855172413793104,0.00726896551724138,0.0067,101515,64998,103967.76193428395
0.003855172413793104,0.00726896551724138,0.0078000000000000005,99566,61019,103967.76193428395
0.003855172413793104,0.00726896551724138,0.0089,102736,57738,103967.76193428395
0.003855172413793104,0.00726896551724138,0.01,101877,54656,103967.76193428395
0.003855172413793104,0.0076103448275862086,0.0001,100911,100064,100872.18045112783
0.003855172413793104,0.0076103448275862086,0.0012000000000000001,100075,91431,100872.18045112783
0.003855172413793104,0.0076103448275862086,0.0023,98592,84177,100872.18045112783
0.003855172413793104,0.0076103448275862086,0.0034,98041,77709,100872.18045112783
0.003855172413793104,0.0076103448275862086,0.0045000000000000005,98060,72547,100872.18045112783
0.003855172413793104,0.0076103448275862086,0.005600000000000001,97835,67873,100872.18045112783
0.003855172413793104,0.0076103448275862086,0.0067,99746,63733,100872.18045112783
0.003855172413793104,0.0076103448275862086,0.0078000000000000005,96787,59945,100872.18045112783
0.003855172413793104,0.0076103448275862086,0.0089,99126,56707,100872.18045112783
0.003855172413793104,0.0076103448275862086,0.01,100010,53994,100872.18045112783
0.003855172413793104,0.007951724137931035,0.0001,98004,97293,97955.60747663552
0.003855172413793104,0.007951724137931035,0.0012000000000000001,96635,88817,97955.60747663552
0.003855172413793104,0.007951724137931035,0.0023,94594,82078,97955.60747663552
0.003855172413793104,0.007951724137931035,0.0034,94499,76169,97955.60747663552
0.003855172413793104,0.007951724137931035,0.0045000000000000005,94809,70884,97955.60747663552
0.003855172413793104,0.007951724137931035,0.005600000000000001,95419,66576,97955.60747663552
0.003855172413793104,0.007951724137931035,0.0067,95091,62647,97955.60747663552
0.003855172413793104,0.007951724137931035,0.0078000000000000005,95689,58927,97955.60747663552
0.003855172413793104,0.007951724137931035,0.0089,95979,55788,97955.60747663552
0.003855172413793104,0.007951724137931035,0.01,96260,53130,97955.60747663552
0.003855172413793104,0.008293103448275862,0.0001,95328,94603,95202.9520295203
0.003855172413793104,0.008293103448275862,0.0012000000000000001,94384,86679,95202.9520295203
0.003855172413793104,0.008293103448275862,0.0023,93722,80189,95202.9520295203
0.003855172413793104,0.008293103448275862,0.0034,91290,74453,95202.9520295203
0.003855172413793104,0.008293103448275862,0.0045000000000000005,91803,69630,95202.9520295203
0.003855172413793104,0.008293103448275862,0.005600000000000001,88964,65268,95202.9520295203
0.003855172413793104,0.008293103448275862,0.0067,90446,61462,95202.9520295203
0.003855172413793104,0.008293103448275862,0.0078000000000000005,94089,58019,95202.9520295203
0.003855172413793104,0.008293103448275862,0.0089,89880,55090,95202.9520295203
0.003855172413793104,0.008293103448275862,0.01,92519,52291,95202.9520295203
0.003855172413793104,0.00863448275862069,0.0001,92498,91762,92600.77305356157
0.003855172413793104,0.00863448275862069,0.0012000000000000001,91799,84681,92600.77305356157
0.003855172413793104,0.00863448275862069,0.0023,90381,78122,92600.77305356157
0.003855172413793104,0.00863448275862069,0.0034,89987,72890,92600.77305356157
0.003855172413793104,0.00863448275862069,0.0045000000000000005,88334,68035,92600.77305356157
0.003855172413793104,0.00863448275862069,0.005600000000000001,90176,64040,92600.77305356157
0.003855172413793104,0.00863448275862069,0.0067,91982,60386,92600.77305356157
0.003855172413793104,0.00863448275862069,0.0078000000000000005,87714,57115,92600.77305356157
0.003855172413793104,0.00863448275862069,0.0089,91043,54168,92600.77305356157
0.003855172413793104,0.00863448275862069,0.01,91258,51367,92600.77305356157
0.003855172413793104,0.008975862068965518,0.0001,90280,89564,90137.0599301263
0.003855172413793104,0.008975862068965518,0.0012000000000000001,89392,82414,90137.0599301263
0.003855172413793104,0.008975862068965518,0.0023,88772,76578,90137.0599301263
0.003855172413793104,0.008975862068965518,0.0034,87146,71259,90137.0599301263
0.003855172413793104,0.008975862068965518,0.0045000000000000005,85750,66749,90137.0599301263
0.003855172413793104,0.008975862068965518,0.005600000000000001,85629,62841,90137.0599301263
0.003855172413793104,0.008975862068965518,0.0067,87396,59308,90137.0599301263
0.003855172413793104,0.008975862068965518,0.0078000000000000005,87092,56189,90137.0599301263
0.003855172413793104,0.008975862068965518,0.0089,88220,53318,90137.0599301263
0.003855172413793104,0.008975862068965518,0.01,89666,50734,90137.0599301263
0.003855172413793104,0.009317241379310346,0.0001,87927,87284,87801.04712041885
0.003855172413793104,0.009317241379310346,0.0012000000000000001,87057,80597,87801.04712041885
0.003855172413793104,0.009317241379310346,0.0023,86314,74649,87801.04712041885
0.003855172413793104,0.009317241379310346,0.0034,85690,69936,87801.04712041885
0.003855172413793104,0.009317241379310346,0.0045000000000000005,85602,65575,87801.04712041885
0.003855172413793104,0.009317241379310346,0.005600000000000001,83506,61715,87801.04712041885
0.003855172413793104,0.009317241379310346,0.0067,81117,58301,87801.04712041885
0.003855172413793104,0.009317241379310346,0.0078000000000000005,86650,55224,87801.04712041885
0.003855172413793104,0.009317241379310346,0.0089,84223,52303,87801.04712041885
0.003855172413793104,0.009317241379310346,0.01,83894,49868,87801.04712041885
0.003855172413793104,0.009658620689655173,0.0001,85611,84847,85583.056902271
0.003855172413793104,0.009658620689655173,0.0012000000000000001,85143,78728,85583.056902271
0.003855172413793104,0.009658620689655173,0.0023,84127,73308,85583.056902271
0.003855172413793104,0.009658620689655173,0.0034,85412,68487,85583.056902271
0.003855172413793104,0.009658620689655173,0.0045000000000000005,82755,64105,85583.056902271
0.003855172413793104,0.009658620689655173,0.005600000000000001,82257,60631,85583.056902271
0.003855172413793104,0.009658620689655173,0.0067,85374,57364,85583.056902271
0.003855172413793104,0.009658620689655173,0.0078000000000000005,85282,54362,85583.056902271
0.003855172413793104,0.009658620689655173,0.0089,85252,51722,85583.056902271
0.003855172413793104,0.009658620689655173,0.01,82244,49290,85583.056902271
0.003855172413793104,0.01,0.0001,83598,83009,83474.36535589847
0.003855172413793104,0.01,0.0012000000000000001,83375,77002,83474.36535589847
0.003855172413793104,0.01,0.0023,83273,71702,83474.36535589847
0.003855172413793104,0.01,0.0034,83260,67048,83474.36535589847
0.003855172413793104,0.01,0.0045000000000000005,82378,63063,83474.36535589847
0.003855172413793104,0.01,0.005600000000000001,80574,59552,83474.36535589847
0.003855172413793104,0.01,0.0067,78772,56404,83474.36535589847
0.003855172413793104,0.01,0.0078000000000000005,83196,53348,83474.36535589847
0.003855172413793104,0.01,0.0089,83247,50911,83474.36535589847
0.003855172413793104,0.01,0.01,81461,48586,83474.36535589847
0.004196551724137932,0.0001,0.0001,286777,286225,293017.65650080255
0.004196551724137932,0.0001,0.0012000000000000001,242046,229049,293017.65650080255
0.004196551724137932,0.0001,0.0023,219031,190996,293017.65650080255
0.004196551724137932,0.0001,0.0034,205265,163650,293017.65650080255
0.004196551724137932,0.0001,0.0045000000000000005,195660,143345,293017.65650080255
0.004196551724137932,0.0001,0.005600000000000001,189098,127437,293017.65650080255
0.004196551724137932,0.0001,0.0067,184012,114674,293017.65650080255
0.004196551724137932,0.0001,0.0078000000000000005,180083,104238,293017.65650080255
0.004196551724137932,0.0001,0.0089,176511,95369,293017.65650080255
0.004196551724137932,0.0001,0.01,174133,88247,293017.65650080255
0.004196551724137932,0.0004413793103448276,0.0001,266588,266213,271449.81412639405
0.004196551724137932,0.0004413793103448276,0.0012000000000000001,230265,215617,271449.81412639405
0.004196551724137932,0.0004413793103448276,0.0023,210892,181672,271449.81412639405
0.004196551724137932,0.0004413793103448276,0.0034,198855,156824,271449.81412639405
0.004196551724137932,0.0004413793103448276,0.0045000000000000005,190732,137887,271449.81412639405
0.004196551724137932,0.0004413793103448276,0.005600000000000001,184675,123060,271449.81412639405
0.004196551724137932,0.0004413793103448276,0.0067,180573,111222,271449.81412639405
0.004196551724137932,0.0004413793103448276,0.0078000000000000005,177030,101374,271449.81412639405
0.004196551724137932,0.0004413793103448276,0.0089,174002,92907,271449.81412639405
0.004196551724137932,0.0004413793103448276,0.01,171174,85913,271449.81412639405
0.004196551724137932,0.0007827586206896553,0.0001,249094,247847,252839.3351800554
0.004196551724137932,0.0007827586206896553,0.0012000000000000001,219300,203908,252839.3351800554
0.004196551724137932,0.0007827586206896553,0.0023,203297,173112,252839.3351800554
0.004196551724137932,0.0007827586206896553,0.0034,192795,150489,252839.3351800554
0.004196551724137932,0.0007827586206896553,0.0045000000000000005,185612,132917,252839.3351800554
0.004196551724137932,0.0007827586206896553,0.005600000000000001,180367,118924,252839.3351800554
0.004196551724137932,0.0007827586206896553,0.0067,176730,107965,252839.3351800554
0.004196551724137932,0.0007827586206896553,0.0078000000000000005,173386,98627,252839.3351800554
0.004196551724137932,0.0007827586206896553,0.0089,171055,90856,252839.3351800554
0.004196551724137932,0.0007827586206896553,0.01,168562,84084,252839.3351800554
0.004196551724137932,0.001124137931034483,0.0001,233755,232238,236616.97990926768
0.004196551724137932,0.001124137931034483,0.0012000000000000001,209580,193078,236616.97990926768
0.004196551724137932,0.001124137931034483,0.0023,196044,165296,236616.97990926768
0.004196551724137932,0.001124137931034483,0.0034,187516,144462,236616.97990926768
0.004196551724137932,0.001124137931034483,0.0045000000000000005,181439,128276,236616.97990926768
0.004196551724137932,0.001124137931034483,0.005600000000000001,176426,115376,236616.97990926768
0.004196551724137932,0.001124137931034483,0.0067,172190,104901,236616.97990926768
0.004196551724137932,0.001124137931034483,0.0078000000000000005,169737,95859,236616.97990926768
0.004196551724137932,0.001124137931034483,0.0089,168052,88660,236616.97990926768
0.004196551724137932,0.001124137931034483,0.01,165551,82284,236616.97990926768
0.004196551724137932,0.0014655172413793106,0.0001,219939,218567,222350.79171741777
0.004196551724137932,0.0014655172413793106,0.0012000000000000001,200759,183496,222350.79171741777
0.004196551724137932,0.0014655172413793106,0.0023,189739,158090,222350.79171741777
0.004196551724137932,0.0014655172413793106,0.0034,182283,138925,222350.79171741777
0.004196551724137932,0.0014655172413793106,0.0045000000000000005,176828,124099,222350.79171741777
0.004196551724137932,0.0014655172413793106,0.005600000000000001,172931,111968,222350.79171741777
0.004196551724137932,0.0014655172413793106,0.0067,169343,101986,222350.79171741777
0.004196551724137932,0.0014655172413793106,0.0078000000000000005,166577,93643,222350.79171741777
0.004196551724137932,0.0014655172413793106,0.0089,164050,86543,222350.79171741777
0.004196551724137932,0.0014655172413793106,0.01,162559,80305,222350.79171741777
0.004196551724137932,0.0018068965517241383,0.0001,208097,206226,209707.0649052269
0.004196551724137932,0.0018068965517241383,0.0012000000000000001,192474,174864,209707.0649052269
0.004196551724137932,0.0018068965517241383,0.0023,183044,151576,209707.0649052269
0.004196551724137932,0.0018068965517241383,0.0034,176712,134114,209707.0649052269
0.004196551724137932,0.0018068965517241383,0.0045000000000000005,172056,119835,209707.0649052269
0.004196551724137932,0.0018068965517241383,0.005600000000000001,167927,108690,209707.0649052269
0.004196551724137932,0.0018068965517241383,0.0067,165539,99062,209707.0649052269
0.004196551724137932,0.0018068965517241383,0.0078000000000000005,163879,91347,209707.0649052269
0.004196551724137932,0.0018068965517241383,0.0089,161800,84642,209707.0649052269
0.004196551724137932,0.0018068965517241383,0.01,160279,78786,209707.0649052269
0.004196551724137932,0.0021482758620689655,0.0001,196958,195631,198423.91304347827
0.004196551724137932,0.0021482758620689655,0.0012000000000000001,185046,166932,198423.91304347827
0.004196551724137932,0.0021482758620689655,0.0023,177671,145738,198423.91304347827
0.004196551724137932,0.0021482758620689655,0.0034,171750,129140,198423.91304347827
0.004196551724137932,0.0021482758620689655,0.0045000000000000005,167940,116009,198423.91304347827
0.004196551724137932,0.0021482758620689655,0.005600000000000001,165323,105469,198423.91304347827
0.004196551724137932,0.0021482758620689655,0.0067,163031,96440,198423.91304347827
0.004196551724137932,0.0021482758620689655,0.0078000000000000005,159448,89189,198423.91304347827
0.004196551724137932,0.0021482758620689655,0.0089,158712,82719,198423.91304347827
0.004196551724137932,0.0021482758620689655,0.01,157574,77138,198423.91304347827
0.004196551724137932,0.0024896551724137932,0.0001,187312,185813,188292.9345023208
0.004196551724137932,0.0024896551724137932,0.0012000000000000001,177855,159929,188292.9345023208
0.004196551724137932,0.0024896551724137932,0.0023,171810,140347,188292.9345023208
0.004196551724137932,0.0024896551724137932,0.0034,166753,124930,188292.9345023208
0.004196551724137932,0.0024896551724137932,0.0045000000000000005,163630,112501,188292.9345023208
0.004196551724137932,0.0024896551724137932,0.005600000000000001,160465,102463,188292.9345023208
0.004196551724137932,0.0024896551724137932,0.0067,159000,94202,188292.9345023208
0.004196551724137932,0.0024896551724137932,0.0078000000000000005,156411,86830,188292.9345023208
0.004196551724137932,0.0024896551724137932,0.0089,155716,80898,188292.9345023208
0.004196551724137932,0.0024896551724137932,0.01,154168,75352,188292.9345023208
0.004196551724137932,0.002831034482758621,0.0001,178434,176667,179146.22178606477
0.004196551724137932,0.002831034482758621,0.0012000000000000001,171172,153279,179146.22178606477
0.004196551724137932,0.002831034482758621,0.0023,166048,135022,179146.22178606477
0.004196551724137932,0.002831034482758621,0.0034,162555,120937,179146.22178606477
0.004196551724137932,0.002831034482758621,0.0045000000000000005,159717,109152,179146.22178606477
0.004196551724137932,0.002831034482758621,0.005600000000000001,157501,99661,179146.22178606477
0.004196551724137932,0.002831034482758621,0.0067,157947,91844,179146.22178606477
0.004196551724137932,0.002831034482758621,0.0078000000000000005,154353,85034,179146.22178606477
0.004196551724137932,0.002831034482758621,0.0089,154620,79174,179146.22178606477
0.004196551724137932,0.002831034482758621,0.01,151875,74043,179146.22178606477
0.004196551724137932,0.0031724137931034486,0.0001,170321,168762,170846.98175011697
0.004196551724137932,0.0031724137931034486,0.0012000000000000001,164833,147187,170846.98175011697
0.004196551724137932,0.0031724137931034486,0.0023,160402,130406,170846.98175011697
0.004196551724137932,0.0031724137931034486,0.0034,157809,117083,170846.98175011697
0.004196551724137932,0.0031724137931034486,0.0045000000000000005,156319,105992,170846.98175011697
0.004196551724137932,0.0031724137931034486,0.005600000000000001,157168,97140,170846.98175011697
0.004196551724137932,0.0031724137931034486,0.0067,151993,89405,170846.98175011697
0.004196551724137932,0.0031724137931034486,0.0078000000000000005,153224,83071,170846.98175011697
0.004196551724137932,0.0031724137931034486,0.0089,150171,77326,170846.98175011697
0.004196551724137932,0.0031724137931034486,0.01,149679,72538,170846.98175011697
0.004196551724137932,0.0035137931034482763,0.0001,162952,161165,163282.6475849732
0.004196551724137932,0.0035137931034482763,0.0012000000000000001,159259,141344,163282.6475849732
0.004196551724137932,0.0035137931034482763,0.0023,156318,125706,163282.6475849732
0.004196551724137932,0.0035137931034482763,0.0034,154937,113411,163282.6475849732
0.004196551724137932,0.0035137931034482763,0.0045000000000000005,151063,103044,163282.6475849732
0.004196551724137932,0.0035137931034482763,0.005600000000000001,151339,94650,163282.6475849732
0.004196551724137932,0.0035137931034482763,0.0067,149029,87500,163282.6475849732
0.004196551724137932,0.0035137931034482763,0.0078000000000000005,148790,81265,163282.6475849732
0.004196551724137932,0.0035137931034482763,0.0089,147808,75961,163282.6475849732
0.004196551724137932,0.0035137931034482763,0.01,146991,71090,163282.6475849732
0.004196551724137932,0.003855172413793104,0.0001,156080,154468,156359.74304068525
0.004196551724137932,0.003855172413793104,0.0012000000000000001,153101,136193,156359.74304068525
0.004196551724137932,0.003855172413793104,0.0023,152457,121736,156359.74304068525
0.004196551724137932,0.003855172413793104,0.0034,150668,110055,156359.74304068525
0.004196551724137932,0.003855172413793104,0.0045000000000000005,150192,100412,156359.74304068525
0.004196551724137932,0.003855172413793104,0.005600000000000001,149407,92275,156359.74304068525
0.004196551724137932,0.003855172413793104,0.0067,148699,85495,156359.74304068525
0.004196551724137932,0.003855172413793104,0.0078000000000000005,146797,79330,156359.74304068525
0.004196551724137932,0.003855172413793104,0.0089,146840,74269,156359.74304068525
0.004196551724137932,0.003855172413793104,0.01,146293,69851,156359.74304068525
0.004196551724137932,0.004196551724137932,0.0001,149835,148291,150000.00000000003
0.004196551724137932,0.004196551724137932,0.0012000000000000001,148188,131336,150000.00000000003
0.004196551724137932,0.004196551724137932,0.0023,146536,117927,150000.00000000003
0.004196551724137932,0.004196551724137932,0.0034,146733,106738,150000.00000000003
0.004196551724137932,0.004196551724137932,0.0045000000000000005,144357,97777,150000.00000000003
0.004196551724137932,0.004196551724137932,0.005600000000000001,145325,90010,150000.00000000003
0.004196551724137932,0.004196551724137932,0.0067,143456,83405,150000.00000000003
0.004196551724137932,0.004196551724137932,0.0078000000000000005,142862,77920,150000.00000000003
0.004196551724137932,0.004196551724137932,0.0089,144270,72910,150000.00000000003
0.004196551724137932,0.004196551724137932,0.01,142171,68563,150000.00000000003
0.004196551724137932,0.00453793103448276,0.0001,144112,142629,144137.38649822344
0.004196551724137932,0.00453793103448276,0.0012000000000000001,140788,126933,144137.38649822344
0.004196551724137932,0.00453793103448276,0.0023,140998,114271,144137.38649822344
0.004196551724137932,0.00453793103448276,0.0034,139536,103834,144137.38649822344
0.004196551724137932,0.00453793103448276,0.0045000000000000005,139645,95278,144137.38649822344
0.004196551724137932,0.00453793103448276,0.005600000000000001,136890,87794,144137.38649822344
0.004196551724137932,0.00453793103448276,0.0067,140480,81710,144137.38649822344
0.004196551724137932,0.00453793103448276,0.0078000000000000005,139609,76146,144137.38649822344
0.004196551724137932,0.00453793103448276,0.0089,138832,71507,144137.38649822344
0.004196551724137932,0.00453793103448276,0.01,138537,67221,144137.38649822344
0.004196551724137932,0.004879310344827587,0.0001,138578,137409,138715.80547112462
0.004196551724137932,0.004879310344827587,0.0012000000000000001,136543,122483,138715.80547112462
0.004196551724137932,0.004879310344827587,0.0023,135449,110829,138715.80547112462
0.004196551724137932,0.004879310344827587,0.0034,134093,101068,138715.80547112462
0.004196551724137932,0.004879310344827587,0.0045000000000000005,131740,92682,138715.80547112462
0.004196551724137932,0.004879310344827587,0.005600000000000001,132381,85905,138715.80547112462
0.004196551724137932,0.004879310344827587,0.0067,134007,79919,138715.80547112462
0.004196551724137932,0.004879310344827587,0.0078000000000000005,133797,74750,138715.80547112462
0.004196551724137932,0.004879310344827587,0.0089,130803,70026,138715.80547112462
0.004196551724137932,0.004879310344827587,0.01,131868,66133,138715.80547112462
0.004196551724137932,0.005220689655172415,0.0001,133652,132220,133687.29403149028
0.004196551724137932,0.005220689655172415,0.0012000000000000001,131097,118650,133687.29403149028
0.004196551724137932,0.005220689655172415,0.0023,127546,107586,133687.29403149028
0.004196551724137932,0.005220689655172415,0.0034,127252,98371,133687.29403149028
0.004196551724137932,0.005220689655172415,0.0045000000000000005,125675,90464,133687.29403149028
0.004196551724137932,0.005220689655172415,0.005600000000000001,127773,83958,133687.29403149028
0.004196551724137932,0.005220689655172415,0.0067,126824,78229,133687.29403149028
0.004196551724137932,0.005220689655172415,0.0078000000000000005,124828,73207,133687.29403149028
0.004196551724137932,0.005220689655172415,0.0089,129594,68828,133687.29403149028
0.004196551724137932,0.005220689655172415,0.01,126215,64911,133687.29403149028
0.004196551724137932,0.005562068965517242,0.0001,128835,127841,129010.60070671378
0.004196551724137932,0.005562068965517242,0.0012000000000000001,126505,115006,129010.60070671378
0.004196551724137932,0.005562068965517242,0.0023,123442,104572,129010.60070671378
0.004196551724137932,0.005562068965517242,0.0034,123642,95810,129010.60070671378
0.004196551724137932,0.005562068965517242,0.0045000000000000005,124269,88429,129010.60070671378
0.004196551724137932,0.005562068965517242,0.005600000000000001,122192,82076,129010.60070671378
0.004196551724137932,0.005562068965517242,0.0067,122347,76400,129010.60070671378
0.004196551724137932,0.005562068965517242,0.0078000000000000005,123854,71823,129010.60070671378
0.004196551724137932,0.005562068965517242,0.0089,125153,67566,129010.60070671378
0.004196551724137932,0.005562068965517242,0.01,123074,63636,129010.60070671378
0.004196551724137932,0.00590344827586207,0.0001,124739,123631,124650.05121201774
0.004196551724137932,0.00590344827586207,0.0012000000000000001,121657,111604,124650.05121201774
0.004196551724137932,0.00590344827586207,0.0023,121521,101692,124650.05121201774
0.004196551724137932,0.00590344827586207,0.0034,120441,93257,124650.05121201774
0.004196551724137932,0.00590344827586207,0.0045000000000000005,120635,86325,124650.05121201774
0.004196551724137932,0.00590344827586207,0.005600000000000001,116856,80256,124650.05121201774
0.004196551724137932,0.00590344827586207,0.0067,118332,75042,124650.05121201774
0.004196551724137932,0.00590344827586207,0.0078000000000000005,120457,70394,124650.05121201774
0.004196551724137932,0.00590344827586207,0.0089,119427,66235,124650.05121201774
0.004196551724137932,0.00590344827586207,0.01,114673,62758,124650.05121201774
0.004196551724137932,0.006244827586206898,0.0001,120585,119378,120574.63672391018
0.004196551724137932,0.006244827586206898,0.0012000000000000001,118709,108333,120574.63672391018
0.004196551724137932,0.006244827586206898,0.0023,117627,98939,120574.63672391018
0.004196551724137932,0.006244827586206898,0.0034,113021,91096,120574.63672391018
0.004196551724137932,0.006244827586206898,0.0045000000000000005,115540,84257,120574.63672391018
0.004196551724137932,0.006244827586206898,0.005600000000000001,115513,78417,120574.63672391018
0.004196551724137932,0.006244827586206898,0.0067,113516,73374,120574.63672391018
0.004196551724137932,0.006244827586206898,0.0078000000000000005,115046,68964,120574.63672391018
0.004196551724137932,0.006244827586206898,0.0089,116560,65194,120574.63672391018
0.004196551724137932,0.006244827586206898,0.01,117357,61692,120574.63672391018
0.004196551724137932,0.006586206896551725,0.0001,116693,115721,116757.27534377995
0.004196551724137932,0.006586206896551725,0.0012000000000000001,114443,105248,116757.27534377995
0.004196551724137932,0.006586206896551725,0.0023,113919,96137,116757.27534377995
0.004196551724137932,0.006586206896551725,0.0034,113337,88815,116757.27534377995
0.004196551724137932,0.006586206896551725,0.0045000000000000005,112462,82343,116757.27534377995
0.004196551724137932,0.006586206896551725,0.005600000000000001,114194,76792,116757.27534377995
0.004196551724137932,0.006586206896551725,0.0067,109449,72134,116757.27534377995
0.004196551724137932,0.006586206896551725,0.0078000000000000005,114294,67791,116757.27534377995
0.004196551724137932,0.006586206896551725,0.0089,112503,64080,116757.27534377995
0.004196551724137932,0.006586206896551725,0.01,113522,60656,116757.27534377995
0.004196551724137932,0.006927586206896553,0.0001,113100,112130,113174.20954742715
0.004196551724137932,0.006927586206896553,0.0012000000000000001,110649,102350,113174.20954742715
0.004196551724137932,0.006927586206896553,0.0023,111083,93730,113174.20954742715
0.004196551724137932,0.006927586206896553,0.0034,107513,86757,113174.20954742715
0.004196551724137932,0.006927586206896553,0.0045000000000000005,110560,80683,113174.20954742715
0.004196551724137932,0.006927586206896553,0.005600000000000001,107754,75431,113174.20954742715
0.004196551724137932,0.006927586206896553,0.0067,109054,70759,113174.20954742715
0.004196551724137932,0.006927586206896553,0.0078000000000000005,111736,66630,113174.20954742715
0.004196551724137932,0.006927586206896553,0.0089,109103,62956,113174.20954742715
0.004196551724137932,0.006927586206896553,0.01,110795,59695,113174.20954742715
0.004196551724137932,0.00726896551724138,0.0001,109728,108858,109804.5112781955
0.004196551724137932,0.00726896551724138,0.0012000000000000001,107863,99322,109804.5112781955
0.004196551724137932,0.00726896551724138,0.0023,107638,91630,109804.5112781955
0.004196551724137932,0.00726896551724138,0.0034,103631,84815,109804.5112781955
0.004196551724137932,0.00726896551724138,0.0045000000000000005,103775,79000,109804.5112781955
0.004196551724137932,0.00726896551724138,0.005600000000000001,103669,73872,109804.5112781955
0.004196551724137932,0.00726896551724138,0.0067,107886,69402,109804.5112781955
0.004196551724137932,0.00726896551724138,0.0078000000000000005,103607,65454,109804.5112781955
0.004196551724137932,0.00726896551724138,0.0089,107907,61914,109804.5112781955
0.004196551724137932,0.00726896551724138,0.01,107951,58618,109804.5112781955
0.004196551724137932,0.0076103448275862086,0.0001,106555,105855,106629.67289719627
0.004196551724137932,0.0076103448275862086,0.0012000000000000001,105369,96897,106629.67289719627
0.004196551724137932,0.0076103448275862086,0.0023,101691,89412,106629.67289719627
0.004196551724137932,0.0076103448275862086,0.0034,102321,82799,106629.67289719627
0.004196551724137932,0.0076103448275862086,0.0045000000000000005,103128,77305,106629.67289719627
0.004196551724137932,0.0076103448275862086,0.005600000000000001,102295,72234,106629.67289719627
0.004196551724137932,0.0076103448275862086,0.0067,99968,68121,106629.67289719627
0.004196551724137932,0.0076103448275862086,0.0078000000000000005,103370,64312,106629.67289719627
0.004196551724137932,0.0076103448275862086,0.0089,105309,60832,106629.67289719627
0.004196551724137932,0.0076103448275862086,0.01,103315,57771,106629.67289719627
0.004196551724137932,0.007951724137931035,0.0001,103652,102719,103633.26710190182
0.004196551724137932,0.007951724137931035,0.0012000000000000001,102530,94462,103633.26710190182
0.004196551724137932,0.007951724137931035,0.0023,99881,87077,103633.26710190182
0.004196551724137932,0.007951724137931035,0.0034,99429,81094,103633.26710190182
0.004196551724137932,0.007951724137931035,0.0045000000000000005,98780,75707,103633.26710190182
0.004196551724137932,0.007951724137931035,0.005600000000000001,102829,71048,103633.26710190182
0.004196551724137932,0.007951724137931035,0.0067,98334,66714,103633.26710190182
0.004196551724137932,0.007951724137931035,0.0078000000000000005,101088,63212,103633.26710190182
0.004196551724137932,0.007951724137931035,0.0089,97810,59728,103633.26710190182
0.004196551724137932,0.007951724137931035,0.01,102741,56943,103633.26710190182
0.004196551724137932,0.008293103448275862,0.0001,100889,100009,100800.6626173385
0.004196551724137932,0.008293103448275862,0.0012000000000000001,99747,92125,100800.6626173385
0.004196551724137932,0.008293103448275862,0.0023,98711,85242,100800.6626173385
0.004196551724137932,0.008293103448275862,0.0034,94893,79225,100800.6626173385
0.004196551724137932,0.008293103448275862,0.0045000000000000005,98913,74219,100800.6626173385
0.004196551724137932,0.008293103448275862,0.005600000000000001,98517,69694,100800.6626173385
0.004196551724137932,0.008293103448275862,0.0067,94218,65635,100800.6626173385
0.004196551724137932,0.008293103448275862,0.0078000000000000005,93384,61963,100800.6626173385
0.004196551724137932,0.008293103448275862,0.0089,98779,58916,100800.6626173385
0.004196551724137932,0.008293103448275862,0.01,100001,56044,100800.6626173385
0.004196551724137932,0.00863448275862069,0.0001,98228,97511,98118.78527277615
0.004196551724137932,0.00863448275862069,0.0012000000000000001,97324,89749,98118.78527277615
0.004196551724137932,0.00863448275862069,0.0023,96031,83129,98118.78527277615
0.004196551724137932,0.00863448275862069,0.0034,96652,77672,98118.78527277615
0.004196551724137932,0.00863448275862069,0.0045000000000000005,93665,72807,98118.78527277615
0.004196551724137932,0.00863448275862069,0.005600000000000001,93432,68462,98118.78527277615
0.004196551724137932,0.00863448275862069,0.0067,96422,64376,98118.78527277615
0.004196551724137932,0.00863448275862069,0.0078000000000000005,95551,60944,98118.78527277615
0.004196551724137932,0.00863448275862069,0.0089,93715,58041,98118.78527277615
0.004196551724137932,0.00863448275862069,0.01,97221,55180,98118.78527277615
0.004196551724137932,0.008975862068965518,0.0001,95569,95045,95575.91623036648
0.004196551724137932,0.008975862068965518,0.0012000000000000001,94689,87716,95575.91623036648
0.004196551724137932,0.008975862068965518,0.0023,92990,81478,95575.91623036648
0.004196551724137932,0.008975862068965518,0.0034,94642,76140,95575.91623036648
0.004196551724137932,0.008975862068965518,0.0045000000000000005,91437,71293,95575.91623036648
0.004196551724137932,0.008975862068965518,0.005600000000000001,92468,67125,95575.91623036648
0.004196551724137932,0.008975862068965518,0.0067,92271,63279,95575.91623036648
0.004196551724137932,0.008975862068965518,0.0078000000000000005,93340,60148,95575.91623036648
0.004196551724137932,0.008975862068965518,0.0089,91482,57136,95575.91623036648
0.004196551724137932,0.008975862068965518,0.01,92302,54397,95575.91623036648
0.004196551724137932,0.009317241379310346,0.0001,92999,92660,93161.52079612148
0.004196551724137932,0.009317241379310346,0.0012000000000000001,92329,85685,93161.52079612148
0.004196551724137932,0.009317241379310346,0.0023,91013,79676,93161.52079612148
0.004196551724137932,0.009317241379310346,0.0034,91109,74528,93161.52079612148
0.004196551724137932,0.009317241379310346,0.0045000000000000005,92585,69996,93161.52079612148
0.004196551724137932,0.009317241379310346,0.005600000000000001,88893,65844,93161.52079612148
0.004196551724137932,0.009317241379310346,0.0067,90631,62198,93161.52079612148
0.004196551724137932,0.009317241379310346,0.0078000000000000005,88433,59172,93161.52079612148
0.004196551724137932,0.009317241379310346,0.0089,87240,56083,93161.52079612148
0.004196551724137932,0.009317241379310346,0.01,92863,53471,93161.52079612148
0.004196551724137932,0.009658620689655173,0.0001,90890,90291,90866.10253857642
0.004196551724137932,0.009658620689655173,0.0012000000000000001,90296,83563,90866.10253857642
0.004196551724137932,0.009658620689655173,0.0023,90046,78039,90866.10253857642
0.004196551724137932,0.009658620689655173,0.0034,88316,73012,90866.10253857642
0.004196551724137932,0.009658620689655173,0.0045000000000000005,88406,68680,90866.10253857642
0.004196551724137932,0.009658620689655173,0.005600000000000001,88301,64840,90866.10253857642
0.004196551724137932,0.009658620689655173,0.0067,89615,61163,90866.10253857642
0.004196551724137932,0.009658620689655173,0.0078000000000000005,87636,58229,90866.10253857642
0.004196551724137932,0.009658620689655173,0.0089,84904,55433,90866.10253857642
0.004196551724137932,0.009658620689655173,0.01,89782,52842,90866.10253857642
0.004196551724137932,0.01,0.0001,88819,88247,88681.07845518582
0.004196551724137932,0.01,0.0012000000000000001,88478,81904,88681.07845518582
0.004196551724137932,0.01,0.0023,88599,76293,88681.07845518582
0.004196551724137932,0.01,0.0034,86600,71701,88681.07845518582
0.004196551724137932,0.01,0.0045000000000000005,87944,67468,88681.07845518582
0.004196551724137932,0.01,0.005600000000000001,87366,63697,88681.07845518582
0.004196551724137932,0.01,0.0067,87362,60317,88681.07845518582
0.004196551724137932,0.01,0.0078000000000000005,85518,57173,88681.07845518582
0.004196551724137932,0.01,0.0089,87641,54529,88681.07845518582
0.004196551724137932,0.01,0.01,87003,52089,88681.07845518582
0.00453793103448276,0.0001,0.0001,287688,287144,293531.5985130112
0.00453793103448276,0.0001,0.0012000000000000001,244822,233289,293531.5985130112
0.00453793103448276,0.0001,0.0023,222124,196399,293531.5985130112
0.00453793103448276,0.0001,0.0034,208087,169505,293531.5985130112
0.00453793103448276,0.0001,0.0045000000000000005,198488,149190,293531.5985130112
0.00453793103448276,0.0001,0.005600000000000001,191493,132966,293531.5985130112
0.00453793103448276,0.0001,0.0067,186211,120190,293531.5985130112
0.00453793103448276,0.0001,0.0078000000000000005,182226,109622,293531.5985130112
0.00453793103448276,0.0001,0.0089,178877,100699,293531.5985130112
0.00453793103448276,0.0001,0.01,176360,92916,293531.5985130112
0.00453793103448276,0.0004413793103448276,0.0001,268814,268426,273407.20221606654
0.00453793103448276,0.0004413793103448276,0.0012000000000000001,233370,220585,273407.20221606654
0.00453793103448276,0.0004413793103448276,0.0023,214271,187109,273407.20221606654
0.00453793103448276,0.0004413793103448276,0.0034,202008,162488,273407.20221606654
0.00453793103448276,0.0004413793103448276,0.0045000000000000005,193280,143800,273407.20221606654
0.00453793103448276,0.0004413793103448276,0.005600000000000001,187593,128820,273407.20221606654
0.00453793103448276,0.0004413793103448276,0.0067,182237,116700,273407.20221606654
0.00453793103448276,0.0004413793103448276,0.0078000000000000005,178465,106671,273407.20221606654
0.00453793103448276,0.0004413793103448276,0.0089,176057,98230,273407.20221606654
0.00453793103448276,0.0004413793103448276,0.01,173153,90981,273407.20221606654
0.00453793103448276,0.0007827586206896553,0.0001,252114,251165,255865.19766688274
0.00453793103448276,0.0007827586206896553,0.0012000000000000001,222984,209128,255865.19766688274
0.00453793103448276,0.0007827586206896553,0.0023,206679,178871,255865.19766688274
0.00453793103448276,0.0007827586206896553,0.0034,196384,156132,255865.19766688274
0.00453793103448276,0.0007827586206896553,0.0045000000000000005,188831,138620,255865.19766688274
0.00453793103448276,0.0007827586206896553,0.005600000000000001,183186,124844,255865.19766688274
0.00453793103448276,0.0007827586206896553,0.0067,179186,113426,255865.19766688274
0.00453793103448276,0.0007827586206896553,0.0078000000000000005,175848,103903,255865.19766688274
0.00453793103448276,0.0007827586206896553,0.0089,172806,95672,255865.19766688274
0.00453793103448276,0.0007827586206896553,0.01,170270,88982,255865.19766688274
0.00453793103448276,0.001124137931034483,0.0001,237355,236315,240438.4896467722
0.00453793103448276,0.001124137931034483,0.0012000000000000001,213702,198372,240438.4896467722
0.00453793103448276,0.001124137931034483,0.0023,199800,171034,240438.4896467722
0.00453793103448276,0.001124137931034483,0.0034,190625,150286,240438.4896467722
0.00453793103448276,0.001124137931034483,0.0045000000000000005,183987,134171,240438.4896467722
0.00453793103448276,0.001124137931034483,0.005600000000000001,178911,120926,240438.4896467722
0.00453793103448276,0.001124137931034483,0.0067,175533,110294,240438.4896467722
0.00453793103448276,0.001124137931034483,0.0078000000000000005,172290,101286,240438.4896467722
0.00453793103448276,0.001124137931034483,0.0089,169955,93613,240438.4896467722
0.00453793103448276,0.001124137931034483,0.01,168256,86974,240438.4896467722
0.00453793103448276,0.0014655172413793106,0.0001,224557,223305,226766.2263067203
0.00453793103448276,0.0014655172413793106,0.0012000000000000001,204900,188998,226766.2263067203
0.00453793103448276,0.0014655172413793106,0.0023,192905,164219,226766.2263067203
0.00453793103448276,0.0014655172413793106,0.0034,185360,144726,226766.2263067203
0.00453793103448276,0.0014655172413793106,0.0045000000000000005,179756,129544,226766.2263067203
0.00453793103448276,0.0014655172413793106,0.005600000000000001,175279,117393,226766.2263067203
0.00453793103448276,0.0014655172413793106,0.0067,171758,107318,226766.2263067203
0.00453793103448276,0.0014655172413793106,0.0078000000000000005,168611,98717,226766.2263067203
0.00453793103448276,0.0014655172413793106,0.0089,167253,91523,226766.2263067203
0.00453793103448276,0.0014655172413793106,0.01,165248,85014,226766.2263067203
0.00453793103448276,0.0018068965517241383,0.0001,212841,211465,214565.21739130432
0.00453793103448276,0.0018068965517241383,0.0012000000000000001,196659,180440,214565.21739130432
0.00453793103448276,0.0018068965517241383,0.0023,187037,157664,214565.21739130432
0.00453793103448276,0.0018068965517241383,0.0034,180201,139883,214565.21739130432
0.00453793103448276,0.0018068965517241383,0.0045000000000000005,175313,125698,214565.21739130432
0.00453793103448276,0.0018068965517241383,0.005600000000000001,171890,114062,214565.21739130432
0.00453793103448276,0.0018068965517241383,0.0067,168547,104519,214565.21739130432
0.00453793103448276,0.0018068965517241383,0.0078000000000000005,166277,96423,214565.21739130432
0.00453793103448276,0.0018068965517241383,0.0089,163692,89358,214565.21739130432
0.00453793103448276,0.0018068965517241383,0.01,162568,83399,214565.21739130432
0.00453793103448276,0.0021482758620689655,0.0001,202123,200733,203610.1083032491
0.00453793103448276,0.0021482758620689655,0.0012000000000000001,189246,172841,203610.1083032491
0.00453793103448276,0.0021482758620689655,0.0023,181217,151606,203610.1083032491
0.00453793103448276,0.0021482758620689655,0.0034,175000,135081,203610.1083032491
0.00453793103448276,0.0021482758620689655,0.0045000000000000005,170903,121805,203610.1083032491
0.00453793103448276,0.0021482758620689655,0.005600000000000001,167303,110913,203610.1083032491
0.00453793103448276,0.0021482758620689655,0.0067,164655,101869,203610.1083032491
0.00453793103448276,0.0021482758620689655,0.0078000000000000005,162984,93903,203610.1083032491
0.00453793103448276,0.0021482758620689655,0.0089,160890,87358,203610.1083032491
0.00453793103448276,0.0021482758620689655,0.01,160357,81700,203610.1083032491
0.00453793103448276,0.0024896551724137932,0.0001,192495,191269,193719.33267909713
0.00453793103448276,0.0024896551724137932,0.0012000000000000001,182464,165487,193719.33267909713
0.00453793103448276,0.0024896551724137932,0.0023,175755,146164,193719.33267909713
0.00453793103448276,0.0024896551724137932,0.0034,170410,130708,193719.33267909713
0.00453793103448276,0.0024896551724137932,0.0045000000000000005,167248,118109,193719.33267909713
0.00453793103448276,0.0024896551724137932,0.005600000000000001,164260,107942,193719.33267909713
0.00453793103448276,0.0024896551724137932,0.0067,161226,99110,193719.33267909713
0.00453793103448276,0.0024896551724137932,0.0078000000000000005,160201,91939,193719.33267909713
0.00453793103448276,0.0024896551724137932,0.0089,158622,85644,193719.33267909713
0.00453793103448276,0.0024896551724137932,0.01,156015,79976,193719.33267909713
0.00453793103448276,0.002831034482758621,0.0001,183927,182550,184744.96958352832
0.00453793103448276,0.002831034482758621,0.0012000000000000001,175778,158993,184744.96958352832
0.00453793103448276,0.002831034482758621,0.0023,169972,141018,184744.96958352832
0.00453793103448276,0.002831034482758621,0.0034,166599,126475,184744.96958352832
0.00453793103448276,0.002831034482758621,0.0045000000000000005,163277,114632,184744.96958352832
0.00453793103448276,0.002831034482758621,0.005600000000000001,160793,105047,184744.96958352832
0.00453793103448276,0.002831034482758621,0.0067,159287,96679,184744.96958352832
0.00453793103448276,0.002831034482758621,0.0078000000000000005,156881,89919,184744.96958352832
0.00453793103448276,0.002831034482758621,0.0089,155516,83788,184744.96958352832
0.00453793103448276,0.002831034482758621,0.01,153689,78489,184744.96958352832
0.00453793103448276,0.0031724137931034486,0.0001,175955,174332,176565.29516994633
0.00453793103448276,0.0031724137931034486,0.0012000000000000001,169043,152896,176565.29516994633
0.00453793103448276,0.0031724137931034486,0.0023,165214,135943,176565.29516994633
0.00453793103448276,0.0031724137931034486,0.0034,162579,122691,176565.29516994633
0.00453793103448276,0.0031724137931034486,0.0045000000000000005,159660,111483,176565.29516994633
0.00453793103448276,0.0031724137931034486,0.005600000000000001,157007,102211,176565.29516994633
0.00453793103448276,0.0031724137931034486,0.0067,156112,94616,176565.29516994633
0.00453793103448276,0.0031724137931034486,0.0078000000000000005,154984,87897,176565.29516994633
0.00453793103448276,0.0031724137931034486,0.0089,152942,81880,176565.29516994633
0.00453793103448276,0.0031724137931034486,0.01,152207,77000,176565.29516994633
0.00453793103448276,0.0035137931034482763,0.0001,168622,167272,169079.22912205567
0.00453793103448276,0.0035137931034482763,0.0012000000000000001,163639,147224,169079.22912205567
0.00453793103448276,0.0035137931034482763,0.0023,160495,131679,169079.22912205567
0.00453793103448276,0.0035137931034482763,0.0034,157365,119063,169079.22912205567
0.00453793103448276,0.0035137931034482763,0.0045000000000000005,155274,108447,169079.22912205567
0.00453793103448276,0.0035137931034482763,0.005600000000000001,154210,99667,169079.22912205567
0.00453793103448276,0.0035137931034482763,0.0067,152364,92406,169079.22912205567
0.00453793103448276,0.0035137931034482763,0.0078000000000000005,153961,85999,169079.22912205567
0.00453793103448276,0.0035137931034482763,0.0089,150900,80414,169079.22912205567
0.00453793103448276,0.0035137931034482763,0.01,149246,75462,169079.22912205567
0.00453793103448276,0.003855172413793104,0.0001,161926,160396,162202.13640098603
0.00453793103448276,0.003855172413793104,0.0012000000000000001,158077,141875,162202.13640098603
0.00453793103448276,0.003855172413793104,0.0023,155442,127368,162202.13640098603
0.00453793103448276,0.003855172413793104,0.0034,153722,115587,162202.13640098603
0.00453793103448276,0.003855172413793104,0.0045000000000000005,151968,105510,162202.13640098603
0.00453793103448276,0.003855172413793104,0.005600000000000001,151354,97419,162202.13640098603
0.00453793103448276,0.003855172413793104,0.0067,150340,90117,162202.13640098603
0.00453793103448276,0.003855172413793104,0.0078000000000000005,149433,83995,162202.13640098603
0.00453793103448276,0.003855172413793104,0.0089,148619,78633,162202.13640098603
0.00453793103448276,0.003855172413793104,0.01,148626,73976,162202.13640098603
0.00453793103448276,0.004196551724137932,0.0001,155699,154152,155862.61350177656
0.00453793103448276,0.004196551724137932,0.0012000000000000001,153036,137248,155862.61350177656
0.00453793103448276,0.004196551724137932,0.0023,152021,123486,155862.61350177656
0.00453793103448276,0.004196551724137932,0.0034,150278,112190,155862.61350177656
0.00453793103448276,0.004196551724137932,0.0045000000000000005,149210,102785,155862.61350177656
0.00453793103448276,0.004196551724137932,0.005600000000000001,149147,95132,155862.61350177656
0.00453793103448276,0.004196551724137932,0.0067,148107,88166,155862.61350177656
0.00453793103448276,0.004196551724137932,0.0078000000000000005,146597,82501,155862.61350177656
0.00453793103448276,0.004196551724137932,0.0089,146731,77167,155862.61350177656
0.00453793103448276,0.004196551724137932,0.01,145856,72704,155862.61350177656
0.00453793103448276,0.00453793103448276,0.0001,149864,148493,150000.0
0.00453793103448276,0.00453793103448276,0.0012000000000000001,147979,132466,150000.0
0.00453793103448276,0.00453793103448276,0.0023,144961,119860,150000.0
0.00453793103448276,0.00453793103448276,0.0034,146171,109077,150000.0
0.00453793103448276,0.00453793103448276,0.0045000000000000005,146286,100276,150000.0
0.00453793103448276,0.00453793103448276,0.005600000000000001,143841,92690,150000.0
0.00453793103448276,0.00453793103448276,0.0067,144265,86333,150000.0
0.00453793103448276,0.00453793103448276,0.0078000000000000005,143821,80603,150000.0
0.00453793103448276,0.00453793103448276,0.0089,144234,75837,150000.0
0.00453793103448276,0.00453793103448276,0.01,143585,71324,150000.0
0.00453793103448276,0.004879310344827587,0.0001,144428,143259,144562.4313438301
0.00453793103448276,0.004879310344827587,0.0012000000000000001,142176,128435,144562.4313438301
0.00453793103448276,0.004879310344827587,0.0023,139059,116368,144562.4313438301
0.00453793103448276,0.004879310344827587,0.0034,141975,106234,144562.4313438301
0.00453793103448276,0.004879310344827587,0.0045000000000000005,139136,97995,144562.4313438301
0.00453793103448276,0.004879310344827587,0.005600000000000001,139411,90773,144562.4313438301
0.00453793103448276,0.004879310344827587,0.0067,140643,84587,144562.4313438301
0.00453793103448276,0.004879310344827587,0.0078000000000000005,139531,79208,144562.4313438301
0.00453793103448276,0.004879310344827587,0.0089,139251,74406,144562.4313438301
0.00453793103448276,0.004879310344827587,0.01,138480,70197,144562.4313438301
0.00453793103448276,0.005220689655172415,0.0001,139394,138173,139505.3003533569
0.00453793103448276,0.005220689655172415,0.0012000000000000001,137315,124279,139505.3003533569
0.00453793103448276,0.005220689655172415,0.0023,134976,113012,139505.3003533569
0.00453793103448276,0.005220689655172415,0.0034,133230,103520,139505.3003533569
0.00453793103448276,0.005220689655172415,0.0045000000000000005,130141,95635,139505.3003533569
0.00453793103448276,0.005220689655172415,0.005600000000000001,131095,88753,139505.3003533569
0.00453793103448276,0.005220689655172415,0.0067,131311,82830,139505.3003533569
0.00453793103448276,0.005220689655172415,0.0078000000000000005,133584,77460,139505.3003533569
0.00453793103448276,0.005220689655172415,0.0089,131991,72897,139505.3003533569
0.00453793103448276,0.005220689655172415,0.01,132348,69001,139505.3003533569
0.00453793103448276,0.005562068965517242,0.0001,134809,133578,134790.03072721063
0.00453793103448276,0.005562068965517242,0.0012000000000000001,131994,120418,134790.03072721063
0.00453793103448276,0.005562068965517242,0.0023,130068,109928,134790.03072721063
0.00453793103448276,0.005562068965517242,0.0034,127041,100975,134790.03072721063
0.00453793103448276,0.005562068965517242,0.0045000000000000005,127587,93324,134790.03072721063
0.00453793103448276,0.005562068965517242,0.005600000000000001,127514,86864,134790.03072721063
0.00453793103448276,0.005562068965517242,0.0067,130550,81038,134790.03072721063
0.00453793103448276,0.005562068965517242,0.0078000000000000005,128026,76162,134790.03072721063
0.00453793103448276,0.005562068965517242,0.0089,131615,71575,134790.03072721063
0.00453793103448276,0.005562068965517242,0.01,127021,67831,134790.03072721063
0.00453793103448276,0.00590344827586207,0.0001,130310,129218,130383.09114927347
0.00453793103448276,0.00590344827586207,0.0012000000000000001,128889,117094,130383.09114927347
0.00453793103448276,0.00590344827586207,0.0023,126899,107007,130383.09114927347
0.00453793103448276,0.00590344827586207,0.0034,121315,98523,130383.09114927347
0.00453793103448276,0.00590344827586207,0.0045000000000000005,125435,91053,130383.09114927347
0.00453793103448276,0.00590344827586207,0.005600000000000001,126102,84974,130383.09114927347
0.00453793103448276,0.00590344827586207,0.0067,126083,79530,130383.09114927347
0.00453793103448276,0.00590344827586207,0.0078000000000000005,122471,74729,130383.09114927347
0.00453793103448276,0.00590344827586207,0.0089,126037,70298,130383.09114927347
0.00453793103448276,0.00590344827586207,0.01,126202,66513,130383.09114927347
0.00453793103448276,0.006244827586206898,0.0001,126270,125296,126255.19667412856
0.00453793103448276,0.006244827586206898,0.0012000000000000001,123960,113763,126255.19667412856
0.00453793103448276,0.006244827586206898,0.0023,121871,104219,126255.19667412856
0.00453793103448276,0.006244827586206898,0.0034,120438,96074,126255.19667412856
0.00453793103448276,0.006244827586206898,0.0045000000000000005,120332,89209,126255.19667412856
0.00453793103448276,0.006244827586206898,0.005600000000000001,119952,83065,126255.19667412856
0.00453793103448276,0.006244827586206898,0.0067,124167,78015,126255.19667412856
0.00453793103448276,0.006244827586206898,0.0078000000000000005,118964,73398,126255.19667412856
0.00453793103448276,0.006244827586206898,0.0089,120708,69087,126255.19667412856
0.00453793103448276,0.006244827586206898,0.01,120857,65474,126255.19667412856
0.00453793103448276,0.006586206896551725,0.0001,122494,121265,122380.65716057038
0.00453793103448276,0.006586206896551725,0.0012000000000000001,119742,110627,122380.65716057038
0.00453793103448276,0.006586206896551725,0.0023,118435,101577,122380.65716057038
0.00453793103448276,0.006586206896551725,0.0034,117476,93807,122380.65716057038
0.00453793103448276,0.006586206896551725,0.0045000000000000005,114513,87061,122380.65716057038
0.00453793103448276,0.006586206896551725,0.005600000000000001,117081,81308,122380.65716057038
0.00453793103448276,0.006586206896551725,0.0067,120433,76500,122380.65716057038
0.00453793103448276,0.006586206896551725,0.0078000000000000005,114431,72055,122380.65716057038
0.00453793103448276,0.006586206896551725,0.0089,119607,67912,122380.65716057038
0.00453793103448276,0.006586206896551725,0.01,116652,64569,122380.65716057038
0.00453793103448276,0.006927586206896553,0.0001,118694,117659,118736.84210526315
0.00453793103448276,0.006927586206896553,0.0012000000000000001,116580,107631,118736.84210526315
0.00453793103448276,0.006927586206896553,0.0023,114236,99073,118736.84210526315
0.00453793103448276,0.006927586206896553,0.0034,114876,91704,118736.84210526315
0.00453793103448276,0.006927586206896553,0.0045000000000000005,116039,85195,118736.84210526315
0.00453793103448276,0.006927586206896553,0.005600000000000001,116042,79873,118736.84210526315
0.00453793103448276,0.006927586206896553,0.0067,112447,75051,118736.84210526315
0.00453793103448276,0.006927586206896553,0.0078000000000000005,114601,70648,118736.84210526315
0.00453793103448276,0.006927586206896553,0.0089,115919,66921,118736.84210526315
0.00453793103448276,0.006927586206896553,0.01,114666,63523,118736.84210526315
0.00453793103448276,0.00726896551724138,0.0001,115233,114306,115303.73831775702
0.00453793103448276,0.00726896551724138,0.0012000000000000001,112915,104833,115303.73831775702
0.00453793103448276,0.00726896551724138,0.0023,113836,96519,115303.73831775702
0.00453793103448276,0.00726896551724138,0.0034,110325,89696,115303.73831775702
0.00453793103448276,0.00726896551724138,0.0045000000000000005,113070,83623,115303.73831775702
0.00453793103448276,0.00726896551724138,0.005600000000000001,107451,78313,115303.73831775702
0.00453793103448276,0.00726896551724138,0.0067,112210,73655,115303.73831775702
0.00453793103448276,0.00726896551724138,0.0078000000000000005,107765,69403,115303.73831775702
0.00453793103448276,0.00726896551724138,0.0089,113718,65860,115303.73831775702
0.00453793103448276,0.00726896551724138,0.01,112704,62518,115303.73831775702
0.00453793103448276,0.0076103448275862086,0.0001,111983,111219,112063.58217428329
0.00453793103448276,0.0076103448275862086,0.0012000000000000001,110541,102003,112063.58217428329
0.00453793103448276,0.0076103448275862086,0.0023,111045,94362,112063.58217428329
0.00453793103448276,0.0076103448275862086,0.0034,107202,87656,112063.58217428329
0.00453793103448276,0.0076103448275862086,0.0045000000000000005,107248,81821,112063.58217428329
0.00453793103448276,0.0076103448275862086,0.005600000000000001,105026,76818,112063.58217428329
0.00453793103448276,0.0076103448275862086,0.0067,109617,72329,112063.58217428329
0.00453793103448276,0.0076103448275862086,0.0078000000000000005,109325,68363,112063.58217428329
0.00453793103448276,0.0076103448275862086,0.0089,105974,64759,112063.58217428329
0.00453793103448276,0.0076103448275862086,0.01,110644,61411,112063.58217428329
0.00453793103448276,0.007951724137931035,0.0001,108919,108054,109000.55218111542
0.00453793103448276,0.007951724137931035,0.0012000000000000001,107708,99408,109000.55218111542
0.00453793103448276,0.007951724137931035,0.0023,108289,92179,109000.55218111542
0.00453793103448276,0.007951724137931035,0.0034,104107,85796,109000.55218111542
0.00453793103448276,0.007951724137931035,0.0045000000000000005,106120,80287,109000.55218111542
0.00453793103448276,0.007951724137931035,0.005600000000000001,104850,75167,109000.55218111542
0.00453793103448276,0.007951724137931035,0.0067,106891,71062,109000.55218111542
0.00453793103448276,0.007951724137931035,0.0078000000000000005,105707,67226,109000.55218111542
0.00453793103448276,0.007951724137931035,0.0089,107271,63743,109000.55218111542
0.00453793103448276,0.007951724137931035,0.01,105090,60670,109000.55218111542
0.00453793103448276,0.008293103448275862,0.0001,105936,105269,106100.51061542597
0.00453793103448276,0.008293103448275862,0.0012000000000000001,103692,97138,106100.51061542597
0.00453793103448276,0.008293103448275862,0.0023,101855,89931,106100.51061542597
0.00453793103448276,0.008293103448275862,0.0034,100181,83904,106100.51061542597
0.00453793103448276,0.008293103448275862,0.0045000000000000005,102690,78528,106100.51061542597
0.00453793103448276,0.008293103448275862,0.005600000000000001,104107,73859,106100.51061542597
0.00453793103448276,0.008293103448275862,0.0067,102047,69855,106100.51061542597
0.00453793103448276,0.008293103448275862,0.0078000000000000005,98936,66080,106100.51061542597
0.00453793103448276,0.008293103448275862,0.0089,103361,62594,106100.51061542597
0.00453793103448276,0.008293103448275862,0.01,100317,59708,106100.51061542597
0.00453793103448276,0.00863448275862069,0.0001,103412,102565,103350.78534031413
0.00453793103448276,0.00863448275862069,0.0012000000000000001,102238,94824,103350.78534031413
0.00453793103448276,0.00863448275862069,0.0023,101267,88053,103350.78534031413
0.00453793103448276,0.00863448275862069,0.0034,99785,82068,103350.78534031413
0.00453793103448276,0.00863448275862069,0.0045000000000000005,100322,77137,103350.78534031413
0.00453793103448276,0.00863448275862069,0.005600000000000001,96203,72622,103350.78534031413
0.00453793103448276,0.00863448275862069,0.0067,101005,68594,103350.78534031413
0.00453793103448276,0.00863448275862069,0.0078000000000000005,100289,64973,103350.78534031413
0.00453793103448276,0.00863448275862069,0.0089,100241,61771,103350.78534031413
0.00453793103448276,0.00863448275862069,0.01,102114,58674,103350.78534031413
0.00453793103448276,0.008975862068965518,0.0001,100881,100082,100739.98468997193
0.00453793103448276,0.008975862068965518,0.0012000000000000001,99927,92658,100739.98468997193
0.00453793103448276,0.008975862068965518,0.0023,98297,86208,100739.98468997193
0.00453793103448276,0.008975862068965518,0.0034,96180,80645,100739.98468997193
0.00453793103448276,0.008975862068965518,0.0045000000000000005,97314,75516,100739.98468997193
0.00453793103448276,0.008975862068965518,0.005600000000000001,96143,71312,100739.98468997193
0.00453793103448276,0.008975862068965518,0.0067,99698,67435,100739.98468997193
0.00453793103448276,0.008975862068965518,0.0078000000000000005,97672,63793,100739.98468997193
0.00453793103448276,0.008975862068965518,0.0089,99350,60811,100739.98468997193
0.00453793103448276,0.008975862068965518,0.01,97397,57963,100739.98468997193
0.00453793103448276,0.009317241379310346,0.0001,98355,97665,98257.83972125436
0.00453793103448276,0.009317241379310346,0.0012000000000000001,97481,90516,98257.83972125436
0.00453793103448276,0.009317241379310346,0.0023,96126,84301,98257.83972125436
0.00453793103448276,0.009317241379310346,0.0034,94559,78875,98257.83972125436
0.00453793103448276,0.009317241379310346,0.0045000000000000005,97779,74089,98257.83972125436
0.00453793103448276,0.009317241379310346,0.005600000000000001,93947,70066,98257.83972125436
0.00453793103448276,0.009317241379310346,0.0067,89909,66312,98257.83972125436
0.00453793103448276,0.009317241379310346,0.0078000000000000005,97098,62954,98257.83972125436
0.00453793103448276,0.009317241379310346,0.0089,95989,59801,98257.83972125436
0.00453793103448276,0.009317241379310346,0.01,94845,57002,98257.83972125436
0.00453793103448276,0.009658620689655173,0.0001,95852,95395,95895.06922516396
0.00453793103448276,0.009658620689655173,0.0012000000000000001,94675,88578,95895.06922516396
0.00453793103448276,0.009658620689655173,0.0023,94275,82639,95895.06922516396
0.00453793103448276,0.009658620689655173,0.0034,93243,77515,95895.06922516396
0.00453793103448276,0.009658620689655173,0.0045000000000000005,92446,72734,95895.06922516396
0.00453793103448276,0.009658620689655173,0.005600000000000001,95144,68860,95895.06922516396
0.00453793103448276,0.009658620689655173,0.0067,94665,65248,95895.06922516396
0.00453793103448276,0.009658620689655173,0.0078000000000000005,94147,61974,95895.06922516396
0.00453793103448276,0.009658620689655173,0.0089,94966,59066,95895.06922516396
0.00453793103448276,0.009658620689655173,0.01,95029,56326,95895.06922516396
0.00453793103448276,0.01,0.0001,93633,92916,93643.26375711577
0.00453793103448276,0.01,0.0012000000000000001,93012,86667,93643.26375711577
0.00453793103448276,0.01,0.0023,91808,80778,93643.26375711577
0.00453793103448276,0.01,0.0034,91993,75994,93643.26375711577
0.00453793103448276,0.01,0.0045000000000000005,91880,71565,93643.26375711577
0.00453793103448276,0.01,0.005600000000000001,89820,67631,93643.26375711577
0.00453793103448276,0.01,0.0067,92299,64179,93643.26375711577
0.00453793103448276,0.01,0.0078000000000000005,86099,60997,93643.26375711577
0.00453793103448276,0.01,0.0089,92170,58129,93643.26375711577
0.00453793103448276,0.01,0.01,91573,55541,93643.26375711577
0.004879310344827587,0.0001,0.0001,288444,287967,293975.0692520776
0.004879310344827587,0.0001,0.0012000000000000001,247176,237136,293975.0692520776
0.004879310344827587,0.0001,0.0023,224762,201351,293975.0692520776
0.004879310344827587,0.0001,0.0034,210760,174717,293975.0692520776
0.004879310344827587,0.0001,0.0045000000000000005,201063,154655,293975.0692520776
0.004879310344827587,0.0001,0.005600000000000001,193973,138398,293975.0692520776
0.004879310344827587,0.0001,0.0067,188308,125333,293975.0692520776
0.004879310344827587,0.0001,0.0078000000000000005,184336,114719,293975.0692520776
0.004879310344827587,0.0001,0.0089,180647,105575,293975.0692520776
0.004879310344827587,0.0001,0.01,177567,97846,293975.0692520776
0.004879310344827587,0.0004413793103448276,0.0001,270667,270366,275113.41542449774
0.004879310344827587,0.0004413793103448276,0.0012000000000000001,236412,224504,275113.41542449774
0.004879310344827587,0.0004413793103448276,0.0023,216947,192149,275113.41542449774
0.004879310344827587,0.0004413793103448276,0.0034,204673,168038,275113.41542449774
0.004879310344827587,0.0004413793103448276,0.0045000000000000005,195965,149138,275113.41542449774
0.004879310344827587,0.0004413793103448276,0.005600000000000001,189756,134173,275113.41542449774
0.004879310344827587,0.0004413793103448276,0.0067,184717,121714,275113.41542449774
0.004879310344827587,0.0004413793103448276,0.0078000000000000005,180934,111677,275113.41542449774
0.004879310344827587,0.0004413793103448276,0.0089,177842,102929,275113.41542449774
0.004879310344827587,0.0004413793103448276,0.01,175174,95703,275113.41542449774
0.004879310344827587,0.0007827586206896553,0.0001,254928,254508,258526.18757612666
0.004879310344827587,0.0007827586206896553,0.0012000000000000001,226110,213357,258526.18757612666
0.004879310344827587,0.0007827586206896553,0.0023,209857,183970,258526.18757612666
0.004879310344827587,0.0007827586206896553,0.0034,199023,161676,258526.18757612666
0.004879310344827587,0.0007827586206896553,0.0045000000000000005,191287,144074,258526.18757612666
0.004879310344827587,0.0007827586206896553,0.005600000000000001,185556,129993,258526.18757612666
0.004879310344827587,0.0007827586206896553,0.0067,181261,118563,258526.18757612666
0.004879310344827587,0.0007827586206896553,0.0078000000000000005,178028,108888,258526.18757612666
0.004879310344827587,0.0007827586206896553,0.0089,174451,100648,258526.18757612666
0.004879310344827587,0.0007827586206896553,0.01,172462,93597,258526.18757612666
0.004879310344827587,0.001124137931034483,0.0001,240989,240153,243825.38770821368
0.004879310344827587,0.001124137931034483,0.0012000000000000001,216880,203309,243825.38770821368
0.004879310344827587,0.001124137931034483,0.0023,202905,176542,243825.38770821368
0.004879310344827587,0.001124137931034483,0.0034,193546,155617,243825.38770821368
0.004879310344827587,0.001124137931034483,0.0045000000000000005,186917,139466,243825.38770821368
0.004879310344827587,0.001124137931034483,0.005600000000000001,181523,126339,243825.38770821368
0.004879310344827587,0.001124137931034483,0.0067,177590,115379,243825.38770821368
0.004879310344827587,0.001124137931034483,0.0078000000000000005,174853,106192,243825.38770821368
0.004879310344827587,0.001124137931034483,0.0089,172009,98362,243825.38770821368
0.004879310344827587,0.001124137931034483,0.01,170009,91595,243825.38770821368
0.004879310344827587,0.0014655172413793106,0.0001,228387,227168,230706.5217391304
0.004879310344827587,0.0014655172413793106,0.0012000000000000001,208487,194020,230706.5217391304
0.004879310344827587,0.0014655172413793106,0.0023,196533,169342,230706.5217391304
0.004879310344827587,0.0014655172413793106,0.0034,188460,150203,230706.5217391304
0.004879310344827587,0.0014655172413793106,0.0045000000000000005,182462,135135,230706.5217391304
0.004879310344827587,0.0014655172413793106,0.005600000000000001,177681,122543,230706.5217391304
0.004879310344827587,0.0014655172413793106,0.0067,174537,112367,230706.5217391304
0.004879310344827587,0.0014655172413793106,0.0078000000000000005,170366,103624,230706.5217391304
0.004879310344827587,0.0014655172413793106,0.0089,169669,95928,230706.5217391304
0.004879310344827587,0.0014655172413793106,0.01,167301,89668,230706.5217391304
0.004879310344827587,0.0018068965517241383,0.0001,216984,215853,218927.2821041774
0.004879310344827587,0.0018068965517241383,0.0012000000000000001,200838,185643,218927.2821041774
0.004879310344827587,0.0018068965517241383,0.0023,190517,162931,218927.2821041774
0.004879310344827587,0.0018068965517241383,0.0034,183377,145244,218927.2821041774
0.004879310344827587,0.0018068965517241383,0.0045000000000000005,178203,130891,218927.2821041774
0.004879310344827587,0.0018068965517241383,0.005600000000000001,173389,119074,218927.2821041774
0.004879310344827587,0.0018068965517241383,0.0067,170972,109508,218927.2821041774
0.004879310344827587,0.0018068965517241383,0.0078000000000000005,168467,101204,218927.2821041774
0.004879310344827587,0.0018068965517241383,0.0089,166377,93994,218927.2821041774
0.004879310344827587,0.0018068965517241383,0.01,164766,87670,218927.2821041774
0.004879310344827587,0.0021482758620689655,0.0001,206805,205343,208292.44357212953
0.004879310344827587,0.0021482758620689655,0.0012000000000000001,193272,177929,208292.44357212953
0.004879310344827587,0.0021482758620689655,0.0023,184812,157162,208292.44357212953
0.004879310344827587,0.0021482758620689655,0.0034,178640,140606,208292.44357212953
0.004879310344827587,0.0021482758620689655,0.0045000000000000005,173939,127059,208292.44357212953
0.004879310344827587,0.0021482758620689655,0.005600000000000001,170272,115970,208292.44357212953
0.004879310344827587,0.0021482758620689655,0.0067,167593,106759,208292.44357212953
0.004879310344827587,0.0021482758620689655,0.0078000000000000005,165579,98850,208292.44357212953
0.004879310344827587,0.0021482758620689655,0.0089,163302,91923,208292.44357212953
0.004879310344827587,0.0021482758620689655,0.01,162107,86075,208292.44357212953
0.004879310344827587,0.0024896551724137932,0.0001,197365,196230,198642.9574169396
0.004879310344827587,0.0024896551724137932,0.0012000000000000001,186275,171073,198642.9574169396
0.004879310344827587,0.0024896551724137932,0.0023,179250,151633,198642.9574169396
0.004879310344827587,0.0024896551724137932,0.0034,174332,135871,198642.9574169396
0.004879310344827587,0.0024896551724137932,0.0045000000000000005,169829,123506,198642.9574169396
0.004879310344827587,0.0024896551724137932,0.005600000000000001,166602,112995,198642.9574169396
0.004879310344827587,0.0024896551724137932,0.0067,164830,104194,198642.9574169396
0.004879310344827587,0.0024896551724137932,0.0078000000000000005,162199,96585,198642.9574169396
0.004879310344827587,0.0024896551724137932,0.0089,160823,89957,198642.9574169396
0.004879310344827587,0.0024896551724137932,0.01,159514,84236,198642.9574169396
0.004879310344827587,0.002831034482758621,0.0001,188960,187657,189847.9427549195
0.004879310344827587,0.002831034482758621,0.0012000000000000001,179979,164317,189847.9427549195
0.004879310344827587,0.002831034482758621,0.0023,174288,146403,189847.9427549195
0.004879310344827587,0.002831034482758621,0.0034,169582,131936,189847.9427549195
0.004879310344827587,0.002831034482758621,0.0045000000000000005,166142,119896,189847.9427549195
0.004879310344827587,0.002831034482758621,0.005600000000000001,163508,110121,189847.9427549195
0.004879310344827587,0.002831034482758621,0.0067,161447,101733,189847.9427549195
0.004879310344827587,0.002831034482758621,0.0078000000000000005,159199,94323,189847.9427549195
0.004879310344827587,0.002831034482758621,0.0089,157796,88216,189847.9427549195
0.004879310344827587,0.002831034482758621,0.01,156980,82755,189847.9427549195
0.004879310344827587,0.0031724137931034486,0.0001,181131,179749,181798.7152034261
0.004879310344827587,0.0031724137931034486,0.0012000000000000001,173705,158197,181798.7152034261
0.004879310344827587,0.0031724137931034486,0.0023,168748,141440,181798.7152034261
0.004879310344827587,0.0031724137931034486,0.0034,165247,127816,181798.7152034261
0.004879310344827587,0.0031724137931034486,0.0045000000000000005,163195,116549,181798.7152034261
0.004879310344827587,0.0031724137931034486,0.005600000000000001,160749,107175,181798.7152034261
0.004879310344827587,0.0031724137931034486,0.0067,158203,99150,181798.7152034261
0.004879310344827587,0.0031724137931034486,0.0078000000000000005,157110,92483,181798.7152034261
0.004879310344827587,0.0031724137931034486,0.0089,154997,86326,181798.7152034261
0.004879310344827587,0.0031724137931034486,0.01,154157,81185,181798.7152034261
0.004879310344827587,0.0035137931034482763,0.0001,173914,172386,174404.27280197208
0.004879310344827587,0.0035137931034482763,0.0012000000000000001,167947,152622,174404.27280197208
0.004879310344827587,0.0035137931034482763,0.0023,164498,137056,174404.27280197208
0.004879310344827587,0.0035137931034482763,0.0034,161754,124224,174404.27280197208
0.004879310344827587,0.0035137931034482763,0.0045000000000000005,159050,113512,174404.27280197208
0.004879310344827587,0.0035137931034482763,0.005600000000000001,156423,104720,174404.27280197208
0.004879310344827587,0.0035137931034482763,0.0067,155453,97072,174404.27280197208
0.004879310344827587,0.0035137931034482763,0.0078000000000000005,154712,90510,174404.27280197208
0.004879310344827587,0.0035137931034482763,0.0089,154888,84765,174404.27280197208
0.004879310344827587,0.0035137931034482763,0.01,151447,79726,174404.27280197208
0.004879310344827587,0.003855172413793104,0.0001,167088,165882,167587.8405053297
0.004879310344827587,0.003855172413793104,0.0012000000000000001,163112,147308,167587.8405053297
0.004879310344827587,0.003855172413793104,0.0023,159318,132746,167587.8405053297
0.004879310344827587,0.003855172413793104,0.0034,159138,120807,167587.8405053297
0.004879310344827587,0.003855172413793104,0.0045000000000000005,155210,110687,167587.8405053297
0.004879310344827587,0.003855172413793104,0.005600000000000001,154465,102042,167587.8405053297
0.004879310344827587,0.003855172413793104,0.0067,152113,94966,167587.8405053297
0.004879310344827587,0.003855172413793104,0.0078000000000000005,151840,88597,167587.8405053297
0.004879310344827587,0.003855172413793104,0.0089,149972,82935,167587.8405053297
0.004879310344827587,0.003855172413793104,0.01,148948,78250,167587.8405053297
0.004879310344827587,0.004196551724137932,0.0001,160966,159698,161284.19452887538
0.004879310344827587,0.004196551724137932,0.0012000000000000001,157658,142588,161284.19452887538
0.004879310344827587,0.004196551724137932,0.0023,154777,128759,161284.19452887538
0.004879310344827587,0.004196551724137932,0.0034,153981,117461,161284.19452887538
0.004879310344827587,0.004196551724137932,0.0045000000000000005,152694,107852,161284.19452887538
0.004879310344827587,0.004196551724137932,0.005600000000000001,150121,99772,161284.19452887538
0.004879310344827587,0.004196551724137932,0.0067,151721,92902,161284.19452887538
0.004879310344827587,0.004196551724137932,0.0078000000000000005,149390,86829,161284.19452887538
0.004879310344827587,0.004196551724137932,0.0089,148319,81385,161284.19452887538
0.004879310344827587,0.004196551724137932,0.01,148189,76664,161284.19452887538
0.004879310344827587,0.00453793103448276,0.0001,155144,153997,155437.56865616993
0.004879310344827587,0.00453793103448276,0.0012000000000000001,153416,137994,155437.56865616993
0.004879310344827587,0.00453793103448276,0.0023,151080,124991,155437.56865616993
0.004879310344827587,0.00453793103448276,0.0034,148950,114190,155437.56865616993
0.004879310344827587,0.00453793103448276,0.0045000000000000005,147335,105143,155437.56865616993
0.004879310344827587,0.00453793103448276,0.005600000000000001,149406,97633,155437.56865616993
0.004879310344827587,0.00453793103448276,0.0067,147586,90800,155437.56865616993
0.004879310344827587,0.00453793103448276,0.0078000000000000005,147436,84958,155437.56865616993
0.004879310344827587,0.00453793103448276,0.0089,147645,80017,155437.56865616993
0.004879310344827587,0.00453793103448276,0.01,147075,75514,155437.56865616993
0.004879310344827587,0.004879310344827587,0.0001,149820,148702,150000.0
0.004879310344827587,0.004879310344827587,0.0012000000000000001,148515,133619,150000.0
0.004879310344827587,0.004879310344827587,0.0023,146147,121502,150000.0
0.004879310344827587,0.004879310344827587,0.0034,144760,111175,150000.0
0.004879310344827587,0.004879310344827587,0.0045000000000000005,146074,102600,150000.0
0.004879310344827587,0.004879310344827587,0.005600000000000001,146002,95448,150000.0
0.004879310344827587,0.004879310344827587,0.0067,143578,88870,150000.0
0.004879310344827587,0.004879310344827587,0.0078000000000000005,144850,83501,150000.0
0.004879310344827587,0.004879310344827587,0.0089,144280,78590,150000.0
0.004879310344827587,0.004879310344827587,0.01,142383,74035,150000.0
0.004879310344827587,0.005220689655172415,0.0001,144716,143625,144930.01024240354
0.004879310344827587,0.005220689655172415,0.0012000000000000001,143311,129677,144930.01024240354
0.004879310344827587,0.005220689655172415,0.0023,139865,118200,144930.01024240354
0.004879310344827587,0.005220689655172415,0.0034,142391,108367,144930.01024240354
0.004879310344827587,0.005220689655172415,0.0045000000000000005,141068,100259,144930.01024240354
0.004879310344827587,0.005220689655172415,0.005600000000000001,140398,93236,144930.01024240354
0.004879310344827587,0.005220689655172415,0.0067,138746,87246,144930.01024240354
0.004879310344827587,0.005220689655172415,0.0078000000000000005,138551,81698,144930.01024240354
0.004879310344827587,0.005220689655172415,0.0089,137908,76976,144930.01024240354
0.004879310344827587,0.005220689655172415,0.01,139063,72750,144930.01024240354
0.004879310344827587,0.005562068965517242,0.0001,140094,138821,140191.54557463672
0.004879310344827587,0.005562068965517242,0.0012000000000000001,138201,125899,140191.54557463672
0.004879310344827587,0.005562068965517242,0.0023,137910,115048,140191.54557463672
0.004879310344827587,0.005562068965517242,0.0034,132226,105717,140191.54557463672
0.004879310344827587,0.005562068965517242,0.0045000000000000005,131194,98087,140191.54557463672
0.004879310344827587,0.005562068965517242,0.005600000000000001,134165,91200,140191.54557463672
0.004879310344827587,0.005562068965517242,0.0067,131746,85323,140191.54557463672
0.004879310344827587,0.005562068965517242,0.0078000000000000005,134639,80303,140191.54557463672
0.004879310344827587,0.005562068965517242,0.0089,133247,75774,140191.54557463672
0.004879310344827587,0.005562068965517242,0.01,135762,71737,140191.54557463672
0.004879310344827587,0.00590344827586207,0.0001,135718,134702,135753.11800447715
0.004879310344827587,0.00590344827586207,0.0012000000000000001,131332,122159,135753.11800447715
0.004879310344827587,0.00590344827586207,0.0023,131827,111991,135753.11800447715
0.004879310344827587,0.00590344827586207,0.0034,128638,103243,135753.11800447715
0.004879310344827587,0.00590344827586207,0.0045000000000000005,129804,95903,135753.11800447715
0.004879310344827587,0.00590344827586207,0.005600000000000001,127986,89465,135753.11800447715
0.004879310344827587,0.00590344827586207,0.0067,128108,83836,135753.11800447715
0.004879310344827587,0.00590344827586207,0.0078000000000000005,132660,78859,135753.11800447715
0.004879310344827587,0.00590344827586207,0.0089,129134,74292,135753.11800447715
0.004879310344827587,0.00590344827586207,0.01,129102,70515,135753.11800447715
0.004879310344827587,0.006244827586206898,0.0001,131559,130379,131587.10477371357
0.004879310344827587,0.006244827586206898,0.0012000000000000001,128383,118829,131587.10477371357
0.004879310344827587,0.006244827586206898,0.0023,127354,109166,131587.10477371357
0.004879310344827587,0.006244827586206898,0.0034,125450,100926,131587.10477371357
0.004879310344827587,0.006244827586206898,0.0045000000000000005,129042,93847,131587.10477371357
0.004879310344827587,0.006244827586206898,0.005600000000000001,124513,87475,131587.10477371357
0.004879310344827587,0.006244827586206898,0.0067,125480,82278,131587.10477371357
0.004879310344827587,0.006244827586206898,0.0078000000000000005,125371,77444,131587.10477371357
0.004879310344827587,0.006244827586206898,0.0089,126027,73237,131587.10477371357
0.004879310344827587,0.006244827586206898,0.01,126691,69382,131587.10477371357
0.004879310344827587,0.006586206896551725,0.0001,127551,126744,127669.17293233082
0.004879310344827587,0.006586206896551725,0.0012000000000000001,125111,115733,127669.17293233082
0.004879310344827587,0.006586206896551725,0.0023,124684,106487,127669.17293233082
0.004879310344827587,0.006586206896551725,0.0034,121724,98580,127669.17293233082
0.004879310344827587,0.006586206896551725,0.0045000000000000005,125468,91802,127669.17293233082
0.004879310344827587,0.006586206896551725,0.005600000000000001,123085,85693,127669.17293233082
0.004879310344827587,0.006586206896551725,0.0067,122923,80684,127669.17293233082
0.004879310344827587,0.006586206896551725,0.0078000000000000005,122526,76074,127669.17293233082
0.004879310344827587,0.006586206896551725,0.0089,121073,72012,127669.17293233082
0.004879310344827587,0.006586206896551725,0.01,118803,68251,127669.17293233082
0.004879310344827587,0.006927586206896553,0.0001,124101,123100,123977.80373831773
0.004879310344827587,0.006927586206896553,0.0012000000000000001,120593,112690,123977.80373831773
0.004879310344827587,0.006927586206896553,0.0023,121196,103879,123977.80373831773
0.004879310344827587,0.006927586206896553,0.0034,118584,96187,123977.80373831773
0.004879310344827587,0.006927586206896553,0.0045000000000000005,115094,89863,123977.80373831773
0.004879310344827587,0.006927586206896553,0.005600000000000001,120215,84144,123977.80373831773
0.004879310344827587,0.006927586206896553,0.0067,118512,79126,123977.80373831773
0.004879310344827587,0.006927586206896553,0.0078000000000000005,116566,74774,123977.80373831773
0.004879310344827587,0.006927586206896553,0.0089,122005,70778,123977.80373831773
0.004879310344827587,0.006927586206896553,0.01,121088,67052,123977.80373831773
0.004879310344827587,0.00726896551724138,0.0001,120537,119515,120493.89724666478
0.004879310344827587,0.00726896551724138,0.0012000000000000001,118088,109814,120493.89724666478
0.004879310344827587,0.00726896551724138,0.0023,118249,101399,120493.89724666478
0.004879310344827587,0.00726896551724138,0.0034,117820,94079,120493.89724666478
0.004879310344827587,0.00726896551724138,0.0045000000000000005,115566,88028,120493.89724666478
0.004879310344827587,0.00726896551724138,0.005600000000000001,112991,82522,120493.89724666478
0.004879310344827587,0.00726896551724138,0.0067,116725,77731,120493.89724666478
0.004879310344827587,0.00726896551724138,0.0078000000000000005,114951,73506,120493.89724666478
0.004879310344827587,0.00726896551724138,0.0089,114964,69498,120493.89724666478
0.004879310344827587,0.00726896551724138,0.01,115100,66218,120493.89724666478
0.004879310344827587,0.0076103448275862086,0.0001,117163,116366,117200.44174489232
0.004879310344827587,0.0076103448275862086,0.0012000000000000001,115467,107078,117200.44174489232
0.004879310344827587,0.0076103448275862086,0.0023,113195,98969,117200.44174489232
0.004879310344827587,0.0076103448275862086,0.0034,114635,92095,117200.44174489232
0.004879310344827587,0.0076103448275862086,0.0045000000000000005,113392,86264,117200.44174489232
0.004879310344827587,0.0076103448275862086,0.005600000000000001,110923,81066,117200.44174489232
0.004879310344827587,0.0076103448275862086,0.0067,110404,76211,117200.44174489232
0.004879310344827587,0.0076103448275862086,0.0078000000000000005,111234,72237,117200.44174489232
0.004879310344827587,0.0076103448275862086,0.0089,115646,68370,117200.44174489232
0.004879310344827587,0.0076103448275862086,0.01,112529,65161,117200.44174489232
0.004879310344827587,0.007951724137931035,0.0001,114020,113184,114082.2359580758
0.004879310344827587,0.007951724137931035,0.0012000000000000001,111913,104487,114082.2359580758
0.004879310344827587,0.007951724137931035,0.0023,110080,96863,114082.2359580758
0.004879310344827587,0.007951724137931035,0.0034,108915,90309,114082.2359580758
0.004879310344827587,0.007951724137931035,0.0045000000000000005,110783,84575,114082.2359580758
0.004879310344827587,0.007951724137931035,0.005600000000000001,105910,79446,114082.2359580758
0.004879310344827587,0.007951724137931035,0.0067,108905,75048,114082.2359580758
0.004879310344827587,0.007951724137931035,0.0078000000000000005,108716,71047,114082.2359580758
0.004879310344827587,0.007951724137931035,0.0089,108043,67491,114082.2359580758
0.004879310344827587,0.007951724137931035,0.01,112117,64056,114082.2359580758
0.004879310344827587,0.008293103448275862,0.0001,111001,110365,111125.65445026176
0.004879310344827587,0.008293103448275862,0.0012000000000000001,109526,101876,111125.65445026176
0.004879310344827587,0.008293103448275862,0.0023,109864,94737,111125.65445026176
0.004879310344827587,0.008293103448275862,0.0034,108125,88437,111125.65445026176
0.004879310344827587,0.008293103448275862,0.0045000000000000005,108440,82789,111125.65445026176
0.004879310344827587,0.008293103448275862,0.005600000000000001,105616,78069,111125.65445026176
0.004879310344827587,0.008293103448275862,0.0067,109726,73754,111125.65445026176
0.004879310344827587,0.008293103448275862,0.0078000000000000005,106843,69864,111125.65445026176
0.004879310344827587,0.008293103448275862,0.0089,108460,66396,111125.65445026176
0.004879310344827587,0.008293103448275862,0.01,108082,63283,111125.65445026176
0.004879310344827587,0.00863448275862069,0.0001,108249,107457,108318.4485838224
0.004879310344827587,0.00863448275862069,0.0012000000000000001,107198,99563,108318.4485838224
0.004879310344827587,0.00863448275862069,0.0023,104676,92678,108318.4485838224
0.004879310344827587,0.00863448275862069,0.0034,104097,86468,108318.4485838224
0.004879310344827587,0.00863448275862069,0.0045000000000000005,103289,81364,108318.4485838224
0.004879310344827587,0.00863448275862069,0.005600000000000001,106471,76544,108318.4485838224
0.004879310344827587,0.00863448275862069,0.0067,100473,72446,108318.4485838224
0.004879310344827587,0.00863448275862069,0.0078000000000000005,107313,68792,108318.4485838224
0.004879310344827587,0.00863448275862069,0.0089,105931,65311,108318.4485838224
0.004879310344827587,0.00863448275862069,0.01,107115,62281,108318.4485838224
0.004879310344827587,0.008975862068965518,0.0001,105634,104825,105649.57690393229
0.004879310344827587,0.008975862068965518,0.0012000000000000001,104523,97171,105649.57690393229
0.004879310344827587,0.008975862068965518,0.0023,102286,90713,105649.57690393229
0.004879310344827587,0.008975862068965518,0.0034,102706,84935,105649.57690393229
0.004879310344827587,0.008975862068965518,0.0045000000000000005,104879,79859,105649.57690393229
0.004879310344827587,0.008975862068965518,0.005600000000000001,102614,75345,105649.57690393229
0.004879310344827587,0.008975862068965518,0.0067,103259,71138,105649.57690393229
0.004879310344827587,0.008975862068965518,0.0078000000000000005,98293,67671,105649.57690393229
0.004879310344827587,0.008975862068965518,0.0089,104228,64421,105649.57690393229
0.004879310344827587,0.008975862068965518,0.01,103870,61473,105649.57690393229
0.004879310344827587,0.009317241379310346,0.0001,103104,102343,103109.0599951421
0.004879310344827587,0.009317241379310346,0.0012000000000000001,101800,95173,103109.0599951421
0.004879310344827587,0.009317241379310346,0.0023,100981,88667,103109.0599951421
0.004879310344827587,0.009317241379310346,0.0034,101061,83126,103109.0599951421
0.004879310344827587,0.009317241379310346,0.0045000000000000005,96667,78379,103109.0599951421
0.004879310344827587,0.009317241379310346,0.005600000000000001,100305,73876,103109.0599951421
0.004879310344827587,0.009317241379310346,0.0067,99702,69981,103109.0599951421
0.004879310344827587,0.009317241379310346,0.0078000000000000005,101131,66569,103109.0599951421
0.004879310344827587,0.009317241379310346,0.0089,97561,63455,103109.0599951421
0.004879310344827587,0.009317241379310346,0.01,101859,60443,103109.0599951421
0.004879310344827587,0.009658620689655173,0.0001,100789,100057,100687.85578747629
0.004879310344827587,0.009658620689655173,0.0012000000000000001,99801,92929,100687.85578747629
0.004879310344827587,0.009658620689655173,0.0023,98464,87083,100687.85578747629
0.004879310344827587,0.009658620689655173,0.0034,96927,81722,100687.85578747629
0.004879310344827587,0.009658620689655173,0.0045000000000000005,95251,76975,100687.85578747629
0.004879310344827587,0.009658620689655173,0.005600000000000001,97835,72613,100687.85578747629
0.004879310344827587,0.009658620689655173,0.0067,95697,68998,100687.85578747629
0.004879310344827587,0.009658620689655173,0.0078000000000000005,99640,65540,100687.85578747629
0.004879310344827587,0.009658620689655173,0.0089,94217,62406,100687.85578747629
0.004879310344827587,0.009658620689655173,0.01,97185,59719,100687.85578747629
0.004879310344827587,0.01,0.0001,98460,97846,98377.75202780997
0.004879310344827587,0.01,0.0012000000000000001,97264,90961,98377.75202780997
0.004879310344827587,0.01,0.0023,95331,85173,98377.75202780997
0.004879310344827587,0.01,0.0034,95104,80184,98377.75202780997
0.004879310344827587,0.01,0.0045000000000000005,97463,75461,98377.75202780997
0.004879310344827587,0.01,0.005600000000000001,92912,71570,98377.75202780997
0.004879310344827587,0.01,0.0067,96217,67930,98377.75202780997
0.004879310344827587,0.01,0.0078000000000000005,92805,64617,98377.75202780997
0.004879310344827587,0.01,0.0089,94657,61630,98377.75202780997
0.004879310344827587,0.01,0.01,92170,58931,98377.75202780997
0.005220689655172415,0.0001,0.0001,289031,288702,294361.63318211277
0.005220689655172415,0.0001,0.0012000000000000001,249753,240083,294361.63318211277
0.005220689655172415,0.0001,0.0023,227271,205726,294361.63318211277
0.005220689655172415,0.0001,0.0034,213218,179827,294361.63318211277
0.005220689655172415,0.0001,0.0045000000000000005,203446,159510,294361.63318211277
0.005220689655172415,0.0001,0.005600000000000001,196162,143510,294361.63318211277
0.005220689655172415,0.0001,0.0067,190639,130378,294361.63318211277
0.005220689655172415,0.0001,0.0078000000000000005,186388,119508,294361.63318211277
0.005220689655172415,0.0001,0.0089,182404,110179,294361.63318211277
0.005220689655172415,0.0001,0.01,179436,102241,294361.63318211277
0.005220689655172415,0.0004413793103448276,0.0001,272596,272115,276613.88550548116
0.005220689655172415,0.0004413793103448276,0.0012000000000000001,238872,228560,276613.88550548116
0.005220689655172415,0.0004413793103448276,0.0023,219654,196856,276613.88550548116
0.005220689655172415,0.0004413793103448276,0.0034,207237,172821,276613.88550548116
0.005220689655172415,0.0004413793103448276,0.0045000000000000005,198514,154162,276613.88550548116
0.005220689655172415,0.0004413793103448276,0.005600000000000001,192175,139012,276613.88550548116
0.005220689655172415,0.0004413793103448276,0.0067,187052,126861,276613.88550548116
0.005220689655172415,0.0004413793103448276,0.0078000000000000005,183078,116496,276613.88550548116
0.005220689655172415,0.0004413793103448276,0.0089,179745,107487,276613.88550548116
0.005220689655172415,0.0004413793103448276,0.01,177052,100097,276613.88550548116
0.005220689655172415,0.0007827586206896553,0.0001,257511,256919,260884.5491097071
0.005220689655172415,0.0007827586206896553,0.0012000000000000001,229272,217615,260884.5491097071
0.005220689655172415,0.0007827586206896553,0.0023,212813,188640,260884.5491097071
0.005220689655172415,0.0007827586206896553,0.0034,201701,166756,260884.5491097071
0.005220689655172415,0.0007827586206896553,0.0045000000000000005,193946,149130,260884.5491097071
0.005220689655172415,0.0007827586206896553,0.005600000000000001,188085,135177,260884.5491097071
0.005220689655172415,0.0007827586206896553,0.0067,183684,123232,260884.5491097071
0.005220689655172415,0.0007827586206896553,0.0078000000000000005,179775,113581,260884.5491097071
0.005220689655172415,0.0007827586206896553,0.0089,176433,105203,260884.5491097071
0.005220689655172415,0.0007827586206896553,0.01,174196,97931,260884.5491097071
0.005220689655172415,0.001124137931034483,0.0001,244279,243139,246847.82608695654
0.005220689655172415,0.001124137931034483,0.0012000000000000001,220214,207873,246847.82608695654
0.005220689655172415,0.001124137931034483,0.0023,205906,181300,246847.82608695654
0.005220689655172415,0.001124137931034483,0.0034,196372,160885,246847.82608695654
0.005220689655172415,0.001124137931034483,0.0045000000000000005,189318,144436,246847.82608695654
0.005220689655172415,0.001124137931034483,0.005600000000000001,183944,131081,246847.82608695654
0.005220689655172415,0.001124137931034483,0.0067,180348,120067,246847.82608695654
0.005220689655172415,0.001124137931034483,0.0078000000000000005,176437,110762,246847.82608695654
0.005220689655172415,0.001124137931034483,0.0089,173837,102813,246847.82608695654
0.005220689655172415,0.001124137931034483,0.01,172148,95921,246847.82608695654
0.005220689655172415,0.0014655172413793106,0.0001,231892,231097,234244.45590510571
0.005220689655172415,0.0014655172413793106,0.0012000000000000001,212115,198578,234244.45590510571
0.005220689655172415,0.0014655172413793106,0.0023,199485,174484,234244.45590510571
0.005220689655172415,0.0014655172413793106,0.0034,191425,155411,234244.45590510571
0.005220689655172415,0.0014655172413793106,0.0045000000000000005,185162,140206,234244.45590510571
0.005220689655172415,0.0014655172413793106,0.005600000000000001,179808,127638,234244.45590510571
0.005220689655172415,0.0014655172413793106,0.0067,176572,117150,234244.45590510571
0.005220689655172415,0.0014655172413793106,0.0078000000000000005,173997,108246,234244.45590510571
0.005220689655172415,0.0014655172413793106,0.0089,171496,100623,234244.45590510571
0.005220689655172415,0.0014655172413793106,0.01,168937,94008,234244.45590510571
0.005220689655172415,0.0018068965517241383,0.0001,221110,219832,222865.55446516193
0.005220689655172415,0.0018068965517241383,0.0012000000000000001,204354,190426,222865.55446516193
0.005220689655172415,0.0018068965517241383,0.0023,193800,167968,222865.55446516193
0.005220689655172415,0.0018068965517241383,0.0034,186547,150328,222865.55446516193
0.005220689655172415,0.0018068965517241383,0.0045000000000000005,180655,135850,222865.55446516193
0.005220689655172415,0.0018068965517241383,0.005600000000000001,176805,124100,222865.55446516193
0.005220689655172415,0.0018068965517241383,0.0067,173204,114225,222865.55446516193
0.005220689655172415,0.0018068965517241383,0.0078000000000000005,171111,105595,222865.55446516193
0.005220689655172415,0.0018068965517241383,0.0089,168023,98430,222865.55446516193
0.005220689655172415,0.0018068965517241383,0.01,166433,92069,222865.55446516193
0.005220689655172415,0.0021482758620689655,0.0001,211048,209875,212540.94525035095
0.005220689655172415,0.0021482758620689655,0.0012000000000000001,197107,182795,212540.94525035095
0.005220689655172415,0.0021482758620689655,0.0023,188189,162043,212540.94525035095
0.005220689655172415,0.0021482758620689655,0.0034,181418,145659,212540.94525035095
0.005220689655172415,0.0021482758620689655,0.0045000000000000005,176580,132109,212540.94525035095
0.005220689655172415,0.0021482758620689655,0.005600000000000001,173275,120739,212540.94525035095
0.005220689655172415,0.0021482758620689655,0.0067,169774,111466,212540.94525035095
0.005220689655172415,0.0021482758620689655,0.0078000000000000005,167380,103345,212540.94525035095
0.005220689655172415,0.0021482758620689655,0.0089,164701,96414,212540.94525035095
0.005220689655172415,0.0021482758620689655,0.01,163882,90292,212540.94525035095
0.005220689655172415,0.0024896551724137932,0.0001,201870,200673,203130.59033989266
0.005220689655172415,0.0024896551724137932,0.0012000000000000001,190385,175885,203130.59033989266
0.005220689655172415,0.0024896551724137932,0.0023,182829,156526,203130.59033989266
0.005220689655172415,0.0024896551724137932,0.0034,176919,141031,203130.59033989266
0.005220689655172415,0.0024896551724137932,0.0045000000000000005,172996,128218,203130.59033989266
0.005220689655172415,0.0024896551724137932,0.005600000000000001,169497,117704,203130.59033989266
0.005220689655172415,0.0024896551724137932,0.0067,166982,108828,203130.59033989266
0.005220689655172415,0.0024896551724137932,0.0078000000000000005,163637,101113,203130.59033989266
0.005220689655172415,0.0024896551724137932,0.0089,162826,94398,203130.59033989266
0.005220689655172415,0.0024896551724137932,0.01,161309,88404,203130.59033989266
0.005220689655172415,0.002831034482758621,0.0001,193416,192375,194518.20128479658
0.005220689655172415,0.002831034482758621,0.0012000000000000001,184200,169496,194518.20128479658
0.005220689655172415,0.002831034482758621,0.0023,177735,151364,194518.20128479658
0.005220689655172415,0.002831034482758621,0.0034,172812,136782,194518.20128479658
0.005220689655172415,0.002831034482758621,0.0045000000000000005,169638,124925,194518.20128479658
0.005220689655172415,0.002831034482758621,0.005600000000000001,166172,114879,194518.20128479658
0.005220689655172415,0.002831034482758621,0.0067,164059,106311,194518.20128479658
0.005220689655172415,0.002831034482758621,0.0078000000000000005,161770,98958,194518.20128479658
0.005220689655172415,0.002831034482758621,0.0089,160403,92317,194518.20128479658
0.005220689655172415,0.002831034482758621,0.01,159185,86873,194518.20128479658
0.005220689655172415,0.0031724137931034486,0.0001,185803,184625,186606.40920295808
0.005220689655172415,0.0031724137931034486,0.0012000000000000001,177635,163428,186606.40920295808
0.005220689655172415,0.0031724137931034486,0.0023,172973,146472,186606.40920295808
0.005220689655172415,0.0031724137931034486,0.0034,168617,132913,186606.40920295808
0.005220689655172415,0.0031724137931034486,0.0045000000000000005,165639,121574,186606.40920295808
0.005220689655172415,0.0031724137931034486,0.005600000000000001,162726,112077,186606.40920295808
0.005220689655172415,0.0031724137931034486,0.0067,160694,103904,186606.40920295808
0.005220689655172415,0.0031724137931034486,0.0078000000000000005,159609,96768,186606.40920295808
0.005220689655172415,0.0031724137931034486,0.0089,157525,90681,186606.40920295808
0.005220689655172415,0.0031724137931034486,0.01,155613,85278,186606.40920295808
0.005220689655172415,0.0035137931034482763,0.0001,178707,177349,179313.06750888273
0.005220689655172415,0.0035137931034482763,0.0012000000000000001,172665,157739,179313.06750888273
0.005220689655172415,0.0035137931034482763,0.0023,168186,142016,179313.06750888273
0.005220689655172415,0.0035137931034482763,0.0034,164289,129152,179313.06750888273
0.005220689655172415,0.0035137931034482763,0.0045000000000000005,161769,118311,179313.06750888273
0.005220689655172415,0.0035137931034482763,0.005600000000000001,159953,109422,179313.06750888273
0.005220689655172415,0.0035137931034482763,0.0067,158311,101494,179313.06750888273
0.005220689655172415,0.0035137931034482763,0.0078000000000000005,156567,94648,179313.06750888273
0.005220689655172415,0.0035137931034482763,0.0089,155095,88901,179313.06750888273
0.005220689655172415,0.0035137931034482763,0.01,155404,83735,179313.06750888273
0.005220689655172415,0.003855172413793104,0.0001,172125,170819,172568.38905775078
0.005220689655172415,0.003855172413793104,0.0012000000000000001,167168,152510,172568.38905775078
0.005220689655172415,0.003855172413793104,0.0023,164374,137885,172568.38905775078
0.005220689655172415,0.003855172413793104,0.0034,161470,125502,172568.38905775078
0.005220689655172415,0.003855172413793104,0.0045000000000000005,158406,115404,172568.38905775078
0.005220689655172415,0.003855172413793104,0.005600000000000001,157392,106800,172568.38905775078
0.005220689655172415,0.003855172413793104,0.0067,158001,99236,172568.38905775078
0.005220689655172415,0.003855172413793104,0.0078000000000000005,154100,92918,172568.38905775078
0.005220689655172415,0.003855172413793104,0.0089,152334,87074,172568.38905775078
0.005220689655172415,0.003855172413793104,0.01,154528,82228,172568.38905775078
0.005220689655172415,0.004196551724137932,0.0001,165972,164607,166312.7059685097
0.005220689655172415,0.004196551724137932,0.0012000000000000001,162473,147644,166312.7059685097
0.005220689655172415,0.004196551724137932,0.0023,158632,133695,166312.7059685097
0.005220689655172415,0.004196551724137932,0.0034,157709,122344,166312.7059685097
0.005220689655172415,0.004196551724137932,0.0045000000000000005,156446,112533,166312.7059685097
0.005220689655172415,0.004196551724137932,0.005600000000000001,155812,104230,166312.7059685097
0.005220689655172415,0.004196551724137932,0.0067,152715,97098,166312.7059685097
0.005220689655172415,0.004196551724137932,0.0078000000000000005,150362,90925,166312.7059685097
0.005220689655172415,0.004196551724137932,0.0089,152486,85600,166312.7059685097
0.005220689655172415,0.004196551724137932,0.01,150723,80686,166312.7059685097
0.005220689655172415,0.00453793103448276,0.0001,160123,158994,160494.69964664313
0.005220689655172415,0.00453793103448276,0.0012000000000000001,157622,143129,160494.69964664313
0.005220689655172415,0.00453793103448276,0.0023,155934,130061,160494.69964664313
0.005220689655172415,0.00453793103448276,0.0034,154367,119139,160494.69964664313
0.005220689655172415,0.00453793103448276,0.0045000000000000005,152048,109773,160494.69964664313
0.005220689655172415,0.00453793103448276,0.005600000000000001,149662,101967,160494.69964664313
0.005220689655172415,0.00453793103448276,0.0067,149266,95275,160494.69964664313
0.005220689655172415,0.00453793103448276,0.0078000000000000005,147612,89306,160494.69964664313
0.005220689655172415,0.00453793103448276,0.0089,150409,84034,160494.69964664313
0.005220689655172415,0.00453793103448276,0.01,148849,79379,160494.69964664313
0.005220689655172415,0.004879310344827587,0.0001,154797,153736,155069.98975759646
0.005220689655172415,0.004879310344827587,0.0012000000000000001,152916,138612,155069.98975759646
0.005220689655172415,0.004879310344827587,0.0023,151400,126350,155069.98975759646
0.005220689655172415,0.004879310344827587,0.0034,150887,115996,155069.98975759646
0.005220689655172415,0.004879310344827587,0.0045000000000000005,149327,107216,155069.98975759646
0.005220689655172415,0.004879310344827587,0.005600000000000001,149366,99842,155069.98975759646
0.005220689655172415,0.004879310344827587,0.0067,147405,93286,155069.98975759646
0.005220689655172415,0.004879310344827587,0.0078000000000000005,147083,87586,155069.98975759646
0.005220689655172415,0.004879310344827587,0.0089,145644,82558,155069.98975759646
0.005220689655172415,0.004879310344827587,0.01,147088,78047,155069.98975759646
0.005220689655172415,0.005220689655172415,0.0001,149768,148661,150000.0
0.005220689655172415,0.005220689655172415,0.0012000000000000001,148549,134651,150000.0
0.005220689655172415,0.005220689655172415,0.0023,147274,123004,150000.0
0.005220689655172415,0.005220689655172415,0.0034,146919,113103,150000.0
0.005220689655172415,0.005220689655172415,0.0045000000000000005,145941,104909,150000.0
0.005220689655172415,0.005220689655172415,0.005600000000000001,145137,97762,150000.0
0.005220689655172415,0.005220689655172415,0.0067,145784,91480,150000.0
0.005220689655172415,0.005220689655172415,0.0078000000000000005,144669,85823,150000.0
0.005220689655172415,0.005220689655172415,0.0089,143475,80908,150000.0
0.005220689655172415,0.005220689655172415,0.01,144482,76734,150000.0
0.005220689655172415,0.005562068965517242,0.0001,145119,143897,145251.0393348257
0.005220689655172415,0.005562068965517242,0.0012000000000000001,143606,130724,145251.0393348257
0.005220689655172415,0.005562068965517242,0.0023,140258,119825,145251.0393348257
0.005220689655172415,0.005562068965517242,0.0034,142377,110353,145251.0393348257
0.005220689655172415,0.005562068965517242,0.0045000000000000005,141505,102412,145251.0393348257
0.005220689655172415,0.005562068965517242,0.005600000000000001,141199,95727,145251.0393348257
0.005220689655172415,0.005562068965517242,0.0067,139637,89615,145251.0393348257
0.005220689655172415,0.005562068965517242,0.0078000000000000005,138327,84370,145251.0393348257
0.005220689655172415,0.005562068965517242,0.0089,138806,79714,145251.0393348257
0.005220689655172415,0.005562068965517242,0.01,136631,75274,145251.0393348257
0.005220689655172415,0.00590344827586207,0.0001,140771,139633,140793.5523868568
0.005220689655172415,0.00590344827586207,0.0012000000000000001,138294,127261,140793.5523868568
0.005220689655172415,0.00590344827586207,0.0023,139058,116817,140793.5523868568
0.005220689655172415,0.00590344827586207,0.0034,136692,107851,140793.5523868568
0.005220689655172415,0.00590344827586207,0.0045000000000000005,132455,100203,140793.5523868568
0.005220689655172415,0.00590344827586207,0.005600000000000001,136929,93681,140793.5523868568
0.005220689655172415,0.00590344827586207,0.0067,131701,87970,140793.5523868568
0.005220689655172415,0.00590344827586207,0.0078000000000000005,132378,82855,140793.5523868568
0.005220689655172415,0.00590344827586207,0.0089,135764,78354,140793.5523868568
0.005220689655172415,0.00590344827586207,0.01,135956,74159,140793.5523868568
0.005220689655172415,0.006244827586206898,0.0001,136425,135533,136601.50375939853
0.005220689655172415,0.006244827586206898,0.0012000000000000001,134500,123778,136601.50375939853
0.005220689655172415,0.006244827586206898,0.0023,132768,113907,136601.50375939853
0.005220689655172415,0.006244827586206898,0.0034,133193,105375,136601.50375939853
0.005220689655172415,0.006244827586206898,0.0045000000000000005,131532,98259,136601.50375939853
0.005220689655172415,0.006244827586206898,0.005600000000000001,130701,91897,136601.50375939853
0.005220689655172415,0.006244827586206898,0.0067,129215,86307,136601.50375939853
0.005220689655172415,0.006244827586206898,0.0078000000000000005,129325,81391,136601.50375939853
0.005220689655172415,0.006244827586206898,0.0089,129783,76994,136601.50375939853
0.005220689655172415,0.006244827586206898,0.01,126996,72894,136601.50375939853
0.005220689655172415,0.006586206896551725,0.0001,132678,131567,132651.8691588785
0.005220689655172415,0.006586206896551725,0.0012000000000000001,129202,120530,132651.8691588785
0.005220689655172415,0.006586206896551725,0.0023,128198,111149,132651.8691588785
0.005220689655172415,0.006586206896551725,0.0034,127768,103131,132651.8691588785
0.005220689655172415,0.006586206896551725,0.0045000000000000005,129345,96124,132651.8691588785
0.005220689655172415,0.006586206896551725,0.005600000000000001,125921,90128,132651.8691588785
0.005220689655172415,0.006586206896551725,0.0067,125565,84567,132651.8691588785
0.005220689655172415,0.006586206896551725,0.0078000000000000005,130216,79978,132651.8691588785
0.005220689655172415,0.006586206896551725,0.0089,124121,75725,132651.8691588785
0.005220689655172415,0.006586206896551725,0.01,123306,71889,132651.8691588785
0.005220689655172415,0.006927586206896553,0.0001,128829,127936,128924.21231904626
0.005220689655172415,0.006927586206896553,0.0012000000000000001,125963,117486,128924.21231904626
0.005220689655172415,0.006927586206896553,0.0023,126845,108552,128924.21231904626
0.005220689655172415,0.006927586206896553,0.0034,122567,100860,128924.21231904626
0.005220689655172415,0.006927586206896553,0.0045000000000000005,125339,94068,128924.21231904626
0.005220689655172415,0.006927586206896553,0.005600000000000001,122585,88308,128924.21231904626
0.005220689655172415,0.006927586206896553,0.0067,120283,83142,128924.21231904626
0.005220689655172415,0.006927586206896553,0.0078000000000000005,125881,78605,128924.21231904626
0.005220689655172415,0.006927586206896553,0.0089,123301,74506,128924.21231904626
0.005220689655172415,0.006927586206896553,0.01,124443,70809,128924.21231904626
0.005220689655172415,0.00726896551724138,0.0001,125399,124573,125400.33130866925
0.005220689655172415,0.00726896551724138,0.0012000000000000001,122919,114556,125400.33130866925
0.005220689655172415,0.00726896551724138,0.0023,121992,106036,125400.33130866925
0.005220689655172415,0.00726896551724138,0.0034,121731,98692,125400.33130866925
0.005220689655172415,0.00726896551724138,0.0045000000000000005,121196,92135,125400.33130866925
0.005220689655172415,0.00726896551724138,0.005600000000000001,116912,86680,125400.33130866925
0.005220689655172415,0.00726896551724138,0.0067,123270,81641,125400.33130866925
0.005220689655172415,0.00726896551724138,0.0078000000000000005,122704,77292,125400.33130866925
0.005220689655172415,0.00726896551724138,0.0089,119174,73350,125400.33130866925
0.005220689655172415,0.00726896551724138,0.01,121859,69727,125400.33130866925
0.005220689655172415,0.0076103448275862086,0.0001,122086,121141,122063.9613007256
0.005220689655172415,0.0076103448275862086,0.0012000000000000001,119922,111777,122063.9613007256
0.005220689655172415,0.0076103448275862086,0.0023,117195,103647,122063.9613007256
0.005220689655172415,0.0076103448275862086,0.0034,116328,96433,122063.9613007256
0.005220689655172415,0.0076103448275862086,0.0045000000000000005,114823,90474,122063.9613007256
0.005220689655172415,0.0076103448275862086,0.005600000000000001,113393,85068,122063.9613007256
0.005220689655172415,0.0076103448275862086,0.0067,114179,80118,122063.9613007256
0.005220689655172415,0.0076103448275862086,0.0078000000000000005,120505,75874,122063.9613007256
0.005220689655172415,0.0076103448275862086,0.0089,119412,72155,122063.9613007256
0.005220689655172415,0.0076103448275862086,0.01,113816,68547,122063.9613007256
0.005220689655172415,0.007951724137931035,0.0001,118875,117957,118900.52356020943
0.005220689655172415,0.007951724137931035,0.0012000000000000001,116381,109109,118900.52356020943
0.005220689655172415,0.007951724137931035,0.0023,112938,101372,118900.52356020943
0.005220689655172415,0.007951724137931035,0.0034,115592,94485,118900.52356020943
0.005220689655172415,0.007951724137931035,0.0045000000000000005,110807,88559,118900.52356020943
0.005220689655172415,0.007951724137931035,0.005600000000000001,112058,83445,118900.52356020943
0.005220689655172415,0.007951724137931035,0.0067,112303,78804,118900.52356020943
0.005220689655172415,0.007951724137931035,0.0078000000000000005,114224,74613,118900.52356020943
0.005220689655172415,0.007951724137931035,0.0089,115572,71043,118900.52356020943
0.005220689655172415,0.007951724137931035,0.01,113142,67665,118900.52356020943
0.005220689655172415,0.008293103448275862,0.0001,115861,115062,115896.91247767287
0.005220689655172415,0.008293103448275862,0.0012000000000000001,114252,106540,115896.91247767287
0.005220689655172415,0.008293103448275862,0.0023,108778,99006,115896.91247767287
0.005220689655172415,0.008293103448275862,0.0034,111841,92741,115896.91247767287
0.005220689655172415,0.008293103448275862,0.0045000000000000005,109798,87031,115896.91247767287
0.005220689655172415,0.008293103448275862,0.005600000000000001,108971,81882,115896.91247767287
0.005220689655172415,0.008293103448275862,0.0067,105818,77528,115896.91247767287
0.005220689655172415,0.008293103448275862,0.0078000000000000005,114574,73563,115896.91247767287
0.005220689655172415,0.008293103448275862,0.0089,115046,69803,115896.91247767287
0.005220689655172415,0.008293103448275862,0.01,112327,66549,115896.91247767287
0.005220689655172415,0.00863448275862069,0.0001,112967,112182,113041.31408661025
0.005220689655172415,0.00863448275862069,0.0012000000000000001,111459,104183,113041.31408661025
0.005220689655172415,0.00863448275862069,0.0023,109630,96875,113041.31408661025
0.005220689655172415,0.00863448275862069,0.0034,109837,90906,113041.31408661025
0.005220689655172415,0.00863448275862069,0.0045000000000000005,111737,85433,113041.31408661025
0.005220689655172415,0.00863448275862069,0.005600000000000001,108955,80433,113041.31408661025
0.005220689655172415,0.00863448275862069,0.0067,109125,76132,113041.31408661025
0.005220689655172415,0.00863448275862069,0.0078000000000000005,106620,72403,113041.31408661025
0.005220689655172415,0.00863448275862069,0.0089,109663,68940,113041.31408661025
0.005220689655172415,0.00863448275862069,0.01,107512,65740,113041.31408661025
0.005220689655172415,0.008975862068965518,0.0001,110268,109586,110323.05076512024
0.005220689655172415,0.008975862068965518,0.0012000000000000001,108706,101863,110323.05076512024
0.005220689655172415,0.008975862068965518,0.0023,107004,95068,110323.05076512024
0.005220689655172415,0.008975862068965518,0.0034,108124,89147,110323.05076512024
0.005220689655172415,0.008975862068965518,0.0045000000000000005,107801,83916,110323.05076512024
0.005220689655172415,0.008975862068965518,0.005600000000000001,106804,79200,110323.05076512024
0.005220689655172415,0.008975862068965518,0.0067,106276,75071,110323.05076512024
0.005220689655172415,0.008975862068965518,0.0078000000000000005,103572,71128,110323.05076512024
0.005220689655172415,0.008975862068965518,0.0089,104768,67874,110323.05076512024
0.005220689655172415,0.008975862068965518,0.01,108498,64655,110323.05076512024
0.005220689655172415,0.009317241379310346,0.0001,107634,107073,107732.44781783682
0.005220689655172415,0.009317241379310346,0.0012000000000000001,106082,99616,107732.44781783682
0.005220689655172415,0.009317241379310346,0.0023,104782,93133,107732.44781783682
0.005220689655172415,0.009317241379310346,0.0034,106207,87239,107732.44781783682
0.005220689655172415,0.009317241379310346,0.0045000000000000005,106144,82355,107732.44781783682
0.005220689655172415,0.009317241379310346,0.005600000000000001,101701,77770,107732.44781783682
0.005220689655172415,0.009317241379310346,0.0067,105148,73863,107732.44781783682
0.005220689655172415,0.009317241379310346,0.0078000000000000005,102453,70245,107732.44781783682
0.005220689655172415,0.009317241379310346,0.0089,104919,66912,107732.44781783682
0.005220689655172415,0.009317241379310346,0.01,102332,63907,107732.44781783682
0.005220689655172415,0.009658620689655173,0.0001,105302,104511,105260.71842410197
0.005220689655172415,0.009658620689655173,0.0012000000000000001,103375,97525,105260.71842410197
0.005220689655172415,0.009658620689655173,0.0023,102061,91136,105260.71842410197
0.005220689655172415,0.009658620689655173,0.0034,102974,85629,105260.71842410197
0.005220689655172415,0.009658620689655173,0.0045000000000000005,103065,80956,105260.71842410197
0.005220689655172415,0.009658620689655173,0.005600000000000001,100020,76506,105260.71842410197
0.005220689655172415,0.009658620689655173,0.0067,101367,72662,105260.71842410197
0.005220689655172415,0.009658620689655173,0.0078000000000000005,103464,69144,105260.71842410197
0.005220689655172415,0.009658620689655173,0.0089,103722,65943,105260.71842410197
0.005220689655172415,0.009658620689655173,0.01,99285,63015,105260.71842410197
0.005220689655172415,0.01,0.0001,102939,102241,102899.86406887177
0.005220689655172415,0.01,0.0012000000000000001,101835,95502,102899.86406887177
0.005220689655172415,0.01,0.0023,100834,89500,102899.86406887177
0.005220689655172415,0.01,0.0034,100774,84216,102899.86406887177
0.005220689655172415,0.01,0.0045000000000000005,99365,79474,102899.86406887177
0.005220689655172415,0.01,0.005600000000000001,101505,75307,102899.86406887177
0.005220689655172415,0.01,0.0067,99601,71388,102899.86406887177
0.005220689655172415,0.01,0.0078000000000000005,100168,67965,102899.86406887177
0.005220689655172415,0.01,0.0089,97829,65053,102899.86406887177
0.005220689655172415,0.01,0.01,99653,62117,102899.86406887177
0.005562068965517242,0.0001,0.0001,289851,289404,294701.58343483554
0.005562068965517242,0.0001,0.0012000000000000001,251848,243194,294701.58343483554
0.005562068965517242,0.0001,0.0023,229631,209528,294701.58343483554
0.005562068965517242,0.0001,0.0034,215617,184362,294701.58343483554
0.005562068965517242,0.0001,0.0045000000000000005,205460,164338,294701.58343483554
0.005562068965517242,0.0001,0.005600000000000001,198198,148231,294701.58343483554
0.005562068965517242,0.0001,0.0067,192377,135152,294701.58343483554
0.005562068965517242,0.0001,0.0078000000000000005,187881,123891,294701.58343483554
0.005562068965517242,0.0001,0.0089,184245,114675,294701.58343483554
0.005562068965517242,0.0001,0.01,181035,106477,294701.58343483554
0.005562068965517242,0.0004413793103448276,0.0001,274194,273775,277943.7105112005
0.005562068965517242,0.0004413793103448276,0.0012000000000000001,241342,231546,277943.7105112005
0.005562068965517242,0.0004413793103448276,0.0023,222439,201204,277943.7105112005
0.005562068965517242,0.0004413793103448276,0.0034,209824,177475,277943.7105112005
0.005562068965517242,0.0004413793103448276,0.0045000000000000005,200858,158942,277943.7105112005
0.005562068965517242,0.0004413793103448276,0.005600000000000001,194209,143768,277943.7105112005
0.005562068965517242,0.0004413793103448276,0.0067,188970,131317,277943.7105112005
0.005562068965517242,0.0004413793103448276,0.0078000000000000005,184950,121022,277943.7105112005
0.005562068965517242,0.0004413793103448276,0.0089,181357,111916,277943.7105112005
0.005562068965517242,0.0004413793103448276,0.01,178666,104200,277943.7105112005
0.005562068965517242,0.0007827586206896553,0.0001,259761,259227,262989.13043478265
0.005562068965517242,0.0007827586206896553,0.0012000000000000001,232151,221249,262989.13043478265
0.005562068965517242,0.0007827586206896553,0.0023,215532,193143,262989.13043478265
0.005562068965517242,0.0007827586206896553,0.0034,204143,171321,262989.13043478265
0.005562068965517242,0.0007827586206896553,0.0045000000000000005,196539,153864,262989.13043478265
0.005562068965517242,0.0007827586206896553,0.005600000000000001,190083,139828,262989.13043478265
0.005562068965517242,0.0007827586206896553,0.0067,185582,128077,262989.13043478265
0.005562068965517242,0.0007827586206896553,0.0078000000000000005,181754,118092,262989.13043478265
0.005562068965517242,0.0007827586206896553,0.0089,178234,109483,262989.13043478265
0.005562068965517242,0.0007827586206896553,0.01,176069,102108,262989.13043478265
0.005562068965517242,0.001124137931034483,0.0001,246632,245886,249561.62970603403
0.005562068965517242,0.001124137931034483,0.0012000000000000001,223220,211600,249561.62970603403
0.005562068965517242,0.001124137931034483,0.0023,208815,185697,249561.62970603403
0.005562068965517242,0.001124137931034483,0.0034,199279,165481,249561.62970603403
0.005562068965517242,0.001124137931034483,0.0045000000000000005,192005,149243,249561.62970603403
0.005562068965517242,0.001124137931034483,0.005600000000000001,186609,136025,249561.62970603403
0.005562068965517242,0.001124137931034483,0.0067,182094,124738,249561.62970603403
0.005562068965517242,0.001124137931034483,0.0078000000000000005,179025,115326,249561.62970603403
0.005562068965517242,0.001124137931034483,0.0089,175813,107191,249561.62970603403
0.005562068965517242,0.001124137931034483,0.01,172912,100123,249561.62970603403
0.005562068965517242,0.0014655172413793106,0.0001,235233,234032,237438.66535819432
0.005562068965517242,0.0014655172413793106,0.0012000000000000001,215284,202864,237438.66535819432
0.005562068965517242,0.0014655172413793106,0.0023,202631,179076,237438.66535819432
0.005562068965517242,0.0014655172413793106,0.0034,194097,160141,237438.66535819432
0.005562068965517242,0.0014655172413793106,0.0045000000000000005,187602,144854,237438.66535819432
0.005562068965517242,0.0014655172413793106,0.005600000000000001,183010,132259,237438.66535819432
0.005562068965517242,0.0014655172413793106,0.0067,178811,121556,237438.66535819432
0.005562068965517242,0.0014655172413793106,0.0078000000000000005,175119,112659,237438.66535819432
0.005562068965517242,0.0014655172413793106,0.0089,172654,104876,237438.66535819432
0.005562068965517242,0.0014655172413793106,0.01,170162,98035,237438.66535819432
0.005562068965517242,0.0018068965517241383,0.0001,224484,223603,226438.9330837623
0.005562068965517242,0.0018068965517241383,0.0012000000000000001,207667,194727,226438.9330837623
0.005562068965517242,0.0018068965517241383,0.0023,196832,172637,226438.9330837623
0.005562068965517242,0.0018068965517241383,0.0034,189104,155163,226438.9330837623
0.005562068965517242,0.0018068965517241383,0.0045000000000000005,183784,140665,226438.9330837623
0.005562068965517242,0.0018068965517241383,0.005600000000000001,179281,128699,226438.9330837623
0.005562068965517242,0.0018068965517241383,0.0067,175875,118757,226438.9330837623
0.005562068965517242,0.0018068965517241383,0.0078000000000000005,172860,110138,226438.9330837623
0.005562068965517242,0.0018068965517241383,0.0089,170258,102695,226438.9330837623
0.005562068965517242,0.0018068965517241383,0.01,168378,96192,226438.9330837623
0.005562068965517242,0.0021482758620689655,0.0001,214751,213833,216413.23792486583
0.005562068965517242,0.0021482758620689655,0.0012000000000000001,200498,187376,216413.23792486583
0.005562068965517242,0.0021482758620689655,0.0023,191339,166848,216413.23792486583
0.005562068965517242,0.0021482758620689655,0.0034,184627,150377,216413.23792486583
0.005562068965517242,0.0021482758620689655,0.0045000000000000005,179754,136608,216413.23792486583
0.005562068965517242,0.0021482758620689655,0.005600000000000001,175603,125523,216413.23792486583
0.005562068965517242,0.0021482758620689655,0.0067,172527,115911,216413.23792486583
0.005562068965517242,0.0021482758620689655,0.0078000000000000005,170021,107573,216413.23792486583
0.005562068965517242,0.0021482758620689655,0.0089,167045,100520,216413.23792486583
0.005562068965517242,0.0021482758620689655,0.01,165793,94200,216413.23792486583
0.005562068965517242,0.0024896551724137932,0.0001,205979,204679,207237.68736616703
0.005562068965517242,0.0024896551724137932,0.0012000000000000001,194136,180378,207237.68736616703
0.005562068965517242,0.0024896551724137932,0.0023,185817,161185,207237.68736616703
0.005562068965517242,0.0024896551724137932,0.0034,180046,145856,207237.68736616703
0.005562068965517242,0.0024896551724137932,0.0045000000000000005,175736,133106,207237.68736616703
0.005562068965517242,0.0024896551724137932,0.005600000000000001,172327,122256,207237.68736616703
0.005562068965517242,0.0024896551724137932,0.0067,169710,113253,207237.68736616703
0.005562068965517242,0.0024896551724137932,0.0078000000000000005,167309,105285,207237.68736616703
0.005562068965517242,0.0024896551724137932,0.0089,165400,98468,207237.68736616703
0.005562068965517242,0.0024896551724137932,0.01,163133,92546,207237.68736616703
0.005562068965517242,0.002831034482758621,0.0001,197748,196686,198808.54560394416
0.005562068965517242,0.002831034482758621,0.0012000000000000001,187933,174113,198808.54560394416
0.005562068965517242,0.002831034482758621,0.0023,180919,156040,198808.54560394416
0.005562068965517242,0.002831034482758621,0.0034,176101,141468,198808.54560394416
0.005562068965517242,0.002831034482758621,0.0045000000000000005,172287,129436,198808.54560394416
0.005562068965517242,0.002831034482758621,0.005600000000000001,169204,119257,198808.54560394416
0.005562068965517242,0.002831034482758621,0.0067,166013,110670,198808.54560394416
0.005562068965517242,0.002831034482758621,0.0078000000000000005,164483,103142,198808.54560394416
0.005562068965517242,0.002831034482758621,0.0089,162574,96548,198808.54560394416
0.005562068965517242,0.002831034482758621,0.01,160267,90848,198808.54560394416
0.005562068965517242,0.0031724137931034486,0.0001,190181,189092,191038.29451243585
0.005562068965517242,0.0031724137931034486,0.0012000000000000001,182015,167995,191038.29451243585
0.005562068965517242,0.0031724137931034486,0.0023,176282,151193,191038.29451243585
0.005562068965517242,0.0031724137931034486,0.0034,171795,137627,191038.29451243585
0.005562068965517242,0.0031724137931034486,0.0045000000000000005,168104,126167,191038.29451243585
0.005562068965517242,0.0031724137931034486,0.005600000000000001,165874,116337,191038.29451243585
0.005562068965517242,0.0031724137931034486,0.0067,162985,108240,191038.29451243585
0.005562068965517242,0.0031724137931034486,0.0078000000000000005,161799,100979,191038.29451243585
0.005562068965517242,0.0031724137931034486,0.0089,159739,94694,191038.29451243585
0.005562068965517242,0.0031724137931034486,0.01,158483,89128,191038.29451243585
0.005562068965517242,0.0035137931034482763,0.0001,183260,182074,183852.58358662616
0.005562068965517242,0.0035137931034482763,0.0012000000000000001,176375,162516,183852.58358662616
0.005562068965517242,0.0035137931034482763,0.0023,171544,146640,183852.58358662616
0.005562068965517242,0.0035137931034482763,0.0034,167970,133791,183852.58358662616
0.005562068965517242,0.0035137931034482763,0.0045000000000000005,164875,123062,183852.58358662616
0.005562068965517242,0.0035137931034482763,0.005600000000000001,162201,113770,183852.58358662616
0.005562068965517242,0.0035137931034482763,0.0067,160152,105917,183852.58358662616
0.005562068965517242,0.0035137931034482763,0.0078000000000000005,159135,99002,183852.58358662616
0.005562068965517242,0.0035137931034482763,0.0089,157013,92794,183852.58358662616
0.005562068965517242,0.0035137931034482763,0.01,156799,87485,183852.58358662616
0.005562068965517242,0.003855172413793104,0.0001,176695,175357,177187.8432808495
0.005562068965517242,0.003855172413793104,0.0012000000000000001,170921,157368,177187.8432808495
0.005562068965517242,0.003855172413793104,0.0023,167549,142549,177187.8432808495
0.005562068965517242,0.003855172413793104,0.0034,164475,130356,177187.8432808495
0.005562068965517242,0.003855172413793104,0.0045000000000000005,161936,119959,177187.8432808495
0.005562068965517242,0.003855172413793104,0.005600000000000001,159918,111209,177187.8432808495
0.005562068965517242,0.003855172413793104,0.0067,157486,103675,177187.8432808495
0.005562068965517242,0.003855172413793104,0.0078000000000000005,156187,96864,177187.8432808495
0.005562068965517242,0.003855172413793104,0.0089,155566,91201,177187.8432808495
0.005562068965517242,0.003855172413793104,0.01,153900,85864,177187.8432808495
0.005562068965517242,0.004196551724137932,0.0001,170473,169460,170989.39929328623
0.005562068965517242,0.004196551724137932,0.0012000000000000001,165442,152477,170989.39929328623
0.005562068965517242,0.004196551724137932,0.0023,162541,138458,170989.39929328623
0.005562068965517242,0.004196551724137932,0.0034,160277,126758,170989.39929328623
0.005562068965517242,0.004196551724137932,0.0045000000000000005,158287,116979,170989.39929328623
0.005562068965517242,0.004196551724137932,0.005600000000000001,156616,108767,170989.39929328623
0.005562068965517242,0.004196551724137932,0.0067,154619,101519,170989.39929328623
0.005562068965517242,0.004196551724137932,0.0078000000000000005,153064,95137,170989.39929328623
0.005562068965517242,0.004196551724137932,0.0089,155293,89457,170989.39929328623
0.005562068965517242,0.004196551724137932,0.01,151469,84416,170989.39929328623
0.005562068965517242,0.00453793103448276,0.0001,164983,163622,165209.9692727893
0.005562068965517242,0.00453793103448276,0.0012000000000000001,161654,147833,165209.9692727893
0.005562068965517242,0.00453793103448276,0.0023,159187,134623,165209.9692727893
0.005562068965517242,0.00453793103448276,0.0034,157580,123715,165209.9692727893
0.005562068965517242,0.00453793103448276,0.0045000000000000005,154743,114380,165209.9692727893
0.005562068965517242,0.00453793103448276,0.005600000000000001,153753,106226,165209.9692727893
0.005562068965517242,0.00453793103448276,0.0067,152397,99311,165209.9692727893
0.005562068965517242,0.00453793103448276,0.0078000000000000005,153490,93312,165209.9692727893
0.005562068965517242,0.00453793103448276,0.0089,151316,87951,165209.9692727893
0.005562068965517242,0.00453793103448276,0.01,148265,82954,165209.9692727893
0.005562068965517242,0.004879310344827587,0.0001,159541,158344,159808.45442536328
0.005562068965517242,0.004879310344827587,0.0012000000000000001,156925,143398,159808.45442536328
0.005562068965517242,0.004879310344827587,0.0023,155342,131026,159808.45442536328
0.005562068965517242,0.004879310344827587,0.0034,153628,120708,159808.45442536328
0.005562068965517242,0.004879310344827587,0.0045000000000000005,152874,111668,159808.45442536328
0.005562068965517242,0.004879310344827587,0.005600000000000001,150593,104133,159808.45442536328
0.005562068965517242,0.004879310344827587,0.0067,150988,97327,159808.45442536328
0.005562068965517242,0.004879310344827587,0.0078000000000000005,149932,91404,159808.45442536328
0.005562068965517242,0.004879310344827587,0.0089,149608,86373,159808.45442536328
0.005562068965517242,0.004879310344827587,0.01,148426,81764,159808.45442536328
0.005562068965517242,0.005220689655172415,0.0001,154543,153362,154748.96066517427
0.005562068965517242,0.005220689655172415,0.0012000000000000001,152821,139249,154748.96066517427
0.005562068965517242,0.005220689655172415,0.0023,151470,127643,154748.96066517427
0.005562068965517242,0.005220689655172415,0.0034,150591,117772,154748.96066517427
0.005562068965517242,0.005220689655172415,0.0045000000000000005,149999,109273,154748.96066517427
0.005562068965517242,0.005220689655172415,0.005600000000000001,148772,101800,154748.96066517427
0.005562068965517242,0.005220689655172415,0.0067,148625,95458,154748.96066517427
0.005562068965517242,0.005220689655172415,0.0078000000000000005,146651,89899,154748.96066517427
0.005562068965517242,0.005220689655172415,0.0089,145937,84836,154748.96066517427
0.005562068965517242,0.005220689655172415,0.01,147337,80423,154748.96066517427
0.005562068965517242,0.005562068965517242,0.0001,149865,148651,150000.0
0.005562068965517242,0.005562068965517242,0.0012000000000000001,148514,135580,150000.0
0.005562068965517242,0.005562068965517242,0.0023,147653,124363,150000.0
0.005562068965517242,0.005562068965517242,0.0034,147083,114892,150000.0
0.005562068965517242,0.005562068965517242,0.0045000000000000005,145064,106872,150000.0
0.005562068965517242,0.005562068965517242,0.005600000000000001,143738,99705,150000.0
0.005562068965517242,0.005562068965517242,0.0067,145993,93719,150000.0
0.005562068965517242,0.005562068965517242,0.0078000000000000005,144655,88279,150000.0
0.005562068965517242,0.005562068965517242,0.0089,144898,83463,150000.0
0.005562068965517242,0.005562068965517242,0.01,143645,79056,150000.0
0.005562068965517242,0.00590344827586207,0.0001,145494,144374,145533.83458646617
0.005562068965517242,0.00590344827586207,0.0012000000000000001,143215,131694,145533.83458646617
0.005562068965517242,0.00590344827586207,0.0023,143608,121308,145533.83458646617
0.005562068965517242,0.00590344827586207,0.0034,141339,112375,145533.83458646617
0.005562068965517242,0.00590344827586207,0.0045000000000000005,140356,104507,145533.83458646617
0.005562068965517242,0.00590344827586207,0.005600000000000001,139954,97894,145533.83458646617
0.005562068965517242,0.00590344827586207,0.0067,141339,91910,145533.83458646617
0.005562068965517242,0.00590344827586207,0.0078000000000000005,139187,86541,145533.83458646617
0.005562068965517242,0.00590344827586207,0.0089,142278,82069,145533.83458646617
0.005562068965517242,0.00590344827586207,0.01,138289,77663,145533.83458646617
0.005562068965517242,0.006244827586206898,0.0001,141223,140211,141325.93457943926
0.005562068965517242,0.006244827586206898,0.0012000000000000001,139465,128424,141325.93457943926
0.005562068965517242,0.006244827586206898,0.0023,139311,118432,141325.93457943926
0.005562068965517242,0.006244827586206898,0.0034,134105,109688,141325.93457943926
0.005562068965517242,0.006244827586206898,0.0045000000000000005,136006,102370,141325.93457943926
0.005562068965517242,0.006244827586206898,0.005600000000000001,137892,95886,141325.93457943926
0.005562068965517242,0.006244827586206898,0.0067,138180,90095,141325.93457943926
0.005562068965517242,0.006244827586206898,0.0078000000000000005,136440,85216,141325.93457943926
0.005562068965517242,0.006244827586206898,0.0089,135211,80673,141325.93457943926
0.005562068965517242,0.006244827586206898,0.01,133330,76593,141325.93457943926
0.005562068965517242,0.006586206896551725,0.0001,137271,136229,137354.52739142775
0.005562068965517242,0.006586206896551725,0.0012000000000000001,133627,125165,137354.52739142775
0.005562068965517242,0.006586206896551725,0.0023,133429,115636,137354.52739142775
0.005562068965517242,0.006586206896551725,0.0034,134671,107413,137354.52739142775
0.005562068965517242,0.006586206896551725,0.0045000000000000005,130720,100354,137354.52739142775
0.005562068965517242,0.006586206896551725,0.005600000000000001,134303,94036,137354.52739142775
0.005562068965517242,0.006586206896551725,0.0067,131532,88590,137354.52739142775
0.005562068965517242,0.006586206896551725,0.0078000000000000005,131115,83744,137354.52739142775
0.005562068965517242,0.006586206896551725,0.0089,129906,79366,137354.52739142775
0.005562068965517242,0.006586206896551725,0.01,133560,75426,137354.52739142775
0.005562068965517242,0.006927586206896553,0.0001,133504,132701,133600.22087244617
0.005562068965517242,0.006927586206896553,0.0012000000000000001,131574,121853,133600.22087244617
0.005562068965517242,0.006927586206896553,0.0023,130943,112946,133600.22087244617
0.005562068965517242,0.006927586206896553,0.0034,128783,105128,133600.22087244617
0.005562068965517242,0.006927586206896553,0.0045000000000000005,126905,98334,133600.22087244617
0.005562068965517242,0.006927586206896553,0.005600000000000001,125670,92337,133600.22087244617
0.005562068965517242,0.006927586206896553,0.0067,124694,87054,133600.22087244617
0.005562068965517242,0.006927586206896553,0.0078000000000000005,125320,82332,133600.22087244617
0.005562068965517242,0.006927586206896553,0.0089,126550,77939,133600.22087244617
0.005562068965517242,0.006927586206896553,0.01,126100,74279,133600.22087244617
0.005562068965517242,0.00726896551724138,0.0001,130017,128998,130045.68664337543
0.005562068965517242,0.00726896551724138,0.0012000000000000001,128453,118991,130045.68664337543
0.005562068965517242,0.00726896551724138,0.0023,127441,110411,130045.68664337543
0.005562068965517242,0.00726896551724138,0.0034,128455,102895,130045.68664337543
0.005562068965517242,0.00726896551724138,0.0045000000000000005,126333,96387,130045.68664337543
0.005562068965517242,0.00726896551724138,0.005600000000000001,123035,90632,130045.68664337543
0.005562068965517242,0.00726896551724138,0.0067,124864,85519,130045.68664337543
0.005562068965517242,0.00726896551724138,0.0078000000000000005,122298,80968,130045.68664337543
0.005562068965517242,0.00726896551724138,0.0089,126111,76872,130045.68664337543
0.005562068965517242,0.00726896551724138,0.01,122025,73026,130045.68664337543
0.005562068965517242,0.0076103448275862086,0.0001,126587,125891,126675.39267015707
0.005562068965517242,0.0076103448275862086,0.0012000000000000001,123740,116183,126675.39267015707
0.005562068965517242,0.0076103448275862086,0.0023,122490,107974,126675.39267015707
0.005562068965517242,0.0076103448275862086,0.0034,121634,100796,126675.39267015707
0.005562068965517242,0.0076103448275862086,0.0045000000000000005,123675,94359,126675.39267015707
0.005562068965517242,0.0076103448275862086,0.005600000000000001,122268,88815,126675.39267015707
0.005562068965517242,0.0076103448275862086,0.0067,121730,83998,126675.39267015707
0.005562068965517242,0.0076103448275862086,0.0078000000000000005,120335,79489,126675.39267015707
0.005562068965517242,0.0076103448275862086,0.0089,122706,75670,126675.39267015707
0.005562068965517242,0.0076103448275862086,0.01,120849,72093,126675.39267015707
0.005562068965517242,0.007951724137931035,0.0001,123527,122685,123475.37637152335
0.005562068965517242,0.007951724137931035,0.0012000000000000001,122719,113541,123475.37637152335
0.005562068965517242,0.007951724137931035,0.0023,122348,105613,123475.37637152335
0.005562068965517242,0.007951724137931035,0.0034,121834,98795,123475.37637152335
0.005562068965517242,0.007951724137931035,0.0045000000000000005,119938,92728,123475.37637152335
0.005562068965517242,0.007951724137931035,0.005600000000000001,115741,87230,123475.37637152335
0.005562068965517242,0.007951724137931035,0.0067,114384,82524,123475.37637152335
0.005562068965517242,0.007951724137931035,0.0078000000000000005,116534,78281,123475.37637152335
0.005562068965517242,0.007951724137931035,0.0089,118153,74377,123475.37637152335
0.005562068965517242,0.007951724137931035,0.01,119318,70941,123475.37637152335
0.005562068965517242,0.008293103448275862,0.0001,120374,119550,120433.05126928823
0.005562068965517242,0.008293103448275862,0.0012000000000000001,118461,110958,120433.05126928823
0.005562068965517242,0.008293103448275862,0.0023,117917,103398,120433.05126928823
0.005562068965517242,0.008293103448275862,0.0034,113841,96757,120433.05126928823
0.005562068965517242,0.008293103448275862,0.0045000000000000005,118769,91008,120433.05126928823
0.005562068965517242,0.008293103448275862,0.005600000000000001,118204,85779,120433.05126928823
0.005562068965517242,0.008293103448275862,0.0067,118382,81190,120433.05126928823
0.005562068965517242,0.008293103448275862,0.0078000000000000005,116087,77165,120433.05126928823
0.005562068965517242,0.008293103448275862,0.0089,117581,73445,120433.05126928823
0.005562068965517242,0.008293103448275862,0.01,119215,70048,120433.05126928823
0.005562068965517242,0.00863448275862069,0.0001,117539,116684,117537.04153509837
0.005562068965517242,0.00863448275862069,0.0012000000000000001,115849,108513,117537.04153509837
0.005562068965517242,0.00863448275862069,0.0023,115740,101292,117537.04153509837
0.005562068965517242,0.00863448275862069,0.0034,112470,94755,117537.04153509837
0.005562068965517242,0.00863448275862069,0.0045000000000000005,114264,89389,117537.04153509837
0.005562068965517242,0.00863448275862069,0.005600000000000001,113439,84239,117537.04153509837
0.005562068965517242,0.00863448275862069,0.0067,110346,79954,117537.04153509837
0.005562068965517242,0.00863448275862069,0.0078000000000000005,116249,75909,117537.04153509837
0.005562068965517242,0.00863448275862069,0.0089,113755,72318,117537.04153509837
0.005562068965517242,0.00863448275862069,0.01,111987,68897,117537.04153509837
0.005562068965517242,0.008975862068965518,0.0001,114745,113991,114777.03984819734
0.005562068965517242,0.008975862068965518,0.0012000000000000001,112791,106154,114777.03984819734
0.005562068965517242,0.008975862068965518,0.0023,112008,99068,114777.03984819734
0.005562068965517242,0.008975862068965518,0.0034,110365,93123,114777.03984819734
0.005562068965517242,0.008975862068965518,0.0045000000000000005,112591,87753,114777.03984819734
0.005562068965517242,0.008975862068965518,0.005600000000000001,110912,82811,114777.03984819734
0.005562068965517242,0.008975862068965518,0.0067,111262,78663,114777.03984819734
0.005562068965517242,0.008975862068965518,0.0078000000000000005,106894,74822,114777.03984819734
0.005562068965517242,0.008975862068965518,0.0089,112260,71257,114777.03984819734
0.005562068965517242,0.008975862068965518,0.01,109524,68070,114777.03984819734
0.005562068965517242,0.009317241379310346,0.0001,112055,111469,112143.68482039397
0.005562068965517242,0.009317241379310346,0.0012000000000000001,110889,103924,112143.68482039397
0.005562068965517242,0.009317241379310346,0.0023,110085,97145,112143.68482039397
0.005562068965517242,0.009317241379310346,0.0034,110328,91384,112143.68482039397
0.005562068965517242,0.009317241379310346,0.0045000000000000005,108992,86078,112143.68482039397
0.005562068965517242,0.009317241379310346,0.005600000000000001,106478,81529,112143.68482039397
0.005562068965517242,0.009317241379310346,0.0067,111116,77411,112143.68482039397
0.005562068965517242,0.009317241379310346,0.0078000000000000005,106700,73659,112143.68482039397
0.005562068965517242,0.009317241379310346,0.0089,107283,70255,112143.68482039397
0.005562068965517242,0.009317241379310346,0.01,109848,67171,112143.68482039397
0.005562068965517242,0.009658620689655173,0.0001,109558,108976,109628.45491617582
0.005562068965517242,0.009658620689655173,0.0012000000000000001,108359,101587,109628.45491617582
0.005562068965517242,0.009658620689655173,0.0023,106223,95345,109628.45491617582
0.005562068965517242,0.009658620689655173,0.0034,106730,89736,109628.45491617582
0.005562068965517242,0.009658620689655173,0.0045000000000000005,104851,84715,109628.45491617582
0.005562068965517242,0.009658620689655173,0.005600000000000001,106439,80204,109628.45491617582
0.005562068965517242,0.009658620689655173,0.0067,108557,76199,109628.45491617582
0.005562068965517242,0.009658620689655173,0.0078000000000000005,107761,72418,109628.45491617582
0.005562068965517242,0.009658620689655173,0.0089,104920,69267,109628.45491617582
0.005562068965517242,0.009658620689655173,0.01,107695,66267,109628.45491617582
0.005562068965517242,0.01,0.0001,107199,106477,107223.57633503214
0.005562068965517242,0.01,0.0012000000000000001,105814,99486,107223.57633503214
0.005562068965517242,0.01,0.0023,104729,93530,107223.57633503214
0.005562068965517242,0.01,0.0034,104248,88122,107223.57633503214
0.005562068965517242,0.01,0.0045000000000000005,104590,83191,107223.57633503214
0.005562068965517242,0.01,0.005600000000000001,102659,78943,107223.57633503214
0.005562068965517242,0.01,0.0067,103347,75029,107223.57633503214
0.005562068965517242,0.01,0.0078000000000000005,101447,71499,107223.57633503214
0.005562068965517242,0.01,0.0089,103642,68209,107223.57633503214
0.005562068965517242,0.01,0.01,105368,65350,107223.57633503214
0.00590344827586207,0.0001,0.0001,290451,289992,295002.87191269384
0.00590344827586207,0.0001,0.0012000000000000001,253750,246208,295002.87191269384
0.00590344827586207,0.0001,0.0023,231991,213464,295002.87191269384
0.00590344827586207,0.0001,0.0034,218032,188534,295002.87191269384
0.00590344827586207,0.0001,0.0045000000000000005,208053,168646,295002.87191269384
0.00590344827586207,0.0001,0.005600000000000001,200330,152646,295002.87191269384
0.00590344827586207,0.0001,0.0067,194410,139464,295002.87191269384
0.00590344827586207,0.0001,0.0078000000000000005,189575,128453,295002.87191269384
0.00590344827586207,0.0001,0.0089,185943,118976,295002.87191269384
0.00590344827586207,0.0001,0.01,182739,110648,295002.87191269384
0.00590344827586207,0.0004413793103448276,0.0001,275572,274977,279130.4347826087
0.00590344827586207,0.0004413793103448276,0.0012000000000000001,243523,234912,279130.4347826087
0.00590344827586207,0.0004413793103448276,0.0023,224946,205069,279130.4347826087
0.00590344827586207,0.0004413793103448276,0.0034,212200,181956,279130.4347826087
0.00590344827586207,0.0004413793103448276,0.0045000000000000005,203251,163426,279130.4347826087
0.00590344827586207,0.0004413793103448276,0.005600000000000001,196433,148251,279130.4347826087
0.00590344827586207,0.0004413793103448276,0.0067,190895,135887,279130.4347826087
0.00590344827586207,0.0004413793103448276,0.0078000000000000005,186442,125154,279130.4347826087
0.00590344827586207,0.0004413793103448276,0.0089,182995,116123,279130.4347826087
0.00590344827586207,0.0004413793103448276,0.01,180250,108381,279130.4347826087
0.00590344827586207,0.0007827586206896553,0.0001,261848,260964,264878.8035069624
0.00590344827586207,0.0007827586206896553,0.0012000000000000001,234404,224757,264878.8035069624
0.00590344827586207,0.0007827586206896553,0.0023,217956,197190,264878.8035069624
0.00590344827586207,0.0007827586206896553,0.0034,206710,175620,264878.8035069624
0.00590344827586207,0.0007827586206896553,0.0045000000000000005,198681,158447,264878.8035069624
0.00590344827586207,0.0007827586206896553,0.005600000000000001,192401,144243,264878.8035069624
0.00590344827586207,0.0007827586206896553,0.0067,187447,132359,264878.8035069624
0.00590344827586207,0.0007827586206896553,0.0078000000000000005,183548,122303,264878.8035069624
0.00590344827586207,0.0007827586206896553,0.0089,180309,113692,264878.8035069624
0.00590344827586207,0.0007827586206896553,0.01,177614,106272,264878.8035069624
0.00590344827586207,0.001124137931034483,0.0001,249114,248682,252011.77625122666
0.00590344827586207,0.001124137931034483,0.0012000000000000001,226207,215331,252011.77625122666
0.00590344827586207,0.001124137931034483,0.0023,211634,189888,252011.77625122666
0.00590344827586207,0.001124137931034483,0.0034,201423,170055,252011.77625122666
0.00590344827586207,0.001124137931034483,0.0045000000000000005,194034,153763,252011.77625122666
0.00590344827586207,0.001124137931034483,0.005600000000000001,188516,140408,252011.77625122666
0.00590344827586207,0.001124137931034483,0.0067,184128,129087,252011.77625122666
0.00590344827586207,0.001124137931034483,0.0078000000000000005,180391,119583,252011.77625122666
0.00590344827586207,0.001124137931034483,0.0089,177717,111180,252011.77625122666
0.00590344827586207,0.001124137931034483,0.01,175016,104078,252011.77625122666
0.00590344827586207,0.0014655172413793106,0.0001,237929,237208,240336.92091717361
0.00590344827586207,0.0014655172413793106,0.0012000000000000001,218273,206896,240336.92091717361
0.00590344827586207,0.0014655172413793106,0.0023,205539,183248,240336.92091717361
0.00590344827586207,0.0014655172413793106,0.0034,196614,164453,240336.92091717361
0.00590344827586207,0.0014655172413793106,0.0045000000000000005,189989,149383,240336.92091717361
0.00590344827586207,0.0014655172413793106,0.005600000000000001,184940,136555,240336.92091717361
0.00590344827586207,0.0014655172413793106,0.0067,180975,125984,240336.92091717361
0.00590344827586207,0.0014655172413793106,0.0078000000000000005,177668,116893,240336.92091717361
0.00590344827586207,0.0014655172413793106,0.0089,175106,108938,240336.92091717361
0.00590344827586207,0.0014655172413793106,0.01,172529,101959,240336.92091717361
0.00590344827586207,0.0018068965517241383,0.0001,227853,226883,229695.88550983896
0.00590344827586207,0.0018068965517241383,0.0012000000000000001,210768,198757,229695.88550983896
0.00590344827586207,0.0018068965517241383,0.0023,199763,177087,229695.88550983896
0.00590344827586207,0.0018068965517241383,0.0034,191917,159450,229695.88550983896
0.00590344827586207,0.0018068965517241383,0.0045000000000000005,185872,145153,229695.88550983896
0.00590344827586207,0.0018068965517241383,0.005600000000000001,181395,133197,229695.88550983896
0.00590344827586207,0.0018068965517241383,0.0067,177731,122850,229695.88550983896
0.00590344827586207,0.0018068965517241383,0.0078000000000000005,174924,114163,229695.88550983896
0.00590344827586207,0.0018068965517241383,0.0089,172252,106710,229695.88550983896
0.00590344827586207,0.0018068965517241383,0.01,170034,100097,229695.88550983896
0.00590344827586207,0.0021482758620689655,0.0001,218424,217215,219957.17344753744
0.00590344827586207,0.0021482758620689655,0.0012000000000000001,203734,191533,219957.17344753744
0.00590344827586207,0.0021482758620689655,0.0023,194130,171125,219957.17344753744
0.00590344827586207,0.0021482758620689655,0.0034,187455,154706,219957.17344753744
0.00590344827586207,0.0021482758620689655,0.0045000000000000005,181967,141139,219957.17344753744
0.00590344827586207,0.0021482758620689655,0.005600000000000001,177933,129682,219957.17344753744
0.00590344827586207,0.0021482758620689655,0.0067,174867,120186,219957.17344753744
0.00590344827586207,0.0021482758620689655,0.0078000000000000005,172057,111767,219957.17344753744
0.00590344827586207,0.0021482758620689655,0.0089,169514,104422,219957.17344753744
0.00590344827586207,0.0021482758620689655,0.01,167299,98243,219957.17344753744
0.00590344827586207,0.0024896551724137932,0.0001,209813,208657,211010.68200493013
0.00590344827586207,0.0024896551724137932,0.0012000000000000001,197190,184610,211010.68200493013
0.00590344827586207,0.0024896551724137932,0.0023,189078,165838,211010.68200493013
0.00590344827586207,0.0024896551724137932,0.0034,183106,150223,211010.68200493013
0.00590344827586207,0.0024896551724137932,0.0045000000000000005,178060,137514,211010.68200493013
0.00590344827586207,0.0024896551724137932,0.005600000000000001,174721,126716,211010.68200493013
0.00590344827586207,0.0024896551724137932,0.0067,171968,117436,211010.68200493013
0.00590344827586207,0.0024896551724137932,0.0078000000000000005,169587,109373,211010.68200493013
0.00590344827586207,0.0024896551724137932,0.0089,166269,102524,211010.68200493013
0.00590344827586207,0.0024896551724137932,0.01,165152,96230,211010.68200493013
0.00590344827586207,0.002831034482758621,0.0001,201625,200629,202763.52151598895
0.00590344827586207,0.002831034482758621,0.0012000000000000001,191260,178275,202763.52151598895
0.00590344827586207,0.002831034482758621,0.0023,184162,160601,202763.52151598895
0.00590344827586207,0.002831034482758621,0.0034,178929,145946,202763.52151598895
0.00590344827586207,0.002831034482758621,0.0045000000000000005,174446,133801,202763.52151598895
0.00590344827586207,0.002831034482758621,0.005600000000000001,171316,123620,202763.52151598895
0.00590344827586207,0.002831034482758621,0.0067,169161,114857,202763.52151598895
0.00590344827586207,0.002831034482758621,0.0078000000000000005,166505,107178,202763.52151598895
0.00590344827586207,0.002831034482758621,0.0089,164173,100558,202763.52151598895
0.00590344827586207,0.002831034482758621,0.01,162349,94513,202763.52151598895
0.00590344827586207,0.0031724137931034486,0.0001,194143,193209,195136.7781155015
0.00590344827586207,0.0031724137931034486,0.0012000000000000001,185471,172564,195136.7781155015
0.00590344827586207,0.0031724137931034486,0.0023,179482,155734,195136.7781155015
0.00590344827586207,0.0031724137931034486,0.0034,174932,142053,195136.7781155015
0.00590344827586207,0.0031724137931034486,0.0045000000000000005,171460,130573,195136.7781155015
0.00590344827586207,0.0031724137931034486,0.005600000000000001,168187,120699,195136.7781155015
0.00590344827586207,0.0031724137931034486,0.0067,164549,112392,195136.7781155015
0.00590344827586207,0.0031724137931034486,0.0078000000000000005,163471,105069,195136.7781155015
0.00590344827586207,0.0031724137931034486,0.0089,161373,98631,195136.7781155015
0.00590344827586207,0.0031724137931034486,0.01,160316,92870,195136.7781155015
0.00590344827586207,0.0035137931034482763,0.0001,187326,186278,188062.98059318934
0.00590344827586207,0.0035137931034482763,0.0012000000000000001,179841,166812,188062.98059318934
0.00590344827586207,0.0035137931034482763,0.0023,174558,151256,188062.98059318934
0.00590344827586207,0.0035137931034482763,0.0034,171146,138302,188062.98059318934
0.00590344827586207,0.0035137931034482763,0.0045000000000000005,167577,127294,188062.98059318934
0.00590344827586207,0.0035137931034482763,0.005600000000000001,165031,118027,188062.98059318934
0.00590344827586207,0.0035137931034482763,0.0067,162691,110012,188062.98059318934
0.00590344827586207,0.0035137931034482763,0.0078000000000000005,161510,102941,188062.98059318934
0.00590344827586207,0.0035137931034482763,0.0089,159201,96802,188062.98059318934
0.00590344827586207,0.0035137931034482763,0.01,158536,91276,188062.98059318934
0.00590344827586207,0.003855172413793104,0.0001,180899,179846,181484.09893992933
0.00590344827586207,0.003855172413793104,0.0012000000000000001,174925,161644,181484.09893992933
0.00590344827586207,0.003855172413793104,0.0023,169849,147027,181484.09893992933
0.00590344827586207,0.003855172413793104,0.0034,166927,134615,181484.09893992933
0.00590344827586207,0.003855172413793104,0.0045000000000000005,163852,124355,181484.09893992933
0.00590344827586207,0.003855172413793104,0.005600000000000001,162266,115370,181484.09893992933
0.00590344827586207,0.003855172413793104,0.0067,160342,107730,181484.09893992933
0.00590344827586207,0.003855172413793104,0.0078000000000000005,158469,100994,181484.09893992933
0.00590344827586207,0.003855172413793104,0.0089,157214,94899,181484.09893992933
0.00590344827586207,0.003855172413793104,0.01,156161,89620,181484.09893992933
0.00590344827586207,0.004196551724137932,0.0001,174995,173621,175349.94878798226
0.00590344827586207,0.004196551724137932,0.0012000000000000001,169977,156820,175349.94878798226
0.00590344827586207,0.004196551724137932,0.0023,166380,142983,175349.94878798226
0.00590344827586207,0.004196551724137932,0.0034,163288,131352,175349.94878798226
0.00590344827586207,0.004196551724137932,0.0045000000000000005,161242,121455,175349.94878798226
0.00590344827586207,0.004196551724137932,0.005600000000000001,159213,112911,175349.94878798226
0.00590344827586207,0.004196551724137932,0.0067,157129,105513,175349.94878798226
0.00590344827586207,0.004196551724137932,0.0078000000000000005,156064,98911,175349.94878798226
0.00590344827586207,0.004196551724137932,0.0089,154866,93218,175349.94878798226
0.00590344827586207,0.004196551724137932,0.01,153884,88072,175349.94878798226
0.00590344827586207,0.00453793103448276,0.0001,169197,168038,169616.90885072653
0.00590344827586207,0.00453793103448276,0.0012000000000000001,165287,152222,169616.90885072653
0.00590344827586207,0.00453793103448276,0.0023,162473,138983,169616.90885072653
0.00590344827586207,0.00453793103448276,0.0034,160220,128024,169616.90885072653
0.00590344827586207,0.00453793103448276,0.0045000000000000005,158771,118480,169616.90885072653
0.00590344827586207,0.00453793103448276,0.005600000000000001,155542,110430,169616.90885072653
0.00590344827586207,0.00453793103448276,0.0067,155631,103357,169616.90885072653
0.00590344827586207,0.00453793103448276,0.0078000000000000005,154633,97198,169616.90885072653
0.00590344827586207,0.00453793103448276,0.0089,154605,91509,169616.90885072653
0.00590344827586207,0.00453793103448276,0.01,151095,86742,169616.90885072653
0.00590344827586207,0.004879310344827587,0.0001,163955,162884,164246.88199552288
0.00590344827586207,0.004879310344827587,0.0012000000000000001,160931,147859,164246.88199552288
0.00590344827586207,0.004879310344827587,0.0023,158324,135529,164246.88199552288
0.00590344827586207,0.004879310344827587,0.0034,157018,124952,164246.88199552288
0.00590344827586207,0.004879310344827587,0.0045000000000000005,154643,115938,164246.88199552288
0.00590344827586207,0.004879310344827587,0.005600000000000001,153634,108182,164246.88199552288
0.00590344827586207,0.004879310344827587,0.0067,151909,101430,164246.88199552288
0.00590344827586207,0.004879310344827587,0.0078000000000000005,151347,95411,164246.88199552288
0.00590344827586207,0.004879310344827587,0.0089,150994,89911,164246.88199552288
0.00590344827586207,0.004879310344827587,0.01,149949,85307,164246.88199552288
0.00590344827586207,0.005220689655172415,0.0001,159036,157833,159206.44761314322
0.00590344827586207,0.005220689655172415,0.0012000000000000001,156253,143669,159206.44761314322
0.00590344827586207,0.005220689655172415,0.0023,155461,131945,159206.44761314322
0.00590344827586207,0.005220689655172415,0.0034,154034,122089,159206.44761314322
0.00590344827586207,0.005220689655172415,0.0045000000000000005,153248,113312,159206.44761314322
0.00590344827586207,0.005220689655172415,0.005600000000000001,150987,105941,159206.44761314322
0.00590344827586207,0.005220689655172415,0.0067,150831,99457,159206.44761314322
0.00590344827586207,0.005220689655172415,0.0078000000000000005,150371,93673,159206.44761314322
0.00590344827586207,0.005220689655172415,0.0089,150163,88392,159206.44761314322
0.00590344827586207,0.005220689655172415,0.01,146998,83950,159206.44761314322
0.00590344827586207,0.005562068965517242,0.0001,154363,153139,154466.1654135338
0.00590344827586207,0.005562068965517242,0.0012000000000000001,152341,139965,154466.1654135338
0.00590344827586207,0.005562068965517242,0.0023,151477,128812,154466.1654135338
0.00590344827586207,0.005562068965517242,0.0034,150931,119232,154466.1654135338
0.00590344827586207,0.005562068965517242,0.0045000000000000005,149706,111021,154466.1654135338
0.00590344827586207,0.005562068965517242,0.005600000000000001,148577,103717,154466.1654135338
0.00590344827586207,0.005562068965517242,0.0067,147533,97445,154466.1654135338
0.00590344827586207,0.005562068965517242,0.0078000000000000005,147819,92014,154466.1654135338
0.00590344827586207,0.005562068965517242,0.0089,146028,86988,154466.1654135338
0.00590344827586207,0.005562068965517242,0.01,146575,82605,154466.1654135338
0.00590344827586207,0.00590344827586207,0.0001,149872,148838,150000.0
0.00590344827586207,0.00590344827586207,0.0012000000000000001,148320,136152,150000.0
0.00590344827586207,0.00590344827586207,0.0023,148108,125514,150000.0
0.00590344827586207,0.00590344827586207,0.0034,146283,116469,150000.0
0.00590344827586207,0.00590344827586207,0.0045000000000000005,145674,108655,150000.0
0.00590344827586207,0.00590344827586207,0.005600000000000001,144731,101683,150000.0
0.00590344827586207,0.00590344827586207,0.0067,145483,95785,150000.0
0.00590344827586207,0.00590344827586207,0.0078000000000000005,144830,90277,150000.0
0.00590344827586207,0.00590344827586207,0.0089,143797,85610,150000.0
0.00590344827586207,0.00590344827586207,0.01,143720,81195,150000.0
0.00590344827586207,0.006244827586206898,0.0001,145682,144734,145784.84246380924
0.00590344827586207,0.006244827586206898,0.0012000000000000001,144679,132782,145784.84246380924
0.00590344827586207,0.006244827586206898,0.0023,143089,122627,145784.84246380924
0.00590344827586207,0.006244827586206898,0.0034,141791,113895,145784.84246380924
0.00590344827586207,0.006244827586206898,0.0045000000000000005,141748,106444,145784.84246380924
0.00590344827586207,0.006244827586206898,0.005600000000000001,140336,99901,145784.84246380924
0.00590344827586207,0.006244827586206898,0.0067,141420,94069,145784.84246380924
0.00590344827586207,0.006244827586206898,0.0078000000000000005,140242,88842,145784.84246380924
0.00590344827586207,0.006244827586206898,0.0089,139141,84232,145784.84246380924
0.00590344827586207,0.006244827586206898,0.01,139086,80086,145784.84246380924
0.00590344827586207,0.006586206896551725,0.0001,141613,140732,141800.1104362231
0.00590344827586207,0.006586206896551725,0.0012000000000000001,139758,129523,141800.1104362231
0.00590344827586207,0.006586206896551725,0.0023,137199,119878,141800.1104362231
0.00590344827586207,0.006586206896551725,0.0034,137370,111535,141800.1104362231
0.00590344827586207,0.006586206896551725,0.0045000000000000005,135292,104239,141800.1104362231
0.00590344827586207,0.006586206896551725,0.005600000000000001,137151,97997,141800.1104362231
0.00590344827586207,0.006586206896551725,0.0067,135387,92416,141800.1104362231
0.00590344827586207,0.006586206896551725,0.0078000000000000005,135472,87379,141800.1104362231
0.00590344827586207,0.006586206896551725,0.0089,138013,82886,141800.1104362231
0.00590344827586207,0.006586206896551725,0.01,136382,78833,141800.1104362231
0.00590344827586207,0.006927586206896553,0.0001,137988,136988,138027.41198602525
0.00590344827586207,0.006927586206896553,0.0012000000000000001,134958,126370,138027.41198602525
0.00590344827586207,0.006927586206896553,0.0023,132678,117180,138027.41198602525
0.00590344827586207,0.006927586206896553,0.0034,132862,109185,138027.41198602525
0.00590344827586207,0.006927586206896553,0.0045000000000000005,130518,102157,138027.41198602525
0.00590344827586207,0.006927586206896553,0.005600000000000001,134689,96124,138027.41198602525
0.00590344827586207,0.006927586206896553,0.0067,133831,90815,138027.41198602525
0.00590344827586207,0.006927586206896553,0.0078000000000000005,132695,85940,138027.41198602525
0.00590344827586207,0.006927586206896553,0.0089,132794,81459,138027.41198602525
0.00590344827586207,0.006927586206896553,0.01,132984,77543,138027.41198602525
0.00590344827586207,0.00726896551724138,0.0001,134345,133592,134450.26178010472
0.00590344827586207,0.00726896551724138,0.0012000000000000001,130700,123235,134450.26178010472
0.00590344827586207,0.00726896551724138,0.0023,131446,114599,134450.26178010472
0.00590344827586207,0.00726896551724138,0.0034,128759,106829,134450.26178010472
0.00590344827586207,0.00726896551724138,0.0045000000000000005,129648,100197,134450.26178010472
0.00590344827586207,0.00726896551724138,0.005600000000000001,125834,94334,134450.26178010472
0.00590344827586207,0.00726896551724138,0.0067,125477,89217,134450.26178010472
0.00590344827586207,0.00726896551724138,0.0078000000000000005,129106,84543,134450.26178010472
0.00590344827586207,0.00726896551724138,0.0089,128637,80336,134450.26178010472
0.00590344827586207,0.00726896551724138,0.01,128330,76531,134450.26178010472
0.00590344827586207,0.0076103448275862086,0.0001,131106,130144,131053.84026537382
0.00590344827586207,0.0076103448275862086,0.0012000000000000001,129314,120309,131053.84026537382
0.00590344827586207,0.0076103448275862086,0.0023,126691,112121,131053.84026537382
0.00590344827586207,0.0076103448275862086,0.0034,124729,104683,131053.84026537382
0.00590344827586207,0.0076103448275862086,0.0045000000000000005,122492,98420,131053.84026537382
0.00590344827586207,0.0076103448275862086,0.005600000000000001,126143,92758,131053.84026537382
0.00590344827586207,0.0076103448275862086,0.0067,120775,87618,131053.84026537382
0.00590344827586207,0.0076103448275862086,0.0078000000000000005,124196,83024,131053.84026537382
0.00590344827586207,0.0076103448275862086,0.0089,126465,78982,131053.84026537382
0.00590344827586207,0.0076103448275862086,0.01,127794,75402,131053.84026537382
0.00590344827586207,0.007951724137931035,0.0001,127750,126973,127824.78845196615
0.00590344827586207,0.007951724137931035,0.0012000000000000001,127016,117753,127824.78845196615
0.00590344827586207,0.007951724137931035,0.0023,124824,109751,127824.78845196615
0.00590344827586207,0.007951724137931035,0.0034,123130,102750,127824.78845196615
0.00590344827586207,0.007951724137931035,0.0045000000000000005,119677,96565,127824.78845196615
0.00590344827586207,0.007951724137931035,0.005600000000000001,119460,91125,127824.78845196615
0.00590344827586207,0.007951724137931035,0.0067,122587,86231,127824.78845196615
0.00590344827586207,0.007951724137931035,0.0078000000000000005,121884,81793,127824.78845196615
0.00590344827586207,0.007951724137931035,0.0089,121736,77900,127824.78845196615
0.00590344827586207,0.007951724137931035,0.01,121141,74296,127824.78845196615
0.00590344827586207,0.008293103448275862,0.0001,124748,124025,124751.0323050765
0.00590344827586207,0.008293103448275862,0.0012000000000000001,122103,115160,124751.0323050765
0.00590344827586207,0.008293103448275862,0.0023,119726,107487,124751.0323050765
0.00590344827586207,0.008293103448275862,0.0034,121630,100741,124751.0323050765
0.00590344827586207,0.008293103448275862,0.0045000000000000005,120537,94670,124751.0323050765
0.00590344827586207,0.008293103448275862,0.005600000000000001,120159,89535,124751.0323050765
0.00590344827586207,0.008293103448275862,0.0067,120642,84831,124751.0323050765
0.00590344827586207,0.008293103448275862,0.0078000000000000005,118804,80513,124751.0323050765
0.00590344827586207,0.008293103448275862,0.0089,120617,76760,124751.0323050765
0.00590344827586207,0.008293103448275862,0.01,117302,73274,124751.0323050765
0.00590344827586207,0.00863448275862069,0.0001,121834,121114,121821.63187855786
0.00590344827586207,0.00863448275862069,0.0012000000000000001,119318,112671,121821.63187855786
0.00590344827586207,0.00863448275862069,0.0023,117956,105307,121821.63187855786
0.00590344827586207,0.00863448275862069,0.0034,117496,98724,121821.63187855786
0.00590344827586207,0.00863448275862069,0.0045000000000000005,117318,92957,121821.63187855786
0.00590344827586207,0.00863448275862069,0.005600000000000001,116764,88033,121821.63187855786
0.00590344827586207,0.00863448275862069,0.0067,115389,83322,121821.63187855786
0.00590344827586207,0.00863448275862069,0.0078000000000000005,120106,79399,121821.63187855786
0.00590344827586207,0.00863448275862069,0.0089,115017,75498,121821.63187855786
0.00590344827586207,0.00863448275862069,0.01,118464,72293,121821.63187855786
0.00590344827586207,0.008975862068965518,0.0001,119123,118200,119026.65121668596
0.00590344827586207,0.008975862068965518,0.0012000000000000001,116857,110265,119026.65121668596
0.00590344827586207,0.008975862068965518,0.0023,116627,103218,119026.65121668596
0.00590344827586207,0.008975862068965518,0.0034,116958,97009,119026.65121668596
0.00590344827586207,0.008975862068965518,0.0045000000000000005,113529,91467,119026.65121668596
0.00590344827586207,0.008975862068965518,0.005600000000000001,115260,86459,119026.65121668596
0.00590344827586207,0.008975862068965518,0.0067,114215,82153,119026.65121668596
0.00590344827586207,0.008975862068965518,0.0078000000000000005,112700,78173,119026.65121668596
0.00590344827586207,0.008975862068965518,0.0089,118054,74553,119026.65121668596
0.00590344827586207,0.008975862068965518,0.01,114037,71121,119026.65121668596
0.00590344827586207,0.009317241379310346,0.0001,116274,115601,116357.04576347985
0.00590344827586207,0.009317241379310346,0.0012000000000000001,114267,107892,116357.04576347985
0.00590344827586207,0.009317241379310346,0.0023,112291,101191,116357.04576347985
0.00590344827586207,0.009317241379310346,0.0034,111717,95046,116357.04576347985
0.00590344827586207,0.009317241379310346,0.0045000000000000005,112257,89825,116357.04576347985
0.00590344827586207,0.009317241379310346,0.005600000000000001,113119,85022,116357.04576347985
0.00590344827586207,0.009317241379310346,0.0067,111858,80881,116357.04576347985
0.00590344827586207,0.009317241379310346,0.0078000000000000005,114427,76904,116357.04576347985
0.00590344827586207,0.009317241379310346,0.0089,108396,73356,116357.04576347985
0.00590344827586207,0.009317241379310346,0.01,113039,70295,116357.04576347985
0.00590344827586207,0.009658620689655173,0.0001,113807,113125,113804.56459118103
0.00590344827586207,0.009658620689655173,0.0012000000000000001,111861,105600,113804.56459118103
0.00590344827586207,0.009658620689655173,0.0023,111279,99124,113804.56459118103
0.00590344827586207,0.009658620689655173,0.0034,109558,93529,113804.56459118103
0.00590344827586207,0.009658620689655173,0.0045000000000000005,109015,88233,113804.56459118103
0.00590344827586207,0.009658620689655173,0.005600000000000001,113087,83765,113804.56459118103
0.00590344827586207,0.009658620689655173,0.0067,111258,79575,113804.56459118103
0.00590344827586207,0.009658620689655173,0.0078000000000000005,108383,75923,113804.56459118103
0.00590344827586207,0.009658620689655173,0.0089,109768,72476,113804.56459118103
0.00590344827586207,0.009658620689655173,0.01,109287,69228,113804.56459118103
0.00590344827586207,0.01,0.0001,111287,110648,111361.66522116218
0.00590344827586207,0.01,0.0012000000000000001,109670,103684,111361.66522116218
0.00590344827586207,0.01,0.0023,107459,97364,111361.66522116218
0.00590344827586207,0.01,0.0034,107045,91699,111361.66522116218
0.00590344827586207,0.01,0.0045000000000000005,106106,86739,111361.66522116218
0.00590344827586207,0.01,0.005600000000000001,106183,82447,111361.66522116218
0.00590344827586207,0.01,0.0067,110202,78440,111361.66522116218
0.00590344827586207,0.01,0.0078000000000000005,110334,74764,111361.66522116218
0.00590344827586207,0.01,0.0089,110348,71516,111361.66522116218
0.00590344827586207,0.01,0.01,106859,68454,111361.66522116218
0.006244827586206898,0.0001,0.0001,290951,290516,295271.73913043475
0.006244827586206898,0.0001,0.0012000000000000001,255491,248525,295271.73913043475
0.006244827586206898,0.0001,0.0023,234215,216776,295271.73913043475
0.006244827586206898,0.0001,0.0034,220095,192453,295271.73913043475
0.006244827586206898,0.0001,0.0045000000000000005,209955,172925,295271.73913043475
0.006244827586206898,0.0001,0.005600000000000001,202229,156883,295271.73913043475
0.006244827586206898,0.0001,0.0067,196333,143693,295271.73913043475
0.006244827586206898,0.0001,0.0078000000000000005,191395,132416,295271.73913043475
0.006244827586206898,0.0001,0.0089,187595,122958,295271.73913043475
0.006244827586206898,0.0001,0.01,184395,114566,295271.73913043475
0.006244827586206898,0.0004413793103448276,0.0001,276831,276022,280195.9773078906
0.006244827586206898,0.0004413793103448276,0.0012000000000000001,245818,237774,280195.9773078906
0.006244827586206898,0.0004413793103448276,0.0023,227151,208443,280195.9773078906
0.006244827586206898,0.0004413793103448276,0.0034,214488,185925,280195.9773078906
0.006244827586206898,0.0004413793103448276,0.0045000000000000005,205228,167464,280195.9773078906
0.006244827586206898,0.0004413793103448276,0.005600000000000001,198175,152533,280195.9773078906
0.006244827586206898,0.0004413793103448276,0.0067,192457,140111,280195.9773078906
0.006244827586206898,0.0004413793103448276,0.0078000000000000005,188477,129484,280195.9773078906
0.006244827586206898,0.0004413793103448276,0.0089,184748,120304,280195.9773078906
0.006244827586206898,0.0004413793103448276,0.01,181842,112303,280195.9773078906
0.006244827586206898,0.0007827586206896553,0.0001,263697,262676,266584.88714425906
0.006244827586206898,0.0007827586206896553,0.0012000000000000001,237037,227727,266584.88714425906
0.006244827586206898,0.0007827586206896553,0.0023,220519,201077,266584.88714425906
0.006244827586206898,0.0007827586206896553,0.0034,209238,179806,266584.88714425906
0.006244827586206898,0.0007827586206896553,0.0045000000000000005,200782,162560,266584.88714425906
0.006244827586206898,0.0007827586206896553,0.005600000000000001,194447,148460,266584.88714425906
0.006244827586206898,0.0007827586206896553,0.0067,189381,136534,266584.88714425906
0.006244827586206898,0.0007827586206896553,0.0078000000000000005,185552,126355,266584.88714425906
0.006244827586206898,0.0007827586206896553,0.0089,182086,117761,266584.88714425906
0.006244827586206898,0.0007827586206896553,0.01,179121,110125,266584.88714425906
0.006244827586206898,0.001124137931034483,0.0001,251641,251162,254234.90875058493
0.006244827586206898,0.001124137931034483,0.0012000000000000001,228601,218769,254234.90875058493
0.006244827586206898,0.001124137931034483,0.0023,214158,193842,254234.90875058493
0.006244827586206898,0.001124137931034483,0.0034,203939,173963,254234.90875058493
0.006244827586206898,0.001124137931034483,0.0045000000000000005,196498,158024,254234.90875058493
0.006244827586206898,0.001124137931034483,0.005600000000000001,190788,144610,254234.90875058493
0.006244827586206898,0.001124137931034483,0.0067,186228,133301,254234.90875058493
0.006244827586206898,0.001124137931034483,0.0078000000000000005,182546,123498,254234.90875058493
0.006244827586206898,0.001124137931034483,0.0089,179333,115286,254234.90875058493
0.006244827586206898,0.001124137931034483,0.01,176777,107844,254234.90875058493
0.006244827586206898,0.0014655172413793106,0.0001,240724,240161,242978.53309481218
0.006244827586206898,0.0014655172413793106,0.0012000000000000001,221072,210306,242978.53309481218
0.006244827586206898,0.0014655172413793106,0.0023,208203,187181,242978.53309481218
0.006244827586206898,0.0014655172413793106,0.0034,199243,168822,242978.53309481218
0.006244827586206898,0.0014655172413793106,0.0045000000000000005,192155,153595,242978.53309481218
0.006244827586206898,0.0014655172413793106,0.005600000000000001,187104,140740,242978.53309481218
0.006244827586206898,0.0014655172413793106,0.0067,182935,130057,242978.53309481218
0.006244827586206898,0.0014655172413793106,0.0078000000000000005,179559,120870,242978.53309481218
0.006244827586206898,0.0014655172413793106,0.0089,176795,112899,242978.53309481218
0.006244827586206898,0.0014655172413793106,0.01,174447,105763,242978.53309481218
0.006244827586206898,0.0018068965517241383,0.0001,230758,229852,232676.6595289079
0.006244827586206898,0.0018068965517241383,0.0012000000000000001,213622,202627,232676.6595289079
0.006244827586206898,0.0018068965517241383,0.0023,202356,181114,232676.6595289079
0.006244827586206898,0.0018068965517241383,0.0034,194443,163706,232676.6595289079
0.006244827586206898,0.0018068965517241383,0.0045000000000000005,188314,149333,232676.6595289079
0.006244827586206898,0.0018068965517241383,0.005600000000000001,183563,137339,232676.6595289079
0.006244827586206898,0.0018068965517241383,0.0067,179670,127146,232676.6595289079
0.006244827586206898,0.0018068965517241383,0.0078000000000000005,176500,118275,232676.6595289079
0.006244827586206898,0.0018068965517241383,0.0089,173471,110570,232676.6595289079
0.006244827586206898,0.0018068965517241383,0.01,171485,103727,232676.6595289079
0.006244827586206898,0.0021482758620689655,0.0001,221578,220840,223212.81840591616
0.006244827586206898,0.0021482758620689655,0.0012000000000000001,206989,195291,223212.81840591616
0.006244827586206898,0.0021482758620689655,0.0023,196878,175395,223212.81840591616
0.006244827586206898,0.0021482758620689655,0.0034,190045,158843,223212.81840591616
0.006244827586206898,0.0021482758620689655,0.0045000000000000005,184252,145334,223212.81840591616
0.006244827586206898,0.0021482758620689655,0.005600000000000001,180219,134013,223212.81840591616
0.006244827586206898,0.0021482758620689655,0.0067,176717,124267,223212.81840591616
0.006244827586206898,0.0021482758620689655,0.0078000000000000005,173846,115730,223212.81840591616
0.006244827586206898,0.0021482758620689655,0.0089,171519,108295,223212.81840591616
0.006244827586206898,0.0021482758620689655,0.01,169519,101958,223212.81840591616
0.006244827586206898,0.0024896551724137932,0.0001,213133,212233,214488.74851954204
0.006244827586206898,0.0024896551724137932,0.0012000000000000001,200500,188613,214488.74851954204
0.006244827586206898,0.0024896551724137932,0.0023,192082,169788,214488.74851954204
0.006244827586206898,0.0024896551724137932,0.0034,185655,154369,214488.74851954204
0.006244827586206898,0.0024896551724137932,0.0045000000000000005,180997,141655,214488.74851954204
0.006244827586206898,0.0024896551724137932,0.005600000000000001,176757,130722,214488.74851954204
0.006244827586206898,0.0024896551724137932,0.0067,173786,121336,214488.74851954204
0.006244827586206898,0.0024896551724137932,0.0078000000000000005,171089,113268,214488.74851954204
0.006244827586206898,0.0024896551724137932,0.0089,168263,106347,214488.74851954204
0.006244827586206898,0.0024896551724137932,0.01,166519,100103,214488.74851954204
0.006244827586206898,0.002831034482758621,0.0001,205383,204142,206420.97264437692
0.006244827586206898,0.002831034482758621,0.0012000000000000001,194582,182331,206420.97264437692
0.006244827586206898,0.002831034482758621,0.0023,186936,164726,206420.97264437692
0.006244827586206898,0.002831034482758621,0.0034,181508,150156,206420.97264437692
0.006244827586206898,0.002831034482758621,0.0045000000000000005,177326,138166,206420.97264437692
0.006244827586206898,0.002831034482758621,0.005600000000000001,174015,127666,206420.97264437692
0.006244827586206898,0.002831034482758621,0.0067,170608,118883,206420.97264437692
0.006244827586206898,0.002831034482758621,0.0078000000000000005,168113,111091,206420.97264437692
0.006244827586206898,0.002831034482758621,0.0089,166839,104213,206420.97264437692
0.006244827586206898,0.002831034482758621,0.01,164062,98338,206420.97264437692
0.006244827586206898,0.0031724137931034486,0.0001,198009,197041,198938.1179055291
0.006244827586206898,0.0031724137931034486,0.0012000000000000001,188909,176529,198938.1179055291
0.006244827586206898,0.0031724137931034486,0.0023,182198,160086,198938.1179055291
0.006244827586206898,0.0031724137931034486,0.0034,177386,146265,198938.1179055291
0.006244827586206898,0.0031724137931034486,0.0045000000000000005,173885,134613,198938.1179055291
0.006244827586206898,0.0031724137931034486,0.005600000000000001,170861,124831,198938.1179055291
0.006244827586206898,0.0031724137931034486,0.0067,167763,116359,198938.1179055291
0.006244827586206898,0.0031724137931034486,0.0078000000000000005,166425,108929,198938.1179055291
0.006244827586206898,0.0031724137931034486,0.0089,164040,102212,198938.1179055291
0.006244827586206898,0.0031724137931034486,0.01,162377,96611,198938.1179055291
0.006244827586206898,0.0035137931034482763,0.0001,191091,190227,191978.79858657246
0.006244827586206898,0.0035137931034482763,0.0012000000000000001,183345,171112,191978.79858657246
0.006244827586206898,0.0035137931034482763,0.0023,177976,155522,191978.79858657246
0.006244827586206898,0.0035137931034482763,0.0034,173613,142549,191978.79858657246
0.006244827586206898,0.0035137931034482763,0.0045000000000000005,170541,131536,191978.79858657246
0.006244827586206898,0.0035137931034482763,0.005600000000000001,167143,122121,191978.79858657246
0.006244827586206898,0.0035137931034482763,0.0067,164806,113954,191978.79858657246
0.006244827586206898,0.0035137931034482763,0.0078000000000000005,163786,106657,191978.79858657246
0.006244827586206898,0.0035137931034482763,0.0089,162137,100445,191978.79858657246
0.006244827586206898,0.0035137931034482763,0.01,160512,94938,191978.79858657246
0.006244827586206898,0.003855172413793104,0.0001,184867,183863,185489.92830317514
0.006244827586206898,0.003855172413793104,0.0012000000000000001,178046,165910,185489.92830317514
0.006244827586206898,0.003855172413793104,0.0023,173665,151274,185489.92830317514
0.006244827586206898,0.003855172413793104,0.0034,169667,138780,185489.92830317514
0.006244827586206898,0.003855172413793104,0.0045000000000000005,166837,128388,185489.92830317514
0.006244827586206898,0.003855172413793104,0.005600000000000001,164452,119272,185489.92830317514
0.006244827586206898,0.003855172413793104,0.0067,162334,111640,185489.92830317514
0.006244827586206898,0.003855172413793104,0.0078000000000000005,160554,104781,185489.92830317514
0.006244827586206898,0.003855172413793104,0.0089,159172,98706,185489.92830317514
0.006244827586206898,0.003855172413793104,0.01,158189,93307,185489.92830317514
0.006244827586206898,0.004196551724137932,0.0001,178909,177755,179425.36327608983
0.006244827586206898,0.004196551724137932,0.0012000000000000001,172794,160914,179425.36327608983
0.006244827586206898,0.004196551724137932,0.0023,169111,147118,179425.36327608983
0.006244827586206898,0.004196551724137932,0.0034,166414,135498,179425.36327608983
0.006244827586206898,0.004196551724137932,0.0045000000000000005,162816,125416,179425.36327608983
0.006244827586206898,0.004196551724137932,0.005600000000000001,161702,116743,179425.36327608983
0.006244827586206898,0.004196551724137932,0.0067,159930,109408,179425.36327608983
0.006244827586206898,0.004196551724137932,0.0078000000000000005,158377,102771,179425.36327608983
0.006244827586206898,0.004196551724137932,0.0089,156268,96804,179425.36327608983
0.006244827586206898,0.004196551724137932,0.01,155798,91749,179425.36327608983
0.006244827586206898,0.00453793103448276,0.0001,173367,172231,173744.80332587144
0.006244827586206898,0.00453793103448276,0.0012000000000000001,168618,156356,173744.80332587144
0.006244827586206898,0.00453793103448276,0.0023,165618,143201,173744.80332587144
0.006244827586206898,0.00453793103448276,0.0034,162328,132106,173744.80332587144
0.006244827586206898,0.00453793103448276,0.0045000000000000005,160239,122700,173744.80332587144
0.006244827586206898,0.00453793103448276,0.005600000000000001,158794,114302,173744.80332587144
0.006244827586206898,0.00453793103448276,0.0067,159288,107276,173744.80332587144
0.006244827586206898,0.00453793103448276,0.0078000000000000005,155973,100752,173744.80332587144
0.006244827586206898,0.00453793103448276,0.0089,155330,95277,173744.80332587144
0.006244827586206898,0.00453793103448276,0.01,154103,90225,173744.80332587144
0.006244827586206898,0.004879310344827587,0.0001,168080,166948,168412.89522628643
0.006244827586206898,0.004879310344827587,0.0012000000000000001,164220,151995,168412.89522628643
0.006244827586206898,0.004879310344827587,0.0023,161344,139689,168412.89522628643
0.006244827586206898,0.004879310344827587,0.0034,159973,129140,168412.89522628643
0.006244827586206898,0.004879310344827587,0.0045000000000000005,158553,120039,168412.89522628643
0.006244827586206898,0.004879310344827587,0.005600000000000001,157836,111965,168412.89522628643
0.006244827586206898,0.004879310344827587,0.0067,154947,105212,168412.89522628643
0.006244827586206898,0.004879310344827587,0.0078000000000000005,153920,99025,168412.89522628643
0.006244827586206898,0.004879310344827587,0.0089,153939,93659,168412.89522628643
0.006244827586206898,0.004879310344827587,0.01,152947,88628,168412.89522628643
0.006244827586206898,0.005220689655172415,0.0001,163085,162178,163398.4962406015
0.006244827586206898,0.005220689655172415,0.0012000000000000001,160157,148050,163398.4962406015
0.006244827586206898,0.005220689655172415,0.0023,158069,136177,163398.4962406015
0.006244827586206898,0.005220689655172415,0.0034,157154,125978,163398.4962406015
0.006244827586206898,0.005220689655172415,0.0045000000000000005,153706,117369,163398.4962406015
0.006244827586206898,0.005220689655172415,0.005600000000000001,153232,109856,163398.4962406015
0.006244827586206898,0.005220689655172415,0.0067,152826,103245,163398.4962406015
0.006244827586206898,0.005220689655172415,0.0078000000000000005,151405,97329,163398.4962406015
0.006244827586206898,0.005220689655172415,0.0089,150724,91959,163398.4962406015
0.006244827586206898,0.005220689655172415,0.01,149721,87257,163398.4962406015
0.006244827586206898,0.005562068965517242,0.0001,158460,157466,158674.0654205607
0.006244827586206898,0.005562068965517242,0.0012000000000000001,156345,144126,158674.0654205607
0.006244827586206898,0.005562068965517242,0.0023,154998,132949,158674.0654205607
0.006244827586206898,0.005562068965517242,0.0034,152955,123302,158674.0654205607
0.006244827586206898,0.005562068965517242,0.0045000000000000005,151939,114937,158674.0654205607
0.006244827586206898,0.005562068965517242,0.005600000000000001,151414,107752,158674.0654205607
0.006244827586206898,0.005562068965517242,0.0067,150726,101344,158674.0654205607
0.006244827586206898,0.005562068965517242,0.0078000000000000005,150167,95600,158674.0654205607
0.006244827586206898,0.005562068965517242,0.0089,150154,90468,158674.0654205607
0.006244827586206898,0.005562068965517242,0.01,149807,86019,158674.0654205607
0.006244827586206898,0.00590344827586207,0.0001,154010,153091,154215.15753619076
0.006244827586206898,0.00590344827586207,0.0012000000000000001,152319,140493,154215.15753619076
0.006244827586206898,0.00590344827586207,0.0023,150765,129713,154215.15753619076
0.006244827586206898,0.00590344827586207,0.0034,150163,120476,154215.15753619076
0.006244827586206898,0.00590344827586207,0.0045000000000000005,149163,112610,154215.15753619076
0.006244827586206898,0.00590344827586207,0.005600000000000001,149402,105618,154215.15753619076
0.006244827586206898,0.00590344827586207,0.0067,148726,99427,154215.15753619076
0.006244827586206898,0.00590344827586207,0.0078000000000000005,146099,93990,154215.15753619076
0.006244827586206898,0.00590344827586207,0.0089,146635,89030,154215.15753619076
0.006244827586206898,0.00590344827586207,0.01,145726,84527,154215.15753619076
0.006244827586206898,0.006244827586206898,0.0001,149845,148983,150000.0
0.006244827586206898,0.006244827586206898,0.0012000000000000001,148632,136811,150000.0
0.006244827586206898,0.006244827586206898,0.0023,147244,126757,150000.0
0.006244827586206898,0.006244827586206898,0.0034,147098,117989,150000.0
0.006244827586206898,0.006244827586206898,0.0045000000000000005,146639,110224,150000.0
0.006244827586206898,0.006244827586206898,0.005600000000000001,146476,103593,150000.0
0.006244827586206898,0.006244827586206898,0.0067,145443,97579,150000.0
0.006244827586206898,0.006244827586206898,0.0078000000000000005,145330,92362,150000.0
0.006244827586206898,0.006244827586206898,0.0089,144488,87674,150000.0
0.006244827586206898,0.006244827586206898,0.01,142439,83408,150000.0
0.006244827586206898,0.006586206896551725,0.0001,145810,144959,146009.13732867507
0.006244827586206898,0.006586206896551725,0.0012000000000000001,143961,133681,146009.13732867507
0.006244827586206898,0.006586206896551725,0.0023,144288,123768,146009.13732867507
0.006244827586206898,0.006586206896551725,0.0034,139477,115535,146009.13732867507
0.006244827586206898,0.006586206896551725,0.0045000000000000005,142541,108037,146009.13732867507
0.006244827586206898,0.006586206896551725,0.005600000000000001,141059,101688,146009.13732867507
0.006244827586206898,0.006586206896551725,0.0067,140956,96020,146009.13732867507
0.006244827586206898,0.006586206896551725,0.0078000000000000005,140313,90872,146009.13732867507
0.006244827586206898,0.006586206896551725,0.0089,140421,86297,146009.13732867507
0.006244827586206898,0.006586206896551725,0.01,141514,82143,146009.13732867507
0.006244827586206898,0.006927586206896553,0.0001,142161,141126,142225.13089005236
0.006244827586206898,0.006927586206896553,0.0012000000000000001,139398,130331,142225.13089005236
0.006244827586206898,0.006927586206896553,0.0023,137563,121110,142225.13089005236
0.006244827586206898,0.006927586206896553,0.0034,137983,113125,142225.13089005236
0.006244827586206898,0.006927586206896553,0.0045000000000000005,137567,105951,142225.13089005236
0.006244827586206898,0.006927586206896553,0.005600000000000001,135363,99903,142225.13089005236
0.006244827586206898,0.006927586206896553,0.0067,131983,94235,142225.13089005236
0.006244827586206898,0.006927586206896553,0.0078000000000000005,136564,89383,142225.13089005236
0.006244827586206898,0.006927586206896553,0.0089,135109,84962,142225.13089005236
0.006244827586206898,0.006927586206896553,0.01,137034,80801,142225.13089005236
0.006244827586206898,0.00726896551724138,0.0001,138572,137729,138632.3041592243
0.006244827586206898,0.00726896551724138,0.0012000000000000001,135476,127469,138632.3041592243
0.006244827586206898,0.00726896551724138,0.0023,134608,118543,138632.3041592243
0.006244827586206898,0.00726896551724138,0.0034,135089,110704,138632.3041592243
0.006244827586206898,0.00726896551724138,0.0045000000000000005,133189,104017,138632.3041592243
0.006244827586206898,0.00726896551724138,0.005600000000000001,134205,98105,138632.3041592243
0.006244827586206898,0.00726896551724138,0.0067,135240,92730,138632.3041592243
0.006244827586206898,0.00726896551724138,0.0078000000000000005,129911,87856,138632.3041592243
0.006244827586206898,0.00726896551724138,0.0089,130299,83666,138632.3041592243
0.006244827586206898,0.00726896551724138,0.01,133066,79793,138632.3041592243
0.006244827586206898,0.0076103448275862086,0.0001,135170,134305,135216.52563464412
0.006244827586206898,0.0076103448275862086,0.0012000000000000001,133537,124567,135216.52563464412
0.006244827586206898,0.0076103448275862086,0.0023,131811,115994,135216.52563464412
0.006244827586206898,0.0076103448275862086,0.0034,131187,108627,135216.52563464412
0.006244827586206898,0.0076103448275862086,0.0045000000000000005,130153,102075,135216.52563464412
0.006244827586206898,0.0076103448275862086,0.005600000000000001,129022,96334,135216.52563464412
0.006244827586206898,0.0076103448275862086,0.0067,129301,91248,135216.52563464412
0.006244827586206898,0.0076103448275862086,0.0078000000000000005,128213,86494,135216.52563464412
0.006244827586206898,0.0076103448275862086,0.0089,127483,82286,135216.52563464412
0.006244827586206898,0.0076103448275862086,0.01,131448,78570,135216.52563464412
0.006244827586206898,0.007951724137931035,0.0001,131961,131141,131965.02307505466
0.006244827586206898,0.007951724137931035,0.0012000000000000001,130340,121637,131965.02307505466
0.006244827586206898,0.007951724137931035,0.0023,127580,113688,131965.02307505466
0.006244827586206898,0.007951724137931035,0.0034,124121,106482,131965.02307505466
0.006244827586206898,0.007951724137931035,0.0045000000000000005,126138,100312,131965.02307505466
0.006244827586206898,0.007951724137931035,0.005600000000000001,124751,94735,131965.02307505466
0.006244827586206898,0.007951724137931035,0.0067,125126,89747,131965.02307505466
0.006244827586206898,0.007951724137931035,0.0078000000000000005,123641,85104,131965.02307505466
0.006244827586206898,0.007951724137931035,0.0089,122662,81206,131965.02307505466
0.006244827586206898,0.007951724137931035,0.01,126689,77545,131965.02307505466
0.006244827586206898,0.008293103448275862,0.0001,128782,127988,128866.22390891841
0.006244827586206898,0.008293103448275862,0.0012000000000000001,127067,119038,128866.22390891841
0.006244827586206898,0.008293103448275862,0.0023,124693,111384,128866.22390891841
0.006244827586206898,0.008293103448275862,0.0034,122482,104548,128866.22390891841
0.006244827586206898,0.008293103448275862,0.0045000000000000005,120114,98509,128866.22390891841
0.006244827586206898,0.008293103448275862,0.005600000000000001,123503,93127,128866.22390891841
0.006244827586206898,0.008293103448275862,0.0067,123773,88303,128866.22390891841
0.006244827586206898,0.008293103448275862,0.0078000000000000005,122457,83949,128866.22390891841
0.006244827586206898,0.008293103448275862,0.0089,119251,80014,128866.22390891841
0.006244827586206898,0.008293103448275862,0.01,124413,76300,128866.22390891841
0.006244827586206898,0.00863448275862069,0.0001,125798,125153,125909.61761297799
0.006244827586206898,0.00863448275862069,0.0012000000000000001,124942,116636,125909.61761297799
0.006244827586206898,0.00863448275862069,0.0023,121684,109147,125909.61761297799
0.006244827586206898,0.00863448275862069,0.0034,120124,102600,125909.61761297799
0.006244827586206898,0.00863448275862069,0.0045000000000000005,120808,96772,125909.61761297799
0.006244827586206898,0.00863448275862069,0.005600000000000001,122160,91584,125909.61761297799
0.006244827586206898,0.00863448275862069,0.0067,122749,86880,125909.61761297799
0.006244827586206898,0.00863448275862069,0.0078000000000000005,116860,82683,125909.61761297799
0.006244827586206898,0.00863448275862069,0.0089,118833,78795,125909.61761297799
0.006244827586206898,0.00863448275862069,0.01,118219,75376,125909.61761297799
0.006244827586206898,0.008975862068965518,0.0001,123100,122413,123085.63661078385
0.006244827586206898,0.008975862068965518,0.0012000000000000001,121960,114217,123085.63661078385
0.006244827586206898,0.008975862068965518,0.0023,121292,107038,123085.63661078385
0.006244827586206898,0.008975862068965518,0.0034,121105,100715,123085.63661078385
0.006244827586206898,0.008975862068965518,0.0045000000000000005,121128,95057,123085.63661078385
0.006244827586206898,0.008975862068965518,0.005600000000000001,120100,90071,123085.63661078385
0.006244827586206898,0.008975862068965518,0.0067,119226,85585,123085.63661078385
0.006244827586206898,0.008975862068965518,0.0078000000000000005,117935,81503,123085.63661078385
0.006244827586206898,0.008975862068965518,0.0089,120561,77749,123085.63661078385
0.006244827586206898,0.008975862068965518,0.01,116754,74390,123085.63661078385
0.006244827586206898,0.009317241379310346,0.0001,120369,119678,120385.55284732995
0.006244827586206898,0.009317241379310346,0.0012000000000000001,118620,111887,120385.55284732995
0.006244827586206898,0.009317241379310346,0.0023,117139,104958,120385.55284732995
0.006244827586206898,0.009317241379310346,0.0034,114661,98858,120385.55284732995
0.006244827586206898,0.009317241379310346,0.0045000000000000005,113408,93474,120385.55284732995
0.006244827586206898,0.009317241379310346,0.005600000000000001,117208,88512,120385.55284732995
0.006244827586206898,0.009317241379310346,0.0067,116370,84240,120385.55284732995
0.006244827586206898,0.009317241379310346,0.0078000000000000005,114858,80130,120385.55284732995
0.006244827586206898,0.009317241379310346,0.0089,113308,76665,120385.55284732995
0.006244827586206898,0.009317241379310346,0.01,113236,73246,120385.55284732995
0.006244827586206898,0.009658620689655173,0.0001,117854,117014,117801.38768430182
0.006244827586206898,0.009658620689655173,0.0012000000000000001,115788,109555,117801.38768430182
0.006244827586206898,0.009658620689655173,0.0023,113887,103042,117801.38768430182
0.006244827586206898,0.009658620689655173,0.0034,114441,97084,117801.38768430182
0.006244827586206898,0.009658620689655173,0.0045000000000000005,112412,91911,117801.38768430182
0.006244827586206898,0.009658620689655173,0.005600000000000001,114703,87091,117801.38768430182
0.006244827586206898,0.009658620689655173,0.0067,114065,82930,117801.38768430182
0.006244827586206898,0.009658620689655173,0.0078000000000000005,117039,79114,117801.38768430182
0.006244827586206898,0.009658620689655173,0.0089,111177,75512,117801.38768430182
0.006244827586206898,0.009658620689655173,0.01,112178,72398,117801.38768430182
0.006244827586206898,0.01,0.0001,115292,114566,115325.83315644237
0.006244827586206898,0.01,0.0012000000000000001,113585,107505,115325.83315644237
0.006244827586206898,0.01,0.0023,112418,101035,115325.83315644237
0.006244827586206898,0.01,0.0034,112100,95470,115325.83315644237
0.006244827586206898,0.01,0.0045000000000000005,110478,90399,115325.83315644237
0.006244827586206898,0.01,0.005600000000000001,110340,85881,115325.83315644237
0.006244827586206898,0.01,0.0067,113524,81770,115325.83315644237
0.006244827586206898,0.01,0.0078000000000000005,108326,77857,115325.83315644237
0.006244827586206898,0.01,0.0089,111480,74578,115325.83315644237
0.006244827586206898,0.01,0.01,109271,71451,115325.83315644237
0.006586206896551725,0.0001,0.0001,291147,291038,295513.15110881894
0.006586206896551725,0.0001,0.0012000000000000001,257231,250416,295513.15110881894
0.006586206896551725,0.0001,0.0023,236270,219906,295513.15110881894
0.006586206896551725,0.0001,0.0034,222092,196103,295513.15110881894
0.006586206896551725,0.0001,0.0045000000000000005,211889,176634,295513.15110881894
0.006586206896551725,0.0001,0.005600000000000001,204102,160997,295513.15110881894
0.006586206896551725,0.0001,0.0067,198022,147618,295513.15110881894
0.006586206896551725,0.0001,0.0078000000000000005,193243,136454,295513.15110881894
0.006586206896551725,0.0001,0.0089,189200,126830,295513.15110881894
0.006586206896551725,0.0001,0.01,185455,118449,295513.15110881894
0.006586206896551725,0.0004413793103448276,0.0001,277573,277064,281157.9980372915
0.006586206896551725,0.0004413793103448276,0.0012000000000000001,247926,240074,281157.9980372915
0.006586206896551725,0.0004413793103448276,0.0023,229210,211971,281157.9980372915
0.006586206896551725,0.0004413793103448276,0.0034,216636,189646,281157.9980372915
0.006586206896551725,0.0004413793103448276,0.0045000000000000005,207276,171513,281157.9980372915
0.006586206896551725,0.0004413793103448276,0.005600000000000001,200382,156621,281157.9980372915
0.006586206896551725,0.0004413793103448276,0.0067,194661,144061,281157.9980372915
0.006586206896551725,0.0004413793103448276,0.0078000000000000005,190357,133293,281157.9980372915
0.006586206896551725,0.0004413793103448276,0.0089,186279,124089,281157.9980372915
0.006586206896551725,0.0004413793103448276,0.01,183368,115989,281157.9980372915
0.006586206896551725,0.0007827586206896553,0.0001,264871,264486,268132.89658399625
0.006586206896551725,0.0007827586206896553,0.0012000000000000001,239245,230765,268132.89658399625
0.006586206896551725,0.0007827586206896553,0.0023,222621,204542,268132.89658399625
0.006586206896551725,0.0007827586206896553,0.0034,211243,183657,268132.89658399625
0.006586206896551725,0.0007827586206896553,0.0045000000000000005,202959,166603,268132.89658399625
0.006586206896551725,0.0007827586206896553,0.005600000000000001,196480,152500,268132.89658399625
0.006586206896551725,0.0007827586206896553,0.0067,191080,140530,268132.89658399625
0.006586206896551725,0.0007827586206896553,0.0078000000000000005,186987,130364,268132.89658399625
0.006586206896551725,0.0007827586206896553,0.0089,183721,121527,268132.89658399625
0.006586206896551725,0.0007827586206896553,0.01,180892,113865,268132.89658399625
0.006586206896551725,0.001124137931034483,0.0001,253858,253229,256261.18067978535
0.006586206896551725,0.001124137931034483,0.0012000000000000001,231245,221690,256261.18067978535
0.006586206896551725,0.001124137931034483,0.0023,216651,197471,256261.18067978535
0.006586206896551725,0.001124137931034483,0.0034,206194,177855,256261.18067978535
0.006586206896551725,0.001124137931034483,0.0045000000000000005,198375,161816,256261.18067978535
0.006586206896551725,0.001124137931034483,0.005600000000000001,192780,148626,256261.18067978535
0.006586206896551725,0.001124137931034483,0.0067,187984,137118,256261.18067978535
0.006586206896551725,0.001124137931034483,0.0078000000000000005,184280,127444,256261.18067978535
0.006586206896551725,0.001124137931034483,0.0089,181045,119049,256261.18067978535
0.006586206896551725,0.001124137931034483,0.01,178717,111589,256261.18067978535
0.006586206896551725,0.0014655172413793106,0.0001,243316,242316,245396.14561027836
0.006586206896551725,0.0014655172413793106,0.0012000000000000001,223430,213605,245396.14561027836
0.006586206896551725,0.0014655172413793106,0.0023,210784,190895,245396.14561027836
0.006586206896551725,0.0014655172413793106,0.0034,201392,172657,245396.14561027836
0.006586206896551725,0.0014655172413793106,0.0045000000000000005,194552,157438,245396.14561027836
0.006586206896551725,0.0014655172413793106,0.005600000000000001,189085,144801,245396.14561027836
0.006586206896551725,0.0014655172413793106,0.0067,184775,134102,245396.14561027836
0.006586206896551725,0.0014655172413793106,0.0078000000000000005,181544,124644,245396.14561027836
0.006586206896551725,0.0014655172413793106,0.0089,178288,116681,245396.14561027836
0.006586206896551725,0.0014655172413793106,0.01,176058,109569,245396.14561027836
0.006586206896551725,0.0018068965517241383,0.0001,233624,232826,235414.9548069022
0.006586206896551725,0.0018068965517241383,0.0012000000000000001,216550,206121,235414.9548069022
0.006586206896551725,0.0018068965517241383,0.0023,205078,184815,235414.9548069022
0.006586206896551725,0.0018068965517241383,0.0034,196834,167625,235414.9548069022
0.006586206896551725,0.0018068965517241383,0.0045000000000000005,190675,153304,235414.9548069022
0.006586206896551725,0.0018068965517241383,0.005600000000000001,185620,141167,235414.9548069022
0.006586206896551725,0.0018068965517241383,0.0067,182024,130963,235414.9548069022
0.006586206896551725,0.0018068965517241383,0.0078000000000000005,178561,122150,235414.9548069022
0.006586206896551725,0.0018068965517241383,0.0089,175509,114341,235414.9548069022
0.006586206896551725,0.0018068965517241383,0.01,173976,107431,235414.9548069022
0.006586206896551725,0.0021482758620689655,0.0001,224610,223621,226213.97552309514
0.006586206896551725,0.0021482758620689655,0.0012000000000000001,209845,198884,226213.97552309514
0.006586206896551725,0.0021482758620689655,0.0023,199790,179199,226213.97552309514
0.006586206896551725,0.0021482758620689655,0.0034,192420,163022,226213.97552309514
0.006586206896551725,0.0021482758620689655,0.0045000000000000005,186842,149291,226213.97552309514
0.006586206896551725,0.0021482758620689655,0.005600000000000001,182506,137970,226213.97552309514
0.006586206896551725,0.0021482758620689655,0.0067,178791,128152,226213.97552309514
0.006586206896551725,0.0021482758620689655,0.0078000000000000005,175934,119589,226213.97552309514
0.006586206896551725,0.0021482758620689655,0.0089,173325,112014,226213.97552309514
0.006586206896551725,0.0021482758620689655,0.01,171495,105466,226213.97552309514
0.006586206896551725,0.0024896551724137932,0.0001,216351,215337,217705.16717325227
0.006586206896551725,0.0024896551724137932,0.0012000000000000001,203642,192328,217705.16717325227
0.006586206896551725,0.0024896551724137932,0.0023,194364,173712,217705.16717325227
0.006586206896551725,0.0024896551724137932,0.0034,188295,158489,217705.16717325227
0.006586206896551725,0.0024896551724137932,0.0045000000000000005,183001,145624,217705.16717325227
0.006586206896551725,0.0024896551724137932,0.005600000000000001,179184,134677,217705.16717325227
0.006586206896551725,0.0024896551724137932,0.0067,175475,125351,217705.16717325227
0.006586206896551725,0.0024896551724137932,0.0078000000000000005,173331,117205,217705.16717325227
0.006586206896551725,0.0024896551724137932,0.0089,170695,110005,217705.16717325227
0.006586206896551725,0.0024896551724137932,0.01,168642,103667,217705.16717325227
0.006586206896551725,0.002831034482758621,0.0001,208758,207753,209813.2552178689
0.006586206896551725,0.002831034482758621,0.0012000000000000001,197618,186223,209813.2552178689
0.006586206896551725,0.002831034482758621,0.0023,189972,168756,209813.2552178689
0.006586206896551725,0.002831034482758621,0.0034,184074,154267,209813.2552178689
0.006586206896551725,0.002831034482758621,0.0045000000000000005,179586,142123,209813.2552178689
0.006586206896551725,0.002831034482758621,0.005600000000000001,176023,131531,209813.2552178689
0.006586206896551725,0.002831034482758621,0.0067,173117,122541,209813.2552178689
0.006586206896551725,0.002831034482758621,0.0078000000000000005,170123,114885,209813.2552178689
0.006586206896551725,0.002831034482758621,0.0089,168613,107955,209813.2552178689
0.006586206896551725,0.002831034482758621,0.01,165924,101854,209813.2552178689
0.006586206896551725,0.0031724137931034486,0.0001,201471,200545,202473.49823321553
0.006586206896551725,0.0031724137931034486,0.0012000000000000001,192043,180301,202473.49823321553
0.006586206896551725,0.0031724137931034486,0.0023,185248,163854,202473.49823321553
0.006586206896551725,0.0031724137931034486,0.0034,180054,150278,202473.49823321553
0.006586206896551725,0.0031724137931034486,0.0045000000000000005,176190,138632,202473.49823321553
0.006586206896551725,0.0031724137931034486,0.005600000000000001,172992,128673,202473.49823321553
0.006586206896551725,0.0031724137931034486,0.0067,170280,120044,202473.49823321553
0.006586206896551725,0.0031724137931034486,0.0078000000000000005,167844,112644,202473.49823321553
0.006586206896551725,0.0031724137931034486,0.0089,165705,105920,202473.49823321553
0.006586206896551725,0.0031724137931034486,0.01,164192,100078,202473.49823321553
0.006586206896551725,0.0035137931034482763,0.0001,194687,193908,195629.90781836805
0.006586206896551725,0.0035137931034482763,0.0012000000000000001,186766,174997,195629.90781836805
0.006586206896551725,0.0035137931034482763,0.0023,180891,159392,195629.90781836805
0.006586206896551725,0.0035137931034482763,0.0034,176148,146528,195629.90781836805
0.006586206896551725,0.0035137931034482763,0.0045000000000000005,172893,135321,195629.90781836805
0.006586206896551725,0.0035137931034482763,0.005600000000000001,170204,125915,195629.90781836805
0.006586206896551725,0.0035137931034482763,0.0067,167452,117675,195629.90781836805
0.006586206896551725,0.0035137931034482763,0.0078000000000000005,165688,110473,195629.90781836805
0.006586206896551725,0.0035137931034482763,0.0089,163545,103941,195629.90781836805
0.006586206896551725,0.0035137931034482763,0.01,161968,98402,195629.90781836805
0.006586206896551725,0.003855172413793104,0.0001,188479,187612,189233.8177014531
0.006586206896551725,0.003855172413793104,0.0012000000000000001,181528,169738,189233.8177014531
0.006586206896551725,0.003855172413793104,0.0023,176406,155129,189233.8177014531
0.006586206896551725,0.003855172413793104,0.0034,172805,142803,189233.8177014531
0.006586206896551725,0.003855172413793104,0.0045000000000000005,169704,132345,189233.8177014531
0.006586206896551725,0.003855172413793104,0.005600000000000001,167339,123296,189233.8177014531
0.006586206896551725,0.003855172413793104,0.0067,164843,115390,189233.8177014531
0.006586206896551725,0.003855172413793104,0.0078000000000000005,162839,108411,189233.8177014531
0.006586206896551725,0.003855172413793104,0.0089,161000,102086,189233.8177014531
0.006586206896551725,0.003855172413793104,0.01,159725,96644,189233.8177014531
0.006586206896551725,0.004196551724137932,0.0001,182733,181715,183242.72465622
0.006586206896551725,0.004196551724137932,0.0012000000000000001,176884,165071,183242.72465622
0.006586206896551725,0.004196551724137932,0.0023,172573,151088,183242.72465622
0.006586206896551725,0.004196551724137932,0.0034,168641,139290,183242.72465622
0.006586206896551725,0.004196551724137932,0.0045000000000000005,166200,129418,183242.72465622
0.006586206896551725,0.004196551724137932,0.005600000000000001,164243,120719,183242.72465622
0.006586206896551725,0.004196551724137932,0.0067,162152,113008,183242.72465622
0.006586206896551725,0.004196551724137932,0.0078000000000000005,160786,106448,183242.72465622
0.006586206896551725,0.004196551724137932,0.0089,158862,100502,183242.72465622
0.006586206896551725,0.004196551724137932,0.01,157903,95100,183242.72465622
0.006586206896551725,0.00453793103448276,0.0001,177232,176029,177619.34283942965
0.006586206896551725,0.00453793103448276,0.0012000000000000001,172372,160435,177619.34283942965
0.006586206896551725,0.00453793103448276,0.0023,168018,147232,177619.34283942965
0.006586206896551725,0.00453793103448276,0.0034,165900,136121,177619.34283942965
0.006586206896551725,0.00453793103448276,0.0045000000000000005,162992,126467,177619.34283942965
0.006586206896551725,0.00453793103448276,0.005600000000000001,160949,118267,177619.34283942965
0.006586206896551725,0.00453793103448276,0.0067,158991,110975,177619.34283942965
0.006586206896551725,0.00453793103448276,0.0078000000000000005,158972,104532,177619.34283942965
0.006586206896551725,0.00453793103448276,0.0089,157540,98640,177619.34283942965
0.006586206896551725,0.00453793103448276,0.01,155337,93624,177619.34283942965
0.006586206896551725,0.004879310344827587,0.0001,171994,170963,172330.8270676692
0.006586206896551725,0.004879310344827587,0.0012000000000000001,167621,156116,172330.8270676692
0.006586206896551725,0.004879310344827587,0.0023,164450,143592,172330.8270676692
0.006586206896551725,0.004879310344827587,0.0034,161839,132968,172330.8270676692
0.006586206896551725,0.004879310344827587,0.0045000000000000005,160355,123838,172330.8270676692
0.006586206896551725,0.004879310344827587,0.005600000000000001,159636,115730,172330.8270676692
0.006586206896551725,0.004879310344827587,0.0067,158797,108881,172330.8270676692
0.006586206896551725,0.004879310344827587,0.0078000000000000005,156714,102598,172330.8270676692
0.006586206896551725,0.004879310344827587,0.0089,154647,97020,172330.8270676692
0.006586206896551725,0.004879310344827587,0.01,153781,92129,172330.8270676692
0.006586206896551725,0.005220689655172415,0.0001,167122,165927,167348.13084112148
0.006586206896551725,0.005220689655172415,0.0012000000000000001,163643,151990,167348.13084112148
0.006586206896551725,0.005220689655172415,0.0023,161590,140144,167348.13084112148
0.006586206896551725,0.005220689655172415,0.0034,159790,130068,167348.13084112148
0.006586206896551725,0.005220689655172415,0.0045000000000000005,157701,121296,167348.13084112148
0.006586206896551725,0.005220689655172415,0.005600000000000001,154840,113570,167348.13084112148
0.006586206896551725,0.005220689655172415,0.0067,155517,106871,167348.13084112148
0.006586206896551725,0.005220689655172415,0.0078000000000000005,153477,100754,167348.13084112148
0.006586206896551725,0.005220689655172415,0.0089,153744,95405,167348.13084112148
0.006586206896551725,0.005220689655172415,0.01,151969,90652,167348.13084112148
0.006586206896551725,0.005562068965517242,0.0001,162346,161357,162645.47260857222
0.006586206896551725,0.005562068965517242,0.0012000000000000001,159171,148125,162645.47260857222
0.006586206896551725,0.005562068965517242,0.0023,158254,136777,162645.47260857222
0.006586206896551725,0.005562068965517242,0.0034,156782,127134,162645.47260857222
0.006586206896551725,0.005562068965517242,0.0045000000000000005,156051,118652,162645.47260857222
0.006586206896551725,0.005562068965517242,0.005600000000000001,152910,111394,162645.47260857222
0.006586206896551725,0.005562068965517242,0.0067,153517,104942,162645.47260857222
0.006586206896551725,0.005562068965517242,0.0078000000000000005,152715,99115,162645.47260857222
0.006586206896551725,0.005562068965517242,0.0089,150977,93960,162645.47260857222
0.006586206896551725,0.005562068965517242,0.01,149845,89204,162645.47260857222
0.006586206896551725,0.00590344827586207,0.0001,157972,157123,158199.88956377693
0.006586206896551725,0.00590344827586207,0.0012000000000000001,155343,144460,158199.88956377693
0.006586206896551725,0.00590344827586207,0.0023,154292,133556,158199.88956377693
0.006586206896551725,0.00590344827586207,0.0034,152814,124459,158199.88956377693
0.006586206896551725,0.00590344827586207,0.0045000000000000005,151598,116391,158199.88956377693
0.006586206896551725,0.00590344827586207,0.005600000000000001,150714,109315,158199.88956377693
0.006586206896551725,0.00590344827586207,0.0067,150896,103065,158199.88956377693
0.006586206896551725,0.00590344827586207,0.0078000000000000005,149443,97334,158199.88956377693
0.006586206896551725,0.00590344827586207,0.0089,149189,92479,158199.88956377693
0.006586206896551725,0.00590344827586207,0.01,148712,87858,158199.88956377693
0.006586206896551725,0.006244827586206898,0.0001,153763,152911,153990.86267132493
0.006586206896551725,0.006244827586206898,0.0012000000000000001,152669,140833,153990.86267132493
0.006586206896551725,0.006244827586206898,0.0023,151624,130617,153990.86267132493
0.006586206896551725,0.006244827586206898,0.0034,150808,121864,153990.86267132493
0.006586206896551725,0.006244827586206898,0.0045000000000000005,150140,114120,153990.86267132493
0.006586206896551725,0.006244827586206898,0.005600000000000001,149429,107143,153990.86267132493
0.006586206896551725,0.006244827586206898,0.0067,147446,101284,153990.86267132493
0.006586206896551725,0.006244827586206898,0.0078000000000000005,148064,95893,153990.86267132493
0.006586206896551725,0.006244827586206898,0.0089,147788,90947,153990.86267132493
0.006586206896551725,0.006244827586206898,0.01,146436,86562,153990.86267132493
0.006586206896551725,0.006586206896551725,0.0001,149838,148938,150000.0
0.006586206896551725,0.006586206896551725,0.0012000000000000001,148015,137543,150000.0
0.006586206896551725,0.006586206896551725,0.0023,147157,127840,150000.0
0.006586206896551725,0.006586206896551725,0.0034,146023,119354,150000.0
0.006586206896551725,0.006586206896551725,0.0045000000000000005,146177,111750,150000.0
0.006586206896551725,0.006586206896551725,0.005600000000000001,146146,105218,150000.0
0.006586206896551725,0.006586206896551725,0.0067,144608,99380,150000.0
0.006586206896551725,0.006586206896551725,0.0078000000000000005,144931,94284,150000.0
0.006586206896551725,0.006586206896551725,0.0089,145638,89614,150000.0
0.006586206896551725,0.006586206896551725,0.01,143564,85345,150000.0
0.006586206896551725,0.006927586206896553,0.0001,146076,145141,146210.76805307475
0.006586206896551725,0.006927586206896553,0.0012000000000000001,143642,134405,146210.76805307475
0.006586206896551725,0.006927586206896553,0.0023,143427,125060,146210.76805307475
0.006586206896551725,0.006927586206896553,0.0034,143789,116944,146210.76805307475
0.006586206896551725,0.006927586206896553,0.0045000000000000005,139364,109804,146210.76805307475
0.006586206896551725,0.006927586206896553,0.005600000000000001,141248,103424,146210.76805307475
0.006586206896551725,0.006927586206896553,0.0067,140742,97869,146210.76805307475
0.006586206896551725,0.006927586206896553,0.0078000000000000005,139468,92745,146210.76805307475
0.006586206896551725,0.006927586206896553,0.0089,140142,88228,146210.76805307475
0.006586206896551725,0.006927586206896553,0.01,139710,84023,146210.76805307475
0.006586206896551725,0.00726896551724138,0.0001,142613,141661,142608.26281732204
0.006586206896551725,0.00726896551724138,0.0012000000000000001,139696,131313,142608.26281732204
0.006586206896551725,0.00726896551724138,0.0023,140222,122273,142608.26281732204
0.006586206896551725,0.00726896551724138,0.0034,139825,114483,142608.26281732204
0.006586206896551725,0.00726896551724138,0.0045000000000000005,135833,107720,142608.26281732204
0.006586206896551725,0.00726896551724138,0.005600000000000001,133712,101646,142608.26281732204
0.006586206896551725,0.00726896551724138,0.0067,136654,96209,142608.26281732204
0.006586206896551725,0.00726896551724138,0.0078000000000000005,136368,91251,142608.26281732204
0.006586206896551725,0.00726896551724138,0.0089,138471,86871,142608.26281732204
0.006586206896551725,0.00726896551724138,0.01,136528,82939,142608.26281732204
0.006586206896551725,0.0076103448275862086,0.0001,139067,138290,139179.0138450328
0.006586206896551725,0.0076103448275862086,0.0012000000000000001,137448,128369,139179.0138450328
0.006586206896551725,0.0076103448275862086,0.0023,134834,119889,139179.0138450328
0.006586206896551725,0.0076103448275862086,0.0034,132210,112297,139179.0138450328
0.006586206896551725,0.0076103448275862086,0.0045000000000000005,134591,105636,139179.0138450328
0.006586206896551725,0.0076103448275862086,0.005600000000000001,133167,99912,139179.0138450328
0.006586206896551725,0.0076103448275862086,0.0067,131089,94559,139179.0138450328
0.006586206896551725,0.0076103448275862086,0.0078000000000000005,135716,89915,139179.0138450328
0.006586206896551725,0.0076103448275862086,0.0089,133694,85580,139179.0138450328
0.006586206896551725,0.0076103448275862086,0.01,132251,81690,139179.0138450328
0.006586206896551725,0.007951724137931035,0.0001,135898,135039,135910.81593927895
0.006586206896551725,0.007951724137931035,0.0012000000000000001,132555,125685,135910.81593927895
0.006586206896551725,0.007951724137931035,0.0023,130907,117466,135910.81593927895
0.006586206896551725,0.007951724137931035,0.0034,131213,110132,135910.81593927895
0.006586206896551725,0.007951724137931035,0.0045000000000000005,129283,103767,135910.81593927895
0.006586206896551725,0.007951724137931035,0.005600000000000001,133621,98195,135910.81593927895
0.006586206896551725,0.007951724137931035,0.0067,127127,93061,135910.81593927895
0.006586206896551725,0.007951724137931035,0.0078000000000000005,132452,88500,135910.81593927895
0.006586206896551725,0.007951724137931035,0.0089,132775,84362,135910.81593927895
0.006586206896551725,0.007951724137931035,0.01,127155,80624,135910.81593927895
0.006586206896551725,0.008293103448275862,0.0001,132730,132050,132792.58400926998
0.006586206896551725,0.008293103448275862,0.0012000000000000001,130772,122940,132792.58400926998
0.006586206896551725,0.008293103448275862,0.0023,129509,115132,132792.58400926998
0.006586206896551725,0.008293103448275862,0.0034,126068,108208,132792.58400926998
0.006586206896551725,0.008293103448275862,0.0045000000000000005,125189,101963,132792.58400926998
0.006586206896551725,0.008293103448275862,0.005600000000000001,129220,96592,132792.58400926998
0.006586206896551725,0.008293103448275862,0.0067,124840,91623,132792.58400926998
0.006586206896551725,0.008293103448275862,0.0078000000000000005,125658,87209,132792.58400926998
0.006586206896551725,0.008293103448275862,0.0089,124261,83173,132792.58400926998
0.006586206896551725,0.008293103448275862,0.01,125240,79357,132792.58400926998
0.006586206896551725,0.00863448275862069,0.0001,129818,129029,129814.2274580879
0.006586206896551725,0.00863448275862069,0.0012000000000000001,127986,120288,129814.2274580879
0.006586206896551725,0.00863448275862069,0.0023,124618,112868,129814.2274580879
0.006586206896551725,0.00863448275862069,0.0034,125535,106108,129814.2274580879
0.006586206896551725,0.00863448275862069,0.0045000000000000005,127462,100214,129814.2274580879
0.006586206896551725,0.00863448275862069,0.005600000000000001,123153,94845,129814.2274580879
0.006586206896551725,0.00863448275862069,0.0067,124561,90236,129814.2274580879
0.006586206896551725,0.00863448275862069,0.0078000000000000005,125198,85921,129814.2274580879
0.006586206896551725,0.00863448275862069,0.0089,123254,81939,129814.2274580879
0.006586206896551725,0.00863448275862069,0.01,124993,78422,129814.2274580879
0.006586206896551725,0.008975862068965518,0.0001,126892,126215,126966.54110347883
0.006586206896551725,0.008975862068965518,0.0012000000000000001,125021,117989,126966.54110347883
0.006586206896551725,0.008975862068965518,0.0023,123396,110734,126966.54110347883
0.006586206896551725,0.008975862068965518,0.0034,121283,104311,126966.54110347883
0.006586206896551725,0.008975862068965518,0.0045000000000000005,123442,98609,126966.54110347883
0.006586206896551725,0.008975862068965518,0.005600000000000001,121159,93315,126966.54110347883
0.006586206896551725,0.008975862068965518,0.0067,123097,88767,126966.54110347883
0.006586206896551725,0.008975862068965518,0.0078000000000000005,124210,84681,126966.54110347883
0.006586206896551725,0.008975862068965518,0.0089,120082,80850,126966.54110347883
0.006586206896551725,0.008975862068965518,0.01,124926,77366,126966.54110347883
0.006586206896551725,0.009317241379310346,0.0001,124225,123594,124241.11014744148
0.006586206896551725,0.009317241379310346,0.0012000000000000001,122421,115543,124241.11014744148
0.006586206896551725,0.009317241379310346,0.0023,120940,108609,124241.11014744148
0.006586206896551725,0.009317241379310346,0.0034,119175,102373,124241.11014744148
0.006586206896551725,0.009317241379310346,0.0045000000000000005,120148,96804,124241.11014744148
0.006586206896551725,0.009317241379310346,0.005600000000000001,122494,91978,124241.11014744148
0.006586206896551725,0.009317241379310346,0.0067,117334,87530,124241.11014744148
0.006586206896551725,0.009317241379310346,0.0078000000000000005,120617,83303,124241.11014744148
0.006586206896551725,0.009317241379310346,0.0089,118224,79771,124241.11014744148
0.006586206896551725,0.009317241379310346,0.01,117456,76384,124241.11014744148
0.006586206896551725,0.009658620689655173,0.0001,121664,120952,121630.22712799831
0.006586206896551725,0.009658620689655173,0.0012000000000000001,119332,113259,121630.22712799831
0.006586206896551725,0.009658620689655173,0.0023,117769,106662,121630.22712799831
0.006586206896551725,0.009658620689655173,0.0034,116877,100599,121630.22712799831
0.006586206896551725,0.009658620689655173,0.0045000000000000005,116652,95367,121630.22712799831
0.006586206896551725,0.009658620689655173,0.005600000000000001,113771,90538,121630.22712799831
0.006586206896551725,0.009658620689655173,0.0067,116068,86198,121630.22712799831
0.006586206896551725,0.009658620689655173,0.0078000000000000005,112658,82248,121630.22712799831
0.006586206896551725,0.009658620689655173,0.0089,113030,78515,121630.22712799831
0.006586206896551725,0.009658620689655173,0.01,115676,75379,121630.22712799831
0.006586206896551725,0.01,0.0001,119122,118449,119126.81912681914
0.006586206896551725,0.01,0.0012000000000000001,117604,111208,119126.81912681914
0.006586206896551725,0.01,0.0023,115148,104741,119126.81912681914
0.006586206896551725,0.01,0.0034,115165,98807,119126.81912681914
0.006586206896551725,0.01,0.0045000000000000005,114638,93801,119126.81912681914
0.006586206896551725,0.01,0.005600000000000001,117381,89124,119126.81912681914
0.006586206896551725,0.01,0.0067,113857,84933,119126.81912681914
0.006586206896551725,0.01,0.0078000000000000005,110561,80961,119126.81912681914
0.006586206896551725,0.01,0.0089,114629,77566,119126.81912681914
0.006586206896551725,0.01,0.01,111601,74334,119126.81912681914
0.006927586206896553,0.0001,0.0001,291522,291497,295731.10893032386
0.006927586206896553,0.0001,0.0012000000000000001,258502,252596,295731.10893032386
0.006927586206896553,0.0001,0.0023,237937,222871,295731.10893032386
0.006927586206896553,0.0001,0.0034,224065,199398,295731.10893032386
0.006927586206896553,0.0001,0.0045000000000000005,213703,180275,295731.10893032386
0.006927586206896553,0.0001,0.005600000000000001,205801,164734,295731.10893032386
0.006927586206896553,0.0001,0.0067,199818,151486,295731.10893032386
0.006927586206896553,0.0001,0.0078000000000000005,194821,140330,295731.10893032386
0.006927586206896553,0.0001,0.0089,190747,130541,295731.10893032386
0.006927586206896553,0.0001,0.01,187096,122177,295731.10893032386
0.006927586206896553,0.0004413793103448276,0.0001,278470,278237,282030.8844174076
0.006927586206896553,0.0004413793103448276,0.0012000000000000001,249684,242548,282030.8844174076
0.006927586206896553,0.0004413793103448276,0.0023,231262,215018,282030.8844174076
0.006927586206896553,0.0004413793103448276,0.0034,218593,193168,282030.8844174076
0.006927586206896553,0.0004413793103448276,0.0045000000000000005,209196,175236,282030.8844174076
0.006927586206896553,0.0004413793103448276,0.005600000000000001,201961,160298,282030.8844174076
0.006927586206896553,0.0004413793103448276,0.0067,196393,147846,282030.8844174076
0.006927586206896553,0.0004413793103448276,0.0078000000000000005,191755,137003,282030.8844174076
0.006927586206896553,0.0004413793103448276,0.0089,187925,127787,282030.8844174076
0.006927586206896553,0.0004413793103448276,0.01,184534,119701,282030.8844174076
0.006927586206896553,0.0007827586206896553,0.0001,266540,266011,269543.8282647585
0.006927586206896553,0.0007827586206896553,0.0012000000000000001,241194,233169,269543.8282647585
0.006927586206896553,0.0007827586206896553,0.0023,224939,207595,269543.8282647585
0.006927586206896553,0.0007827586206896553,0.0034,213228,187223,269543.8282647585
0.006927586206896553,0.0007827586206896553,0.0045000000000000005,204940,170238,269543.8282647585
0.006927586206896553,0.0007827586206896553,0.005600000000000001,198316,156253,269543.8282647585
0.006927586206896553,0.0007827586206896553,0.0067,193183,144360,269543.8282647585
0.006927586206896553,0.0007827586206896553,0.0078000000000000005,188847,134133,269543.8282647585
0.006927586206896553,0.0007827586206896553,0.0089,185308,125099,269543.8282647585
0.006927586206896553,0.0007827586206896553,0.01,182410,117357,269543.8282647585
0.006927586206896553,0.001124137931034483,0.0001,255769,254880,258115.63169164883
0.006927586206896553,0.001124137931034483,0.0012000000000000001,233463,224794,258115.63169164883
0.006927586206896553,0.001124137931034483,0.0023,218597,200963,258115.63169164883
0.006927586206896553,0.001124137931034483,0.0034,208541,181640,258115.63169164883
0.006927586206896553,0.001124137931034483,0.0045000000000000005,200636,165751,258115.63169164883
0.006927586206896553,0.001124137931034483,0.005600000000000001,194888,152294,258115.63169164883
0.006927586206896553,0.001124137931034483,0.0067,189945,140867,258115.63169164883
0.006927586206896553,0.001124137931034483,0.0078000000000000005,186010,131068,258115.63169164883
0.006927586206896553,0.001124137931034483,0.0089,182822,122729,258115.63169164883
0.006927586206896553,0.001124137931034483,0.01,179663,115134,258115.63169164883
0.006927586206896553,0.0014655172413793106,0.0001,245476,244705,247617.09120788824
0.006927586206896553,0.0014655172413793106,0.0012000000000000001,225930,216863,247617.09120788824
0.006927586206896553,0.0014655172413793106,0.0023,212982,194467,247617.09120788824
0.006927586206896553,0.0014655172413793106,0.0034,203759,176227,247617.09120788824
0.006927586206896553,0.0014655172413793106,0.0045000000000000005,196701,161285,247617.09120788824
0.006927586206896553,0.0014655172413793106,0.005600000000000001,191168,148580,247617.09120788824
0.006927586206896553,0.0014655172413793106,0.0067,186707,137777,247617.09120788824
0.006927586206896553,0.0014655172413793106,0.0078000000000000005,183345,128467,247617.09120788824
0.006927586206896553,0.0014655172413793106,0.0089,180080,120303,247617.09120788824
0.006927586206896553,0.0014655172413793106,0.01,177637,113113,247617.09120788824
0.006927586206896553,0.0018068965517241383,0.0001,236150,235230,237939.20252664824
0.006927586206896553,0.0018068965517241383,0.0012000000000000001,218958,209273,237939.20252664824
0.006927586206896553,0.0018068965517241383,0.0023,207526,188395,237939.20252664824
0.006927586206896553,0.0018068965517241383,0.0034,199082,171403,237939.20252664824
0.006927586206896553,0.0018068965517241383,0.0045000000000000005,192942,157066,237939.20252664824
0.006927586206896553,0.0018068965517241383,0.005600000000000001,187638,144952,237939.20252664824
0.006927586206896553,0.0018068965517241383,0.0067,183527,134724,237939.20252664824
0.006927586206896553,0.0018068965517241383,0.0078000000000000005,180495,125785,237939.20252664824
0.006927586206896553,0.0018068965517241383,0.0089,177227,117972,237939.20252664824
0.006927586206896553,0.0018068965517241383,0.01,174895,110966,237939.20252664824
0.006927586206896553,0.0021482758620689655,0.0001,227338,226696,228989.36170212764
0.006927586206896553,0.0021482758620689655,0.0012000000000000001,212359,202280,228989.36170212764
0.006927586206896553,0.0021482758620689655,0.0023,202317,182824,228989.36170212764
0.006927586206896553,0.0021482758620689655,0.0034,194918,166578,228989.36170212764
0.006927586206896553,0.0021482758620689655,0.0045000000000000005,188943,153104,228989.36170212764
0.006927586206896553,0.0021482758620689655,0.005600000000000001,184304,141706,228989.36170212764
0.006927586206896553,0.0021482758620689655,0.0067,180408,131815,228989.36170212764
0.006927586206896553,0.0021482758620689655,0.0078000000000000005,177754,123103,228989.36170212764
0.006927586206896553,0.0021482758620689655,0.0089,174658,115593,228989.36170212764
0.006927586206896553,0.0021482758620689655,0.01,172941,108904,228989.36170212764
0.006927586206896553,0.0024896551724137932,0.0001,219304,218620,220688.39253020874
0.006927586206896553,0.0024896551724137932,0.0012000000000000001,206335,195736,220688.39253020874
0.006927586206896553,0.0024896551724137932,0.0023,197357,177534,220688.39253020874
0.006927586206896553,0.0024896551724137932,0.0034,190461,162327,220688.39253020874
0.006927586206896553,0.0024896551724137932,0.0045000000000000005,185320,149410,220688.39253020874
0.006927586206896553,0.0024896551724137932,0.005600000000000001,181355,138460,220688.39253020874
0.006927586206896553,0.0024896551724137932,0.0067,177546,129077,220688.39253020874
0.006927586206896553,0.0024896551724137932,0.0078000000000000005,174851,120789,220688.39253020874
0.006927586206896553,0.0024896551724137932,0.0089,171923,113562,220688.39253020874
0.006927586206896553,0.0024896551724137932,0.01,171043,107034,220688.39253020874
0.006927586206896553,0.002831034482758621,0.0001,211740,210991,212968.19787985866
0.006927586206896553,0.002831034482758621,0.0012000000000000001,200570,189686,212968.19787985866
0.006927586206896553,0.002831034482758621,0.0023,192688,172350,212968.19787985866
0.006927586206896553,0.002831034482758621,0.0034,186490,158103,212968.19787985866
0.006927586206896553,0.002831034482758621,0.0045000000000000005,181412,145867,212968.19787985866
0.006927586206896553,0.002831034482758621,0.005600000000000001,178039,135389,212968.19787985866
0.006927586206896553,0.002831034482758621,0.0067,175068,126379,212968.19787985866
0.006927586206896553,0.002831034482758621,0.0078000000000000005,172075,118336,212968.19787985866
0.006927586206896553,0.002831034482758621,0.0089,170124,111400,212968.19787985866
0.006927586206896553,0.002831034482758621,0.01,168163,105178,212968.19787985866
0.006927586206896553,0.0031724137931034486,0.0001,204825,203732,205769.88733356094
0.006927586206896553,0.0031724137931034486,0.0012000000000000001,194908,184063,205769.88733356094
0.006927586206896553,0.0031724137931034486,0.0023,187950,167785,205769.88733356094
0.006927586206896553,0.0031724137931034486,0.0034,182627,154122,205769.88733356094
0.006927586206896553,0.0031724137931034486,0.0045000000000000005,178428,142427,205769.88733356094
0.006927586206896553,0.0031724137931034486,0.005600000000000001,174903,132454,205769.88733356094
0.006927586206896553,0.0031724137931034486,0.0067,172371,123777,205769.88733356094
0.006927586206896553,0.0031724137931034486,0.0078000000000000005,169613,116221,205769.88733356094
0.006927586206896553,0.0031724137931034486,0.0089,167849,109335,205769.88733356094
0.006927586206896553,0.0031724137931034486,0.01,165926,103344,205769.88733356094
0.006927586206896553,0.0035137931034482763,0.0001,198152,197318,199042.2721268164
0.006927586206896553,0.0035137931034482763,0.0012000000000000001,189767,178536,199042.2721268164
0.006927586206896553,0.0035137931034482763,0.0023,183717,163097,199042.2721268164
0.006927586206896553,0.0035137931034482763,0.0034,178725,150279,199042.2721268164
0.006927586206896553,0.0035137931034482763,0.0045000000000000005,175357,139068,199042.2721268164
0.006927586206896553,0.0035137931034482763,0.005600000000000001,172084,129555,199042.2721268164
0.006927586206896553,0.0035137931034482763,0.0067,169252,121218,199042.2721268164
0.006927586206896553,0.0035137931034482763,0.0078000000000000005,166714,114038,199042.2721268164
0.006927586206896553,0.0035137931034482763,0.0089,165666,107438,199042.2721268164
0.006927586206896553,0.0035137931034482763,0.01,163960,101648,199042.2721268164
0.006927586206896553,0.003855172413793104,0.0001,191964,191152,192740.64598656865
0.006927586206896553,0.003855172413793104,0.0012000000000000001,184887,173626,192740.64598656865
0.006927586206896553,0.003855172413793104,0.0023,179359,158835,192740.64598656865
0.006927586206896553,0.003855172413793104,0.0034,175323,146586,192740.64598656865
0.006927586206896553,0.003855172413793104,0.0045000000000000005,172136,136143,192740.64598656865
0.006927586206896553,0.003855172413793104,0.005600000000000001,169331,126907,192740.64598656865
0.006927586206896553,0.003855172413793104,0.0067,167049,118945,192740.64598656865
0.006927586206896553,0.003855172413793104,0.0078000000000000005,164975,111927,192740.64598656865
0.006927586206896553,0.003855172413793104,0.0089,163424,105575,192740.64598656865
0.006927586206896553,0.003855172413793104,0.01,161601,100044,192740.64598656865
0.006927586206896553,0.004196551724137932,0.0001,186244,185322,186825.79045257287
0.006927586206896553,0.004196551724137932,0.0012000000000000001,179942,168631,186825.79045257287
0.006927586206896553,0.004196551724137932,0.0023,175369,154808,186825.79045257287
0.006927586206896553,0.004196551724137932,0.0034,171522,143063,186825.79045257287
0.006927586206896553,0.004196551724137932,0.0045000000000000005,168913,133053,186825.79045257287
0.006927586206896553,0.004196551724137932,0.005600000000000001,166510,124339,186825.79045257287
0.006927586206896553,0.004196551724137932,0.0067,164174,116624,186825.79045257287
0.006927586206896553,0.004196551724137932,0.0078000000000000005,162126,109929,186825.79045257287
0.006927586206896553,0.004196551724137932,0.0089,160991,103816,186825.79045257287
0.006927586206896553,0.004196551724137932,0.01,159767,98482,186825.79045257287
0.006927586206896553,0.00453793103448276,0.0001,180764,179741,181263.15789473683
0.006927586206896553,0.00453793103448276,0.0012000000000000001,175464,164163,181263.15789473683
0.006927586206896553,0.00453793103448276,0.0023,171739,150949,181263.15789473683
0.006927586206896553,0.00453793103448276,0.0034,168531,139939,181263.15789473683
0.006927586206896553,0.00453793103448276,0.0045000000000000005,165427,130263,181263.15789473683
0.006927586206896553,0.00453793103448276,0.005600000000000001,163684,121801,181263.15789473683
0.006927586206896553,0.00453793103448276,0.0067,161913,114490,181263.15789473683
0.006927586206896553,0.00453793103448276,0.0078000000000000005,160528,107940,181263.15789473683
0.006927586206896553,0.00453793103448276,0.0089,159172,102158,181263.15789473683
0.006927586206896553,0.00453793103448276,0.01,157522,96764,181263.15789473683
0.006927586206896553,0.004879310344827587,0.0001,175685,174554,176022.19626168223
0.006927586206896553,0.004879310344827587,0.0012000000000000001,171193,159964,176022.19626168223
0.006927586206896553,0.004879310344827587,0.0023,167983,147395,176022.19626168223
0.006927586206896553,0.004879310344827587,0.0034,165118,136801,176022.19626168223
0.006927586206896553,0.004879310344827587,0.0045000000000000005,162710,127529,176022.19626168223
0.006927586206896553,0.004879310344827587,0.005600000000000001,161073,119340,176022.19626168223
0.006927586206896553,0.004879310344827587,0.0067,159218,112352,176022.19626168223
0.006927586206896553,0.004879310344827587,0.0078000000000000005,157603,106096,176022.19626168223
0.006927586206896553,0.004879310344827587,0.0089,157394,100459,176022.19626168223
0.006927586206896553,0.004879310344827587,0.01,155450,95387,176022.19626168223
0.006927586206896553,0.005220689655172415,0.0001,170703,169855,171075.7876809537
0.006927586206896553,0.005220689655172415,0.0012000000000000001,167306,155855,171075.7876809537
0.006927586206896553,0.005220689655172415,0.0023,163869,143988,171075.7876809537
0.006927586206896553,0.005220689655172415,0.0034,161126,133733,171075.7876809537
0.006927586206896553,0.005220689655172415,0.0045000000000000005,160174,124897,171075.7876809537
0.006927586206896553,0.005220689655172415,0.005600000000000001,158856,117057,171075.7876809537
0.006927586206896553,0.005220689655172415,0.0067,156218,110379,171075.7876809537
0.006927586206896553,0.005220689655172415,0.0078000000000000005,155219,104297,171075.7876809537
0.006927586206896553,0.005220689655172415,0.0089,154294,98801,171075.7876809537
0.006927586206896553,0.005220689655172415,0.01,153475,93946,171075.7876809537
0.006927586206896553,0.005562068965517242,0.0001,166151,165180,166399.77912755386
0.006927586206896553,0.005562068965517242,0.0012000000000000001,162710,151962,166399.77912755386
0.006927586206896553,0.005562068965517242,0.0023,160655,140589,166399.77912755386
0.006927586206896553,0.005562068965517242,0.0034,158740,130829,166399.77912755386
0.006927586206896553,0.005562068965517242,0.0045000000000000005,157137,122442,166399.77912755386
0.006927586206896553,0.005562068965517242,0.005600000000000001,156579,114935,166399.77912755386
0.006927586206896553,0.005562068965517242,0.0067,155239,108393,166399.77912755386
0.006927586206896553,0.005562068965517242,0.0078000000000000005,154470,102532,166399.77912755386
0.006927586206896553,0.005562068965517242,0.0089,153099,97123,166399.77912755386
0.006927586206896553,0.005562068965517242,0.01,150808,92517,166399.77912755386
0.006927586206896553,0.00590344827586207,0.0001,161779,160694,161972.58801397475
0.006927586206896553,0.00590344827586207,0.0012000000000000001,159324,148268,161972.58801397475
0.006927586206896553,0.00590344827586207,0.0023,157920,137400,161972.58801397475
0.006927586206896553,0.00590344827586207,0.0034,155578,128164,161972.58801397475
0.006927586206896553,0.00590344827586207,0.0045000000000000005,154780,120031,161972.58801397475
0.006927586206896553,0.00590344827586207,0.005600000000000001,153086,112832,161972.58801397475
0.006927586206896553,0.00590344827586207,0.0067,153385,106510,161972.58801397475
0.006927586206896553,0.00590344827586207,0.0078000000000000005,153263,100833,161972.58801397475
0.006927586206896553,0.00590344827586207,0.0089,150148,95726,161972.58801397475
0.006927586206896553,0.00590344827586207,0.01,150180,91006,161972.58801397475
0.006927586206896553,0.006244827586206898,0.0001,157569,156653,157774.86910994764
0.006927586206896553,0.006244827586206898,0.0012000000000000001,154573,144659,157774.86910994764
0.006927586206896553,0.006244827586206898,0.0023,154927,134399,157774.86910994764
0.006927586206896553,0.006244827586206898,0.0034,153304,125464,157774.86910994764
0.006927586206896553,0.006244827586206898,0.0045000000000000005,152475,117675,157774.86910994764
0.006927586206896553,0.006244827586206898,0.005600000000000001,151584,110662,157774.86910994764
0.006927586206896553,0.006244827586206898,0.0067,151366,104678,157774.86910994764
0.006927586206896553,0.006244827586206898,0.0078000000000000005,148503,99167,157774.86910994764
0.006927586206896553,0.006244827586206898,0.0089,149582,94231,157774.86910994764
0.006927586206896553,0.006244827586206898,0.01,148787,89661,157774.86910994764
0.006927586206896553,0.006586206896551725,0.0001,153637,152674,153789.23194692523
0.006927586206896553,0.006586206896551725,0.0012000000000000001,152374,141299,153789.23194692523
0.006927586206896553,0.006586206896551725,0.0023,151403,131410,153789.23194692523
0.006927586206896553,0.006586206896551725,0.0034,150262,122887,153789.23194692523
0.006927586206896553,0.006586206896551725,0.0045000000000000005,149859,115357,153789.23194692523
0.006927586206896553,0.006586206896551725,0.005600000000000001,149201,108739,153789.23194692523
0.006927586206896553,0.006586206896551725,0.0067,148351,102850,153789.23194692523
0.006927586206896553,0.006586206896551725,0.0078000000000000005,147542,97565,153789.23194692523
0.006927586206896553,0.006586206896551725,0.0089,147256,92697,153789.23194692523
0.006927586206896553,0.006586206896551725,0.01,146833,88467,153789.23194692523
0.006927586206896553,0.006927586206896553,0.0001,149886,148897,150000.0
0.006927586206896553,0.006927586206896553,0.0012000000000000001,148693,138202,150000.0
0.006927586206896553,0.006927586206896553,0.0023,148084,128771,150000.0
0.006927586206896553,0.006927586206896553,0.0034,146836,120552,150000.0
0.006927586206896553,0.006927586206896553,0.0045000000000000005,146314,113349,150000.0
0.006927586206896553,0.006927586206896553,0.005600000000000001,146606,106906,150000.0
0.006927586206896553,0.006927586206896553,0.0067,146176,101187,150000.0
0.006927586206896553,0.006927586206896553,0.0078000000000000005,145555,96083,150000.0
0.006927586206896553,0.006927586206896553,0.0089,144724,91380,150000.0
0.006927586206896553,0.006927586206896553,0.01,144520,87199,150000.0
0.006927586206896553,0.00726896551724138,0.0001,146347,145415,146393.00461501093
0.006927586206896553,0.00726896551724138,0.0012000000000000001,144226,134950,146393.00461501093
0.006927586206896553,0.00726896551724138,0.0023,142367,126115,146393.00461501093
0.006927586206896553,0.00726896551724138,0.0034,143421,118188,146393.00461501093
0.006927586206896553,0.00726896551724138,0.0045000000000000005,142716,111215,146393.00461501093
0.006927586206896553,0.00726896551724138,0.005600000000000001,143085,105059,146393.00461501093
0.006927586206896553,0.00726896551724138,0.0067,142898,99457,146393.00461501093
0.006927586206896553,0.00726896551724138,0.0078000000000000005,139607,94531,146393.00461501093
0.006927586206896553,0.00726896551724138,0.0089,141900,90053,146393.00461501093
0.006927586206896553,0.00726896551724138,0.01,140763,85930,146393.00461501093
0.006927586206896553,0.0076103448275862086,0.0001,142875,142100,142955.4079696395
0.006927586206896553,0.0076103448275862086,0.0012000000000000001,140367,132189,142955.4079696395
0.006927586206896553,0.0076103448275862086,0.0023,137950,123409,142955.4079696395
0.006927586206896553,0.0076103448275862086,0.0034,138581,115977,142955.4079696395
0.006927586206896553,0.0076103448275862086,0.0045000000000000005,136962,109192,142955.4079696395
0.006927586206896553,0.0076103448275862086,0.005600000000000001,137378,103220,142955.4079696395
0.006927586206896553,0.0076103448275862086,0.0067,138297,97958,142955.4079696395
0.006927586206896553,0.0076103448275862086,0.0078000000000000005,138971,93113,142955.4079696395
0.006927586206896553,0.0076103448275862086,0.0089,138267,88758,142955.4079696395
0.006927586206896553,0.0076103448275862086,0.01,136922,84771,142955.4079696395
0.006927586206896553,0.007951724137931035,0.0001,139595,138758,139675.550405562
0.006927586206896553,0.007951724137931035,0.0012000000000000001,138238,129206,139675.550405562
0.006927586206896553,0.007951724137931035,0.0023,136795,121061,139675.550405562
0.006927586206896553,0.007951724137931035,0.0034,137395,113708,139675.550405562
0.006927586206896553,0.007951724137931035,0.0045000000000000005,135395,107197,139675.550405562
0.006927586206896553,0.007951724137931035,0.005600000000000001,133861,101458,139675.550405562
0.006927586206896553,0.007951724137931035,0.0067,133330,96394,139675.550405562
0.006927586206896553,0.007951724137931035,0.0078000000000000005,136137,91717,139675.550405562
0.006927586206896553,0.007951724137931035,0.0089,133056,87341,139675.550405562
0.006927586206896553,0.007951724137931035,0.01,134002,83645,139675.550405562
0.006927586206896553,0.008293103448275862,0.0001,136548,135730,136542.81830539193
0.006927586206896553,0.008293103448275862,0.0012000000000000001,133738,126652,136542.81830539193
0.006927586206896553,0.008293103448275862,0.0023,134340,118586,136542.81830539193
0.006927586206896553,0.008293103448275862,0.0034,132060,111729,136542.81830539193
0.006927586206896553,0.008293103448275862,0.0045000000000000005,128772,105347,136542.81830539193
0.006927586206896553,0.008293103448275862,0.005600000000000001,132448,99915,136542.81830539193
0.006927586206896553,0.008293103448275862,0.0067,130213,94885,136542.81830539193
0.006927586206896553,0.008293103448275862,0.0078000000000000005,130339,90370,136542.81830539193
0.006927586206896553,0.008293103448275862,0.0089,133190,86240,136542.81830539193
0.006927586206896553,0.008293103448275862,0.01,126189,82348,136542.81830539193
0.006927586206896553,0.00863448275862069,0.0001,133480,132731,133547.52935962775
0.006927586206896553,0.00863448275862069,0.0012000000000000001,132258,124051,133547.52935962775
0.006927586206896553,0.00863448275862069,0.0023,129927,116470,133547.52935962775
0.006927586206896553,0.00863448275862069,0.0034,129575,109715,133547.52935962775
0.006927586206896553,0.00863448275862069,0.0045000000000000005,131585,103559,133547.52935962775
0.006927586206896553,0.00863448275862069,0.005600000000000001,129535,98305,133547.52935962775
0.006927586206896553,0.00863448275862069,0.0067,130888,93297,133547.52935962775
0.006927586206896553,0.00863448275862069,0.0078000000000000005,130629,88976,133547.52935962775
0.006927586206896553,0.00863448275862069,0.0089,130552,84907,133547.52935962775
0.006927586206896553,0.00863448275862069,0.01,125320,81374,133547.52935962775
0.006927586206896553,0.008975862068965518,0.0001,130655,129970,130680.83261058107
0.006927586206896553,0.008975862068965518,0.0012000000000000001,128891,121543,130680.83261058107
0.006927586206896553,0.008975862068965518,0.0023,128128,114289,130680.83261058107
0.006927586206896553,0.008975862068965518,0.0034,125400,107776,130680.83261058107
0.006927586206896553,0.008975862068965518,0.0045000000000000005,125355,101964,130680.83261058107
0.006927586206896553,0.008975862068965518,0.005600000000000001,127186,96712,130680.83261058107
0.006927586206896553,0.008975862068965518,0.0067,124187,91984,130680.83261058107
0.006927586206896553,0.008975862068965518,0.0078000000000000005,127535,87638,130680.83261058107
0.006927586206896553,0.008975862068965518,0.0089,122118,83867,130680.83261058107
0.006927586206896553,0.008975862068965518,0.01,124520,80303,130680.83261058107
0.006927586206896553,0.009317241379310346,0.0001,127878,127247,127934.62109955424
0.006927586206896553,0.009317241379310346,0.0012000000000000001,125845,119145,127934.62109955424
0.006927586206896553,0.009317241379310346,0.0023,124661,112111,127934.62109955424
0.006927586206896553,0.009317241379310346,0.0034,123361,105899,127934.62109955424
0.006927586206896553,0.009317241379310346,0.0045000000000000005,124703,100287,127934.62109955424
0.006927586206896553,0.009317241379310346,0.005600000000000001,125229,95116,127934.62109955424
0.006927586206896553,0.009317241379310346,0.0067,123807,90533,127934.62109955424
0.006927586206896553,0.009317241379310346,0.0078000000000000005,118696,86444,127934.62109955424
0.006927586206896553,0.009317241379310346,0.0089,121936,82759,127934.62109955424
0.006927586206896553,0.009317241379310346,0.01,120748,79259,127934.62109955424
0.006927586206896553,0.009658620689655173,0.0001,125217,124664,125301.45530145531
0.006927586206896553,0.009658620689655173,0.0012000000000000001,124227,116862,125301.45530145531
0.006927586206896553,0.009658620689655173,0.0023,121744,110149,125301.45530145531
0.006927586206896553,0.009658620689655173,0.0034,121580,104065,125301.45530145531
0.006927586206896553,0.009658620689655173,0.0045000000000000005,119453,98645,125301.45530145531
0.006927586206896553,0.009658620689655173,0.005600000000000001,120524,93750,125301.45530145531
0.006927586206896553,0.009658620689655173,0.0067,121332,89357,125301.45530145531
0.006927586206896553,0.009658620689655173,0.0078000000000000005,123765,85325,125301.45530145531
0.006927586206896553,0.009658620689655173,0.0089,120883,81495,125301.45530145531
0.006927586206896553,0.009658620689655173,0.01,122467,78226,125301.45530145531
0.006927586206896553,0.01,0.0001,122727,122177,122774.49582399675
0.006927586206896553,0.01,0.0012000000000000001,120437,114761,122774.49582399675
0.006927586206896553,0.01,0.0023,119330,108190,122774.49582399675
0.006927586206896553,0.01,0.0034,116211,102357,122774.49582399675
0.006927586206896553,0.01,0.0045000000000000005,115903,97062,122774.49582399675
0.006927586206896553,0.01,0.005600000000000001,118436,92365,122774.49582399675
0.006927586206896553,0.01,0.0067,120239,88044,122774.49582399675
0.006927586206896553,0.01,0.0078000000000000005,119376,83992,122774.49582399675
0.006927586206896553,0.01,0.0089,115131,80449,122774.49582399675
0.006927586206896553,0.01,0.01,114322,77129,122774.49582399675
0.00726896551724138,0.0001,0.0001,292107,291888,295928.8722508189
0.00726896551724138,0.0001,0.0012000000000000001,260268,254688,295928.8722508189
0.00726896551724138,0.0001,0.0023,239869,225667,295928.8722508189
0.00726896551724138,0.0001,0.0034,225727,202481,295928.8722508189
0.00726896551724138,0.0001,0.0045000000000000005,215434,183744,295928.8722508189
0.00726896551724138,0.0001,0.005600000000000001,207647,168263,295928.8722508189
0.00726896551724138,0.0001,0.0067,201451,155164,295928.8722508189
0.00726896551724138,0.0001,0.0078000000000000005,196330,143913,295928.8722508189
0.00726896551724138,0.0001,0.0089,192187,134168,295928.8722508189
0.00726896551724138,0.0001,0.01,188641,125554,295928.8722508189
0.00726896551724138,0.0004413793103448276,0.0001,279488,279196,282826.4758497316
0.00726896551724138,0.0004413793103448276,0.0012000000000000001,251203,244989,282826.4758497316
0.00726896551724138,0.0004413793103448276,0.0023,233120,217800,282826.4758497316
0.00726896551724138,0.0004413793103448276,0.0034,220414,196447,282826.4758497316
0.00726896551724138,0.0004413793103448276,0.0045000000000000005,211159,178619,282826.4758497316
0.00726896551724138,0.0004413793103448276,0.005600000000000001,203962,163863,282826.4758497316
0.00726896551724138,0.0004413793103448276,0.0067,198174,151490,282826.4758497316
0.00726896551724138,0.0004413793103448276,0.0078000000000000005,193363,140626,282826.4758497316
0.00726896551724138,0.0004413793103448276,0.0089,189502,131321,282826.4758497316
0.00726896551724138,0.0004413793103448276,0.01,186167,123252,282826.4758497316
0.00726896551724138,0.0007827586206896553,0.0001,268003,267708,270835.1177730193
0.00726896551724138,0.0007827586206896553,0.0012000000000000001,243094,235858,270835.1177730193
0.00726896551724138,0.0007827586206896553,0.0023,226995,210792,270835.1177730193
0.00726896551724138,0.0007827586206896553,0.0034,215561,190589,270835.1177730193
0.00726896551724138,0.0007827586206896553,0.0045000000000000005,206904,173884,270835.1177730193
0.00726896551724138,0.0007827586206896553,0.005600000000000001,200128,159718,270835.1177730193
0.00726896551724138,0.0007827586206896553,0.0067,195012,147915,270835.1177730193
0.00726896551724138,0.0007827586206896553,0.0078000000000000005,190493,137635,270835.1177730193
0.00726896551724138,0.0007827586206896553,0.0089,186705,128768,270835.1177730193
0.00726896551724138,0.0007827586206896553,0.01,183976,120919,270835.1177730193
0.00726896551724138,0.001124137931034483,0.0001,257167,256740,259819.22760887427
0.00726896551724138,0.001124137931034483,0.0012000000000000001,235442,227442,259819.22760887427
0.00726896551724138,0.001124137931034483,0.0023,220895,204076,259819.22760887427
0.00726896551724138,0.001124137931034483,0.0034,210474,185062,259819.22760887427
0.00726896551724138,0.001124137931034483,0.0045000000000000005,202768,169127,259819.22760887427
0.00726896551724138,0.001124137931034483,0.005600000000000001,196590,155857,259819.22760887427
0.00726896551724138,0.001124137931034483,0.0067,191810,144499,259819.22760887427
0.00726896551724138,0.001124137931034483,0.0078000000000000005,187732,134646,259819.22760887427
0.00726896551724138,0.001124137931034483,0.0089,184315,126219,259819.22760887427
0.00726896551724138,0.001124137931034483,0.01,181342,118668,259819.22760887427
0.00726896551724138,0.0014655172413793106,0.0001,247449,247127,249664.42953020133
0.00726896551724138,0.0014655172413793106,0.0012000000000000001,228209,219461,249664.42953020133
0.00726896551724138,0.0014655172413793106,0.0023,215177,197752,249664.42953020133
0.00726896551724138,0.0014655172413793106,0.0034,205827,179877,249664.42953020133
0.00726896551724138,0.0014655172413793106,0.0045000000000000005,198697,164812,249664.42953020133
0.00726896551724138,0.0014655172413793106,0.005600000000000001,193205,152118,249664.42953020133
0.00726896551724138,0.0014655172413793106,0.0067,188773,141323,249664.42953020133
0.00726896551724138,0.0014655172413793106,0.0078000000000000005,184959,131941,249664.42953020133
0.00726896551724138,0.0014655172413793106,0.0089,181791,123619,249664.42953020133
0.00726896551724138,0.0014655172413793106,0.01,179193,116361,249664.42953020133
0.00726896551724138,0.0018068965517241383,0.0001,238342,237777,240273.55623100305
0.00726896551724138,0.0018068965517241383,0.0012000000000000001,221444,212227,240273.55623100305
0.00726896551724138,0.0018068965517241383,0.0023,209992,191718,240273.55623100305
0.00726896551724138,0.0018068965517241383,0.0034,201308,174860,240273.55623100305
0.00726896551724138,0.0018068965517241383,0.0045000000000000005,194929,160744,240273.55623100305
0.00726896551724138,0.0018068965517241383,0.005600000000000001,189754,148584,240273.55623100305
0.00726896551724138,0.0018068965517241383,0.0067,185497,138374,240273.55623100305
0.00726896551724138,0.0018068965517241383,0.0078000000000000005,182088,129306,240273.55623100305
0.00726896551724138,0.0018068965517241383,0.0089,179225,121378,240273.55623100305
0.00726896551724138,0.0018068965517241383,0.01,176814,114300,240273.55623100305
0.00726896551724138,0.0021482758620689655,0.0001,229992,229180,231563.52984254854
0.00726896551724138,0.0021482758620689655,0.0012000000000000001,215010,205584,231563.52984254854
0.00726896551724138,0.0021482758620689655,0.0023,204711,186115,231563.52984254854
0.00726896551724138,0.0021482758620689655,0.0034,196872,170311,231563.52984254854
0.00726896551724138,0.0021482758620689655,0.0045000000000000005,191338,156846,231563.52984254854
0.00726896551724138,0.0021482758620689655,0.005600000000000001,186398,145311,231563.52984254854
0.00726896551724138,0.0021482758620689655,0.0067,182633,135272,231563.52984254854
0.00726896551724138,0.0021482758620689655,0.0078000000000000005,179422,126778,231563.52984254854
0.00726896551724138,0.0021482758620689655,0.0089,176672,119142,231563.52984254854
0.00726896551724138,0.0021482758620689655,0.01,174381,112274,231563.52984254854
0.00726896551724138,0.0024896551724137932,0.0001,222061,221229,223462.89752650177
0.00726896551724138,0.0024896551724137932,0.0012000000000000001,208848,198980,223462.89752650177
0.00726896551724138,0.0024896551724137932,0.0023,199859,180884,223462.89752650177
0.00726896551724138,0.0024896551724137932,0.0034,192838,165712,223462.89752650177
0.00726896551724138,0.0024896551724137932,0.0045000000000000005,187468,153089,223462.89752650177
0.00726896551724138,0.0024896551724137932,0.005600000000000001,182875,142131,223462.89752650177
0.00726896551724138,0.0024896551724137932,0.0067,179728,132615,223462.89752650177
0.00726896551724138,0.0024896551724137932,0.0078000000000000005,176642,124294,223462.89752650177
0.00726896551724138,0.0024896551724137932,0.0089,174056,116984,223462.89752650177
0.00726896551724138,0.0024896551724137932,0.01,171800,110351,223462.89752650177
0.00726896551724138,0.002831034482758621,0.0001,214674,213807,215909.86684875385
0.00726896551724138,0.002831034482758621,0.0012000000000000001,203274,193066,215909.86684875385
0.00726896551724138,0.002831034482758621,0.0023,195045,175972,215909.86684875385
0.00726896551724138,0.002831034482758621,0.0034,188990,161528,215909.86684875385
0.00726896551724138,0.002831034482758621,0.0045000000000000005,183935,149501,215909.86684875385
0.00726896551724138,0.002831034482758621,0.005600000000000001,179980,138925,215909.86684875385
0.00726896551724138,0.002831034482758621,0.0067,176976,129821,215909.86684875385
0.00726896551724138,0.002831034482758621,0.0078000000000000005,174092,121783,215909.86684875385
0.00726896551724138,0.002831034482758621,0.0089,171575,114882,215909.86684875385
0.00726896551724138,0.002831034482758621,0.01,169445,108442,215909.86684875385
0.00726896551724138,0.0031724137931034486,0.0001,207887,206984,208850.72655217964
0.00726896551724138,0.0031724137931034486,0.0012000000000000001,197750,187469,208850.72655217964
0.00726896551724138,0.0031724137931034486,0.0023,190486,171226,208850.72655217964
0.00726896551724138,0.0031724137931034486,0.0034,184927,157561,208850.72655217964
0.00726896551724138,0.0031724137931034486,0.0045000000000000005,180909,146045,208850.72655217964
0.00726896551724138,0.0031724137931034486,0.005600000000000001,177161,136006,208850.72655217964
0.00726896551724138,0.0031724137931034486,0.0067,174371,127294,208850.72655217964
0.00726896551724138,0.0031724137931034486,0.0078000000000000005,171549,119563,208850.72655217964
0.00726896551724138,0.0031724137931034486,0.0089,169669,112734,208850.72655217964
0.00726896551724138,0.0031724137931034486,0.01,168180,106731,208850.72655217964
0.00726896551724138,0.0035137931034482763,0.0001,201372,200422,202238.56731691718
0.00726896551724138,0.0035137931034482763,0.0012000000000000001,192736,182002,202238.56731691718
0.00726896551724138,0.0035137931034482763,0.0023,186286,166861,202238.56731691718
0.00726896551724138,0.0035137931034482763,0.0034,181303,153796,202238.56731691718
0.00726896551724138,0.0035137931034482763,0.0045000000000000005,177458,142704,202238.56731691718
0.00726896551724138,0.0035137931034482763,0.005600000000000001,173575,133175,202238.56731691718
0.00726896551724138,0.0035137931034482763,0.0067,171591,124854,202238.56731691718
0.00726896551724138,0.0035137931034482763,0.0078000000000000005,169586,117460,202238.56731691718
0.00726896551724138,0.0035137931034482763,0.0089,166660,110853,202238.56731691718
0.00726896551724138,0.0035137931034482763,0.01,165616,104928,202238.56731691718
0.00726896551724138,0.003855172413793104,0.0001,195212,194469,196032.23806571608
0.00726896551724138,0.003855172413793104,0.0012000000000000001,187801,176965,196032.23806571608
0.00726896551724138,0.003855172413793104,0.0023,181949,162562,196032.23806571608
0.00726896551724138,0.003855172413793104,0.0034,177977,150158,196032.23806571608
0.00726896551724138,0.003855172413793104,0.0045000000000000005,174343,139673,196032.23806571608
0.00726896551724138,0.003855172413793104,0.005600000000000001,171469,130504,196032.23806571608
0.00726896551724138,0.003855172413793104,0.0067,168541,122308,196032.23806571608
0.00726896551724138,0.003855172413793104,0.0078000000000000005,166709,115346,196032.23806571608
0.00726896551724138,0.003855172413793104,0.0089,164899,108906,196032.23806571608
0.00726896551724138,0.003855172413793104,0.01,162734,103327,196032.23806571608
0.00726896551724138,0.004196551724137932,0.0001,189486,188697,190195.48872180452
0.00726896551724138,0.004196551724137932,0.0012000000000000001,182843,172309,190195.48872180452
0.00726896551724138,0.004196551724137932,0.0023,178363,158522,190195.48872180452
0.00726896551724138,0.004196551724137932,0.0034,174470,146674,190195.48872180452
0.00726896551724138,0.004196551724137932,0.0045000000000000005,171367,136654,190195.48872180452
0.00726896551724138,0.004196551724137932,0.005600000000000001,168633,127748,190195.48872180452
0.00726896551724138,0.004196551724137932,0.0067,166688,120133,190195.48872180452
0.00726896551724138,0.004196551724137932,0.0078000000000000005,164554,113299,190195.48872180452
0.00726896551724138,0.004196551724137932,0.0089,162761,107166,190195.48872180452
0.00726896551724138,0.004196551724137932,0.01,161403,101553,190195.48872180452
0.00726896551724138,0.00453793103448276,0.0001,184233,183318,184696.26168224297
0.00726896551724138,0.00453793103448276,0.0012000000000000001,178544,167683,184696.26168224297
0.00726896551724138,0.00453793103448276,0.0023,174308,154681,184696.26168224297
0.00726896551724138,0.00453793103448276,0.0034,171174,143431,184696.26168224297
0.00726896551724138,0.00453793103448276,0.0045000000000000005,168038,133762,184696.26168224297
0.00726896551724138,0.00453793103448276,0.005600000000000001,165148,125344,184696.26168224297
0.00726896551724138,0.00453793103448276,0.0067,163850,117820,184696.26168224297
0.00726896551724138,0.00453793103448276,0.0078000000000000005,162558,111330,184696.26168224297
0.00726896551724138,0.00453793103448276,0.0089,161990,105406,184696.26168224297
0.00726896551724138,0.00453793103448276,0.01,159522,99980,184696.26168224297
0.00726896551724138,0.004879310344827587,0.0001,179057,178169,179506.10275333523
0.00726896551724138,0.004879310344827587,0.0012000000000000001,174173,163356,179506.10275333523
0.00726896551724138,0.004879310344827587,0.0023,170422,151031,179506.10275333523
0.00726896551724138,0.004879310344827587,0.0034,167928,140362,179506.10275333523
0.00726896551724138,0.004879310344827587,0.0045000000000000005,165454,131050,179506.10275333523
0.00726896551724138,0.004879310344827587,0.005600000000000001,163043,122879,179506.10275333523
0.00726896551724138,0.004879310344827587,0.0067,161540,115753,179506.10275333523
0.00726896551724138,0.004879310344827587,0.0078000000000000005,159738,109432,179506.10275333523
0.00726896551724138,0.004879310344827587,0.0089,158336,103667,179506.10275333523
0.00726896551724138,0.004879310344827587,0.01,156967,98533,179506.10275333523
0.00726896551724138,0.005220689655172415,0.0001,174245,173264,174599.66869133073
0.00726896551724138,0.005220689655172415,0.0012000000000000001,170167,159330,174599.66869133073
0.00726896551724138,0.005220689655172415,0.0023,167016,147573,174599.66869133073
0.00726896551724138,0.005220689655172415,0.0034,164845,137224,174599.66869133073
0.00726896551724138,0.005220689655172415,0.0045000000000000005,162496,128474,174599.66869133073
0.00726896551724138,0.005220689655172415,0.005600000000000001,160318,120601,174599.66869133073
0.00726896551724138,0.005220689655172415,0.0067,158966,113746,174599.66869133073
0.00726896551724138,0.005220689655172415,0.0078000000000000005,157583,107576,174599.66869133073
0.00726896551724138,0.005220689655172415,0.0089,156929,102039,174599.66869133073
0.00726896551724138,0.005220689655172415,0.01,155907,96961,174599.66869133073
0.00726896551724138,0.005562068965517242,0.0001,169646,168672,169954.31335662457
0.00726896551724138,0.005562068965517242,0.0012000000000000001,166293,155491,169954.31335662457
0.00726896551724138,0.005562068965517242,0.0023,163953,144192,169954.31335662457
0.00726896551724138,0.005562068965517242,0.0034,161520,134489,169954.31335662457
0.00726896551724138,0.005562068965517242,0.0045000000000000005,159489,125945,169954.31335662457
0.00726896551724138,0.005562068965517242,0.005600000000000001,158370,118428,169954.31335662457
0.00726896551724138,0.005562068965517242,0.0067,156986,111736,169954.31335662457
0.00726896551724138,0.005562068965517242,0.0078000000000000005,155882,105771,169954.31335662457
0.00726896551724138,0.005562068965517242,0.0089,157300,100448,169954.31335662457
0.00726896551724138,0.005562068965517242,0.01,154029,95474,169954.31335662457
0.00726896551724138,0.00590344827586207,0.0001,165240,164414,165549.73821989528
0.00726896551724138,0.00590344827586207,0.0012000000000000001,162534,151775,165549.73821989528
0.00726896551724138,0.00590344827586207,0.0023,160773,140911,165549.73821989528
0.00726896551724138,0.00590344827586207,0.0034,159109,131576,165549.73821989528
0.00726896551724138,0.00590344827586207,0.0045000000000000005,156552,123512,165549.73821989528
0.00726896551724138,0.00590344827586207,0.005600000000000001,154502,116182,165549.73821989528
0.00726896551724138,0.00590344827586207,0.0067,154575,109812,165549.73821989528
0.00726896551724138,0.00590344827586207,0.0078000000000000005,153674,104040,165549.73821989528
0.00726896551724138,0.00590344827586207,0.0089,152400,98760,165549.73821989528
0.00726896551724138,0.00590344827586207,0.01,153332,94112,165549.73821989528
0.00726896551724138,0.006244827586206898,0.0001,161186,160204,161367.6958407757
0.00726896551724138,0.006244827586206898,0.0012000000000000001,159133,148227,161367.6958407757
0.00726896551724138,0.006244827586206898,0.0023,156117,138015,161367.6958407757
0.00726896551724138,0.006244827586206898,0.0034,155407,128999,161367.6958407757
0.00726896551724138,0.006244827586206898,0.0045000000000000005,154609,121101,161367.6958407757
0.00726896551724138,0.006244827586206898,0.005600000000000001,153426,114061,161367.6958407757
0.00726896551724138,0.006244827586206898,0.0067,153573,107949,161367.6958407757
0.00726896551724138,0.006244827586206898,0.0078000000000000005,151377,102273,161367.6958407757
0.00726896551724138,0.006244827586206898,0.0089,151938,97351,161367.6958407757
0.00726896551724138,0.006244827586206898,0.01,151586,92824,161367.6958407757
0.00726896551724138,0.006586206896551725,0.0001,157272,156345,157391.73718267796
0.00726896551724138,0.006586206896551725,0.0012000000000000001,155308,144837,157391.73718267796
0.00726896551724138,0.006586206896551725,0.0023,154034,134995,157391.73718267796
0.00726896551724138,0.006586206896551725,0.0034,153398,126472,157391.73718267796
0.00726896551724138,0.006586206896551725,0.0045000000000000005,151860,118893,157391.73718267796
0.00726896551724138,0.006586206896551725,0.005600000000000001,150920,112033,157391.73718267796
0.00726896551724138,0.006586206896551725,0.0067,150644,106123,157391.73718267796
0.00726896551724138,0.006586206896551725,0.0078000000000000005,150229,100801,157391.73718267796
0.00726896551724138,0.006586206896551725,0.0089,149182,95930,157391.73718267796
0.00726896551724138,0.006586206896551725,0.01,147746,91378,157391.73718267796
0.00726896551724138,0.006927586206896553,0.0001,153517,152570,153606.99538498907
0.00726896551724138,0.006927586206896553,0.0012000000000000001,152252,141705,153606.99538498907
0.00726896551724138,0.006927586206896553,0.0023,150253,132325,153606.99538498907
0.00726896551724138,0.006927586206896553,0.0034,150753,123883,153606.99538498907
0.00726896551724138,0.006927586206896553,0.0045000000000000005,149623,116590,153606.99538498907
0.00726896551724138,0.006927586206896553,0.005600000000000001,148484,110261,153606.99538498907
0.00726896551724138,0.006927586206896553,0.0067,148748,104315,153606.99538498907
0.00726896551724138,0.006927586206896553,0.0078000000000000005,147301,99213,153606.99538498907
0.00726896551724138,0.006927586206896553,0.0089,146988,94457,153606.99538498907
0.00726896551724138,0.006927586206896553,0.01,147122,90225,153606.99538498907
0.00726896551724138,0.00726896551724138,0.0001,149874,149056,150000.0
0.00726896551724138,0.00726896551724138,0.0012000000000000001,148883,138689,150000.0
0.00726896551724138,0.00726896551724138,0.0023,148143,129471,150000.0
0.00726896551724138,0.00726896551724138,0.0034,147624,121619,150000.0
0.00726896551724138,0.00726896551724138,0.0045000000000000005,147068,114606,150000.0
0.00726896551724138,0.00726896551724138,0.005600000000000001,146808,108351,150000.0
0.00726896551724138,0.00726896551724138,0.0067,146344,102775,150000.0
0.00726896551724138,0.00726896551724138,0.0078000000000000005,145757,97629,150000.0
0.00726896551724138,0.00726896551724138,0.0089,145123,93128,150000.0
0.00726896551724138,0.00726896551724138,0.01,145498,88839,150000.0
0.00726896551724138,0.0076103448275862086,0.0001,146476,145716,146558.516801854
0.00726896551724138,0.0076103448275862086,0.0012000000000000001,144829,135641,146558.516801854
0.00726896551724138,0.0076103448275862086,0.0023,144455,127064,146558.516801854
0.00726896551724138,0.0076103448275862086,0.0034,143025,119415,146558.516801854
0.00726896551724138,0.0076103448275862086,0.0045000000000000005,141797,112543,146558.516801854
0.00726896551724138,0.0076103448275862086,0.005600000000000001,144287,106431,146558.516801854
0.00726896551724138,0.0076103448275862086,0.0067,140654,101156,146558.516801854
0.00726896551724138,0.0076103448275862086,0.0078000000000000005,139342,96214,146558.516801854
0.00726896551724138,0.0076103448275862086,0.0089,142044,91788,146558.516801854
0.00726896551724138,0.0076103448275862086,0.01,141108,87725,146558.516801854
0.00726896551724138,0.007951724137931035,0.0001,143138,142410,143271.409152696
0.00726896551724138,0.007951724137931035,0.0012000000000000001,140571,132874,143271.409152696
0.00726896551724138,0.007951724137931035,0.0023,140759,124585,143271.409152696
0.00726896551724138,0.007951724137931035,0.0034,135689,117196,143271.409152696
0.00726896551724138,0.007951724137931035,0.0045000000000000005,139607,110567,143271.409152696
0.00726896551724138,0.007951724137931035,0.005600000000000001,135401,104841,143271.409152696
0.00726896551724138,0.007951724137931035,0.0067,137187,99452,143271.409152696
0.00726896551724138,0.007951724137931035,0.0078000000000000005,136927,94671,143271.409152696
0.00726896551724138,0.007951724137931035,0.0089,137577,90478,143271.409152696
0.00726896551724138,0.007951724137931035,0.01,137012,86489,143271.409152696
0.00726896551724138,0.008293103448275862,0.0001,140091,139249,140128.51761577665
0.00726896551724138,0.008293103448275862,0.0012000000000000001,137871,130069,140128.51761577665
0.00726896551724138,0.008293103448275862,0.0023,136471,122137,140128.51761577665
0.00726896551724138,0.008293103448275862,0.0034,136778,115111,140128.51761577665
0.00726896551724138,0.008293103448275862,0.0045000000000000005,134763,108735,140128.51761577665
0.00726896551724138,0.008293103448275862,0.005600000000000001,136410,103112,140128.51761577665
0.00726896551724138,0.008293103448275862,0.0067,134138,98003,140128.51761577665
0.00726896551724138,0.008293103448275862,0.0078000000000000005,132524,93430,140128.51761577665
0.00726896551724138,0.008293103448275862,0.0089,134743,89219,140128.51761577665
0.00726896551724138,0.008293103448275862,0.01,134250,85299,140128.51761577665
0.00726896551724138,0.00863448275862069,0.0001,137067,136400,137120.55507372072
0.00726896551724138,0.00863448275862069,0.0012000000000000001,135090,127546,137120.55507372072
0.00726896551724138,0.00863448275862069,0.0023,132303,119886,137120.55507372072
0.00726896551724138,0.00863448275862069,0.0034,134708,112980,137120.55507372072
0.00726896551724138,0.00863448275862069,0.0045000000000000005,129918,106958,137120.55507372072
0.00726896551724138,0.00863448275862069,0.005600000000000001,129950,101480,137120.55507372072
0.00726896551724138,0.00863448275862069,0.0067,128076,96560,137120.55507372072
0.00726896551724138,0.00863448275862069,0.0078000000000000005,130981,92075,137120.55507372072
0.00726896551724138,0.00863448275862069,0.0089,130309,87931,137120.55507372072
0.00726896551724138,0.00863448275862069,0.01,129873,84260,137120.55507372072
0.00726896551724138,0.008975862068965518,0.0001,134222,133388,134239.01507111016
0.00726896551724138,0.008975862068965518,0.0012000000000000001,133049,125060,134239.01507111016
0.00726896551724138,0.008975862068965518,0.0023,132036,117668,134239.01507111016
0.00726896551724138,0.008975862068965518,0.0034,130019,111049,134239.01507111016
0.00726896551724138,0.008975862068965518,0.0045000000000000005,129944,105213,134239.01507111016
0.00726896551724138,0.008975862068965518,0.005600000000000001,128060,99912,134239.01507111016
0.00726896551724138,0.008975862068965518,0.0067,129931,95148,134239.01507111016
0.00726896551724138,0.008975862068965518,0.0078000000000000005,129131,90757,134239.01507111016
0.00726896551724138,0.008975862068965518,0.0089,127106,86798,134239.01507111016
0.00726896551724138,0.008975862068965518,0.01,124035,83161,134239.01507111016
0.00726896551724138,0.009317241379310346,0.0001,131415,130786,131476.09147609147
0.00726896551724138,0.009317241379310346,0.0012000000000000001,129843,122723,131476.09147609147
0.00726896551724138,0.009317241379310346,0.0023,127547,115548,131476.09147609147
0.00726896551724138,0.009317241379310346,0.0034,127193,109216,131476.09147609147
0.00726896551724138,0.009317241379310346,0.0045000000000000005,125199,103518,131476.09147609147
0.00726896551724138,0.009317241379310346,0.005600000000000001,125698,98382,131476.09147609147
0.00726896551724138,0.009317241379310346,0.0067,122384,93730,131476.09147609147
0.00726896551724138,0.009317241379310346,0.0078000000000000005,124565,89517,131476.09147609147
0.00726896551724138,0.009317241379310346,0.0089,126315,85620,131476.09147609147
0.00726896551724138,0.009317241379310346,0.01,122763,82090,131476.09147609147
0.00726896551724138,0.009658620689655173,0.0001,128873,128060,128824.60786310858
0.00726896551724138,0.009658620689655173,0.0012000000000000001,127369,120261,128824.60786310858
0.00726896551724138,0.009658620689655173,0.0023,125176,113526,128824.60786310858
0.00726896551724138,0.009658620689655173,0.0034,125590,107374,128824.60786310858
0.00726896551724138,0.009658620689655173,0.0045000000000000005,126493,101728,128824.60786310858
0.00726896551724138,0.009658620689655173,0.005600000000000001,125525,96871,128824.60786310858
0.00726896551724138,0.009658620689655173,0.0067,121127,92241,128824.60786310858
0.00726896551724138,0.009658620689655173,0.0078000000000000005,121911,88229,128824.60786310858
0.00726896551724138,0.009658620689655173,0.0089,120434,84379,128824.60786310858
0.00726896551724138,0.009658620689655173,0.01,121782,81084,128824.60786310858
0.00726896551724138,0.01,0.0001,126241,125554,126277.95527156549
0.00726896551724138,0.01,0.0012000000000000001,124887,118134,126277.95527156549
0.00726896551724138,0.01,0.0023,122740,111540,126277.95527156549
0.00726896551724138,0.01,0.0034,123007,105608,126277.95527156549
0.00726896551724138,0.01,0.0045000000000000005,122437,100181,126277.95527156549
0.00726896551724138,0.01,0.005600000000000001,123070,95462,126277.95527156549
0.00726896551724138,0.01,0.0067,120101,91063,126277.95527156549
0.00726896551724138,0.01,0.0078000000000000005,119145,87008,126277.95527156549
0.00726896551724138,0.01,0.0089,120476,83349,126277.95527156549
0.00726896551724138,0.01,0.01,119436,79918,126277.95527156549
0.0076103448275862086,0.0001,0.0001,292470,292216,296109.1234347048
0.0076103448275862086,0.0001,0.0012000000000000001,261429,256507,296109.1234347048
0.0076103448275862086,0.0001,0.0023,241602,228109,296109.1234347048
0.0076103448275862086,0.0001,0.0034,227565,205523,296109.1234347048
0.0076103448275862086,0.0001,0.0045000000000000005,217258,187081,296109.1234347048
0.0076103448275862086,0.0001,0.005600000000000001,209289,171524,296109.1234347048
0.0076103448275862086,0.0001,0.0067,203079,158473,296109.1234347048
0.0076103448275862086,0.0001,0.0078000000000000005,197882,147341,296109.1234347048
0.0076103448275862086,0.0001,0.0089,193690,137505,296109.1234347048
0.0076103448275862086,0.0001,0.01,190153,129029,296109.1234347048
0.0076103448275862086,0.0004413793103448276,0.0001,280435,280066,283554.60385438974
0.0076103448275862086,0.0004413793103448276,0.0012000000000000001,252917,246946,283554.60385438974
0.0076103448275862086,0.0004413793103448276,0.0023,234908,220760,283554.60385438974
0.0076103448275862086,0.0004413793103448276,0.0034,222348,199500,283554.60385438974
0.0076103448275862086,0.0004413793103448276,0.0045000000000000005,212984,181908,283554.60385438974
0.0076103448275862086,0.0004413793103448276,0.005600000000000001,205633,167344,283554.60385438974
0.0076103448275862086,0.0004413793103448276,0.0067,199839,154818,283554.60385438974
0.0076103448275862086,0.0004413793103448276,0.0078000000000000005,194989,144084,283554.60385438974
0.0076103448275862086,0.0004413793103448276,0.0089,191099,134808,283554.60385438974
0.0076103448275862086,0.0004413793103448276,0.01,187482,126435,283554.60385438974
0.0076103448275862086,0.0007827586206896553,0.0001,269262,269011,272021.3640098603
0.0076103448275862086,0.0007827586206896553,0.0012000000000000001,244999,238153,272021.3640098603
0.0076103448275862086,0.0007827586206896553,0.0023,228686,213667,272021.3640098603
0.0076103448275862086,0.0007827586206896553,0.0034,217346,193757,272021.3640098603
0.0076103448275862086,0.0007827586206896553,0.0045000000000000005,208605,177101,272021.3640098603
0.0076103448275862086,0.0007827586206896553,0.005600000000000001,201927,163265,272021.3640098603
0.0076103448275862086,0.0007827586206896553,0.0067,196632,151330,272021.3640098603
0.0076103448275862086,0.0007827586206896553,0.0078000000000000005,192155,140977,272021.3640098603
0.0076103448275862086,0.0007827586206896553,0.0089,188281,132083,272021.3640098603
0.0076103448275862086,0.0007827586206896553,0.01,185381,124242,272021.3640098603
0.0076103448275862086,0.001124137931034483,0.0001,258894,258380,261389.65653375446
0.0076103448275862086,0.001124137931034483,0.0012000000000000001,237462,229854,261389.65653375446
0.0076103448275862086,0.001124137931034483,0.0023,223104,206890,261389.65653375446
0.0076103448275862086,0.001124137931034483,0.0034,212548,188292,261389.65653375446
0.0076103448275862086,0.001124137931034483,0.0045000000000000005,204687,172676,261389.65653375446
0.0076103448275862086,0.001124137931034483,0.005600000000000001,198480,159318,261389.65653375446
0.0076103448275862086,0.001124137931034483,0.0067,193190,147926,261389.65653375446
0.0076103448275862086,0.001124137931034483,0.0078000000000000005,189292,138183,261389.65653375446
0.0076103448275862086,0.001124137931034483,0.0089,185743,129498,261389.65653375446
0.0076103448275862086,0.001124137931034483,0.01,182900,121979,261389.65653375446
0.0076103448275862086,0.0014655172413793106,0.0001,249465,249042,251557.7507598784
0.0076103448275862086,0.0014655172413793106,0.0012000000000000001,230422,222414,251557.7507598784
0.0076103448275862086,0.0014655172413793106,0.0023,217153,200865,251557.7507598784
0.0076103448275862086,0.0014655172413793106,0.0034,207847,183144,251557.7507598784
0.0076103448275862086,0.0014655172413793106,0.0045000000000000005,200612,168221,251557.7507598784
0.0076103448275862086,0.0014655172413793106,0.005600000000000001,195095,155610,251557.7507598784
0.0076103448275862086,0.0014655172413793106,0.0067,190327,144709,251557.7507598784
0.0076103448275862086,0.0014655172413793106,0.0078000000000000005,186423,135302,251557.7507598784
0.0076103448275862086,0.0014655172413793106,0.0089,183185,127125,251557.7507598784
0.0076103448275862086,0.0014655172413793106,0.01,180591,119651,251557.7507598784
0.0076103448275862086,0.0018068965517241383,0.0001,240609,240101,242438.6671548883
0.0076103448275862086,0.0018068965517241383,0.0012000000000000001,223764,215252,242438.6671548883
0.0076103448275862086,0.0018068965517241383,0.0023,211985,194877,242438.6671548883
0.0076103448275862086,0.0018068965517241383,0.0034,203414,178199,242438.6671548883
0.0076103448275862086,0.0018068965517241383,0.0045000000000000005,196852,164059,242438.6671548883
0.0076103448275862086,0.0018068965517241383,0.005600000000000001,191632,152101,242438.6671548883
0.0076103448275862086,0.0018068965517241383,0.0067,187176,141780,242438.6671548883
0.0076103448275862086,0.0018068965517241383,0.0078000000000000005,183855,132716,242438.6671548883
0.0076103448275862086,0.0018068965517241383,0.0089,180828,124662,242438.6671548883
0.0076103448275862086,0.0018068965517241383,0.01,178073,117567,242438.6671548883
0.0076103448275862086,0.0021482758620689655,0.0001,232291,231620,233957.5971731449
0.0076103448275862086,0.0021482758620689655,0.0012000000000000001,217422,208437,233957.5971731449
0.0076103448275862086,0.0021482758620689655,0.0023,206816,189336,233957.5971731449
0.0076103448275862086,0.0021482758620689655,0.0034,199111,173521,233957.5971731449
0.0076103448275862086,0.0021482758620689655,0.0045000000000000005,193023,160166,233957.5971731449
0.0076103448275862086,0.0021482758620689655,0.005600000000000001,188483,148740,233957.5971731449
0.0076103448275862086,0.0021482758620689655,0.0067,184475,138740,233957.5971731449
0.0076103448275862086,0.0021482758620689655,0.0078000000000000005,181286,130080,233957.5971731449
0.0076103448275862086,0.0021482758620689655,0.0089,178182,122481,233957.5971731449
0.0076103448275862086,0.0021482758620689655,0.01,176122,115577,233957.5971731449
0.0076103448275862086,0.0024896551724137932,0.0001,224670,224023,226049.84636394674
0.0076103448275862086,0.0024896551724137932,0.0012000000000000001,211485,202110,226049.84636394674
0.0076103448275862086,0.0024896551724137932,0.0023,202045,184129,226049.84636394674
0.0076103448275862086,0.0024896551724137932,0.0034,195150,169215,226049.84636394674
0.0076103448275862086,0.0024896551724137932,0.0045000000000000005,189428,156524,226049.84636394674
0.0076103448275862086,0.0024896551724137932,0.005600000000000001,184681,145558,226049.84636394674
0.0076103448275862086,0.0024896551724137932,0.0067,181574,135953,226049.84636394674
0.0076103448275862086,0.0024896551724137932,0.0078000000000000005,178495,127646,226049.84636394674
0.0076103448275862086,0.0024896551724137932,0.0089,175988,120225,226049.84636394674
0.0076103448275862086,0.0024896551724137932,0.01,173564,113603,226049.84636394674
0.0076103448275862086,0.002831034482758621,0.0001,217484,216723,218659.18097754294
0.0076103448275862086,0.002831034482758621,0.0012000000000000001,205761,196124,218659.18097754294
0.0076103448275862086,0.002831034482758621,0.0023,197622,179316,218659.18097754294
0.0076103448275862086,0.002831034482758621,0.0034,191238,165055,218659.18097754294
0.0076103448275862086,0.002831034482758621,0.0045000000000000005,186223,152931,218659.18097754294
0.0076103448275862086,0.002831034482758621,0.005600000000000001,182137,142377,218659.18097754294
0.0076103448275862086,0.002831034482758621,0.0067,179028,133322,218659.18097754294
0.0076103448275862086,0.002831034482758621,0.0078000000000000005,175989,125276,218659.18097754294
0.0076103448275862086,0.002831034482758621,0.0089,173558,118152,218659.18097754294
0.0076103448275862086,0.002831034482758621,0.01,171601,111643,218659.18097754294
0.0076103448275862086,0.0031724137931034486,0.0001,210666,209995,211736.48864726574
0.0076103448275862086,0.0031724137931034486,0.0012000000000000001,200502,190638,211736.48864726574
0.0076103448275862086,0.0031724137931034486,0.0023,193146,174610,211736.48864726574
0.0076103448275862086,0.0031724137931034486,0.0034,187300,161070,211736.48864726574
0.0076103448275862086,0.0031724137931034486,0.0045000000000000005,182704,149439,211736.48864726574
0.0076103448275862086,0.0031724137931034486,0.005600000000000001,179371,139428,211736.48864726574
0.0076103448275862086,0.0031724137931034486,0.0067,176075,130659,211736.48864726574
0.0076103448275862086,0.0031724137931034486,0.0078000000000000005,173051,122909,211736.48864726574
0.0076103448275862086,0.0031724137931034486,0.0089,170939,116021,211736.48864726574
0.0076103448275862086,0.0031724137931034486,0.01,169395,109923,211736.48864726574
0.0076103448275862086,0.0035137931034482763,0.0001,204304,203397,205238.68567885927
0.0076103448275862086,0.0035137931034482763,0.0012000000000000001,195370,185329,205238.68567885927
0.0076103448275862086,0.0035137931034482763,0.0023,188904,170145,205238.68567885927
0.0076103448275862086,0.0035137931034482763,0.0034,183747,157181,205238.68567885927
0.0076103448275862086,0.0035137931034482763,0.0045000000000000005,179563,146128,205238.68567885927
0.0076103448275862086,0.0035137931034482763,0.005600000000000001,176024,136624,205238.68567885927
0.0076103448275862086,0.0035137931034482763,0.0067,173457,128066,205238.68567885927
0.0076103448275862086,0.0035137931034482763,0.0078000000000000005,170957,120758,205238.68567885927
0.0076103448275862086,0.0035137931034482763,0.0089,169198,113982,205238.68567885927
0.0076103448275862086,0.0035137931034482763,0.01,167261,108168,205238.68567885927
0.0076103448275862086,0.003855172413793104,0.0001,198369,197561,199127.8195488722
0.0076103448275862086,0.003855172413793104,0.0012000000000000001,190514,180268,199127.8195488722
0.0076103448275862086,0.003855172413793104,0.0023,184761,165877,199127.8195488722
0.0076103448275862086,0.003855172413793104,0.0034,180250,153558,199127.8195488722
0.0076103448275862086,0.003855172413793104,0.0045000000000000005,176481,143060,199127.8195488722
0.0076103448275862086,0.003855172413793104,0.005600000000000001,173935,133745,199127.8195488722
0.0076103448275862086,0.003855172413793104,0.0067,170844,125802,199127.8195488722
0.0076103448275862086,0.003855172413793104,0.0078000000000000005,168675,118609,199127.8195488722
0.0076103448275862086,0.003855172413793104,0.0089,166548,112209,199127.8195488722
0.0076103448275862086,0.003855172413793104,0.01,165392,106449,199127.8195488722
0.0076103448275862086,0.004196551724137932,0.0001,192660,191895,193370.32710280377
0.0076103448275862086,0.004196551724137932,0.0012000000000000001,185870,175631,193370.32710280377
0.0076103448275862086,0.004196551724137932,0.0023,180729,161987,193370.32710280377
0.0076103448275862086,0.004196551724137932,0.0034,176668,150178,193370.32710280377
0.0076103448275862086,0.004196551724137932,0.0045000000000000005,173045,140010,193370.32710280377
0.0076103448275862086,0.004196551724137932,0.005600000000000001,170607,131243,193370.32710280377
0.0076103448275862086,0.004196551724137932,0.0067,168459,123427,193370.32710280377
0.0076103448275862086,0.004196551724137932,0.0078000000000000005,166363,116507,193370.32710280377
0.0076103448275862086,0.004196551724137932,0.0089,164809,110246,193370.32710280377
0.0076103448275862086,0.004196551724137932,0.01,162556,104735,193370.32710280377
0.0076103448275862086,0.00453793103448276,0.0001,187313,186545,187936.41782571672
0.0076103448275862086,0.00453793103448276,0.0012000000000000001,181419,171086,187936.41782571672
0.0076103448275862086,0.00453793103448276,0.0023,177210,158067,187936.41782571672
0.0076103448275862086,0.00453793103448276,0.0034,173015,146968,187936.41782571672
0.0076103448275862086,0.00453793103448276,0.0045000000000000005,170425,137181,187936.41782571672
0.0076103448275862086,0.00453793103448276,0.005600000000000001,167843,128757,187936.41782571672
0.0076103448275862086,0.00453793103448276,0.0067,166191,121170,187936.41782571672
0.0076103448275862086,0.00453793103448276,0.0078000000000000005,163860,114546,187936.41782571672
0.0076103448275862086,0.00453793103448276,0.0089,162732,108566,187936.41782571672
0.0076103448275862086,0.00453793103448276,0.01,160850,103182,187936.41782571672
0.0076103448275862086,0.004879310344827587,0.0001,182337,181510,182799.55825510767
0.0076103448275862086,0.004879310344827587,0.0012000000000000001,177069,166888,182799.55825510767
0.0076103448275862086,0.004879310344827587,0.0023,172940,154510,182799.55825510767
0.0076103448275862086,0.004879310344827587,0.0034,170050,143824,182799.55825510767
0.0076103448275862086,0.004879310344827587,0.0045000000000000005,167723,134518,182799.55825510767
0.0076103448275862086,0.004879310344827587,0.005600000000000001,164496,126159,182799.55825510767
0.0076103448275862086,0.004879310344827587,0.0067,162540,118936,182799.55825510767
0.0076103448275862086,0.004879310344827587,0.0078000000000000005,162012,112620,182799.55825510767
0.0076103448275862086,0.004879310344827587,0.0089,160155,106713,182799.55825510767
0.0076103448275862086,0.004879310344827587,0.01,159444,101479,182799.55825510767
0.0076103448275862086,0.005220689655172415,0.0001,177537,176584,177936.03869927436
0.0076103448275862086,0.005220689655172415,0.0012000000000000001,173150,162713,177936.03869927436
0.0076103448275862086,0.005220689655172415,0.0023,169980,151037,177936.03869927436
0.0076103448275862086,0.005220689655172415,0.0034,166788,140635,177936.03869927436
0.0076103448275862086,0.005220689655172415,0.0045000000000000005,164616,131794,177936.03869927436
0.0076103448275862086,0.005220689655172415,0.005600000000000001,162312,123986,177936.03869927436
0.0076103448275862086,0.005220689655172415,0.0067,160800,117010,177936.03869927436
0.0076103448275862086,0.005220689655172415,0.0078000000000000005,159774,110763,177936.03869927436
0.0076103448275862086,0.005220689655172415,0.0089,158092,105158,177936.03869927436
0.0076103448275862086,0.005220689655172415,0.01,157777,100060,177936.03869927436
0.0076103448275862086,0.005562068965517242,0.0001,172988,172128,173324.60732984295
0.0076103448275862086,0.005562068965517242,0.0012000000000000001,168701,158937,173324.60732984295
0.0076103448275862086,0.005562068965517242,0.0023,166470,147618,173324.60732984295
0.0076103448275862086,0.005562068965517242,0.0034,164023,137842,173324.60732984295
0.0076103448275862086,0.005562068965517242,0.0045000000000000005,161767,129243,173324.60732984295
0.0076103448275862086,0.005562068965517242,0.005600000000000001,160411,121710,173324.60732984295
0.0076103448275862086,0.005562068965517242,0.0067,157963,114973,173324.60732984295
0.0076103448275862086,0.005562068965517242,0.0078000000000000005,157837,108872,173324.60732984295
0.0076103448275862086,0.005562068965517242,0.0089,156746,103533,173324.60732984295
0.0076103448275862086,0.005562068965517242,0.01,155061,98533,173324.60732984295
0.0076103448275862086,0.00590344827586207,0.0001,168682,167711,168946.15973462618
0.0076103448275862086,0.00590344827586207,0.0012000000000000001,165433,155200,168946.15973462618
0.0076103448275862086,0.00590344827586207,0.0023,162391,144367,168946.15973462618
0.0076103448275862086,0.00590344827586207,0.0034,160375,135020,168946.15973462618
0.0076103448275862086,0.00590344827586207,0.0045000000000000005,159241,126701,168946.15973462618
0.0076103448275862086,0.00590344827586207,0.005600000000000001,157776,119437,168946.15973462618
0.0076103448275862086,0.00590344827586207,0.0067,157933,113058,168946.15973462618
0.0076103448275862086,0.00590344827586207,0.0078000000000000005,155629,107113,168946.15973462618
0.0076103448275862086,0.00590344827586207,0.0089,155617,101959,168946.15973462618
0.0076103448275862086,0.00590344827586207,0.01,154870,97177,168946.15973462618
0.0076103448275862086,0.006244827586206898,0.0001,164518,163721,164783.4743653559
0.0076103448275862086,0.006244827586206898,0.0012000000000000001,161730,151622,164783.4743653559
0.0076103448275862086,0.006244827586206898,0.0023,160341,141293,164783.4743653559
0.0076103448275862086,0.006244827586206898,0.0034,158577,132374,164783.4743653559
0.0076103448275862086,0.006244827586206898,0.0045000000000000005,156720,124477,164783.4743653559
0.0076103448275862086,0.006244827586206898,0.005600000000000001,155201,117411,164783.4743653559
0.0076103448275862086,0.006244827586206898,0.0067,154647,111176,164783.4743653559
0.0076103448275862086,0.006244827586206898,0.0078000000000000005,153396,105497,164783.4743653559
0.0076103448275862086,0.006244827586206898,0.0089,153091,100424,164783.4743653559
0.0076103448275862086,0.006244827586206898,0.01,151726,95662,164783.4743653559
0.0076103448275862086,0.006586206896551725,0.0001,160641,159844,160820.9861549672
0.0076103448275862086,0.006586206896551725,0.0012000000000000001,158265,148295,160820.9861549672
0.0076103448275862086,0.006586206896551725,0.0023,157523,138532,160820.9861549672
0.0076103448275862086,0.006586206896551725,0.0034,155379,129777,160820.9861549672
0.0076103448275862086,0.006586206896551725,0.0045000000000000005,155242,122217,160820.9861549672
0.0076103448275862086,0.006586206896551725,0.005600000000000001,154351,115354,160820.9861549672
0.0076103448275862086,0.006586206896551725,0.0067,152573,109359,160820.9861549672
0.0076103448275862086,0.006586206896551725,0.0078000000000000005,152104,103878,160820.9861549672
0.0076103448275862086,0.006586206896551725,0.0089,150385,98879,160820.9861549672
0.0076103448275862086,0.006586206896551725,0.01,150125,94434,160820.9861549672
0.0076103448275862086,0.006927586206896553,0.0001,156867,156129,157044.5920303605
0.0076103448275862086,0.006927586206896553,0.0012000000000000001,154986,145183,157044.5920303605
0.0076103448275862086,0.006927586206896553,0.0023,153835,135710,157044.5920303605
0.0076103448275862086,0.006927586206896553,0.0034,153459,127401,157044.5920303605
0.0076103448275862086,0.006927586206896553,0.0045000000000000005,151213,120028,157044.5920303605
0.0076103448275862086,0.006927586206896553,0.005600000000000001,151824,113327,157044.5920303605
0.0076103448275862086,0.006927586206896553,0.0067,151257,107481,157044.5920303605
0.0076103448275862086,0.006927586206896553,0.0078000000000000005,150193,102158,157044.5920303605
0.0076103448275862086,0.006927586206896553,0.0089,149138,97486,157044.5920303605
0.0076103448275862086,0.006927586206896553,0.01,148204,92994,157044.5920303605
0.0076103448275862086,0.00726896551724138,0.0001,153267,152568,153441.483198146
0.0076103448275862086,0.00726896551724138,0.0012000000000000001,151816,142135,153441.483198146
0.0076103448275862086,0.00726896551724138,0.0023,151028,132991,153441.483198146
0.0076103448275862086,0.00726896551724138,0.0034,150241,124859,153441.483198146
0.0076103448275862086,0.00726896551724138,0.0045000000000000005,149761,117806,153441.483198146
0.0076103448275862086,0.00726896551724138,0.005600000000000001,148798,111466,153441.483198146
0.0076103448275862086,0.00726896551724138,0.0067,148315,105897,153441.483198146
0.0076103448275862086,0.00726896551724138,0.0078000000000000005,147253,100706,153441.483198146
0.0076103448275862086,0.00726896551724138,0.0089,147731,96013,153441.483198146
0.0076103448275862086,0.00726896551724138,0.01,145430,91850,153441.483198146
0.0076103448275862086,0.0076103448275862086,0.0001,149862,149170,150000.0
0.0076103448275862086,0.0076103448275862086,0.0012000000000000001,148947,139026,150000.0
0.0076103448275862086,0.0076103448275862086,0.0023,148139,130359,150000.0
0.0076103448275862086,0.0076103448275862086,0.0034,147141,122654,150000.0
0.0076103448275862086,0.0076103448275862086,0.0045000000000000005,146313,115727,150000.0
0.0076103448275862086,0.0076103448275862086,0.005600000000000001,145622,109623,150000.0
0.0076103448275862086,0.0076103448275862086,0.0067,145101,104099,150000.0
0.0076103448275862086,0.0076103448275862086,0.0078000000000000005,145762,99219,150000.0
0.0076103448275862086,0.0076103448275862086,0.0089,145205,94657,150000.0
0.0076103448275862086,0.0076103448275862086,0.01,143222,90574,150000.0
0.0076103448275862086,0.007951724137931035,0.0001,146554,145845,146709.50587192556
0.0076103448275862086,0.007951724137931035,0.0012000000000000001,145059,136265,146709.50587192556
0.0076103448275862086,0.007951724137931035,0.0023,144883,127785,146709.50587192556
0.0076103448275862086,0.007951724137931035,0.0034,142263,120514,146709.50587192556
0.0076103448275862086,0.007951724137931035,0.0045000000000000005,142550,113759,146709.50587192556
0.0076103448275862086,0.007951724137931035,0.005600000000000001,142015,107982,146709.50587192556
0.0076103448275862086,0.007951724137931035,0.0067,141693,102658,146709.50587192556
0.0076103448275862086,0.007951724137931035,0.0078000000000000005,142407,97808,146709.50587192556
0.0076103448275862086,0.007951724137931035,0.0089,142533,93433,146709.50587192556
0.0076103448275862086,0.007951724137931035,0.01,142262,89301,146709.50587192556
0.0076103448275862086,0.008293103448275862,0.0001,143455,142650,143560.27753686038
0.0076103448275862086,0.008293103448275862,0.0012000000000000001,141946,133486,143560.27753686038
0.0076103448275862086,0.008293103448275862,0.0023,141361,125543,143560.27753686038
0.0076103448275862086,0.008293103448275862,0.0034,140991,118398,143560.27753686038
0.0076103448275862086,0.008293103448275862,0.0045000000000000005,138934,111937,143560.27753686038
0.0076103448275862086,0.008293103448275862,0.005600000000000001,139854,106148,143560.27753686038
0.0076103448275862086,0.008293103448275862,0.0067,138017,101093,143560.27753686038
0.0076103448275862086,0.008293103448275862,0.0078000000000000005,140316,96426,143560.27753686038
0.0076103448275862086,0.008293103448275862,0.0089,137246,92022,143560.27753686038
0.0076103448275862086,0.008293103448275862,0.01,136509,88213,143560.27753686038
0.0076103448275862086,0.00863448275862069,0.0001,140512,139797,140543.4090426661
0.0076103448275862086,0.00863448275862069,0.0012000000000000001,138282,130995,140543.4090426661
0.0076103448275862086,0.00863448275862069,0.0023,137275,123069,140543.4090426661
0.0076103448275862086,0.00863448275862069,0.0034,134743,116323,140543.4090426661
0.0076103448275862086,0.00863448275862069,0.0045000000000000005,135160,110006,140543.4090426661
0.0076103448275862086,0.00863448275862069,0.005600000000000001,134905,104466,140543.4090426661
0.0076103448275862086,0.00863448275862069,0.0067,136157,99571,140543.4090426661
0.0076103448275862086,0.00863448275862069,0.0078000000000000005,134545,94974,140543.4090426661
0.0076103448275862086,0.00863448275862069,0.0089,136204,90872,140543.4090426661
0.0076103448275862086,0.00863448275862069,0.01,135342,87063,140543.4090426661
0.0076103448275862086,0.008975862068965518,0.0001,137542,136896,137650.72765072764
0.0076103448275862086,0.008975862068965518,0.0012000000000000001,135611,128422,137650.72765072764
0.0076103448275862086,0.008975862068965518,0.0023,135512,120996,137650.72765072764
0.0076103448275862086,0.008975862068965518,0.0034,134672,114286,137650.72765072764
0.0076103448275862086,0.008975862068965518,0.0045000000000000005,134547,108228,137650.72765072764
0.0076103448275862086,0.008975862068965518,0.005600000000000001,132412,102867,137650.72765072764
0.0076103448275862086,0.008975862068965518,0.0067,132223,98074,137650.72765072764
0.0076103448275862086,0.008975862068965518,0.0078000000000000005,130544,93704,137650.72765072764
0.0076103448275862086,0.008975862068965518,0.0089,132773,89640,137650.72765072764
0.0076103448275862086,0.008975862068965518,0.01,131102,85965,137650.72765072764
0.0076103448275862086,0.009317241379310346,0.0001,134894,134188,134874.71990222041
0.0076103448275862086,0.009317241379310346,0.0012000000000000001,133239,126019,134874.71990222041
0.0076103448275862086,0.009317241379310346,0.0023,132396,118849,134874.71990222041
0.0076103448275862086,0.009317241379310346,0.0034,128212,112364,134874.71990222041
0.0076103448275862086,0.009317241379310346,0.0045000000000000005,129289,106617,134874.71990222041
0.0076103448275862086,0.009317241379310346,0.005600000000000001,127757,101336,134874.71990222041
0.0076103448275862086,0.009317241379310346,0.0067,130502,96641,134874.71990222041
0.0076103448275862086,0.009317241379310346,0.0078000000000000005,128775,92347,134874.71990222041
0.0076103448275862086,0.009317241379310346,0.0089,130212,88350,134874.71990222041
0.0076103448275862086,0.009317241379310346,0.01,125575,84876,134874.71990222041
0.0076103448275862086,0.009658620689655173,0.0001,132152,131530,132208.46645367413
0.0076103448275862086,0.009658620689655173,0.0012000000000000001,131282,123737,132208.46645367413
0.0076103448275862086,0.009658620689655173,0.0023,129035,116779,132208.46645367413
0.0076103448275862086,0.009658620689655173,0.0034,126897,110561,132208.46645367413
0.0076103448275862086,0.009658620689655173,0.0045000000000000005,125824,104970,132208.46645367413
0.0076103448275862086,0.009658620689655173,0.005600000000000001,126212,99832,132208.46645367413
0.0076103448275862086,0.009658620689655173,0.0067,125363,95332,132208.46645367413
0.0076103448275862086,0.009658620689655173,0.0078000000000000005,124010,91056,132208.46645367413
0.0076103448275862086,0.009658620689655173,0.0089,125992,87271,132208.46645367413
0.0076103448275862086,0.009658620689655173,0.01,125838,83794,132208.46645367413
0.0076103448275862086,0.01,0.0001,129554,129029,129645.58449187392
0.0076103448275862086,0.01,0.0012000000000000001,127735,121340,129645.58449187392
0.0076103448275862086,0.01,0.0023,127330,114775,129645.58449187392
0.0076103448275862086,0.01,0.0034,123043,108758,129645.58449187392
0.0076103448275862086,0.01,0.0045000000000000005,127131,103365,129645.58449187392
0.0076103448275862086,0.01,0.005600000000000001,121736,98424,129645.58449187392
0.0076103448275862086,0.01,0.0067,123943,93996,129645.58449187392
0.0076103448275862086,0.01,0.0078000000000000005,123103,89930,129645.58449187392
0.0076103448275862086,0.01,0.0089,122939,86196,129645.58449187392
0.0076103448275862086,0.01,0.01,123652,82646,129645.58449187392
0.007951724137931035,0.0001,0.0001,292574,292544,296274.0899357602
0.007951724137931035,0.0001,0.0012000000000000001,262790,258083,296274.0899357602
0.007951724137931035,0.0001,0.0023,243074,230635,296274.0899357602
0.007951724137931035,0.0001,0.0034,229288,208494,296274.0899357602
0.007951724137931035,0.0001,0.0045000000000000005,219057,190133,296274.0899357602
0.007951724137931035,0.0001,0.005600000000000001,211020,174790,296274.0899357602
0.007951724137931035,0.0001,0.0067,204699,161721,296274.0899357602
0.007951724137931035,0.0001,0.0078000000000000005,199251,150568,296274.0899357602
0.007951724137931035,0.0001,0.0089,195078,140693,296274.0899357602
0.007951724137931035,0.0001,0.01,191355,132114,296274.0899357602
0.007951724137931035,0.0004413793103448276,0.0001,281030,280867,284223.5004108464
0.007951724137931035,0.0004413793103448276,0.0012000000000000001,254241,248623,284223.5004108464
0.007951724137931035,0.0004413793103448276,0.0023,236750,223110,284223.5004108464
0.007951724137931035,0.0004413793103448276,0.0034,223946,202269,284223.5004108464
0.007951724137931035,0.0004413793103448276,0.0045000000000000005,214655,185058,284223.5004108464
0.007951724137931035,0.0004413793103448276,0.005600000000000001,207174,170562,284223.5004108464
0.007951724137931035,0.0004413793103448276,0.0067,201398,158151,284223.5004108464
0.007951724137931035,0.0004413793103448276,0.0078000000000000005,196554,147401,284223.5004108464
0.007951724137931035,0.0004413793103448276,0.0089,192404,138055,284223.5004108464
0.007951724137931035,0.0004413793103448276,0.01,188773,129820,284223.5004108464
0.007951724137931035,0.0007827586206896553,0.0001,270432,270314,273114.8835373075
0.007951724137931035,0.0007827586206896553,0.0012000000000000001,246798,240095,273114.8835373075
0.007951724137931035,0.0007827586206896553,0.0023,230469,216175,273114.8835373075
0.007951724137931035,0.0007827586206896553,0.0034,219068,196741,273114.8835373075
0.007951724137931035,0.0007827586206896553,0.0045000000000000005,210459,180251,273114.8835373075
0.007951724137931035,0.0007827586206896553,0.005600000000000001,203579,166449,273114.8835373075
0.007951724137931035,0.0007827586206896553,0.0067,198062,154540,273114.8835373075
0.007951724137931035,0.0007827586206896553,0.0078000000000000005,193605,144252,273114.8835373075
0.007951724137931035,0.0007827586206896553,0.0089,189776,135301,273114.8835373075
0.007951724137931035,0.0007827586206896553,0.01,186496,127358,273114.8835373075
0.007951724137931035,0.001124137931034483,0.0001,260464,260054,262841.94528875384
0.007951724137931035,0.001124137931034483,0.0012000000000000001,239150,232333,262841.94528875384
0.007951724137931035,0.001124137931034483,0.0023,224892,209814,262841.94528875384
0.007951724137931035,0.001124137931034483,0.0034,214406,191358,262841.94528875384
0.007951724137931035,0.001124137931034483,0.0045000000000000005,206478,175835,262841.94528875384
0.007951724137931035,0.001124137931034483,0.005600000000000001,200256,162672,262841.94528875384
0.007951724137931035,0.001124137931034483,0.0067,195098,151193,262841.94528875384
0.007951724137931035,0.001124137931034483,0.0078000000000000005,190723,141485,262841.94528875384
0.007951724137931035,0.001124137931034483,0.0089,187255,132777,262841.94528875384
0.007951724137931035,0.001124137931034483,0.01,184381,125020,262841.94528875384
0.007951724137931035,0.0014655172413793106,0.0001,251339,250842,253313.80446722812
0.007951724137931035,0.0014655172413793106,0.0012000000000000001,232509,224638,253313.80446722812
0.007951724137931035,0.0014655172413793106,0.0023,219209,203713,253313.80446722812
0.007951724137931035,0.0014655172413793106,0.0034,209931,186258,253313.80446722812
0.007951724137931035,0.0014655172413793106,0.0045000000000000005,202620,171429,253313.80446722812
0.007951724137931035,0.0014655172413793106,0.005600000000000001,196722,158981,253313.80446722812
0.007951724137931035,0.0014655172413793106,0.0067,192023,148107,253313.80446722812
0.007951724137931035,0.0014655172413793106,0.0078000000000000005,188183,138631,253313.80446722812
0.007951724137931035,0.0014655172413793106,0.0089,184870,130224,253313.80446722812
0.007951724137931035,0.0014655172413793106,0.01,181937,122968,253313.80446722812
0.007951724137931035,0.0018068965517241383,0.0001,242788,242088,244452.29681978797
0.007951724137931035,0.0018068965517241383,0.0012000000000000001,225809,217648,244452.29681978797
0.007951724137931035,0.0018068965517241383,0.0023,214048,197936,244452.29681978797
0.007951724137931035,0.0018068965517241383,0.0034,205451,181449,244452.29681978797
0.007951724137931035,0.0018068965517241383,0.0045000000000000005,198587,167410,244452.29681978797
0.007951724137931035,0.0018068965517241383,0.005600000000000001,193555,155462,244452.29681978797
0.007951724137931035,0.0018068965517241383,0.0067,189132,145077,244452.29681978797
0.007951724137931035,0.0018068965517241383,0.0078000000000000005,185177,135928,244452.29681978797
0.007951724137931035,0.0018068965517241383,0.0089,182475,127948,244452.29681978797
0.007951724137931035,0.0018068965517241383,0.01,179776,120834,244452.29681978797
0.007951724137931035,0.0021482758620689655,0.0001,234582,234074,236189.82587913965
0.007951724137931035,0.0021482758620689655,0.0012000000000000001,219673,211117,236189.82587913965
0.007951724137931035,0.0021482758620689655,0.0023,209016,192392,236189.82587913965
0.007951724137931035,0.0021482758620689655,0.0034,201349,176721,236189.82587913965
0.007951724137931035,0.0021482758620689655,0.0045000000000000005,195291,163407,236189.82587913965
0.007951724137931035,0.0021482758620689655,0.005600000000000001,190172,152093,236189.82587913965
0.007951724137931035,0.0021482758620689655,0.0067,186130,142056,236189.82587913965
0.007951724137931035,0.0021482758620689655,0.0078000000000000005,182981,133264,236189.82587913965
0.007951724137931035,0.0021482758620689655,0.0089,179771,125512,236189.82587913965
0.007951724137931035,0.0021482758620689655,0.01,177401,118787,236189.82587913965
0.007951724137931035,0.0024896551724137932,0.0001,227130,226239,228467.63540290622
0.007951724137931035,0.0024896551724137932,0.0012000000000000001,213681,205099,228467.63540290622
0.007951724137931035,0.0024896551724137932,0.0023,204330,187232,228467.63540290622
0.007951724137931035,0.0024896551724137932,0.0034,197307,172466,228467.63540290622
0.007951724137931035,0.0024896551724137932,0.0045000000000000005,191721,159668,228467.63540290622
0.007951724137931035,0.0024896551724137932,0.005600000000000001,187253,148823,228467.63540290622
0.007951724137931035,0.0024896551724137932,0.0067,183277,139183,228467.63540290622
0.007951724137931035,0.0024896551724137932,0.0078000000000000005,180173,130854,228467.63540290622
0.007951724137931035,0.0024896551724137932,0.0089,177719,123339,228467.63540290622
0.007951724137931035,0.0024896551724137932,0.01,175348,116784,228467.63540290622
0.007951724137931035,0.002831034482758621,0.0001,220037,219231,221234.40997761433
0.007951724137931035,0.002831034482758621,0.0012000000000000001,208226,199073,221234.40997761433
0.007951724137931035,0.002831034482758621,0.0023,199828,182410,221234.40997761433
0.007951724137931035,0.002831034482758621,0.0034,193314,168213,221234.40997761433
0.007951724137931035,0.002831034482758621,0.0045000000000000005,188356,156101,221234.40997761433
0.007951724137931035,0.002831034482758621,0.005600000000000001,184003,145623,221234.40997761433
0.007951724137931035,0.002831034482758621,0.0067,180595,136494,221234.40997761433
0.007951724137931035,0.002831034482758621,0.0078000000000000005,177717,128421,221234.40997761433
0.007951724137931035,0.002831034482758621,0.0089,175030,121196,221234.40997761433
0.007951724137931035,0.002831034482758621,0.01,172671,114783,221234.40997761433
0.007951724137931035,0.0031724137931034486,0.0001,213372,212512,214445.13329200246
0.007951724137931035,0.0031724137931034486,0.0012000000000000001,203038,193601,214445.13329200246
0.007951724137931035,0.0031724137931034486,0.0023,195243,177840,214445.13329200246
0.007951724137931035,0.0031724137931034486,0.0034,189583,164393,214445.13329200246
0.007951724137931035,0.0031724137931034486,0.0045000000000000005,184993,152695,214445.13329200246
0.007951724137931035,0.0031724137931034486,0.005600000000000001,180718,142607,214445.13329200246
0.007951724137931035,0.0031724137931034486,0.0067,178130,133825,214445.13329200246
0.007951724137931035,0.0031724137931034486,0.0078000000000000005,174908,126148,214445.13329200246
0.007951724137931035,0.0031724137931034486,0.0089,172925,119229,214445.13329200246
0.007951724137931035,0.0031724137931034486,0.01,170768,112983,214445.13329200246
0.007951724137931035,0.0035137931034482763,0.0001,207222,206367,208060.15037593988
0.007951724137931035,0.0035137931034482763,0.0012000000000000001,197666,188426,208060.15037593988
0.007951724137931035,0.0035137931034482763,0.0023,191222,173314,208060.15037593988
0.007951724137931035,0.0035137931034482763,0.0034,185896,160578,208060.15037593988
0.007951724137931035,0.0035137931034482763,0.0045000000000000005,181908,149395,208060.15037593988
0.007951724137931035,0.0035137931034482763,0.005600000000000001,178318,139914,208060.15037593988
0.007951724137931035,0.0035137931034482763,0.0067,175323,131445,208060.15037593988
0.007951724137931035,0.0035137931034482763,0.0078000000000000005,172973,123876,208060.15037593988
0.007951724137931035,0.0035137931034482763,0.0089,170746,117090,208060.15037593988
0.007951724137931035,0.0035137931034482763,0.01,168763,111231,208060.15037593988
0.007951724137931035,0.003855172413793104,0.0001,201259,200405,202044.3925233645
0.007951724137931035,0.003855172413793104,0.0012000000000000001,193054,183411,202044.3925233645
0.007951724137931035,0.003855172413793104,0.0023,187257,169216,202044.3925233645
0.007951724137931035,0.003855172413793104,0.0034,182420,156981,202044.3925233645
0.007951724137931035,0.003855172413793104,0.0045000000000000005,178593,146284,202044.3925233645
0.007951724137931035,0.003855172413793104,0.005600000000000001,175626,137079,202044.3925233645
0.007951724137931035,0.003855172413793104,0.0067,173024,128869,202044.3925233645
0.007951724137931035,0.003855172413793104,0.0078000000000000005,170258,121660,202044.3925233645
0.007951724137931035,0.003855172413793104,0.0089,168358,115157,202044.3925233645
0.007951724137931035,0.003855172413793104,0.01,166258,109486,202044.3925233645
0.007951724137931035,0.004196551724137932,0.0001,195677,194928,196366.73289809824
0.007951724137931035,0.004196551724137932,0.0012000000000000001,188659,178712,196366.73289809824
0.007951724137931035,0.004196551724137932,0.0023,183140,165100,196366.73289809824
0.007951724137931035,0.004196551724137932,0.0034,179074,153527,196366.73289809824
0.007951724137931035,0.004196551724137932,0.0045000000000000005,175447,143424,196366.73289809824
0.007951724137931035,0.004196551724137932,0.005600000000000001,172743,134461,196366.73289809824
0.007951724137931035,0.004196551724137932,0.0067,170231,126556,196366.73289809824
0.007951724137931035,0.004196551724137932,0.0078000000000000005,168267,119545,196366.73289809824
0.007951724137931035,0.004196551724137932,0.0089,166177,113395,196366.73289809824
0.007951724137931035,0.004196551724137932,0.01,164640,107793,196366.73289809824
0.007951724137931035,0.00453793103448276,0.0001,190341,189625,190999.44781888454
0.007951724137931035,0.00453793103448276,0.0012000000000000001,184205,174380,190999.44781888454
0.007951724137931035,0.00453793103448276,0.0023,179539,161311,190999.44781888454
0.007951724137931035,0.00453793103448276,0.0034,175809,150255,190999.44781888454
0.007951724137931035,0.00453793103448276,0.0045000000000000005,172498,140433,190999.44781888454
0.007951724137931035,0.00453793103448276,0.005600000000000001,169911,131907,190999.44781888454
0.007951724137931035,0.00453793103448276,0.0067,167735,124422,190999.44781888454
0.007951724137931035,0.00453793103448276,0.0078000000000000005,165657,117623,190999.44781888454
0.007951724137931035,0.00453793103448276,0.0089,163854,111631,190999.44781888454
0.007951724137931035,0.00453793103448276,0.01,162961,106138,190999.44781888454
0.007951724137931035,0.004879310344827587,0.0001,185395,184620,185917.7640419242
0.007951724137931035,0.004879310344827587,0.0012000000000000001,179984,170020,185917.7640419242
0.007951724137931035,0.004879310344827587,0.0023,175628,157693,185917.7640419242
0.007951724137931035,0.004879310344827587,0.0034,172517,147119,185917.7640419242
0.007951724137931035,0.004879310344827587,0.0045000000000000005,169216,137702,185917.7640419242
0.007951724137931035,0.004879310344827587,0.005600000000000001,167488,129547,185917.7640419242
0.007951724137931035,0.004879310344827587,0.0067,165331,122216,185917.7640419242
0.007951724137931035,0.004879310344827587,0.0078000000000000005,163461,115695,185917.7640419242
0.007951724137931035,0.004879310344827587,0.0089,161642,109730,185917.7640419242
0.007951724137931035,0.004879310344827587,0.01,161147,104563,185917.7640419242
0.007951724137931035,0.005220689655172415,0.0001,180635,179851,181099.47643979054
0.007951724137931035,0.005220689655172415,0.0012000000000000001,175965,166131,181099.47643979054
0.007951724137931035,0.005220689655172415,0.0023,172447,154222,181099.47643979054
0.007951724137931035,0.005220689655172415,0.0034,169095,143929,181099.47643979054
0.007951724137931035,0.005220689655172415,0.0045000000000000005,166932,135021,181099.47643979054
0.007951724137931035,0.005220689655172415,0.005600000000000001,164717,127039,181099.47643979054
0.007951724137931035,0.005220689655172415,0.0067,163151,120094,181099.47643979054
0.007951724137931035,0.005220689655172415,0.0078000000000000005,161252,113847,181099.47643979054
0.007951724137931035,0.005220689655172415,0.0089,159839,108060,181099.47643979054
0.007951724137931035,0.005220689655172415,0.01,159036,103029,181099.47643979054
0.007951724137931035,0.005562068965517242,0.0001,176201,175226,176524.62362847663
0.007951724137931035,0.005562068965517242,0.0012000000000000001,171894,162229,176524.62362847663
0.007951724137931035,0.005562068965517242,0.0023,168904,150883,176524.62362847663
0.007951724137931035,0.005562068965517242,0.0034,166176,141154,176524.62362847663
0.007951724137931035,0.005562068965517242,0.0045000000000000005,163951,132487,176524.62362847663
0.007951724137931035,0.005562068965517242,0.005600000000000001,162098,124805,176524.62362847663
0.007951724137931035,0.005562068965517242,0.0067,161070,118058,176524.62362847663
0.007951724137931035,0.005562068965517242,0.0078000000000000005,159477,111937,176524.62362847663
0.007951724137931035,0.005562068965517242,0.0089,157174,106496,176524.62362847663
0.007951724137931035,0.005562068965517242,0.01,156291,101544,176524.62362847663
0.007951724137931035,0.00590344827586207,0.0001,171847,171094,172175.21154803384
0.007951724137931035,0.00590344827586207,0.0012000000000000001,168627,158547,172175.21154803384
0.007951724137931035,0.00590344827586207,0.0023,165860,147698,172175.21154803384
0.007951724137931035,0.00590344827586207,0.0034,162704,138383,172175.21154803384
0.007951724137931035,0.00590344827586207,0.0045000000000000005,161840,129947,172175.21154803384
0.007951724137931035,0.00590344827586207,0.005600000000000001,159836,122726,172175.21154803384
0.007951724137931035,0.00590344827586207,0.0067,158279,116156,172175.21154803384
0.007951724137931035,0.00590344827586207,0.0078000000000000005,157193,110210,172175.21154803384
0.007951724137931035,0.00590344827586207,0.0089,155719,104905,172175.21154803384
0.007951724137931035,0.00590344827586207,0.01,155154,99966,172175.21154803384
0.007951724137931035,0.006244827586206898,0.0001,167832,166865,168034.9769249453
0.007951724137931035,0.006244827586206898,0.0012000000000000001,164924,154994,168034.9769249453
0.007951724137931035,0.006244827586206898,0.0023,162655,144742,168034.9769249453
0.007951724137931035,0.006244827586206898,0.0034,160830,135615,168034.9769249453
0.007951724137931035,0.006244827586206898,0.0045000000000000005,160250,127704,168034.9769249453
0.007951724137931035,0.006244827586206898,0.005600000000000001,157611,120623,168034.9769249453
0.007951724137931035,0.006244827586206898,0.0067,156893,114223,168034.9769249453
0.007951724137931035,0.006244827586206898,0.0078000000000000005,155192,108549,168034.9769249453
0.007951724137931035,0.006244827586206898,0.0089,153765,103277,168034.9769249453
0.007951724137931035,0.006244827586206898,0.01,153208,98669,168034.9769249453
0.007951724137931035,0.006586206896551725,0.0001,163867,162994,164089.18406072102
0.007951724137931035,0.006586206896551725,0.0012000000000000001,161650,151656,164089.18406072102
0.007951724137931035,0.006586206896551725,0.0023,160067,141785,164089.18406072102
0.007951724137931035,0.006586206896551725,0.0034,157776,133111,164089.18406072102
0.007951724137931035,0.006586206896551725,0.0045000000000000005,155880,125264,164089.18406072102
0.007951724137931035,0.006586206896551725,0.005600000000000001,156746,118563,164089.18406072102
0.007951724137931035,0.006586206896551725,0.0067,156013,112415,164089.18406072102
0.007951724137931035,0.006586206896551725,0.0078000000000000005,154385,106760,164089.18406072102
0.007951724137931035,0.006586206896551725,0.0089,152213,101788,164089.18406072102
0.007951724137931035,0.006586206896551725,0.01,151522,97177,164089.18406072102
0.007951724137931035,0.006927586206896553,0.0001,160085,159349,160324.449594438
0.007951724137931035,0.006927586206896553,0.0012000000000000001,157985,148485,160324.449594438
0.007951724137931035,0.006927586206896553,0.0023,156795,138844,160324.449594438
0.007951724137931035,0.006927586206896553,0.0034,155004,130470,160324.449594438
0.007951724137931035,0.006927586206896553,0.0045000000000000005,154741,123153,160324.449594438
0.007951724137931035,0.006927586206896553,0.005600000000000001,153447,116588,160324.449594438
0.007951724137931035,0.006927586206896553,0.0067,153598,110547,160324.449594438
0.007951724137931035,0.006927586206896553,0.0078000000000000005,152131,105241,160324.449594438
0.007951724137931035,0.006927586206896553,0.0089,151142,100274,160324.449594438
0.007951724137931035,0.006927586206896553,0.01,151073,95959,160324.449594438
0.007951724137931035,0.00726896551724138,0.0001,156536,155838,156728.59084730403
0.007951724137931035,0.00726896551724138,0.0012000000000000001,154476,145294,156728.59084730403
0.007951724137931035,0.00726896551724138,0.0023,153313,136260,156728.59084730403
0.007951724137931035,0.00726896551724138,0.0034,152877,128231,156728.59084730403
0.007951724137931035,0.00726896551724138,0.0045000000000000005,152483,121031,156728.59084730403
0.007951724137931035,0.00726896551724138,0.005600000000000001,150473,114543,156728.59084730403
0.007951724137931035,0.00726896551724138,0.0067,150279,108893,156728.59084730403
0.007951724137931035,0.00726896551724138,0.0078000000000000005,150016,103715,156728.59084730403
0.007951724137931035,0.00726896551724138,0.0089,149815,98899,156728.59084730403
0.007951724137931035,0.00726896551724138,0.01,149375,94569,156728.59084730403
0.007951724137931035,0.0076103448275862086,0.0001,153117,152378,153290.49412807444
0.007951724137931035,0.0076103448275862086,0.0012000000000000001,152055,142341,153290.49412807444
0.007951724137931035,0.0076103448275862086,0.0023,150725,133519,153290.49412807444
0.007951724137931035,0.0076103448275862086,0.0034,149669,125880,153290.49412807444
0.007951724137931035,0.0076103448275862086,0.0045000000000000005,149856,118943,153290.49412807444
0.007951724137931035,0.0076103448275862086,0.005600000000000001,148265,112684,153290.49412807444
0.007951724137931035,0.0076103448275862086,0.0067,148189,107161,153290.49412807444
0.007951724137931035,0.0076103448275862086,0.0078000000000000005,148563,102192,153290.49412807444
0.007951724137931035,0.0076103448275862086,0.0089,147976,97613,153290.49412807444
0.007951724137931035,0.0076103448275862086,0.01,146658,93379,153290.49412807444
0.007951724137931035,0.007951724137931035,0.0001,149915,149100,150000.0
0.007951724137931035,0.007951724137931035,0.0012000000000000001,148915,139582,150000.0
0.007951724137931035,0.007951724137931035,0.0023,148084,131146,150000.0
0.007951724137931035,0.007951724137931035,0.0034,147584,123569,150000.0
0.007951724137931035,0.007951724137931035,0.0045000000000000005,146998,116917,150000.0
0.007951724137931035,0.007951724137931035,0.005600000000000001,144748,111032,150000.0
0.007951724137931035,0.007951724137931035,0.0067,145675,105632,150000.0
0.007951724137931035,0.007951724137931035,0.0078000000000000005,144867,100679,150000.0
0.007951724137931035,0.007951724137931035,0.0089,144570,96175,150000.0
0.007951724137931035,0.007951724137931035,0.01,145295,92166,150000.0
0.007951724137931035,0.008293103448275862,0.0001,146756,145971,146847.80301422204
0.007951724137931035,0.008293103448275862,0.0012000000000000001,144902,136877,146847.80301422204
0.007951724137931035,0.008293103448275862,0.0023,142233,128656,146847.80301422204
0.007951724137931035,0.008293103448275862,0.0034,143819,121424,146847.80301422204
0.007951724137931035,0.008293103448275862,0.0045000000000000005,141795,114973,146847.80301422204
0.007951724137931035,0.008293103448275862,0.005600000000000001,143908,109216,146847.80301422204
0.007951724137931035,0.008293103448275862,0.0067,143411,104032,146847.80301422204
0.007951724137931035,0.008293103448275862,0.0078000000000000005,143084,99281,146847.80301422204
0.007951724137931035,0.008293103448275862,0.0089,141479,94945,146847.80301422204
0.007951724137931035,0.008293103448275862,0.01,141546,90992,146847.80301422204
0.007951724137931035,0.00863448275862069,0.0001,143785,143034,143825.3638253638
0.007951724137931035,0.00863448275862069,0.0012000000000000001,142932,134203,143825.3638253638
0.007951724137931035,0.00863448275862069,0.0023,139110,126418,143825.3638253638
0.007951724137931035,0.00863448275862069,0.0034,138998,119370,143825.3638253638
0.007951724137931035,0.00863448275862069,0.0045000000000000005,140309,113230,143825.3638253638
0.007951724137931035,0.00863448275862069,0.005600000000000001,137870,107525,143825.3638253638
0.007951724137931035,0.00863448275862069,0.0067,140072,102434,143825.3638253638
0.007951724137931035,0.00863448275862069,0.0078000000000000005,136751,97905,143825.3638253638
0.007951724137931035,0.00863448275862069,0.0089,137760,93604,143825.3638253638
0.007951724137931035,0.00863448275862069,0.01,138624,89777,143825.3638253638
0.007951724137931035,0.008975862068965518,0.0001,140802,140223,140924.83194133223
0.007951724137931035,0.008975862068965518,0.0012000000000000001,139587,131650,140924.83194133223
0.007951724137931035,0.008975862068965518,0.0023,138772,124179,140924.83194133223
0.007951724137931035,0.008975862068965518,0.0034,138072,117430,140924.83194133223
0.007951724137931035,0.008975862068965518,0.0045000000000000005,134706,111356,140924.83194133223
0.007951724137931035,0.008975862068965518,0.005600000000000001,138813,105885,140924.83194133223
0.007951724137931035,0.008975862068965518,0.0067,133461,100993,140924.83194133223
0.007951724137931035,0.008975862068965518,0.0078000000000000005,134263,96528,140924.83194133223
0.007951724137931035,0.008975862068965518,0.0089,136848,92362,140924.83194133223
0.007951724137931035,0.008975862068965518,0.01,133546,88616,140924.83194133223
0.007951724137931035,0.009317241379310346,0.0001,138143,137367,138138.97763578274
0.007951724137931035,0.009317241379310346,0.0012000000000000001,135846,129247,138138.97763578274
0.007951724137931035,0.009317241379310346,0.0023,134364,121937,138138.97763578274
0.007951724137931035,0.009317241379310346,0.0034,132956,115517,138138.97763578274
0.007951724137931035,0.009317241379310346,0.0045000000000000005,131541,109617,138138.97763578274
0.007951724137931035,0.009317241379310346,0.005600000000000001,134116,104312,138138.97763578274
0.007951724137931035,0.009317241379310346,0.0067,131566,99607,138138.97763578274
0.007951724137931035,0.009317241379310346,0.0078000000000000005,134337,95242,138138.97763578274
0.007951724137931035,0.009317241379310346,0.0089,134281,91231,138138.97763578274
0.007951724137931035,0.009317241379310346,0.01,134025,87532,138138.97763578274
0.007951724137931035,0.009658620689655173,0.0001,135394,134811,135461.13177990992
0.007951724137931035,0.009658620689655173,0.0012000000000000001,132651,126790,135461.13177990992
0.007951724137931035,0.009658620689655173,0.0023,131995,119861,135461.13177990992
0.007951724137931035,0.009658620689655173,0.0034,133863,113644,135461.13177990992
0.007951724137931035,0.009658620689655173,0.0045000000000000005,128171,107988,135461.13177990992
0.007951724137931035,0.009658620689655173,0.005600000000000001,133123,102884,135461.13177990992
0.007951724137931035,0.009658620689655173,0.0067,128480,98095,135461.13177990992
0.007951724137931035,0.009658620689655173,0.0078000000000000005,128510,93952,135461.13177990992
0.007951724137931035,0.009658620689655173,0.0089,127560,90060,135461.13177990992
0.007951724137931035,0.009658620689655173,0.01,130987,86453,135461.13177990992
0.007951724137931035,0.01,0.0001,132906,132114,132885.13253937764
0.007951724137931035,0.01,0.0012000000000000001,131549,124677,132885.13253937764
0.007951724137931035,0.01,0.0023,129968,117848,132885.13253937764
0.007951724137931035,0.01,0.0034,128074,111818,132885.13253937764
0.007951724137931035,0.01,0.0045000000000000005,128753,106345,132885.13253937764
0.007951724137931035,0.01,0.005600000000000001,127207,101322,132885.13253937764
0.007951724137931035,0.01,0.0067,126908,96838,132885.13253937764
0.007951724137931035,0.01,0.0078000000000000005,128329,92632,132885.13253937764
0.007951724137931035,0.01,0.0089,127158,88873,132885.13253937764
0.007951724137931035,0.01,0.01,127338,85372,132885.13253937764
0.008293103448275862,0.0001,0.0001,292870,292870,296425.6368118324
0.008293103448275862,0.0001,0.0012000000000000001,263863,259534,296425.6368118324
0.008293103448275862,0.0001,0.0023,244585,232669,296425.6368118324
0.008293103448275862,0.0001,0.0034,230915,211109,296425.6368118324
0.008293103448275862,0.0001,0.0045000000000000005,220597,193106,296425.6368118324
0.008293103448275862,0.0001,0.005600000000000001,212530,177884,296425.6368118324
0.008293103448275862,0.0001,0.0067,206046,164998,296425.6368118324
0.008293103448275862,0.0001,0.0078000000000000005,200848,153679,296425.6368118324
0.008293103448275862,0.0001,0.0089,196485,143856,296425.6368118324
0.008293103448275862,0.0001,0.01,192571,135325,296425.6368118324
0.008293103448275862,0.0004413793103448276,0.0001,281824,281531,284840.1105408606
0.008293103448275862,0.0004413793103448276,0.0012000000000000001,255817,250412,284840.1105408606
0.008293103448275862,0.0004413793103448276,0.0023,238300,225691,284840.1105408606
0.008293103448275862,0.0004413793103448276,0.0034,225623,205012,284840.1105408606
0.008293103448275862,0.0004413793103448276,0.0045000000000000005,216366,188138,284840.1105408606
0.008293103448275862,0.0004413793103448276,0.005600000000000001,208886,173673,284840.1105408606
0.008293103448275862,0.0004413793103448276,0.0067,202996,161329,284840.1105408606
0.008293103448275862,0.0004413793103448276,0.0078000000000000005,197869,150481,284840.1105408606
0.008293103448275862,0.0004413793103448276,0.0089,193762,141147,284840.1105408606
0.008293103448275862,0.0004413793103448276,0.01,190175,132827,284840.1105408606
0.008293103448275862,0.0007827586206896553,0.0001,271680,271366,274126.1398176292
0.008293103448275862,0.0007827586206896553,0.0012000000000000001,248214,242185,274126.1398176292
0.008293103448275862,0.0007827586206896553,0.0023,232364,218835,274126.1398176292
0.008293103448275862,0.0007827586206896553,0.0034,220878,199562,274126.1398176292
0.008293103448275862,0.0007827586206896553,0.0045000000000000005,212243,183287,274126.1398176292
0.008293103448275862,0.0007827586206896553,0.005600000000000001,205331,169659,274126.1398176292
0.008293103448275862,0.0007827586206896553,0.0067,199728,157810,274126.1398176292
0.008293103448275862,0.0007827586206896553,0.0078000000000000005,195184,147409,274126.1398176292
0.008293103448275862,0.0007827586206896553,0.0089,191254,138458,274126.1398176292
0.008293103448275862,0.0007827586206896553,0.01,188078,130475,274126.1398176292
0.008293103448275862,0.001124137931034483,0.0001,261805,261685,264188.9417795679
0.008293103448275862,0.001124137931034483,0.0012000000000000001,241027,234320,264188.9417795679
0.008293103448275862,0.001124137931034483,0.0023,226617,212519,264188.9417795679
0.008293103448275862,0.001124137931034483,0.0034,216002,194221,264188.9417795679
0.008293103448275862,0.001124137931034483,0.0045000000000000005,208209,178840,264188.9417795679
0.008293103448275862,0.001124137931034483,0.005600000000000001,201725,165745,264188.9417795679
0.008293103448275862,0.001124137931034483,0.0067,196866,154444,264188.9417795679
0.008293103448275862,0.001124137931034483,0.0078000000000000005,192352,144589,264188.9417795679
0.008293103448275862,0.001124137931034483,0.0089,188817,135935,264188.9417795679
0.008293103448275862,0.001124137931034483,0.01,185793,128192,264188.9417795679
0.008293103448275862,0.0014655172413793106,0.0001,252901,252322,254946.9964664311
0.008293103448275862,0.0014655172413793106,0.0012000000000000001,234153,227241,254946.9964664311
0.008293103448275862,0.0014655172413793106,0.0023,221117,206382,254946.9964664311
0.008293103448275862,0.0014655172413793106,0.0034,211541,189171,254946.9964664311
0.008293103448275862,0.0014655172413793106,0.0045000000000000005,204383,174591,254946.9964664311
0.008293103448275862,0.0014655172413793106,0.005600000000000001,198566,162033,254946.9964664311
0.008293103448275862,0.0014655172413793106,0.0067,193833,151255,254946.9964664311
0.008293103448275862,0.0014655172413793106,0.0078000000000000005,189447,141808,254946.9964664311
0.008293103448275862,0.0014655172413793106,0.0089,186129,133355,254946.9964664311
0.008293103448275862,0.0014655172413793106,0.01,183379,125925,254946.9964664311
0.008293103448275862,0.0018068965517241383,0.0001,244489,243912,246329.80539433254
0.008293103448275862,0.0018068965517241383,0.0012000000000000001,227745,220293,246329.80539433254
0.008293103448275862,0.0018068965517241383,0.0023,216153,200772,246329.80539433254
0.008293103448275862,0.0018068965517241383,0.0034,207440,184430,246329.80539433254
0.008293103448275862,0.0018068965517241383,0.0045000000000000005,200659,170401,246329.80539433254
0.008293103448275862,0.0018068965517241383,0.005600000000000001,194968,158615,246329.80539433254
0.008293103448275862,0.0018068965517241383,0.0067,190629,148222,246329.80539433254
0.008293103448275862,0.0018068965517241383,0.0078000000000000005,187010,138979,246329.80539433254
0.008293103448275862,0.0018068965517241383,0.0089,184033,130994,246329.80539433254
0.008293103448275862,0.0018068965517241383,0.01,181261,123839,246329.80539433254
0.008293103448275862,0.0021482758620689655,0.0001,236723,235971,238276.0898282695
0.008293103448275862,0.0021482758620689655,0.0012000000000000001,221746,213840,238276.0898282695
0.008293103448275862,0.0021482758620689655,0.0023,211209,195291,238276.0898282695
0.008293103448275862,0.0021482758620689655,0.0034,203167,179903,238276.0898282695
0.008293103448275862,0.0021482758620689655,0.0045000000000000005,196928,166623,238276.0898282695
0.008293103448275862,0.0021482758620689655,0.005600000000000001,191977,155137,238276.0898282695
0.008293103448275862,0.0021482758620689655,0.0067,187783,145182,238276.0898282695
0.008293103448275862,0.0021482758620689655,0.0078000000000000005,184474,136444,238276.0898282695
0.008293103448275862,0.0021482758620689655,0.0089,181368,128680,238276.0898282695
0.008293103448275862,0.0021482758620689655,0.01,179025,121782,238276.0898282695
0.008293103448275862,0.0024896551724137932,0.0001,229310,228805,230732.33130796292
0.008293103448275862,0.0024896551724137932,0.0012000000000000001,215846,207789,230732.33130796292
0.008293103448275862,0.0024896551724137932,0.0023,206562,190165,230732.33130796292
0.008293103448275862,0.0024896551724137932,0.0034,199279,175428,230732.33130796292
0.008293103448275862,0.0024896551724137932,0.0045000000000000005,193587,162897,230732.33130796292
0.008293103448275862,0.0024896551724137932,0.005600000000000001,188742,151906,230732.33130796292
0.008293103448275862,0.0024896551724137932,0.0067,184979,142341,230732.33130796292
0.008293103448275862,0.0024896551724137932,0.0078000000000000005,181986,133933,230732.33130796292
0.008293103448275862,0.0024896551724137932,0.0089,178988,126511,230732.33130796292
0.008293103448275862,0.0024896551724137932,0.01,176925,119816,230732.33130796292
0.008293103448275862,0.002831034482758621,0.0001,222491,221736,223651.5809051457
0.008293103448275862,0.002831034482758621,0.0012000000000000001,210603,201878,223651.5809051457
0.008293103448275862,0.002831034482758621,0.0023,201992,185380,223651.5809051457
0.008293103448275862,0.002831034482758621,0.0034,195187,171412,223651.5809051457
0.008293103448275862,0.002831034482758621,0.0045000000000000005,190163,159277,223651.5809051457
0.008293103448275862,0.002831034482758621,0.005600000000000001,186084,148774,223651.5809051457
0.008293103448275862,0.002831034482758621,0.0067,182287,139642,223651.5809051457
0.008293103448275862,0.002831034482758621,0.0078000000000000005,179498,131444,223651.5809051457
0.008293103448275862,0.002831034482758621,0.0089,176746,124343,223651.5809051457
0.008293103448275862,0.002831034482758621,0.01,174557,117853,223651.5809051457
0.008293103448275862,0.0031724137931034486,0.0001,215997,215177,216992.4812030075
0.008293103448275862,0.0031724137931034486,0.0012000000000000001,205376,196509,216992.4812030075
0.008293103448275862,0.0031724137931034486,0.0023,197718,180850,216992.4812030075
0.008293103448275862,0.0031724137931034486,0.0034,191746,167432,216992.4812030075
0.008293103448275862,0.0031724137931034486,0.0045000000000000005,186819,155910,216992.4812030075
0.008293103448275862,0.0031724137931034486,0.005600000000000001,182911,145823,216992.4812030075
0.008293103448275862,0.0031724137931034486,0.0067,179499,137030,216992.4812030075
0.008293103448275862,0.0031724137931034486,0.0078000000000000005,176728,129179,216992.4812030075
0.008293103448275862,0.0031724137931034486,0.0089,174667,122218,216992.4812030075
0.008293103448275862,0.0031724137931034486,0.01,172305,115895,216992.4812030075
0.008293103448275862,0.0035137931034482763,0.0001,209796,209091,210718.45794392526
0.008293103448275862,0.0035137931034482763,0.0012000000000000001,200431,191414,210718.45794392526
0.008293103448275862,0.0035137931034482763,0.0023,193491,176518,210718.45794392526
0.008293103448275862,0.0035137931034482763,0.0034,188200,163602,210718.45794392526
0.008293103448275862,0.0035137931034482763,0.0045000000000000005,183735,152642,210718.45794392526
0.008293103448275862,0.0035137931034482763,0.005600000000000001,180094,143047,210718.45794392526
0.008293103448275862,0.0035137931034482763,0.0067,177466,134486,210718.45794392526
0.008293103448275862,0.0035137931034482763,0.0078000000000000005,174734,126999,210718.45794392526
0.008293103448275862,0.0035137931034482763,0.0089,172343,120179,210718.45794392526
0.008293103448275862,0.0035137931034482763,0.01,170551,114111,210718.45794392526
0.008293103448275862,0.003855172413793104,0.0001,203959,203161,204797.04797047973
0.008293103448275862,0.003855172413793104,0.0012000000000000001,195548,186471,204797.04797047973
0.008293103448275862,0.003855172413793104,0.0023,189544,172201,204797.04797047973
0.008293103448275862,0.003855172413793104,0.0034,184683,160048,204797.04797047973
0.008293103448275862,0.003855172413793104,0.0045000000000000005,180484,149517,204797.04797047973
0.008293103448275862,0.003855172413793104,0.005600000000000001,177301,140224,204797.04797047973
0.008293103448275862,0.003855172413793104,0.0067,174488,132072,204797.04797047973
0.008293103448275862,0.003855172413793104,0.0078000000000000005,172276,124795,204797.04797047973
0.008293103448275862,0.003855172413793104,0.0089,169900,118298,204797.04797047973
0.008293103448275862,0.003855172413793104,0.01,168318,112395,204797.04797047973
0.008293103448275862,0.004196551724137932,0.0001,198433,197781,199199.33738266153
0.008293103448275862,0.004196551724137932,0.0012000000000000001,191181,181768,199199.33738266153
0.008293103448275862,0.004196551724137932,0.0023,185659,168370,199199.33738266153
0.008293103448275862,0.004196551724137932,0.0034,181288,156661,199199.33738266153
0.008293103448275862,0.004196551724137932,0.0045000000000000005,177684,146547,199199.33738266153
0.008293103448275862,0.004196551724137932,0.005600000000000001,174617,137562,199199.33738266153
0.008293103448275862,0.004196551724137932,0.0067,171982,129671,199199.33738266153
0.008293103448275862,0.004196551724137932,0.0078000000000000005,170279,122710,199199.33738266153
0.008293103448275862,0.004196551724137932,0.0089,168005,116348,199199.33738266153
0.008293103448275862,0.004196551724137932,0.01,166392,110720,199199.33738266153
0.008293103448275862,0.00453793103448276,0.0001,193256,192507,193899.48938457403
0.008293103448275862,0.00453793103448276,0.0012000000000000001,186797,177428,193899.48938457403
0.008293103448275862,0.00453793103448276,0.0023,181750,164505,193899.48938457403
0.008293103448275862,0.00453793103448276,0.0034,177925,153341,193899.48938457403
0.008293103448275862,0.00453793103448276,0.0045000000000000005,174785,143662,193899.48938457403
0.008293103448275862,0.00453793103448276,0.005600000000000001,172153,135022,193899.48938457403
0.008293103448275862,0.00453793103448276,0.0067,169560,127354,193899.48938457403
0.008293103448275862,0.00453793103448276,0.0078000000000000005,167906,120568,193899.48938457403
0.008293103448275862,0.00453793103448276,0.0089,165800,114584,193899.48938457403
0.008293103448275862,0.00453793103448276,0.01,164181,108977,193899.48938457403
0.008293103448275862,0.004879310344827587,0.0001,188352,187546,188874.34554973818
0.008293103448275862,0.004879310344827587,0.0012000000000000001,182715,173112,188874.34554973818
0.008293103448275862,0.004879310344827587,0.0023,178178,160883,188874.34554973818
0.008293103448275862,0.004879310344827587,0.0034,174770,150173,188874.34554973818
0.008293103448275862,0.004879310344827587,0.0045000000000000005,171897,140751,188874.34554973818
0.008293103448275862,0.004879310344827587,0.005600000000000001,169606,132585,188874.34554973818
0.008293103448275862,0.004879310344827587,0.0067,167080,125240,188874.34554973818
0.008293103448275862,0.004879310344827587,0.0078000000000000005,164859,118595,188874.34554973818
0.008293103448275862,0.004879310344827587,0.0089,164004,112678,188874.34554973818
0.008293103448275862,0.004879310344827587,0.01,161740,107442,188874.34554973818
0.008293103448275862,0.005220689655172415,0.0001,183675,182882,184103.08752232709
0.008293103448275862,0.005220689655172415,0.0012000000000000001,178608,169193,184103.08752232709
0.008293103448275862,0.005220689655172415,0.0023,174885,157303,184103.08752232709
0.008293103448275862,0.005220689655172415,0.0034,171776,147133,184103.08752232709
0.008293103448275862,0.005220689655172415,0.0045000000000000005,168970,138098,184103.08752232709
0.008293103448275862,0.005220689655172415,0.005600000000000001,167006,130266,184103.08752232709
0.008293103448275862,0.005220689655172415,0.0067,165327,123191,184103.08752232709
0.008293103448275862,0.005220689655172415,0.0078000000000000005,163175,116794,184103.08752232709
0.008293103448275862,0.005220689655172415,0.0089,162000,111090,184103.08752232709
0.008293103448275862,0.005220689655172415,0.01,160768,105883,184103.08752232709
0.008293103448275862,0.005562068965517242,0.0001,179131,178284,179566.9487307118
0.008293103448275862,0.005562068965517242,0.0012000000000000001,175019,165242,179566.9487307118
0.008293103448275862,0.005562068965517242,0.0023,171759,153993,179566.9487307118
0.008293103448275862,0.005562068965517242,0.0034,168491,144170,179566.9487307118
0.008293103448275862,0.005562068965517242,0.0045000000000000005,166617,135589,179566.9487307118
0.008293103448275862,0.005562068965517242,0.005600000000000001,164655,127922,179566.9487307118
0.008293103448275862,0.005562068965517242,0.0067,162608,121002,179566.9487307118
0.008293103448275862,0.005562068965517242,0.0078000000000000005,160467,114949,179566.9487307118
0.008293103448275862,0.005562068965517242,0.0089,160555,109361,179566.9487307118
0.008293103448275862,0.005562068965517242,0.01,158494,104386,179566.9487307118
0.008293103448275862,0.00590344827586207,0.0001,174952,174128,175248.96769492349
0.008293103448275862,0.00590344827586207,0.0012000000000000001,171306,161739,175248.96769492349
0.008293103448275862,0.00590344827586207,0.0023,167506,150834,175248.96769492349
0.008293103448275862,0.00590344827586207,0.0034,165835,141512,175248.96769492349
0.008293103448275862,0.00590344827586207,0.0045000000000000005,163921,133102,175248.96769492349
0.008293103448275862,0.00590344827586207,0.005600000000000001,161515,125703,175248.96769492349
0.008293103448275862,0.00590344827586207,0.0067,160637,119056,175248.96769492349
0.008293103448275862,0.00590344827586207,0.0078000000000000005,158744,113089,175248.96769492349
0.008293103448275862,0.00590344827586207,0.0089,157595,107688,175248.96769492349
0.008293103448275862,0.00590344827586207,0.01,155901,102796,175248.96769492349
0.008293103448275862,0.006244827586206898,0.0001,170832,169994,171133.7760910816
0.008293103448275862,0.006244827586206898,0.0012000000000000001,167578,158234,171133.7760910816
0.008293103448275862,0.006244827586206898,0.0023,165234,147826,171133.7760910816
0.008293103448275862,0.006244827586206898,0.0034,163216,138776,171133.7760910816
0.008293103448275862,0.006244827586206898,0.0045000000000000005,160840,130695,171133.7760910816
0.008293103448275862,0.006244827586206898,0.005600000000000001,159928,123551,171133.7760910816
0.008293103448275862,0.006244827586206898,0.0067,157934,117197,171133.7760910816
0.008293103448275862,0.006244827586206898,0.0078000000000000005,157220,111473,171133.7760910816
0.008293103448275862,0.006244827586206898,0.0089,156050,106114,171133.7760910816
0.008293103448275862,0.006244827586206898,0.01,154147,101414,171133.7760910816
0.008293103448275862,0.006586206896551725,0.0001,166923,166179,167207.41599073
0.008293103448275862,0.006586206896551725,0.0012000000000000001,163835,154837,167207.41599073
0.008293103448275862,0.006586206896551725,0.0023,161931,144959,167207.41599073
0.008293103448275862,0.006586206896551725,0.0034,160533,136160,167207.41599073
0.008293103448275862,0.006586206896551725,0.0045000000000000005,158182,128498,167207.41599073
0.008293103448275862,0.006586206896551725,0.005600000000000001,157791,121548,167207.41599073
0.008293103448275862,0.006586206896551725,0.0067,157742,115339,167207.41599073
0.008293103448275862,0.006586206896551725,0.0078000000000000005,155562,109660,167207.41599073
0.008293103448275862,0.006586206896551725,0.0089,154379,104723,167207.41599073
0.008293103448275862,0.006586206896551725,0.01,154279,100096,167207.41599073
0.008293103448275862,0.006927586206896553,0.0001,163302,162390,163457.18169460804
0.008293103448275862,0.006927586206896553,0.0012000000000000001,160982,151656,163457.18169460804
0.008293103448275862,0.006927586206896553,0.0023,159546,142132,163457.18169460804
0.008293103448275862,0.006927586206896553,0.0034,157353,133679,163457.18169460804
0.008293103448275862,0.006927586206896553,0.0045000000000000005,156716,126136,163457.18169460804
0.008293103448275862,0.006927586206896553,0.005600000000000001,156124,119529,163457.18169460804
0.008293103448275862,0.006927586206896553,0.0067,154527,113462,163457.18169460804
0.008293103448275862,0.006927586206896553,0.0078000000000000005,153879,108168,163457.18169460804
0.008293103448275862,0.006927586206896553,0.0089,153221,103236,163457.18169460804
0.008293103448275862,0.006927586206896553,0.01,153201,98628,163457.18169460804
0.008293103448275862,0.00726896551724138,0.0001,159717,158846,159871.48238422335
0.008293103448275862,0.00726896551724138,0.0012000000000000001,157997,148509,159871.48238422335
0.008293103448275862,0.00726896551724138,0.0023,156018,139330,159871.48238422335
0.008293103448275862,0.00726896551724138,0.0034,155140,131302,159871.48238422335
0.008293103448275862,0.00726896551724138,0.0045000000000000005,154617,123997,159871.48238422335
0.008293103448275862,0.00726896551724138,0.005600000000000001,153370,117613,159871.48238422335
0.008293103448275862,0.00726896551724138,0.0067,153070,111850,159871.48238422335
0.008293103448275862,0.00726896551724138,0.0078000000000000005,151363,106545,159871.48238422335
0.008293103448275862,0.00726896551724138,0.0089,150785,101793,159871.48238422335
0.008293103448275862,0.00726896551724138,0.01,150850,97409,159871.48238422335
0.008293103448275862,0.0076103448275862086,0.0001,156309,155463,156439.72246313962
0.008293103448275862,0.0076103448275862086,0.0012000000000000001,154656,145491,156439.72246313962
0.008293103448275862,0.0076103448275862086,0.0023,153788,136716,156439.72246313962
0.008293103448275862,0.0076103448275862086,0.0034,153081,128976,156439.72246313962
0.008293103448275862,0.0076103448275862086,0.0045000000000000005,152610,122042,156439.72246313962
0.008293103448275862,0.0076103448275862086,0.005600000000000001,149734,115692,156439.72246313962
0.008293103448275862,0.0076103448275862086,0.0067,150897,110111,156439.72246313962
0.008293103448275862,0.0076103448275862086,0.0078000000000000005,150028,105028,156439.72246313962
0.008293103448275862,0.0076103448275862086,0.0089,149974,100380,156439.72246313962
0.008293103448275862,0.0076103448275862086,0.01,149129,96114,156439.72246313962
0.008293103448275862,0.007951724137931035,0.0001,153042,152203,153152.19698577796
0.008293103448275862,0.007951724137931035,0.0012000000000000001,152039,142649,153152.19698577796
0.008293103448275862,0.007951724137931035,0.0023,151194,134235,153152.19698577796
0.008293103448275862,0.007951724137931035,0.0034,150205,126749,153152.19698577796
0.008293103448275862,0.007951724137931035,0.0045000000000000005,149935,120028,153152.19698577796
0.008293103448275862,0.007951724137931035,0.005600000000000001,149442,113951,153152.19698577796
0.008293103448275862,0.007951724137931035,0.0067,148602,108503,153152.19698577796
0.008293103448275862,0.007951724137931035,0.0078000000000000005,148370,103431,153152.19698577796
0.008293103448275862,0.007951724137931035,0.0089,147544,99011,153152.19698577796
0.008293103448275862,0.007951724137931035,0.01,147067,94750,153152.19698577796
0.008293103448275862,0.008293103448275862,0.0001,149937,149089,150000.0
0.008293103448275862,0.008293103448275862,0.0012000000000000001,149132,139966,150000.0
0.008293103448275862,0.008293103448275862,0.0023,148009,131789,150000.0
0.008293103448275862,0.008293103448275862,0.0034,147896,124589,150000.0
0.008293103448275862,0.008293103448275862,0.0045000000000000005,147348,117986,150000.0
0.008293103448275862,0.008293103448275862,0.005600000000000001,146045,112116,150000.0
0.008293103448275862,0.008293103448275862,0.0067,146062,106835,150000.0
0.008293103448275862,0.008293103448275862,0.0078000000000000005,145646,102083,150000.0
0.008293103448275862,0.008293103448275862,0.0089,145715,97596,150000.0
0.008293103448275862,0.008293103448275862,0.01,144878,93559,150000.0
0.008293103448275862,0.00863448275862069,0.0001,146922,146182,146974.94398044408
0.008293103448275862,0.00863448275862069,0.0012000000000000001,145774,137292,146974.94398044408
0.008293103448275862,0.00863448275862069,0.0023,144993,129409,146974.94398044408
0.008293103448275862,0.00863448275862069,0.0034,144028,122486,146974.94398044408
0.008293103448275862,0.00863448275862069,0.0045000000000000005,143690,116189,146974.94398044408
0.008293103448275862,0.00863448275862069,0.005600000000000001,143854,110464,146974.94398044408
0.008293103448275862,0.00863448275862069,0.0067,143568,105312,146974.94398044408
0.008293103448275862,0.00863448275862069,0.0078000000000000005,140573,100704,146974.94398044408
0.008293103448275862,0.00863448275862069,0.0089,142162,96406,146974.94398044408
0.008293103448275862,0.00863448275862069,0.01,141621,92415,146974.94398044408
0.008293103448275862,0.008975862068965518,0.0001,143935,143342,144069.48881789134
0.008293103448275862,0.008975862068965518,0.0012000000000000001,141584,134780,144069.48881789134
0.008293103448275862,0.008975862068965518,0.0023,142001,127190,144069.48881789134
0.008293103448275862,0.008975862068965518,0.0034,141406,120397,144069.48881789134
0.008293103448275862,0.008975862068965518,0.0045000000000000005,141823,114367,144069.48881789134
0.008293103448275862,0.008975862068965518,0.005600000000000001,138609,108811,144069.48881789134
0.008293103448275862,0.008975862068965518,0.0067,138742,103883,144069.48881789134
0.008293103448275862,0.008975862068965518,0.0078000000000000005,139419,99201,144069.48881789134
0.008293103448275862,0.008975862068965518,0.0089,139550,95161,144069.48881789134
0.008293103448275862,0.008975862068965518,0.01,138886,91249,144069.48881789134
0.008293103448275862,0.009317241379310346,0.0001,141190,140588,141276.67906794598
0.008293103448275862,0.009317241379310346,0.0012000000000000001,139555,132335,141276.67906794598
0.008293103448275862,0.009317241379310346,0.0023,139529,125036,141276.67906794598
0.008293103448275862,0.009317241379310346,0.0034,138716,118522,141276.67906794598
0.008293103448275862,0.009317241379310346,0.0045000000000000005,137221,112576,141276.67906794598
0.008293103448275862,0.009317241379310346,0.005600000000000001,136207,107252,141276.67906794598
0.008293103448275862,0.009317241379310346,0.0067,136439,102367,141276.67906794598
0.008293103448275862,0.009317241379310346,0.0078000000000000005,135263,97876,141276.67906794598
0.008293103448275862,0.009317241379310346,0.0089,137166,93910,141276.67906794598
0.008293103448275862,0.009317241379310346,0.01,134789,90164,141276.67906794598
0.008293103448275862,0.009658620689655173,0.0001,138557,137882,138590.0883595851
0.008293103448275862,0.009658620689655173,0.0012000000000000001,136333,129960,138590.0883595851
0.008293103448275862,0.009658620689655173,0.0023,135394,122863,138590.0883595851
0.008293103448275862,0.009658620689655173,0.0034,133875,116604,138590.0883595851
0.008293103448275862,0.009658620689655173,0.0045000000000000005,133870,110864,138590.0883595851
0.008293103448275862,0.009658620689655173,0.005600000000000001,133342,105726,138590.0883595851
0.008293103448275862,0.009658620689655173,0.0067,131586,100994,138590.0883595851
0.008293103448275862,0.009658620689655173,0.0078000000000000005,132463,96673,138590.0883595851
0.008293103448275862,0.009658620689655173,0.0089,132097,92689,138590.0883595851
0.008293103448275862,0.009658620689655173,0.01,131370,89058,138590.0883595851
0.008293103448275862,0.01,0.0001,135964,135325,136003.77002827523
0.008293103448275862,0.01,0.0012000000000000001,133996,127600,136003.77002827523
0.008293103448275862,0.01,0.0023,131184,120781,136003.77002827523
0.008293103448275862,0.01,0.0034,131474,114786,136003.77002827523
0.008293103448275862,0.01,0.0045000000000000005,132538,109245,136003.77002827523
0.008293103448275862,0.01,0.005600000000000001,129952,104090,136003.77002827523
0.008293103448275862,0.01,0.0067,129858,99630,136003.77002827523
0.008293103448275862,0.01,0.0078000000000000005,131193,95443,136003.77002827523
0.008293103448275862,0.01,0.0089,129390,91459,136003.77002827523
0.008293103448275862,0.01,0.01,130893,88005,136003.77002827523
0.00863448275862069,0.0001,0.0001,293131,293131,296565.3375444137
0.00863448275862069,0.0001,0.0012000000000000001,264996,260951,296565.3375444137
0.00863448275862069,0.0001,0.0023,246081,234856,296565.3375444137
0.00863448275862069,0.0001,0.0034,232301,213509,296565.3375444137
0.00863448275862069,0.0001,0.0045000000000000005,221942,195733,296565.3375444137
0.00863448275862069,0.0001,0.005600000000000001,213916,180793,296565.3375444137
0.00863448275862069,0.0001,0.0067,207525,167822,296565.3375444137
0.00863448275862069,0.0001,0.0078000000000000005,202404,156657,296565.3375444137
0.00863448275862069,0.0001,0.0089,197945,146877,296565.3375444137
0.00863448275862069,0.0001,0.01,194184,138386,296565.3375444137
0.00863448275862069,0.0004413793103448276,0.0001,282526,282225,285410.3343465046
0.00863448275862069,0.0004413793103448276,0.0012000000000000001,256869,252181,285410.3343465046
0.00863448275862069,0.0004413793103448276,0.0023,239930,227811,285410.3343465046
0.00863448275862069,0.0004413793103448276,0.0034,227230,207781,285410.3343465046
0.00863448275862069,0.0004413793103448276,0.0045000000000000005,217766,190900,285410.3343465046
0.00863448275862069,0.0004413793103448276,0.005600000000000001,210449,176650,285410.3343465046
0.00863448275862069,0.0004413793103448276,0.0067,204464,164213,285410.3343465046
0.00863448275862069,0.0004413793103448276,0.0078000000000000005,199260,153494,285410.3343465046
0.00863448275862069,0.0004413793103448276,0.0089,195271,144187,285410.3343465046
0.00863448275862069,0.0004413793103448276,0.01,191751,135797,285410.3343465046
0.00863448275862069,0.0007827586206896553,0.0001,272559,272379,275064.0790919077
0.00863448275862069,0.0007827586206896553,0.0012000000000000001,249722,244211,275064.0790919077
0.00863448275862069,0.0007827586206896553,0.0023,233937,221029,275064.0790919077
0.00863448275862069,0.0007827586206896553,0.0034,222519,202089,275064.0790919077
0.00863448275862069,0.0007827586206896553,0.0045000000000000005,213850,186202,275064.0790919077
0.00863448275862069,0.0007827586206896553,0.005600000000000001,206991,172490,275064.0790919077
0.00863448275862069,0.0007827586206896553,0.0067,201160,160839,275064.0790919077
0.00863448275862069,0.0007827586206896553,0.0078000000000000005,196583,150516,275064.0790919077
0.00863448275862069,0.0007827586206896553,0.0089,192500,141544,275064.0790919077
0.00863448275862069,0.0007827586206896553,0.01,189327,133518,275064.0790919077
0.00863448275862069,0.001124137931034483,0.0001,263200,262965,265441.6961130742
0.00863448275862069,0.001124137931034483,0.0012000000000000001,242694,236434,265441.6961130742
0.00863448275862069,0.001124137931034483,0.0023,228586,214781,265441.6961130742
0.00863448275862069,0.001124137931034483,0.0034,217857,196993,265441.6961130742
0.00863448275862069,0.001124137931034483,0.0045000000000000005,209912,181689,265441.6961130742
0.00863448275862069,0.001124137931034483,0.005600000000000001,203460,168795,265441.6961130742
0.00863448275862069,0.001124137931034483,0.0067,198268,157409,265441.6961130742
0.00863448275862069,0.001124137931034483,0.0078000000000000005,193721,147613,265441.6961130742
0.00863448275862069,0.001124137931034483,0.0089,190253,138804,265441.6961130742
0.00863448275862069,0.001124137931034483,0.01,186965,131185,265441.6961130742
0.00863448275862069,0.0014655172413793106,0.0001,254497,253948,256469.78490952545
0.00863448275862069,0.0014655172413793106,0.0012000000000000001,236012,229313,256469.78490952545
0.00863448275862069,0.0014655172413793106,0.0023,223070,208996,256469.78490952545
0.00863448275862069,0.0014655172413793106,0.0034,213476,192006,256469.78490952545
0.00863448275862069,0.0014655172413793106,0.0045000000000000005,206172,177466,256469.78490952545
0.00863448275862069,0.0014655172413793106,0.005600000000000001,200150,165085,256469.78490952545
0.00863448275862069,0.0014655172413793106,0.0067,195264,154304,256469.78490952545
0.00863448275862069,0.0014655172413793106,0.0078000000000000005,191054,144842,256469.78490952545
0.00863448275862069,0.0014655172413793106,0.0089,187577,136438,256469.78490952545
0.00863448275862069,0.0014655172413793106,0.01,184930,128979,256469.78490952545
0.00863448275862069,0.0018068965517241383,0.0001,246281,245881,248084.54425363275
0.00863448275862069,0.0018068965517241383,0.0012000000000000001,229760,222516,248084.54425363275
0.00863448275862069,0.0018068965517241383,0.0023,217946,203422,248084.54425363275
0.00863448275862069,0.0018068965517241383,0.0034,209325,187269,248084.54425363275
0.00863448275862069,0.0018068965517241383,0.0045000000000000005,202404,173510,248084.54425363275
0.00863448275862069,0.0018068965517241383,0.005600000000000001,196863,161464,248084.54425363275
0.00863448275862069,0.0018068965517241383,0.0067,192344,151239,248084.54425363275
0.00863448275862069,0.0018068965517241383,0.0078000000000000005,188530,142005,248084.54425363275
0.00863448275862069,0.0018068965517241383,0.0089,185191,133947,248084.54425363275
0.00863448275862069,0.0018068965517241383,0.01,182606,126760,248084.54425363275
0.00863448275862069,0.0021482758620689655,0.0001,238539,238042,240230.2526383115
0.00863448275862069,0.0021482758620689655,0.0012000000000000001,223921,216187,240230.2526383115
0.00863448275862069,0.0021482758620689655,0.0023,213212,198090,240230.2526383115
0.00863448275862069,0.0021482758620689655,0.0034,205169,182770,240230.2526383115
0.00863448275862069,0.0021482758620689655,0.0045000000000000005,198835,169503,240230.2526383115
0.00863448275862069,0.0021482758620689655,0.005600000000000001,193581,158134,240230.2526383115
0.00863448275862069,0.0021482758620689655,0.0067,189563,148215,240230.2526383115
0.00863448275862069,0.0021482758620689655,0.0078000000000000005,185309,139400,240230.2526383115
0.00863448275862069,0.0021482758620689655,0.0089,183014,131653,240230.2526383115
0.00863448275862069,0.0021482758620689655,0.01,180347,124639,240230.2526383115
0.00863448275862069,0.0024896551724137932,0.0001,231553,230848,232858.02851828892
0.00863448275862069,0.0024896551724137932,0.0012000000000000001,218174,210174,232858.02851828892
0.00863448275862069,0.0024896551724137932,0.0023,208578,192971,232858.02851828892
0.00863448275862069,0.0024896551724137932,0.0034,201199,178381,232858.02851828892
0.00863448275862069,0.0024896551724137932,0.0045000000000000005,195450,165819,232858.02851828892
0.00863448275862069,0.0024896551724137932,0.005600000000000001,190613,154915,232858.02851828892
0.00863448275862069,0.0024896551724137932,0.0067,186671,145329,232858.02851828892
0.00863448275862069,0.0024896551724137932,0.0078000000000000005,183474,136860,232858.02851828892
0.00863448275862069,0.0024896551724137932,0.0089,180895,129357,232858.02851828892
0.00863448275862069,0.0024896551724137932,0.01,178453,122616,232858.02851828892
0.00863448275862069,0.002831034482758621,0.0001,224690,224000,225924.8120300752
0.00863448275862069,0.002831034482758621,0.0012000000000000001,212844,204678,225924.8120300752
0.00863448275862069,0.002831034482758621,0.0023,204100,188180,225924.8120300752
0.00863448275862069,0.002831034482758621,0.0034,197276,174285,225924.8120300752
0.00863448275862069,0.002831034482758621,0.0045000000000000005,192142,162385,225924.8120300752
0.00863448275862069,0.002831034482758621,0.005600000000000001,187568,151766,225924.8120300752
0.00863448275862069,0.002831034482758621,0.0067,183989,142729,225924.8120300752
0.00863448275862069,0.002831034482758621,0.0078000000000000005,180918,134533,225924.8120300752
0.00863448275862069,0.002831034482758621,0.0089,178162,127200,225924.8120300752
0.00863448275862069,0.002831034482758621,0.01,176031,120769,225924.8120300752
0.00863448275862069,0.0031724137931034486,0.0001,218249,217619,219392.52336448597
0.00863448275862069,0.0031724137931034486,0.0012000000000000001,207683,199145,219392.52336448597
0.00863448275862069,0.0031724137931034486,0.0023,199859,183637,219392.52336448597
0.00863448275862069,0.0031724137931034486,0.0034,193850,170447,219392.52336448597
0.00863448275862069,0.0031724137931034486,0.0045000000000000005,188727,158934,219392.52336448597
0.00863448275862069,0.0031724137931034486,0.005600000000000001,184690,148867,219392.52336448597
0.00863448275862069,0.0031724137931034486,0.0067,181172,140090,219392.52336448597
0.00863448275862069,0.0031724137931034486,0.0078000000000000005,178453,132157,219392.52336448597
0.00863448275862069,0.0031724137931034486,0.0089,176072,125135,219392.52336448597
0.00863448275862069,0.0031724137931034486,0.01,174036,118789,219392.52336448597
0.00863448275862069,0.0035137931034482763,0.0001,212266,211490,213227.36304286122
0.00863448275862069,0.0035137931034482763,0.0012000000000000001,202731,194105,213227.36304286122
0.00863448275862069,0.0035137931034482763,0.0023,195691,179401,213227.36304286122
0.00863448275862069,0.0035137931034482763,0.0034,190104,166703,213227.36304286122
0.00863448275862069,0.0035137931034482763,0.0045000000000000005,185641,155685,213227.36304286122
0.00863448275862069,0.0035137931034482763,0.005600000000000001,182107,146021,213227.36304286122
0.00863448275862069,0.0035137931034482763,0.0067,178675,137411,213227.36304286122
0.00863448275862069,0.0035137931034482763,0.0078000000000000005,176094,129958,213227.36304286122
0.00863448275862069,0.0035137931034482763,0.0089,173888,123146,213227.36304286122
0.00863448275862069,0.0035137931034482763,0.01,171696,116927,213227.36304286122
0.00863448275862069,0.003855172413793104,0.0001,206664,205843,207399.22694643846
0.00863448275862069,0.003855172413793104,0.0012000000000000001,198118,189321,207399.22694643846
0.00863448275862069,0.003855172413793104,0.0023,191793,175207,207399.22694643846
0.00863448275862069,0.003855172413793104,0.0034,186681,163055,207399.22694643846
0.00863448275862069,0.003855172413793104,0.0045000000000000005,182335,152557,207399.22694643846
0.00863448275862069,0.003855172413793104,0.005600000000000001,179096,143309,207399.22694643846
0.00863448275862069,0.003855172413793104,0.0067,176333,135100,207399.22694643846
0.00863448275862069,0.003855172413793104,0.0078000000000000005,173920,127712,207399.22694643846
0.00863448275862069,0.003855172413793104,0.0089,171869,121203,207399.22694643846
0.00863448275862069,0.003855172413793104,0.01,170002,115265,207399.22694643846
0.00863448275862069,0.004196551724137932,0.0001,201115,200379,201881.21472722388
0.00863448275862069,0.004196551724137932,0.0012000000000000001,193652,184663,201881.21472722388
0.00863448275862069,0.004196551724137932,0.0023,187905,171253,201881.21472722388
0.00863448275862069,0.004196551724137932,0.0034,183281,159616,201881.21472722388
0.00863448275862069,0.004196551724137932,0.0045000000000000005,179705,149534,201881.21472722388
0.00863448275862069,0.004196551724137932,0.005600000000000001,176691,140524,201881.21472722388
0.00863448275862069,0.004196551724137932,0.0067,174164,132723,201881.21472722388
0.00863448275862069,0.004196551724137932,0.0078000000000000005,171630,125607,201881.21472722388
0.00863448275862069,0.004196551724137932,0.0089,169634,119243,201881.21472722388
0.00863448275862069,0.004196551724137932,0.01,167730,113516,201881.21472722388
0.00863448275862069,0.00453793103448276,0.0001,195963,195320,196649.21465968585
0.00863448275862069,0.00453793103448276,0.0012000000000000001,189312,180233,196649.21465968585
0.00863448275862069,0.00453793103448276,0.0023,184364,167451,196649.21465968585
0.00863448275862069,0.00453793103448276,0.0034,180107,156334,196649.21465968585
0.00863448275862069,0.00453793103448276,0.0045000000000000005,176907,146620,196649.21465968585
0.00863448275862069,0.00453793103448276,0.005600000000000001,174154,138078,196649.21465968585
0.00863448275862069,0.00453793103448276,0.0067,171587,130441,196649.21465968585
0.00863448275862069,0.00453793103448276,0.0078000000000000005,169565,123621,196649.21465968585
0.00863448275862069,0.00453793103448276,0.0089,167033,117405,196649.21465968585
0.00863448275862069,0.00453793103448276,0.01,166061,111876,196649.21465968585
0.00863448275862069,0.004879310344827587,0.0001,191087,190399,191681.5514161776
0.00863448275862069,0.004879310344827587,0.0012000000000000001,185315,176150,191681.5514161776
0.00863448275862069,0.004879310344827587,0.0023,180678,163944,191681.5514161776
0.00863448275862069,0.004879310344827587,0.0034,176892,153203,191681.5514161776
0.00863448275862069,0.004879310344827587,0.0045000000000000005,173927,143789,191681.5514161776
0.00863448275862069,0.004879310344827587,0.005600000000000001,171239,135568,191681.5514161776
0.00863448275862069,0.004879310344827587,0.0067,169125,128234,191681.5514161776
0.00863448275862069,0.004879310344827587,0.0078000000000000005,167419,121616,191681.5514161776
0.00863448275862069,0.004879310344827587,0.0089,165713,115586,191681.5514161776
0.00863448275862069,0.004879310344827587,0.01,163605,110241,191681.5514161776
0.00863448275862069,0.005220689655172415,0.0001,186480,185744,186958.68591338972
0.00863448275862069,0.005220689655172415,0.0012000000000000001,181371,172092,186958.68591338972
0.00863448275862069,0.005220689655172415,0.0023,176847,160439,186958.68591338972
0.00863448275862069,0.005220689655172415,0.0034,174044,150110,186958.68591338972
0.00863448275862069,0.005220689655172415,0.0045000000000000005,171180,141221,186958.68591338972
0.00863448275862069,0.005220689655172415,0.005600000000000001,168991,133194,186958.68591338972
0.00863448275862069,0.005220689655172415,0.0067,167134,126107,186958.68591338972
0.00863448275862069,0.005220689655172415,0.0078000000000000005,164930,119582,186958.68591338972
0.00863448275862069,0.005220689655172415,0.0089,163363,113895,186958.68591338972
0.00863448275862069,0.005220689655172415,0.01,161971,108639,186958.68591338972
0.00863448275862069,0.005562068965517242,0.0001,182079,181331,182462.9584649016
0.00863448275862069,0.005562068965517242,0.0012000000000000001,177505,168348,182462.9584649016
0.00863448275862069,0.005562068965517242,0.0023,173335,157112,182462.9584649016
0.00863448275862069,0.005562068965517242,0.0034,171014,147235,182462.9584649016
0.00863448275862069,0.005562068965517242,0.0045000000000000005,168204,138549,182462.9584649016
0.00863448275862069,0.005562068965517242,0.005600000000000001,166618,130956,182462.9584649016
0.00863448275862069,0.005562068965517242,0.0067,164799,124061,182462.9584649016
0.00863448275862069,0.005562068965517242,0.0078000000000000005,162974,117859,182462.9584649016
0.00863448275862069,0.005562068965517242,0.0089,161825,112192,182462.9584649016
0.00863448275862069,0.005562068965517242,0.01,160348,107124,182462.9584649016
0.00863448275862069,0.00590344827586207,0.0001,177833,176983,178178.36812144212
0.00863448275862069,0.00590344827586207,0.0012000000000000001,173830,164603,178178.36812144212
0.00863448275862069,0.00590344827586207,0.0023,170774,153912,178178.36812144212
0.00863448275862069,0.00590344827586207,0.0034,167945,144511,178178.36812144212
0.00863448275862069,0.00590344827586207,0.0045000000000000005,165519,136145,178178.36812144212
0.00863448275862069,0.00590344827586207,0.005600000000000001,164353,128723,178178.36812144212
0.00863448275862069,0.00590344827586207,0.0067,161887,122017,178178.36812144212
0.00863448275862069,0.00590344827586207,0.0078000000000000005,161076,116052,178178.36812144212
0.00863448275862069,0.00590344827586207,0.0089,159497,110571,178178.36812144212
0.00863448275862069,0.00590344827586207,0.01,158889,105648,178178.36812144212
0.00863448275862069,0.006244827586206898,0.0001,173781,173034,174090.38238702202
0.00863448275862069,0.006244827586206898,0.0012000000000000001,170107,161085,174090.38238702202
0.00863448275862069,0.006244827586206898,0.0023,167573,150887,174090.38238702202
0.00863448275862069,0.006244827586206898,0.0034,164671,141809,174090.38238702202
0.00863448275862069,0.006244827586206898,0.0045000000000000005,162809,133728,174090.38238702202
0.00863448275862069,0.006244827586206898,0.005600000000000001,161602,126580,174090.38238702202
0.00863448275862069,0.006244827586206898,0.0067,159724,120093,174090.38238702202
0.00863448275862069,0.006244827586206898,0.0078000000000000005,158455,114274,174090.38238702202
0.00863448275862069,0.006244827586206898,0.0089,157673,108952,174090.38238702202
0.00863448275862069,0.006244827586206898,0.01,156942,104082,174090.38238702202
0.00863448275862069,0.006586206896551725,0.0001,169910,169104,170185.77254191207
0.00863448275862069,0.006586206896551725,0.0012000000000000001,166944,157754,170185.77254191207
0.00863448275862069,0.006586206896551725,0.0023,164566,147882,170185.77254191207
0.00863448275862069,0.006586206896551725,0.0034,162883,139080,170185.77254191207
0.00863448275862069,0.006586206896551725,0.0045000000000000005,161033,131358,170185.77254191207
0.00863448275862069,0.006586206896551725,0.005600000000000001,159476,124391,170185.77254191207
0.00863448275862069,0.006586206896551725,0.0067,158623,118199,170185.77254191207
0.00863448275862069,0.006586206896551725,0.0078000000000000005,156315,112505,170185.77254191207
0.00863448275862069,0.006586206896551725,0.0089,155414,107472,170185.77254191207
0.00863448275862069,0.006586206896551725,0.01,155134,102793,170185.77254191207
0.00863448275862069,0.006927586206896553,0.0001,166220,165532,166452.47064037225
0.00863448275862069,0.006927586206896553,0.0012000000000000001,163829,154598,166452.47064037225
0.00863448275862069,0.006927586206896553,0.0023,161699,145060,166452.47064037225
0.00863448275862069,0.006927586206896553,0.0034,159875,136715,166452.47064037225
0.00863448275862069,0.006927586206896553,0.0045000000000000005,159371,129087,166452.47064037225
0.00863448275862069,0.006927586206896553,0.005600000000000001,157001,122410,166452.47064037225
0.00863448275862069,0.006927586206896553,0.0067,156170,116354,166452.47064037225
0.00863448275862069,0.006927586206896553,0.0078000000000000005,155074,110968,166452.47064037225
0.00863448275862069,0.006927586206896553,0.0089,154586,105979,166452.47064037225
0.00863448275862069,0.006927586206896553,0.01,152640,101387,166452.47064037225
0.00863448275862069,0.00726896551724138,0.0001,162687,161948,162879.44492627928
0.00863448275862069,0.00726896551724138,0.0012000000000000001,160825,151501,162879.44492627928
0.00863448275862069,0.00726896551724138,0.0023,158173,142279,162879.44492627928
0.00863448275862069,0.00726896551724138,0.0034,157271,134251,162879.44492627928
0.00863448275862069,0.00726896551724138,0.0045000000000000005,156178,126989,162879.44492627928
0.00863448275862069,0.00726896551724138,0.005600000000000001,155699,120562,162879.44492627928
0.00863448275862069,0.00726896551724138,0.0067,155817,114695,162879.44492627928
0.00863448275862069,0.00726896551724138,0.0078000000000000005,154279,109333,162879.44492627928
0.00863448275862069,0.00726896551724138,0.0089,151145,104473,162879.44492627928
0.00863448275862069,0.00726896551724138,0.01,151918,99981,162879.44492627928
0.00863448275862069,0.0076103448275862086,0.0001,159294,158558,159456.5909573339
0.00863448275862069,0.0076103448275862086,0.0012000000000000001,157356,148490,159456.5909573339
0.00863448275862069,0.0076103448275862086,0.0023,156295,139740,159456.5909573339
0.00863448275862069,0.0076103448275862086,0.0034,155382,131921,159456.5909573339
0.00863448275862069,0.0076103448275862086,0.0045000000000000005,154451,124832,159456.5909573339
0.00863448275862069,0.0076103448275862086,0.005600000000000001,153437,118660,159456.5909573339
0.00863448275862069,0.0076103448275862086,0.0067,153055,112883,159456.5909573339
0.00863448275862069,0.0076103448275862086,0.0078000000000000005,151658,107739,159456.5909573339
0.00863448275862069,0.0076103448275862086,0.0089,150658,102978,159456.5909573339
0.00863448275862069,0.0076103448275862086,0.01,151606,98771,159456.5909573339
0.00863448275862069,0.007951724137931035,0.0001,156053,155272,156174.63617463617
0.00863448275862069,0.007951724137931035,0.0012000000000000001,154431,145756,156174.63617463617
0.00863448275862069,0.007951724137931035,0.0023,153976,137137,156174.63617463617
0.00863448275862069,0.007951724137931035,0.0034,153209,129584,156174.63617463617
0.00863448275862069,0.007951724137931035,0.0045000000000000005,152205,122911,156174.63617463617
0.00863448275862069,0.007951724137931035,0.005600000000000001,151689,116712,156174.63617463617
0.00863448275862069,0.007951724137931035,0.0067,150264,111306,156174.63617463617
0.00863448275862069,0.007951724137931035,0.0078000000000000005,150734,106271,156174.63617463617
0.00863448275862069,0.007951724137931035,0.0089,149871,101719,156174.63617463617
0.00863448275862069,0.007951724137931035,0.01,149439,97503,156174.63617463617
0.00863448275862069,0.008293103448275862,0.0001,152921,152154,153025.0560195559
0.00863448275862069,0.008293103448275862,0.0012000000000000001,151538,142956,153025.0560195559
0.00863448275862069,0.008293103448275862,0.0023,149323,134827,153025.0560195559
0.00863448275862069,0.008293103448275862,0.0034,149913,127423,153025.0560195559
0.00863448275862069,0.008293103448275862,0.0045000000000000005,149351,120995,153025.0560195559
0.00863448275862069,0.008293103448275862,0.005600000000000001,149486,115009,153025.0560195559
0.00863448275862069,0.008293103448275862,0.0067,148652,109608,153025.0560195559
0.00863448275862069,0.008293103448275862,0.0078000000000000005,147735,104768,153025.0560195559
0.00863448275862069,0.008293103448275862,0.0089,148179,100359,153025.0560195559
0.00863448275862069,0.008293103448275862,0.01,146756,96287,153025.0560195559
0.00863448275862069,0.00863448275862069,0.0001,149859,149222,150000.0
0.00863448275862069,0.00863448275862069,0.0012000000000000001,148194,140235,150000.0
0.00863448275862069,0.00863448275862069,0.0023,148476,132417,150000.0
0.00863448275862069,0.00863448275862069,0.0034,147523,125371,150000.0
0.00863448275862069,0.00863448275862069,0.0045000000000000005,147072,118962,150000.0
0.00863448275862069,0.00863448275862069,0.005600000000000001,146829,113263,150000.0
0.00863448275862069,0.00863448275862069,0.0067,146811,108157,150000.0
0.00863448275862069,0.00863448275862069,0.0078000000000000005,145722,103421,150000.0
0.00863448275862069,0.00863448275862069,0.0089,145789,98942,150000.0
0.00863448275862069,0.00863448275862069,0.01,143994,95084,150000.0
0.00863448275862069,0.008975862068965518,0.0001,146954,146397,147092.22635598195
0.00863448275862069,0.008975862068965518,0.0012000000000000001,145384,137819,147092.22635598195
0.00863448275862069,0.008975862068965518,0.0023,144003,130205,147092.22635598195
0.00863448275862069,0.008975862068965518,0.0034,144348,123379,147092.22635598195
0.00863448275862069,0.008975862068965518,0.0045000000000000005,143283,117248,147092.22635598195
0.00863448275862069,0.008975862068965518,0.005600000000000001,141416,111638,147092.22635598195
0.00863448275862069,0.008975862068965518,0.0067,143403,106641,147092.22635598195
0.00863448275862069,0.008975862068965518,0.0078000000000000005,143210,102021,147092.22635598195
0.00863448275862069,0.008975862068965518,0.0089,139762,97717,147092.22635598195
0.00863448275862069,0.008975862068965518,0.01,143116,93892,147092.22635598195
0.00863448275862069,0.009317241379310346,0.0001,144255,143533,144295.04417979255
0.00863448275862069,0.009317241379310346,0.0012000000000000001,142597,135210,144295.04417979255
0.00863448275862069,0.009317241379310346,0.0023,140193,127950,144295.04417979255
0.00863448275862069,0.009317241379310346,0.0034,142685,121414,144295.04417979255
0.00863448275862069,0.009317241379310346,0.0045000000000000005,138525,115461,144295.04417979255
0.00863448275862069,0.009317241379310346,0.005600000000000001,139051,110064,144295.04417979255
0.00863448275862069,0.009317241379310346,0.0067,140023,105036,144295.04417979255
0.00863448275862069,0.009317241379310346,0.0078000000000000005,139798,100632,144295.04417979255
0.00863448275862069,0.009317241379310346,0.0089,139778,96528,144295.04417979255
0.00863448275862069,0.009317241379310346,0.01,138603,92715,144295.04417979255
0.00863448275862069,0.009658620689655173,0.0001,141596,140823,141602.26201696513
0.00863448275862069,0.009658620689655173,0.0012000000000000001,139417,132864,141602.26201696513
0.00863448275862069,0.009658620689655173,0.0023,137036,125893,141602.26201696513
0.00863448275862069,0.009658620689655173,0.0034,137836,119456,141602.26201696513
0.00863448275862069,0.009658620689655173,0.0045000000000000005,138142,113734,141602.26201696513
0.00863448275862069,0.009658620689655173,0.005600000000000001,138338,108493,141602.26201696513
0.00863448275862069,0.009658620689655173,0.0067,137245,103721,141602.26201696513
0.00863448275862069,0.009658620689655173,0.0078000000000000005,133698,99341,141602.26201696513
0.00863448275862069,0.009658620689655173,0.0089,136454,95321,141602.26201696513
0.00863448275862069,0.009658620689655173,0.01,135999,91524,141602.26201696513
0.00863448275862069,0.01,0.0001,138907,138386,139008.14211695042
0.00863448275862069,0.01,0.0012000000000000001,137238,130711,139008.14211695042
0.00863448275862069,0.01,0.0023,135965,123835,139008.14211695042
0.00863448275862069,0.01,0.0034,133735,117652,139008.14211695042
0.00863448275862069,0.01,0.0045000000000000005,132985,112061,139008.14211695042
0.00863448275862069,0.01,0.005600000000000001,134856,106945,139008.14211695042
0.00863448275862069,0.01,0.0067,131850,102335,139008.14211695042
0.00863448275862069,0.01,0.0078000000000000005,133517,97954,139008.14211695042
0.00863448275862069,0.01,0.0089,130862,94152,139008.14211695042
0.00863448275862069,0.01,0.01,132842,90521,139008.14211695042
0.008975862068965518,0.0001,0.0001,293394,293394,296694.52887537994
0.008975862068965518,0.0001,0.0012000000000000001,266169,261918,296694.52887537994
0.008975862068965518,0.0001,0.0023,247186,236844,296694.52887537994
0.008975862068965518,0.0001,0.0034,233708,216025,296694.52887537994
0.008975862068965518,0.0001,0.0045000000000000005,223548,198341,296694.52887537994
0.008975862068965518,0.0001,0.005600000000000001,215404,183490,296694.52887537994
0.008975862068965518,0.0001,0.0067,209112,170785,296694.52887537994
0.008975862068965518,0.0001,0.0078000000000000005,203559,159641,296694.52887537994
0.008975862068965518,0.0001,0.0089,199189,149781,296694.52887537994
0.008975862068965518,0.0001,0.01,195155,141249,296694.52887537994
0.008975862068965518,0.0004413793103448276,0.0001,283072,282823,285939.21640424756
0.008975862068965518,0.0004413793103448276,0.0012000000000000001,258497,253851,285939.21640424756
0.008975862068965518,0.0004413793103448276,0.0023,241180,229846,285939.21640424756
0.008975862068965518,0.0004413793103448276,0.0034,228804,210168,285939.21640424756
0.008975862068965518,0.0004413793103448276,0.0045000000000000005,219423,193559,285939.21640424756
0.008975862068965518,0.0004413793103448276,0.005600000000000001,211881,179425,285939.21640424756
0.008975862068965518,0.0004413793103448276,0.0067,205892,167166,285939.21640424756
0.008975862068965518,0.0004413793103448276,0.0078000000000000005,200861,156445,285939.21640424756
0.008975862068965518,0.0004413793103448276,0.0089,196356,147104,285939.21640424756
0.008975862068965518,0.0004413793103448276,0.01,192965,138726,285939.21640424756
0.008975862068965518,0.0007827586206896553,0.0001,273510,273355,275936.3957597173
0.008975862068965518,0.0007827586206896553,0.0012000000000000001,250949,245869,275936.3957597173
0.008975862068965518,0.0007827586206896553,0.0023,235663,223497,275936.3957597173
0.008975862068965518,0.0007827586206896553,0.0034,224138,204661,275936.3957597173
0.008975862068965518,0.0007827586206896553,0.0045000000000000005,215400,188970,275936.3957597173
0.008975862068965518,0.0007827586206896553,0.005600000000000001,208515,175402,275936.3957597173
0.008975862068965518,0.0007827586206896553,0.0067,202838,163595,275936.3957597173
0.008975862068965518,0.0007827586206896553,0.0078000000000000005,197977,153449,275936.3957597173
0.008975862068965518,0.0007827586206896553,0.0089,194112,144445,275936.3957597173
0.008975862068965518,0.0007827586206896553,0.01,190582,136358,275936.3957597173
0.008975862068965518,0.001124137931034483,0.0001,264492,264184,266609.76442471833
0.008975862068965518,0.001124137931034483,0.0012000000000000001,244364,238435,266609.76442471833
0.008975862068965518,0.001124137931034483,0.0023,230207,217300,266609.76442471833
0.008975862068965518,0.001124137931034483,0.0034,219627,199566,266609.76442471833
0.008975862068965518,0.001124137931034483,0.0045000000000000005,211584,184498,266609.76442471833
0.008975862068965518,0.001124137931034483,0.005600000000000001,205224,171569,266609.76442471833
0.008975862068965518,0.001124137931034483,0.0067,199770,160423,266609.76442471833
0.008975862068965518,0.001124137931034483,0.0078000000000000005,195340,150557,266609.76442471833
0.008975862068965518,0.001124137931034483,0.0089,191573,141745,266609.76442471833
0.008975862068965518,0.001124137931034483,0.01,188441,134057,266609.76442471833
0.008975862068965518,0.0014655172413793106,0.0001,255798,255519,257892.99867899605
0.008975862068965518,0.0014655172413793106,0.0012000000000000001,237853,231343,257892.99867899605
0.008975862068965518,0.0014655172413793106,0.0023,224888,211507,257892.99867899605
0.008975862068965518,0.0014655172413793106,0.0034,215171,194683,257892.99867899605
0.008975862068965518,0.0014655172413793106,0.0045000000000000005,207712,180223,257892.99867899605
0.008975862068965518,0.0014655172413793106,0.005600000000000001,201594,167889,257892.99867899605
0.008975862068965518,0.0014655172413793106,0.0067,196575,157159,257892.99867899605
0.008975862068965518,0.0014655172413793106,0.0078000000000000005,192550,147701,257892.99867899605
0.008975862068965518,0.0014655172413793106,0.0089,189064,139263,257892.99867899605
0.008975862068965518,0.0014655172413793106,0.01,185981,131772,257892.99867899605
0.008975862068965518,0.0018068965517241383,0.0001,248127,247605,249728.17396866006
0.008975862068965518,0.0018068965517241383,0.0012000000000000001,231623,224863,249728.17396866006
0.008975862068965518,0.0018068965517241383,0.0023,219881,205813,249728.17396866006
0.008975862068965518,0.0018068965517241383,0.0034,210996,189976,249728.17396866006
0.008975862068965518,0.0018068965517241383,0.0045000000000000005,204108,176284,249728.17396866006
0.008975862068965518,0.0018068965517241383,0.005600000000000001,198552,164395,249728.17396866006
0.008975862068965518,0.0018068965517241383,0.0067,193754,154063,249728.17396866006
0.008975862068965518,0.0018068965517241383,0.0078000000000000005,190092,144927,249728.17396866006
0.008975862068965518,0.0018068965517241383,0.0089,186663,136904,249728.17396866006
0.008975862068965518,0.0018068965517241383,0.01,183835,129623,249728.17396866006
0.008975862068965518,0.0021482758620689655,0.0001,240568,240094,242064.4761314321
0.008975862068965518,0.0021482758620689655,0.0012000000000000001,225765,218614,242064.4761314321
0.008975862068965518,0.0021482758620689655,0.0023,214890,200739,242064.4761314321
0.008975862068965518,0.0021482758620689655,0.0034,206905,185519,242064.4761314321
0.008975862068965518,0.0021482758620689655,0.0045000000000000005,200604,172385,242064.4761314321
0.008975862068965518,0.0021482758620689655,0.005600000000000001,195337,161073,242064.4761314321
0.008975862068965518,0.0021482758620689655,0.0067,190885,151086,242064.4761314321
0.008975862068965518,0.0021482758620689655,0.0078000000000000005,187578,142410,242064.4761314321
0.008975862068965518,0.0021482758620689655,0.0089,184384,134456,242064.4761314321
0.008975862068965518,0.0021482758620689655,0.01,181682,127570,242064.4761314321
0.008975862068965518,0.0024896551724137932,0.0001,233388,232857,234857.14285714284
0.008975862068965518,0.0024896551724137932,0.0012000000000000001,220092,212741,234857.14285714284
0.008975862068965518,0.0024896551724137932,0.0023,210423,195643,234857.14285714284
0.008975862068965518,0.0024896551724137932,0.0034,203022,181282,234857.14285714284
0.008975862068965518,0.0024896551724137932,0.0045000000000000005,197030,168756,234857.14285714284
0.008975862068965518,0.0024896551724137932,0.005600000000000001,192227,157849,234857.14285714284
0.008975862068965518,0.0024896551724137932,0.0067,188317,148214,234857.14285714284
0.008975862068965518,0.0024896551724137932,0.0078000000000000005,184979,139753,234857.14285714284
0.008975862068965518,0.0024896551724137932,0.0089,182361,132281,234857.14285714284
0.008975862068965518,0.0024896551724137932,0.01,179638,125531,234857.14285714284
0.008975862068965518,0.002831034482758621,0.0001,226830,226271,228066.5887850467
0.008975862068965518,0.002831034482758621,0.0012000000000000001,214792,207121,228066.5887850467
0.008975862068965518,0.002831034482758621,0.0023,206085,190879,228066.5887850467
0.008975862068965518,0.002831034482758621,0.0034,199265,177095,228066.5887850467
0.008975862068965518,0.002831034482758621,0.0045000000000000005,194026,165133,228066.5887850467
0.008975862068965518,0.002831034482758621,0.005600000000000001,189435,154740,228066.5887850467
0.008975862068965518,0.002831034482758621,0.0067,185601,145603,228066.5887850467
0.008975862068965518,0.002831034482758621,0.0078000000000000005,182310,137351,228066.5887850467
0.008975862068965518,0.002831034482758621,0.0089,179920,130125,228066.5887850467
0.008975862068965518,0.002831034482758621,0.01,177414,123456,228066.5887850467
0.008975862068965518,0.0031724137931034486,0.0001,220605,219918,221657.67811524268
0.008975862068965518,0.0031724137931034486,0.0012000000000000001,209885,201794,221657.67811524268
0.008975862068965518,0.0031724137931034486,0.0023,201795,186373,221657.67811524268
0.008975862068965518,0.0031724137931034486,0.0034,195725,173279,221657.67811524268
0.008975862068965518,0.0031724137931034486,0.0045000000000000005,190734,161769,221657.67811524268
0.008975862068965518,0.0031724137931034486,0.005600000000000001,186506,151793,221657.67811524268
0.008975862068965518,0.0031724137931034486,0.0067,183192,142994,221657.67811524268
0.008975862068965518,0.0031724137931034486,0.0078000000000000005,180246,135098,221657.67811524268
0.008975862068965518,0.0031724137931034486,0.0089,177644,127990,221657.67811524268
0.008975862068965518,0.0031724137931034486,0.01,175493,121672,221657.67811524268
0.008975862068965518,0.0035137931034482763,0.0001,214716,213989,215599.11651021536
0.008975862068965518,0.0035137931034482763,0.0012000000000000001,205043,196699,215599.11651021536
0.008975862068965518,0.0035137931034482763,0.0023,197829,182110,215599.11651021536
0.008975862068965518,0.0035137931034482763,0.0034,192205,169497,215599.11651021536
0.008975862068965518,0.0035137931034482763,0.0045000000000000005,187504,158559,215599.11651021536
0.008975862068965518,0.0035137931034482763,0.005600000000000001,183865,148961,215599.11651021536
0.008975862068965518,0.0035137931034482763,0.0067,180486,140364,215599.11651021536
0.008975862068965518,0.0035137931034482763,0.0078000000000000005,177900,132748,215599.11651021536
0.008975862068965518,0.0035137931034482763,0.0089,175058,125880,215599.11651021536
0.008975862068965518,0.0035137931034482763,0.01,173470,119768,215599.11651021536
0.008975862068965518,0.003855172413793104,0.0001,208919,208414,209862.9400698737
0.008975862068965518,0.003855172413793104,0.0012000000000000001,200446,192015,209862.9400698737
0.008975862068965518,0.003855172413793104,0.0023,193924,178073,209862.9400698737
0.008975862068965518,0.003855172413793104,0.0034,188869,166024,209862.9400698737
0.008975862068965518,0.003855172413793104,0.0045000000000000005,184571,155507,209862.9400698737
0.008975862068965518,0.003855172413793104,0.005600000000000001,181040,146208,209862.9400698737
0.008975862068965518,0.003855172413793104,0.0067,178126,137929,209862.9400698737
0.008975862068965518,0.003855172413793104,0.0078000000000000005,175726,130609,209862.9400698737
0.008975862068965518,0.003855172413793104,0.0089,173220,123884,209862.9400698737
0.008975862068965518,0.003855172413793104,0.01,171172,118031,209862.9400698737
0.008975862068965518,0.004196551724137932,0.0001,203720,202872,204424.08376963352
0.008975862068965518,0.004196551724137932,0.0012000000000000001,196009,187468,204424.08376963352
0.008975862068965518,0.004196551724137932,0.0023,190170,174061,204424.08376963352
0.008975862068965518,0.004196551724137932,0.0034,185485,162562,204424.08376963352
0.008975862068965518,0.004196551724137932,0.0045000000000000005,181743,152415,204424.08376963352
0.008975862068965518,0.004196551724137932,0.005600000000000001,178198,143422,204424.08376963352
0.008975862068965518,0.004196551724137932,0.0067,175835,135538,204424.08376963352
0.008975862068965518,0.004196551724137932,0.0078000000000000005,173119,128455,204424.08376963352
0.008975862068965518,0.004196551724137932,0.0089,171126,122037,204424.08376963352
0.008975862068965518,0.004196551724137932,0.01,169297,116192,204424.08376963352
0.008975862068965518,0.00453793103448276,0.0001,198568,197929,199260.01531002804
0.008975862068965518,0.00453793103448276,0.0012000000000000001,191848,183029,199260.01531002804
0.008975862068965518,0.00453793103448276,0.0023,186493,170375,199260.01531002804
0.008975862068965518,0.00453793103448276,0.0034,182413,159237,199260.01531002804
0.008975862068965518,0.00453793103448276,0.0045000000000000005,178908,149506,199260.01531002804
0.008975862068965518,0.00453793103448276,0.005600000000000001,175484,140885,199260.01531002804
0.008975862068965518,0.00453793103448276,0.0067,173253,133267,199260.01531002804
0.008975862068965518,0.00453793103448276,0.0078000000000000005,170857,126336,199260.01531002804
0.008975862068965518,0.00453793103448276,0.0089,169219,120105,199260.01531002804
0.008975862068965518,0.00453793103448276,0.01,167377,114607,199260.01531002804
0.008975862068965518,0.004879310344827587,0.0001,193743,193084,194350.4230960677
0.008975862068965518,0.004879310344827587,0.0012000000000000001,187686,178858,194350.4230960677
0.008975862068965518,0.004879310344827587,0.0023,182907,166672,194350.4230960677
0.008975862068965518,0.004879310344827587,0.0034,179271,156051,194350.4230960677
0.008975862068965518,0.004879310344827587,0.0045000000000000005,175919,146681,194350.4230960677
0.008975862068965518,0.004879310344827587,0.005600000000000001,173088,138513,194350.4230960677
0.008975862068965518,0.004879310344827587,0.0067,170576,131044,194350.4230960677
0.008975862068965518,0.004879310344827587,0.0078000000000000005,168605,124464,194350.4230960677
0.008975862068965518,0.004879310344827587,0.0089,166941,118423,194350.4230960677
0.008975862068965518,0.004879310344827587,0.01,165421,112918,194350.4230960677
0.008975862068965518,0.005220689655172415,0.0001,189148,188466,189676.94923487975
0.008975862068965518,0.005220689655172415,0.0012000000000000001,183817,174998,189676.94923487975
0.008975862068965518,0.005220689655172415,0.0023,179681,163263,189676.94923487975
0.008975862068965518,0.005220689655172415,0.0034,176313,153030,189676.94923487975
0.008975862068965518,0.005220689655172415,0.0045000000000000005,173148,144104,189676.94923487975
0.008975862068965518,0.005220689655172415,0.005600000000000001,170832,136005,189676.94923487975
0.008975862068965518,0.005220689655172415,0.0067,168137,128889,189676.94923487975
0.008975862068965518,0.005220689655172415,0.0078000000000000005,166693,122490,189676.94923487975
0.008975862068965518,0.005220689655172415,0.0089,164969,116677,189676.94923487975
0.008975862068965518,0.005220689655172415,0.01,164086,111339,189676.94923487975
0.008975862068965518,0.005562068965517242,0.0001,184763,184078,185222.96015180266
0.008975862068965518,0.005562068965517242,0.0012000000000000001,179898,171106,185222.96015180266
0.008975862068965518,0.005562068965517242,0.0023,176309,160012,185222.96015180266
0.008975862068965518,0.005562068965517242,0.0034,173327,150185,185222.96015180266
0.008975862068965518,0.005562068965517242,0.0045000000000000005,170772,141479,185222.96015180266
0.008975862068965518,0.005562068965517242,0.005600000000000001,168246,133690,185222.96015180266
0.008975862068965518,0.005562068965517242,0.0067,166693,126793,185222.96015180266
0.008975862068965518,0.005562068965517242,0.0078000000000000005,164579,120588,185222.96015180266
0.008975862068965518,0.005562068965517242,0.0089,163268,114962,185222.96015180266
0.008975862068965518,0.005562068965517242,0.01,161839,109706,185222.96015180266
0.008975862068965518,0.00590344827586207,0.0001,180593,179891,180973.34878331402
0.008975862068965518,0.00590344827586207,0.0012000000000000001,176437,167583,180973.34878331402
0.008975862068965518,0.00590344827586207,0.0023,172903,156859,180973.34878331402
0.008975862068965518,0.00590344827586207,0.0034,170341,147414,180973.34878331402
0.008975862068965518,0.00590344827586207,0.0045000000000000005,167633,139046,180973.34878331402
0.008975862068965518,0.00590344827586207,0.005600000000000001,166034,131468,180973.34878331402
0.008975862068965518,0.00590344827586207,0.0067,163995,124875,180973.34878331402
0.008975862068965518,0.00590344827586207,0.0078000000000000005,162953,118774,180973.34878331402
0.008975862068965518,0.00590344827586207,0.0089,161570,113320,180973.34878331402
0.008975862068965518,0.00590344827586207,0.01,160681,108312,180973.34878331402
0.008975862068965518,0.006244827586206898,0.0001,176612,175762,176914.36338921613
0.008975862068965518,0.006244827586206898,0.0012000000000000001,172822,164117,176914.36338921613
0.008975862068965518,0.006244827586206898,0.0023,169926,153799,176914.36338921613
0.008975862068965518,0.006244827586206898,0.0034,167603,144711,176914.36338921613
0.008975862068965518,0.006244827586206898,0.0045000000000000005,165593,136650,176914.36338921613
0.008975862068965518,0.006244827586206898,0.005600000000000001,163204,129338,176914.36338921613
0.008975862068965518,0.006244827586206898,0.0067,161344,122827,176914.36338921613
0.008975862068965518,0.006244827586206898,0.0078000000000000005,160005,116958,176914.36338921613
0.008975862068965518,0.006244827586206898,0.0089,159665,111605,176914.36338921613
0.008975862068965518,0.006244827586206898,0.01,158912,106811,176914.36338921613
0.008975862068965518,0.006586206896551725,0.0001,172735,172047,173033.45889652116
0.008975862068965518,0.006586206896551725,0.0012000000000000001,169426,160731,173033.45889652116
0.008975862068965518,0.006586206896551725,0.0023,166609,150861,173033.45889652116
0.008975862068965518,0.006586206896551725,0.0034,164508,141993,173033.45889652116
0.008975862068965518,0.006586206896551725,0.0045000000000000005,163050,134263,173033.45889652116
0.008975862068965518,0.006586206896551725,0.005600000000000001,161381,127342,173033.45889652116
0.008975862068965518,0.006586206896551725,0.0067,159500,121057,173033.45889652116
0.008975862068965518,0.006586206896551725,0.0078000000000000005,158690,115219,173033.45889652116
0.008975862068965518,0.006586206896551725,0.0089,158111,110161,173033.45889652116
0.008975862068965518,0.006586206896551725,0.01,157043,105374,173033.45889652116
0.008975862068965518,0.006927586206896553,0.0001,169120,168257,169319.1673894189
0.008975862068965518,0.006927586206896553,0.0012000000000000001,166321,157433,169319.1673894189
0.008975862068965518,0.006927586206896553,0.0023,164272,147954,169319.1673894189
0.008975862068965518,0.006927586206896553,0.0034,162104,139550,169319.1673894189
0.008975862068965518,0.006927586206896553,0.0045000000000000005,160787,132054,169319.1673894189
0.008975862068965518,0.006927586206896553,0.005600000000000001,159772,125276,169319.1673894189
0.008975862068965518,0.006927586206896553,0.0067,157833,119217,169319.1673894189
0.008975862068965518,0.006927586206896553,0.0078000000000000005,156098,113663,169319.1673894189
0.008975862068965518,0.006927586206896553,0.0089,155924,108641,169319.1673894189
0.008975862068965518,0.006927586206896553,0.01,154159,104029,169319.1673894189
0.008975862068965518,0.00726896551724138,0.0001,165546,164792,165760.98492888984
0.008975862068965518,0.00726896551724138,0.0012000000000000001,163372,154367,165760.98492888984
0.008975862068965518,0.00726896551724138,0.0023,161170,145178,165760.98492888984
0.008975862068965518,0.00726896551724138,0.0034,159714,137182,165760.98492888984
0.008975862068965518,0.00726896551724138,0.0045000000000000005,158277,129865,165760.98492888984
0.008975862068965518,0.00726896551724138,0.005600000000000001,157361,123238,165760.98492888984
0.008975862068965518,0.00726896551724138,0.0067,156651,117399,165760.98492888984
0.008975862068965518,0.00726896551724138,0.0078000000000000005,155363,112051,165760.98492888984
0.008975862068965518,0.00726896551724138,0.0089,153806,107129,165760.98492888984
0.008975862068965518,0.00726896551724138,0.01,153133,102637,165760.98492888984
0.008975862068965518,0.0076103448275862086,0.0001,162077,161466,162349.27234927233
0.008975862068965518,0.0076103448275862086,0.0012000000000000001,159675,151400,162349.27234927233
0.008975862068965518,0.0076103448275862086,0.0023,158990,142664,162349.27234927233
0.008975862068965518,0.0076103448275862086,0.0034,156877,134825,162349.27234927233
0.008975862068965518,0.0076103448275862086,0.0045000000000000005,157189,127805,162349.27234927233
0.008975862068965518,0.0076103448275862086,0.005600000000000001,155182,121456,162349.27234927233
0.008975862068965518,0.0076103448275862086,0.0067,154689,115714,162349.27234927233
0.008975862068965518,0.0076103448275862086,0.0078000000000000005,153133,110416,162349.27234927233
0.008975862068965518,0.0076103448275862086,0.0089,152992,105715,162349.27234927233
0.008975862068965518,0.0076103448275862086,0.01,152602,101246,162349.27234927233
0.008975862068965518,0.007951724137931035,0.0001,158898,158279,159075.16805866777
0.008975862068965518,0.007951724137931035,0.0012000000000000001,157218,148615,159075.16805866777
0.008975862068965518,0.007951724137931035,0.0023,156069,140103,159075.16805866777
0.008975862068965518,0.007951724137931035,0.0034,154885,132527,159075.16805866777
0.008975862068965518,0.007951724137931035,0.0045000000000000005,154376,125682,159075.16805866777
0.008975862068965518,0.007951724137931035,0.005600000000000001,152199,119620,159075.16805866777
0.008975862068965518,0.007951724137931035,0.0067,152381,114060,159075.16805866777
0.008975862068965518,0.007951724137931035,0.0078000000000000005,152000,108965,159075.16805866777
0.008975862068965518,0.007951724137931035,0.0089,151846,104273,159075.16805866777
0.008975862068965518,0.007951724137931035,0.01,149999,100011,159075.16805866777
0.008975862068965518,0.008293103448275862,0.0001,155779,155105,155930.51118210863
0.008975862068965518,0.008293103448275862,0.0012000000000000001,153680,145861,155930.51118210863
0.008975862068965518,0.008293103448275862,0.0023,153741,137655,155930.51118210863
0.008975862068965518,0.008293103448275862,0.0034,152363,130384,155930.51118210863
0.008975862068965518,0.008293103448275862,0.0045000000000000005,152003,123678,155930.51118210863
0.008975862068965518,0.008293103448275862,0.005600000000000001,150921,117839,155930.51118210863
0.008975862068965518,0.008293103448275862,0.0067,150312,112337,155930.51118210863
0.008975862068965518,0.008293103448275862,0.0078000000000000005,150288,107454,155930.51118210863
0.008975862068965518,0.008293103448275862,0.0089,148953,102979,155930.51118210863
0.008975862068965518,0.008293103448275862,0.01,149278,98790,155930.51118210863
0.008975862068965518,0.00863448275862069,0.0001,152764,152171,152907.77364401805
0.008975862068965518,0.00863448275862069,0.0012000000000000001,151432,143191,152907.77364401805
0.008975862068965518,0.00863448275862069,0.0023,151198,135353,152907.77364401805
0.008975862068965518,0.00863448275862069,0.0034,150356,128215,152907.77364401805
0.008975862068965518,0.00863448275862069,0.0045000000000000005,149858,121868,152907.77364401805
0.008975862068965518,0.00863448275862069,0.005600000000000001,148757,115982,152907.77364401805
0.008975862068965518,0.00863448275862069,0.0067,147889,110844,152907.77364401805
0.008975862068965518,0.00863448275862069,0.0078000000000000005,147571,106023,152907.77364401805
0.008975862068965518,0.00863448275862069,0.0089,147506,101663,152907.77364401805
0.008975862068965518,0.00863448275862069,0.01,145973,97557,152907.77364401805
0.008975862068965518,0.008975862068965518,0.0001,149866,149272,150000.0
0.008975862068965518,0.008975862068965518,0.0012000000000000001,149014,140722,150000.0
0.008975862068965518,0.008975862068965518,0.0023,148544,132940,150000.0
0.008975862068965518,0.008975862068965518,0.0034,147123,126142,150000.0
0.008975862068965518,0.008975862068965518,0.0045000000000000005,147603,119902,150000.0
0.008975862068965518,0.008975862068965518,0.005600000000000001,146422,114301,150000.0
0.008975862068965518,0.008975862068965518,0.0067,146956,109308,150000.0
0.008975862068965518,0.008975862068965518,0.0078000000000000005,145427,104630,150000.0
0.008975862068965518,0.008975862068965518,0.0089,144583,100328,150000.0
0.008975862068965518,0.008975862068965518,0.01,145884,96312,150000.0
0.008975862068965518,0.009317241379310346,0.0001,147151,146418,147200.75400565504
0.008975862068965518,0.009317241379310346,0.0012000000000000001,145473,138182,147200.75400565504
0.008975862068965518,0.009317241379310346,0.0023,144044,130851,147200.75400565504
0.008975862068965518,0.009317241379310346,0.0034,145087,124117,147200.75400565504
0.008975862068965518,0.009317241379310346,0.0045000000000000005,144511,118233,147200.75400565504
0.008975862068965518,0.009317241379310346,0.005600000000000001,143841,112763,147200.75400565504
0.008975862068965518,0.009317241379310346,0.0067,143254,107747,147200.75400565504
0.008975862068965518,0.009317241379310346,0.0078000000000000005,142408,103215,147200.75400565504
0.008975862068965518,0.009317241379310346,0.0089,142269,99040,147200.75400565504
0.008975862068965518,0.009317241379310346,0.01,138988,95239,147200.75400565504
0.008975862068965518,0.009658620689655173,0.0001,144495,143705,144504.0710584752
0.008975862068965518,0.009658620689655173,0.0012000000000000001,143062,135828,144504.0710584752
0.008975862068965518,0.009658620689655173,0.0023,142665,128620,144504.0710584752
0.008975862068965518,0.009658620689655173,0.0034,139785,122253,144504.0710584752
0.008975862068965518,0.009658620689655173,0.0045000000000000005,142304,116436,144504.0710584752
0.008975862068965518,0.009658620689655173,0.005600000000000001,138630,111201,144504.0710584752
0.008975862068965518,0.009658620689655173,0.0067,140210,106366,144504.0710584752
0.008975862068965518,0.009658620689655173,0.0078000000000000005,139589,101949,144504.0710584752
0.008975862068965518,0.009658620689655173,0.0089,138579,97822,144504.0710584752
0.008975862068965518,0.009658620689655173,0.01,137425,94028,144504.0710584752
0.008975862068965518,0.01,0.0001,141842,141249,141904.4157732146
0.008975862068965518,0.01,0.0012000000000000001,139938,133503,141904.4157732146
0.008975862068965518,0.01,0.0023,138774,126573,141904.4157732146
0.008975862068965518,0.01,0.0034,137486,120334,141904.4157732146
0.008975862068965518,0.01,0.0045000000000000005,135784,114792,141904.4157732146
0.008975862068965518,0.01,0.005600000000000001,138489,109654,141904.4157732146
0.008975862068965518,0.01,0.0067,134519,104956,141904.4157732146
0.008975862068965518,0.01,0.0078000000000000005,138595,100630,141904.4157732146
0.008975862068965518,0.01,0.0089,137085,96563,141904.4157732146
0.008975862068965518,0.01,0.01,135970,92960,141904.4157732146
0.009317241379310346,0.0001,0.0001,293656,293656,296814.35371658736
0.009317241379310346,0.0001,0.0012000000000000001,267039,263239,296814.35371658736
0.009317241379310346,0.0001,0.0023,248607,238561,296814.35371658736
0.009317241379310346,0.0001,0.0034,235194,218126,296814.35371658736
0.009317241379310346,0.0001,0.0045000000000000005,225031,200850,296814.35371658736
0.009317241379310346,0.0001,0.005600000000000001,216854,186154,296814.35371658736
0.009317241379310346,0.0001,0.0067,210341,173491,296814.35371658736
0.009317241379310346,0.0001,0.0078000000000000005,204908,162379,296814.35371658736
0.009317241379310346,0.0001,0.0089,200378,152662,296814.35371658736
0.009317241379310346,0.0001,0.01,196602,144045,296814.35371658736
0.009317241379310346,0.0004413793103448276,0.0001,283721,283471,286431.09540636046
0.009317241379310346,0.0004413793103448276,0.0012000000000000001,259559,255242,286431.09540636046
0.009317241379310346,0.0004413793103448276,0.0023,242731,231925,286431.09540636046
0.009317241379310346,0.0004413793103448276,0.0034,230348,212422,286431.09540636046
0.009317241379310346,0.0004413793103448276,0.0045000000000000005,220863,196133,286431.09540636046
0.009317241379310346,0.0004413793103448276,0.005600000000000001,213460,182108,286431.09540636046
0.009317241379310346,0.0004413793103448276,0.0067,207095,169843,286431.09540636046
0.009317241379310346,0.0004413793103448276,0.0078000000000000005,202172,159221,286431.09540636046
0.009317241379310346,0.0004413793103448276,0.0089,197574,149885,286431.09540636046
0.009317241379310346,0.0004413793103448276,0.01,194185,141585,286431.09540636046
0.009317241379310346,0.0007827586206896553,0.0001,274466,274200,276749.74393991125
0.009317241379310346,0.0007827586206896553,0.0012000000000000001,252623,247363,276749.74393991125
0.009317241379310346,0.0007827586206896553,0.0023,237135,225441,276749.74393991125
0.009317241379310346,0.0007827586206896553,0.0034,225674,207138,276749.74393991125
0.009317241379310346,0.0007827586206896553,0.0045000000000000005,216969,191560,276749.74393991125
0.009317241379310346,0.0007827586206896553,0.005600000000000001,209786,178035,276749.74393991125
0.009317241379310346,0.0007827586206896553,0.0067,204159,166368,276749.74393991125
0.009317241379310346,0.0007827586206896553,0.0078000000000000005,199518,156281,276749.74393991125
0.009317241379310346,0.0007827586206896553,0.0089,195382,147233,276749.74393991125
0.009317241379310346,0.0007827586206896553,0.01,191865,139078,276749.74393991125
0.009317241379310346,0.001124137931034483,0.0001,265682,265352,267701.4531043593
0.009317241379310346,0.001124137931034483,0.0012000000000000001,245763,240098,267701.4531043593
0.009317241379310346,0.001124137931034483,0.0023,231680,219469,267701.4531043593
0.009317241379310346,0.001124137931034483,0.0034,221220,201992,267701.4531043593
0.009317241379310346,0.001124137931034483,0.0045000000000000005,213020,187111,267701.4531043593
0.009317241379310346,0.001124137931034483,0.005600000000000001,206622,174268,267701.4531043593
0.009317241379310346,0.001124137931034483,0.0067,201100,163178,267701.4531043593
0.009317241379310346,0.001124137931034483,0.0078000000000000005,196873,153298,267701.4531043593
0.009317241379310346,0.001124137931034483,0.0089,193046,144556,267701.4531043593
0.009317241379310346,0.001124137931034483,0.01,189718,136843,267701.4531043593
0.009317241379310346,0.0014655172413793106,0.0001,257386,257045,259226.0952990086
0.009317241379310346,0.0014655172413793106,0.0012000000000000001,239371,233394,259226.0952990086
0.009317241379310346,0.0014655172413793106,0.0023,226488,213723,259226.0952990086
0.009317241379310346,0.0014655172413793106,0.0034,216888,197217,259226.0952990086
0.009317241379310346,0.0014655172413793106,0.0045000000000000005,209343,183035,259226.0952990086
0.009317241379310346,0.0014655172413793106,0.005600000000000001,203295,170712,259226.0952990086
0.009317241379310346,0.0014655172413793106,0.0067,198277,159943,259226.0952990086
0.009317241379310346,0.0014655172413793106,0.0078000000000000005,194083,150461,259226.0952990086
0.009317241379310346,0.0014655172413793106,0.0089,190624,142061,259226.0952990086
0.009317241379310346,0.0014655172413793106,0.01,187065,134530,259226.0952990086
0.009317241379310346,0.0018068965517241383,0.0001,249669,248977,251270.9237445753
0.009317241379310346,0.0018068965517241383,0.0012000000000000001,233297,226840,251270.9237445753
0.009317241379310346,0.0018068965517241383,0.0023,221582,208206,251270.9237445753
0.009317241379310346,0.0018068965517241383,0.0034,212774,192574,251270.9237445753
0.009317241379310346,0.0018068965517241383,0.0045000000000000005,205612,178969,251270.9237445753
0.009317241379310346,0.0018068965517241383,0.005600000000000001,200031,167174,251270.9237445753
0.009317241379310346,0.0018068965517241383,0.0067,195553,156824,251270.9237445753
0.009317241379310346,0.0018068965517241383,0.0078000000000000005,191476,147680,251270.9237445753
0.009317241379310346,0.0018068965517241383,0.0089,188123,139694,251270.9237445753
0.009317241379310346,0.0018068965517241383,0.01,185208,132426,251270.9237445753
0.009317241379310346,0.0021482758620689655,0.0001,242250,241601,243789.4736842105
0.009317241379310346,0.0021482758620689655,0.0012000000000000001,227579,220862,243789.4736842105
0.009317241379310346,0.0021482758620689655,0.0023,216906,203210,243789.4736842105
0.009317241379310346,0.0021482758620689655,0.0034,208673,188084,243789.4736842105
0.009317241379310346,0.0021482758620689655,0.0045000000000000005,202190,175162,243789.4736842105
0.009317241379310346,0.0021482758620689655,0.005600000000000001,197132,163777,243789.4736842105
0.009317241379310346,0.0021482758620689655,0.0067,192615,153852,243789.4736842105
0.009317241379310346,0.0021482758620689655,0.0078000000000000005,188898,145070,243789.4736842105
0.009317241379310346,0.0021482758620689655,0.0089,185786,137305,243789.4736842105
0.009317241379310346,0.0021482758620689655,0.01,183010,130243,243789.4736842105
0.009317241379310346,0.0024896551724137932,0.0001,235440,234886,236740.65420560748
0.009317241379310346,0.0024896551724137932,0.0012000000000000001,222152,215053,236740.65420560748
0.009317241379310346,0.0024896551724137932,0.0023,212312,198234,236740.65420560748
0.009317241379310346,0.0024896551724137932,0.0034,204902,183920,236740.65420560748
0.009317241379310346,0.0024896551724137932,0.0045000000000000005,198834,171406,236740.65420560748
0.009317241379310346,0.0024896551724137932,0.005600000000000001,193933,160605,236740.65420560748
0.009317241379310346,0.0024896551724137932,0.0067,189907,151069,236740.65420560748
0.009317241379310346,0.0024896551724137932,0.0078000000000000005,186375,142625,236740.65420560748
0.009317241379310346,0.0024896551724137932,0.0089,183701,135087,236740.65420560748
0.009317241379310346,0.0024896551724137932,0.01,180959,128205,236740.65420560748
0.009317241379310346,0.002831034482758621,0.0001,228816,228251,230087.9931876242
0.009317241379310346,0.002831034482758621,0.0012000000000000001,216936,209424,230087.9931876242
0.009317241379310346,0.002831034482758621,0.0023,207959,193594,230087.9931876242
0.009317241379310346,0.002831034482758621,0.0034,201107,179886,230087.9931876242
0.009317241379310346,0.002831034482758621,0.0045000000000000005,195511,168031,230087.9931876242
0.009317241379310346,0.002831034482758621,0.005600000000000001,191153,157617,230087.9931876242
0.009317241379310346,0.002831034482758621,0.0067,187219,148377,230087.9931876242
0.009317241379310346,0.002831034482758621,0.0078000000000000005,184143,140143,230087.9931876242
0.009317241379310346,0.002831034482758621,0.0089,181176,132846,230087.9931876242
0.009317241379310346,0.002831034482758621,0.01,178765,126296,230087.9931876242
0.009317241379310346,0.0031724137931034486,0.0001,222672,222214,223799.00607399226
0.009317241379310346,0.0031724137931034486,0.0012000000000000001,211910,204289,223799.00607399226
0.009317241379310346,0.0031724137931034486,0.0023,203858,189007,223799.00607399226
0.009317241379310346,0.0031724137931034486,0.0034,197584,175947,223799.00607399226
0.009317241379310346,0.0031724137931034486,0.0045000000000000005,192593,164546,223799.00607399226
0.009317241379310346,0.0031724137931034486,0.005600000000000001,188012,154576,223799.00607399226
0.009317241379310346,0.0031724137931034486,0.0067,184601,145702,223799.00607399226
0.009317241379310346,0.0031724137931034486,0.0078000000000000005,181825,137816,223799.00607399226
0.009317241379310346,0.0031724137931034486,0.0089,179152,130695,223799.00607399226
0.009317241379310346,0.0031724137931034486,0.01,177064,124268,223799.00607399226
0.009317241379310346,0.0035137931034482763,0.0001,216856,216335,217844.66541252355
0.009317241379310346,0.0035137931034482763,0.0012000000000000001,207216,199212,217844.66541252355
0.009317241379310346,0.0035137931034482763,0.0023,199767,184768,217844.66541252355
0.009317241379310346,0.0035137931034482763,0.0034,193811,172228,217844.66541252355
0.009317241379310346,0.0035137931034482763,0.0045000000000000005,189293,161372,217844.66541252355
0.009317241379310346,0.0035137931034482763,0.005600000000000001,185332,151784,217844.66541252355
0.009317241379310346,0.0035137931034482763,0.0067,181929,143161,217844.66541252355
0.009317241379310346,0.0035137931034482763,0.0078000000000000005,179390,135541,217844.66541252355
0.009317241379310346,0.0035137931034482763,0.0089,176714,128602,217844.66541252355
0.009317241379310346,0.0035137931034482763,0.01,174692,122507,217844.66541252355
0.009317241379310346,0.003855172413793104,0.0001,211265,210731,212198.95287958116
0.009317241379310346,0.003855172413793104,0.0012000000000000001,202626,194565,212198.95287958116
0.009317241379310346,0.003855172413793104,0.0023,195977,180731,212198.95287958116
0.009317241379310346,0.003855172413793104,0.0034,190478,168717,212198.95287958116
0.009317241379310346,0.003855172413793104,0.0045000000000000005,186384,158172,212198.95287958116
0.009317241379310346,0.003855172413793104,0.005600000000000001,182904,148944,212198.95287958116
0.009317241379310346,0.003855172413793104,0.0067,179853,140754,212198.95287958116
0.009317241379310346,0.003855172413793104,0.0078000000000000005,177092,133238,212198.95287958116
0.009317241379310346,0.003855172413793104,0.0089,174773,126739,212198.95287958116
0.009317241379310346,0.003855172413793104,0.01,172967,120589,212198.95287958116
0.009317241379310346,0.004196551724137932,0.0001,206138,205314,206838.47920387858
0.009317241379310346,0.004196551724137932,0.0012000000000000001,198248,190101,206838.47920387858
0.009317241379310346,0.004196551724137932,0.0023,192125,176867,206838.47920387858
0.009317241379310346,0.004196551724137932,0.0034,187547,165387,206838.47920387858
0.009317241379310346,0.004196551724137932,0.0045000000000000005,183420,155248,206838.47920387858
0.009317241379310346,0.004196551724137932,0.005600000000000001,180113,146231,206838.47920387858
0.009317241379310346,0.004196551724137932,0.0067,177408,138353,206838.47920387858
0.009317241379310346,0.004196551724137932,0.0078000000000000005,175029,131159,206838.47920387858
0.009317241379310346,0.004196551724137932,0.0089,172732,124803,206838.47920387858
0.009317241379310346,0.004196551724137932,0.01,170543,118915,206838.47920387858
0.009317241379310346,0.00453793103448276,0.0001,201035,200412,201742.16027874564
0.009317241379310346,0.00453793103448276,0.0012000000000000001,194042,185796,201742.16027874564
0.009317241379310346,0.00453793103448276,0.0023,188631,173021,201742.16027874564
0.009317241379310346,0.00453793103448276,0.0034,184331,162001,201742.16027874564
0.009317241379310346,0.00453793103448276,0.0045000000000000005,180599,152407,201742.16027874564
0.009317241379310346,0.00453793103448276,0.005600000000000001,177528,143732,201742.16027874564
0.009317241379310346,0.00453793103448276,0.0067,174966,135956,201742.16027874564
0.009317241379310346,0.00453793103448276,0.0078000000000000005,172247,129168,201742.16027874564
0.009317241379310346,0.00453793103448276,0.0089,170820,122867,201742.16027874564
0.009317241379310346,0.00453793103448276,0.01,168609,117233,201742.16027874564
0.009317241379310346,0.004879310344827587,0.0001,196274,195585,196890.9400048579
0.009317241379310346,0.004879310344827587,0.0012000000000000001,189792,181558,196890.9400048579
0.009317241379310346,0.004879310344827587,0.0023,185073,169570,196890.9400048579
0.009317241379310346,0.004879310344827587,0.0034,181229,158930,196890.9400048579
0.009317241379310346,0.004879310344827587,0.0045000000000000005,177931,149521,196890.9400048579
0.009317241379310346,0.004879310344827587,0.005600000000000001,174796,141315,196890.9400048579
0.009317241379310346,0.004879310344827587,0.0067,172715,133733,196890.9400048579
0.009317241379310346,0.004879310344827587,0.0078000000000000005,170232,127108,196890.9400048579
0.009317241379310346,0.004879310344827587,0.0089,168938,121097,196890.9400048579
0.009317241379310346,0.004879310344827587,0.01,166202,115615,196890.9400048579
0.009317241379310346,0.005220689655172415,0.0001,191727,191031,192267.55218216317
0.009317241379310346,0.005220689655172415,0.0012000000000000001,186105,177714,192267.55218216317
0.009317241379310346,0.005220689655172415,0.0023,181622,166084,192267.55218216317
0.009317241379310346,0.005220689655172415,0.0034,178205,155957,192267.55218216317
0.009317241379310346,0.005220689655172415,0.0045000000000000005,175250,146798,192267.55218216317
0.009317241379310346,0.005220689655172415,0.005600000000000001,172389,138838,192267.55218216317
0.009317241379310346,0.005220689655172415,0.0067,170344,131592,192267.55218216317
0.009317241379310346,0.005220689655172415,0.0078000000000000005,168552,125186,192267.55218216317
0.009317241379310346,0.005220689655172415,0.0089,166519,119299,192267.55218216317
0.009317241379310346,0.005220689655172415,0.01,164823,113984,192267.55218216317
0.009317241379310346,0.005562068965517242,0.0001,187372,186701,187856.315179606
0.009317241379310346,0.005562068965517242,0.0012000000000000001,182370,173833,187856.315179606
0.009317241379310346,0.005562068965517242,0.0023,178275,162740,187856.315179606
0.009317241379310346,0.005562068965517242,0.0034,175105,153047,187856.315179606
0.009317241379310346,0.005562068965517242,0.0045000000000000005,172545,144351,187856.315179606
0.009317241379310346,0.005562068965517242,0.005600000000000001,169975,136472,187856.315179606
0.009317241379310346,0.005562068965517242,0.0067,168151,129616,187856.315179606
0.009317241379310346,0.005562068965517242,0.0078000000000000005,166179,123331,187856.315179606
0.009317241379310346,0.005562068965517242,0.0089,164563,117635,187856.315179606
0.009317241379310346,0.005562068965517242,0.01,163096,112432,187856.315179606
0.009317241379310346,0.00590344827586207,0.0001,183272,182537,183642.9542365202
0.009317241379310346,0.00590344827586207,0.0012000000000000001,178944,170220,183642.9542365202
0.009317241379310346,0.00590344827586207,0.0023,175060,159555,183642.9542365202
0.009317241379310346,0.00590344827586207,0.0034,172207,150237,183642.9542365202
0.009317241379310346,0.00590344827586207,0.0045000000000000005,169920,141778,183642.9542365202
0.009317241379310346,0.00590344827586207,0.005600000000000001,167811,134291,183642.9542365202
0.009317241379310346,0.00590344827586207,0.0067,165870,127584,183642.9542365202
0.009317241379310346,0.00590344827586207,0.0078000000000000005,164160,121512,183642.9542365202
0.009317241379310346,0.00590344827586207,0.0089,162545,115886,183642.9542365202
0.009317241379310346,0.00590344827586207,0.01,161752,110912,183642.9542365202
0.009317241379310346,0.006244827586206898,0.0001,179277,178496,179614.4471526701
0.009317241379310346,0.006244827586206898,0.0012000000000000001,175128,166769,179614.4471526701
0.009317241379310346,0.006244827586206898,0.0023,172329,156478,179614.4471526701
0.009317241379310346,0.006244827586206898,0.0034,169438,147453,179614.4471526701
0.009317241379310346,0.006244827586206898,0.0045000000000000005,166898,139439,179614.4471526701
0.009317241379310346,0.006244827586206898,0.005600000000000001,164907,132192,179614.4471526701
0.009317241379310346,0.006244827586206898,0.0067,163773,125523,179614.4471526701
0.009317241379310346,0.006244827586206898,0.0078000000000000005,162252,119673,179614.4471526701
0.009317241379310346,0.006244827586206898,0.0089,161046,114253,179614.4471526701
0.009317241379310346,0.006244827586206898,0.01,159696,109411,179614.4471526701
0.009317241379310346,0.006586206896551725,0.0001,175476,174660,175758.8898525585
0.009317241379310346,0.006586206896551725,0.0012000000000000001,171932,163519,175758.8898525585
0.009317241379310346,0.006586206896551725,0.0023,169183,153557,175758.8898525585
0.009317241379310346,0.006586206896551725,0.0034,166782,144796,175758.8898525585
0.009317241379310346,0.006586206896551725,0.0045000000000000005,165247,137086,175758.8898525585
0.009317241379310346,0.006586206896551725,0.005600000000000001,163149,129992,175758.8898525585
0.009317241379310346,0.006586206896551725,0.0067,161596,123627,175758.8898525585
0.009317241379310346,0.006586206896551725,0.0078000000000000005,160275,117989,175758.8898525585
0.009317241379310346,0.006586206896551725,0.0089,159185,112776,175758.8898525585
0.009317241379310346,0.006586206896551725,0.01,158378,107890,175758.8898525585
0.009317241379310346,0.006927586206896553,0.0001,171814,171031,172065.37890044576
0.009317241379310346,0.006927586206896553,0.0012000000000000001,168476,160340,172065.37890044576
0.009317241379310346,0.006927586206896553,0.0023,166551,150699,172065.37890044576
0.009317241379310346,0.006927586206896553,0.0034,164520,142346,172065.37890044576
0.009317241379310346,0.006927586206896553,0.0045000000000000005,162558,134748,172065.37890044576
0.009317241379310346,0.006927586206896553,0.005600000000000001,160988,128039,172065.37890044576
0.009317241379310346,0.006927586206896553,0.0067,159731,121895,172065.37890044576
0.009317241379310346,0.006927586206896553,0.0078000000000000005,158364,116248,172065.37890044576
0.009317241379310346,0.006927586206896553,0.0089,157198,111193,172065.37890044576
0.009317241379310346,0.006927586206896553,0.01,156751,106584,172065.37890044576
0.009317241379310346,0.00726896551724138,0.0001,168281,167645,168523.90852390853
0.009317241379310346,0.00726896551724138,0.0012000000000000001,165530,157238,168523.90852390853
0.009317241379310346,0.00726896551724138,0.0023,163387,148018,168523.90852390853
0.009317241379310346,0.00726896551724138,0.0034,162470,139936,168523.90852390853
0.009317241379310346,0.00726896551724138,0.0045000000000000005,160330,132629,168523.90852390853
0.009317241379310346,0.00726896551724138,0.005600000000000001,158775,126059,168523.90852390853
0.009317241379310346,0.00726896551724138,0.0067,158725,120079,168523.90852390853
0.009317241379310346,0.00726896551724138,0.0078000000000000005,157728,114679,168523.90852390853
0.009317241379310346,0.00726896551724138,0.0089,155795,109674,168523.90852390853
0.009317241379310346,0.00726896551724138,0.01,154178,105224,168523.90852390853
0.009317241379310346,0.0076103448275862086,0.0001,164951,164148,165125.2800977796
0.009317241379310346,0.0076103448275862086,0.0012000000000000001,162686,154278,165125.2800977796
0.009317241379310346,0.0076103448275862086,0.0023,161143,145472,165125.2800977796
0.009317241379310346,0.0076103448275862086,0.0034,159306,137520,165125.2800977796
0.009317241379310346,0.0076103448275862086,0.0045000000000000005,159061,130418,165125.2800977796
0.009317241379310346,0.0076103448275862086,0.005600000000000001,157444,124044,165125.2800977796
0.009317241379310346,0.0076103448275862086,0.0067,155201,118313,165125.2800977796
0.009317241379310346,0.0076103448275862086,0.0078000000000000005,156160,113067,165125.2800977796
0.009317241379310346,0.0076103448275862086,0.0089,153731,108185,165125.2800977796
0.009317241379310346,0.0076103448275862086,0.01,152367,103848,165125.2800977796
0.009317241379310346,0.007951724137931035,0.0001,161691,160937,161861.02236421724
0.009317241379310346,0.007951724137931035,0.0012000000000000001,159967,151433,161861.02236421724
0.009317241379310346,0.007951724137931035,0.0023,158631,142890,161861.02236421724
0.009317241379310346,0.007951724137931035,0.0034,157025,135337,161861.02236421724
0.009317241379310346,0.007951724137931035,0.0045000000000000005,155350,128445,161861.02236421724
0.009317241379310346,0.007951724137931035,0.005600000000000001,153480,122320,161861.02236421724
0.009317241379310346,0.007951724137931035,0.0067,155189,116697,161861.02236421724
0.009317241379310346,0.007951724137931035,0.0078000000000000005,153883,111561,161861.02236421724
0.009317241379310346,0.007951724137931035,0.0089,154090,106773,161861.02236421724
0.009317241379310346,0.007951724137931035,0.01,152907,102500,161861.02236421724
0.009317241379310346,0.008293103448275862,0.0001,158607,157846,158723.32093205405
0.009317241379310346,0.008293103448275862,0.0012000000000000001,157336,148723,158723.32093205405
0.009317241379310346,0.008293103448275862,0.0023,155532,140365,158723.32093205405
0.009317241379310346,0.008293103448275862,0.0034,154970,133070,158723.32093205405
0.009317241379310346,0.008293103448275862,0.0045000000000000005,153593,126469,158723.32093205405
0.009317241379310346,0.008293103448275862,0.005600000000000001,153710,120493,158723.32093205405
0.009317241379310346,0.008293103448275862,0.0067,152059,115026,158723.32093205405
0.009317241379310346,0.008293103448275862,0.0078000000000000005,152279,110031,158723.32093205405
0.009317241379310346,0.008293103448275862,0.0089,152103,105493,158723.32093205405
0.009317241379310346,0.008293103448275862,0.01,151646,101228,158723.32093205405
0.009317241379310346,0.00863448275862069,0.0001,155547,154889,155704.95582020745
0.009317241379310346,0.00863448275862069,0.0012000000000000001,154464,146050,155704.95582020745
0.009317241379310346,0.00863448275862069,0.0023,152621,138122,155704.95582020745
0.009317241379310346,0.00863448275862069,0.0034,152557,130956,155704.95582020745
0.009317241379310346,0.00863448275862069,0.0045000000000000005,151904,124590,155704.95582020745
0.009317241379310346,0.00863448275862069,0.005600000000000001,151184,118738,155704.95582020745
0.009317241379310346,0.00863448275862069,0.0067,149882,113476,155704.95582020745
0.009317241379310346,0.00863448275862069,0.0078000000000000005,150677,108628,155704.95582020745
0.009317241379310346,0.00863448275862069,0.0089,149900,104174,155704.95582020745
0.009317241379310346,0.00863448275862069,0.01,149304,100028,155704.95582020745
0.009317241379310346,0.008975862068965518,0.0001,152719,152003,152799.24599434494
0.009317241379310346,0.008975862068965518,0.0012000000000000001,151646,143372,152799.24599434494
0.009317241379310346,0.008975862068965518,0.0023,151040,135697,152799.24599434494
0.009317241379310346,0.008975862068965518,0.0034,150169,128957,152799.24599434494
0.009317241379310346,0.008975862068965518,0.0045000000000000005,149555,122713,152799.24599434494
0.009317241379310346,0.008975862068965518,0.005600000000000001,149089,117063,152799.24599434494
0.009317241379310346,0.008975862068965518,0.0067,148148,111921,152799.24599434494
0.009317241379310346,0.008975862068965518,0.0078000000000000005,148333,107194,152799.24599434494
0.009317241379310346,0.008975862068965518,0.0089,148054,102861,152799.24599434494
0.009317241379310346,0.008975862068965518,0.01,146712,98879,152799.24599434494
0.009317241379310346,0.009317241379310346,0.0001,149924,149238,150000.0
0.009317241379310346,0.009317241379310346,0.0012000000000000001,149128,140948,150000.0
0.009317241379310346,0.009317241379310346,0.0023,148171,133580,150000.0
0.009317241379310346,0.009317241379310346,0.0034,147746,126897,150000.0
0.009317241379310346,0.009317241379310346,0.0045000000000000005,147463,120845,150000.0
0.009317241379310346,0.009317241379310346,0.005600000000000001,146659,115364,150000.0
0.009317241379310346,0.009317241379310346,0.0067,144321,110354,150000.0
0.009317241379310346,0.009317241379310346,0.0078000000000000005,146276,105814,150000.0
0.009317241379310346,0.009317241379310346,0.0089,146190,101585,150000.0
0.009317241379310346,0.009317241379310346,0.01,145827,97587,150000.0
0.009317241379310346,0.009658620689655173,0.0001,147233,146558,147301.47192440485
0.009317241379310346,0.009658620689655173,0.0012000000000000001,146375,138582,147301.47192440485
0.009317241379310346,0.009658620689655173,0.0023,145406,131441,147301.47192440485
0.009317241379310346,0.009658620689655173,0.0034,145420,125024,147301.47192440485
0.009317241379310346,0.009658620689655173,0.0045000000000000005,144630,119074,147301.47192440485
0.009317241379310346,0.009658620689655173,0.005600000000000001,144274,113820,147301.47192440485
0.009317241379310346,0.009658620689655173,0.0067,140514,108926,147301.47192440485
0.009317241379310346,0.009658620689655173,0.0078000000000000005,143801,104468,147301.47192440485
0.009317241379310346,0.009658620689655173,0.0089,141550,100347,147301.47192440485
0.009317241379310346,0.009658620689655173,0.01,143038,96490,147301.47192440485
0.009317241379310346,0.01,0.0001,144651,144045,144698.3220278472
0.009317241379310346,0.01,0.0012000000000000001,143036,136260,144698.3220278472
0.009317241379310346,0.01,0.0023,142070,129400,144698.3220278472
0.009317241379310346,0.01,0.0034,141118,123098,144698.3220278472
0.009317241379310346,0.01,0.0045000000000000005,140798,117427,144698.3220278472
0.009317241379310346,0.01,0.005600000000000001,139776,112241,144698.3220278472
0.009317241379310346,0.01,0.0067,141991,107392,144698.3220278472
0.009317241379310346,0.01,0.0078000000000000005,138655,103156,144698.3220278472
0.009317241379310346,0.01,0.0089,140469,99013,144698.3220278472
0.009317241379310346,0.01,0.01,139222,95419,144698.3220278472
0.009658620689655173,0.0001,0.0001,293852,293852,296925.79505300353
0.009658620689655173,0.0001,0.0012000000000000001,267888,264386,296925.79505300353
0.009658620689655173,0.0001,0.0023,249876,240305,296925.79505300353
0.009658620689655173,0.0001,0.0034,236605,220385,296925.79505300353
0.009658620689655173,0.0001,0.0045000000000000005,226382,203349,296925.79505300353
0.009658620689655173,0.0001,0.005600000000000001,218232,188665,296925.79505300353
0.009658620689655173,0.0001,0.0067,211619,176053,296925.79505300353
0.009658620689655173,0.0001,0.0078000000000000005,206306,165095,296925.79505300353
0.009658620689655173,0.0001,0.0089,201583,155415,296925.79505300353
0.009658620689655173,0.0001,0.01,197694,146728,296925.79505300353
0.009658620689655173,0.0004413793103448276,0.0001,284170,283982,286889.72345510416
0.009658620689655173,0.0004413793103448276,0.0012000000000000001,260533,256601,286889.72345510416
0.009658620689655173,0.0004413793103448276,0.0023,243869,233630,286889.72345510416
0.009658620689655173,0.0004413793103448276,0.0034,231697,214804,286889.72345510416
0.009658620689655173,0.0004413793103448276,0.0045000000000000005,222245,198461,286889.72345510416
0.009658620689655173,0.0004413793103448276,0.005600000000000001,214746,184581,286889.72345510416
0.009658620689655173,0.0004413793103448276,0.0067,208595,172607,286889.72345510416
0.009658620689655173,0.0004413793103448276,0.0078000000000000005,203493,161859,286889.72345510416
0.009658620689655173,0.0004413793103448276,0.0089,199122,152625,286889.72345510416
0.009658620689655173,0.0004413793103448276,0.01,195468,144277,286889.72345510416
0.009658620689655173,0.0007827586206896553,0.0001,275300,275034,277509.9075297226
0.009658620689655173,0.0007827586206896553,0.0012000000000000001,253735,248904,277509.9075297226
0.009658620689655173,0.0007827586206896553,0.0023,238451,227572,277509.9075297226
0.009658620689655173,0.0007827586206896553,0.0034,227164,209392,277509.9075297226
0.009658620689655173,0.0007827586206896553,0.0045000000000000005,218248,193950,277509.9075297226
0.009658620689655173,0.0007827586206896553,0.005600000000000001,211340,180737,277509.9075297226
0.009658620689655173,0.0007827586206896553,0.0067,205533,169041,277509.9075297226
0.009658620689655173,0.0007827586206896553,0.0078000000000000005,200727,158846,277509.9075297226
0.009658620689655173,0.0007827586206896553,0.0089,196635,149904,277509.9075297226
0.009658620689655173,0.0007827586206896553,0.01,193158,141744,277509.9075297226
0.009658620689655173,0.001124137931034483,0.0001,266783,266459,268724.01662935724
0.009658620689655173,0.001124137931034483,0.0012000000000000001,247171,241818,268724.01662935724
0.009658620689655173,0.001124137931034483,0.0023,233250,221613,268724.01662935724
0.009658620689655173,0.001124137931034483,0.0034,222657,204362,268724.01662935724
0.009658620689655173,0.001124137931034483,0.0045000000000000005,214533,189666,268724.01662935724
0.009658620689655173,0.001124137931034483,0.005600000000000001,207984,176964,268724.01662935724
0.009658620689655173,0.001124137931034483,0.0067,202435,165768,268724.01662935724
0.009658620689655173,0.001124137931034483,0.0078000000000000005,198119,155928,268724.01662935724
0.009658620689655173,0.001124137931034483,0.0089,194149,147241,268724.01662935724
0.009658620689655173,0.001124137931034483,0.01,191028,139502,268724.01662935724
0.009658620689655173,0.0014655172413793106,0.0001,258618,258339,260477.37135771857
0.009658620689655173,0.0014655172413793106,0.0012000000000000001,240752,235090,260477.37135771857
0.009658620689655173,0.0014655172413793106,0.0023,228181,215979,260477.37135771857
0.009658620689655173,0.0014655172413793106,0.0034,218464,199549,260477.37135771857
0.009658620689655173,0.0014655172413793106,0.0045000000000000005,210919,185484,260477.37135771857
0.009658620689655173,0.0014655172413793106,0.005600000000000001,204810,173258,260477.37135771857
0.009658620689655173,0.0014655172413793106,0.0067,199703,162697,260477.37135771857
0.009658620689655173,0.0014655172413793106,0.0078000000000000005,195400,153091,260477.37135771857
0.009658620689655173,0.0014655172413793106,0.0089,191773,144713,260477.37135771857
0.009658620689655173,0.0014655172413793106,0.01,188579,137225,260477.37135771857
0.009658620689655173,0.0018068965517241383,0.0001,251038,250431,252721.80451127817
0.009658620689655173,0.0018068965517241383,0.0012000000000000001,234949,228957,252721.80451127817
0.009658620689655173,0.0018068965517241383,0.0023,223309,210631,252721.80451127817
0.009658620689655173,0.0018068965517241383,0.0034,214340,195053,252721.80451127817
0.009658620689655173,0.0018068965517241383,0.0045000000000000005,207429,181490,252721.80451127817
0.009658620689655173,0.0018068965517241383,0.005600000000000001,201450,169904,252721.80451127817
0.009658620689655173,0.0018068965517241383,0.0067,196872,159592,252721.80451127817
0.009658620689655173,0.0018068965517241383,0.0078000000000000005,192941,150402,252721.80451127817
0.009658620689655173,0.0018068965517241383,0.0089,189648,142353,252721.80451127817
0.009658620689655173,0.0018068965517241383,0.01,186353,134988,252721.80451127817
0.009658620689655173,0.0021482758620689655,0.0001,243833,243353,245414.71962616823
0.009658620689655173,0.0021482758620689655,0.0012000000000000001,229385,222888,245414.71962616823
0.009658620689655173,0.0021482758620689655,0.0023,218596,205382,245414.71962616823
0.009658620689655173,0.0021482758620689655,0.0034,210340,190662,245414.71962616823
0.009658620689655173,0.0021482758620689655,0.0045000000000000005,203838,177766,245414.71962616823
0.009658620689655173,0.0021482758620689655,0.005600000000000001,198510,166540,245414.71962616823
0.009658620689655173,0.0021482758620689655,0.0067,193922,156648,245414.71962616823
0.009658620689655173,0.0021482758620689655,0.0078000000000000005,190546,147844,245414.71962616823
0.009658620689655173,0.0021482758620689655,0.0089,187031,139913,245414.71962616823
0.009658620689655173,0.0021482758620689655,0.01,184340,132915,245414.71962616823
0.009658620689655173,0.0024896551724137932,0.0001,237213,236584,238518.30826000567
0.009658620689655173,0.0024896551724137932,0.0012000000000000001,224129,217182,238518.30826000567
0.009658620689655173,0.0024896551724137932,0.0023,214025,200693,238518.30826000567
0.009658620689655173,0.0024896551724137932,0.0034,206555,186475,238518.30826000567
0.009658620689655173,0.0024896551724137932,0.0045000000000000005,200607,174145,238518.30826000567
0.009658620689655173,0.0024896551724137932,0.005600000000000001,195637,163258,238518.30826000567
0.009658620689655173,0.0024896551724137932,0.0067,191426,153809,238518.30826000567
0.009658620689655173,0.0024896551724137932,0.0078000000000000005,187873,145360,238518.30826000567
0.009658620689655173,0.0024896551724137932,0.0089,184906,137709,238518.30826000567
0.009658620689655173,0.0024896551724137932,0.01,182360,130922,238518.30826000567
0.009658620689655173,0.002831034482758621,0.0001,230701,230343,231998.8956377692
0.009658620689655173,0.002831034482758621,0.0012000000000000001,218748,211804,231998.8956377692
0.009658620689655173,0.002831034482758621,0.0023,209900,195997,231998.8956377692
0.009658620689655173,0.002831034482758621,0.0034,203005,182487,231998.8956377692
0.009658620689655173,0.002831034482758621,0.0045000000000000005,197198,170587,231998.8956377692
0.009658620689655173,0.002831034482758621,0.005600000000000001,192520,160190,231998.8956377692
0.009658620689655173,0.002831034482758621,0.0067,188739,151104,231998.8956377692
0.009658620689655173,0.002831034482758621,0.0078000000000000005,185661,142856,231998.8956377692
0.009658620689655173,0.002831034482758621,0.0089,182521,135547,231998.8956377692
0.009658620689655173,0.002831034482758621,0.01,180213,128834,231998.8956377692
0.009658620689655173,0.0031724137931034486,0.0001,224742,224191,225826.39075517334
0.009658620689655173,0.0031724137931034486,0.0012000000000000001,213964,206569,225826.39075517334
0.009658620689655173,0.0031724137931034486,0.0023,205721,191506,225826.39075517334
0.009658620689655173,0.0031724137931034486,0.0034,199197,178536,225826.39075517334
0.009658620689655173,0.0031724137931034486,0.0045000000000000005,194228,167212,225826.39075517334
0.009658620689655173,0.0031724137931034486,0.005600000000000001,189617,157256,225826.39075517334
0.009658620689655173,0.0031724137931034486,0.0067,186101,148478,225826.39075517334
0.009658620689655173,0.0031724137931034486,0.0078000000000000005,183096,140447,225826.39075517334
0.009658620689655173,0.0031724137931034486,0.0089,180255,133348,225826.39075517334
0.009658620689655173,0.0031724137931034486,0.01,177986,127003,225826.39075517334
0.009658620689655173,0.0035137931034482763,0.0001,219072,218360,219973.8219895288
0.009658620689655173,0.0035137931034482763,0.0012000000000000001,209158,201694,219973.8219895288
0.009658620689655173,0.0035137931034482763,0.0023,201759,187279,219973.8219895288
0.009658620689655173,0.0035137931034482763,0.0034,195767,174911,219973.8219895288
0.009658620689655173,0.0035137931034482763,0.0045000000000000005,191139,164088,219973.8219895288
0.009658620689655173,0.0035137931034482763,0.005600000000000001,187052,154387,219973.8219895288
0.009658620689655173,0.0035137931034482763,0.0067,183831,145846,219973.8219895288
0.009658620689655173,0.0035137931034482763,0.0078000000000000005,180567,138215,219973.8219895288
0.009658620689655173,0.0035137931034482763,0.0089,178318,131254,219973.8219895288
0.009658620689655173,0.0035137931034482763,0.01,175960,125115,219973.8219895288
0.009658620689655173,0.003855172413793104,0.0001,213583,212942,214416.94309772903
0.009658620689655173,0.003855172413793104,0.0012000000000000001,204722,196921,214416.94309772903
0.009658620689655173,0.003855172413793104,0.0023,197947,183285,214416.94309772903
0.009658620689655173,0.003855172413793104,0.0034,192585,171368,214416.94309772903
0.009658620689655173,0.003855172413793104,0.0045000000000000005,188070,160939,214416.94309772903
0.009658620689655173,0.003855172413793104,0.005600000000000001,184414,151625,214416.94309772903
0.009658620689655173,0.003855172413793104,0.0067,181054,143304,214416.94309772903
0.009658620689655173,0.003855172413793104,0.0078000000000000005,178578,135989,214416.94309772903
0.009658620689655173,0.003855172413793104,0.0089,176095,129314,214416.94309772903
0.009658620689655173,0.003855172413793104,0.01,174346,123274,214416.94309772903
0.009658620689655173,0.004196551724137932,0.0001,208284,207779,209133.89746142362
0.009658620689655173,0.004196551724137932,0.0012000000000000001,200421,192509,209133.89746142362
0.009658620689655173,0.004196551724137932,0.0023,194221,179463,209133.89746142362
0.009658620689655173,0.004196551724137932,0.0034,189266,168017,209133.89746142362
0.009658620689655173,0.004196551724137932,0.0045000000000000005,185128,157890,209133.89746142362
0.009658620689655173,0.004196551724137932,0.005600000000000001,181925,148919,209133.89746142362
0.009658620689655173,0.004196551724137932,0.0067,179037,141064,209133.89746142362
0.009658620689655173,0.004196551724137932,0.0078000000000000005,176167,133913,209133.89746142362
0.009658620689655173,0.004196551724137932,0.0089,174342,127428,209133.89746142362
0.009658620689655173,0.004196551724137932,0.01,172294,121550,209133.89746142362
0.009658620689655173,0.00453793103448276,0.0001,203453,202669,204104.93077483602
0.009658620689655173,0.00453793103448276,0.0012000000000000001,196222,188262,204104.93077483602
0.009658620689655173,0.00453793103448276,0.0023,190674,175661,204104.93077483602
0.009658620689655173,0.00453793103448276,0.0034,186192,164666,204104.93077483602
0.009658620689655173,0.00453793103448276,0.0045000000000000005,182268,155065,204104.93077483602
0.009658620689655173,0.00453793103448276,0.005600000000000001,179193,146433,204104.93077483602
0.009658620689655173,0.00453793103448276,0.0067,176703,138703,204104.93077483602
0.009658620689655173,0.00453793103448276,0.0078000000000000005,174029,131709,204104.93077483602
0.009658620689655173,0.00453793103448276,0.0089,171676,125483,204104.93077483602
0.009658620689655173,0.00453793103448276,0.01,170179,119819,204104.93077483602
0.009658620689655173,0.004879310344827587,0.0001,198687,198056,199312.14421252374
0.009658620689655173,0.004879310344827587,0.0012000000000000001,192205,184120,199312.14421252374
0.009658620689655173,0.004879310344827587,0.0023,187215,172167,199312.14421252374
0.009658620689655173,0.004879310344827587,0.0034,183126,161561,199312.14421252374
0.009658620689655173,0.004879310344827587,0.0045000000000000005,179769,152223,199312.14421252374
0.009658620689655173,0.004879310344827587,0.005600000000000001,176821,144007,199312.14421252374
0.009658620689655173,0.004879310344827587,0.0067,174258,136485,199312.14421252374
0.009658620689655173,0.004879310344827587,0.0078000000000000005,172116,129779,199312.14421252374
0.009658620689655173,0.004879310344827587,0.0089,169961,123593,199312.14421252374
0.009658620689655173,0.004879310344827587,0.01,168520,118058,199312.14421252374
0.009658620689655173,0.005220689655172415,0.0001,194169,193571,194739.28157589803
0.009658620689655173,0.005220689655172415,0.0012000000000000001,188458,180207,194739.28157589803
0.009658620689655173,0.005220689655172415,0.0023,183944,168693,194739.28157589803
0.009658620689655173,0.005220689655172415,0.0034,180159,158546,194739.28157589803
0.009658620689655173,0.005220689655172415,0.0045000000000000005,177059,149599,194739.28157589803
0.009658620689655173,0.005220689655172415,0.005600000000000001,174432,141535,194739.28157589803
0.009658620689655173,0.005220689655172415,0.0067,172200,134373,194739.28157589803
0.009658620689655173,0.005220689655172415,0.0078000000000000005,170194,127807,194739.28157589803
0.009658620689655173,0.005220689655172415,0.0089,168485,121894,194739.28157589803
0.009658620689655173,0.005220689655172415,0.01,166711,116550,194739.28157589803
0.009658620689655173,0.005562068965517242,0.0001,189817,189245,190371.5450838242
0.009658620689655173,0.005562068965517242,0.0012000000000000001,184750,176561,190371.5450838242
0.009658620689655173,0.005562068965517242,0.0023,180604,165505,190371.5450838242
0.009658620689655173,0.005562068965517242,0.0034,177255,155627,190371.5450838242
0.009658620689655173,0.005562068965517242,0.0045000000000000005,174427,147017,190371.5450838242
0.009658620689655173,0.005562068965517242,0.005600000000000001,171943,139214,190371.5450838242
0.009658620689655173,0.005562068965517242,0.0067,169704,132200,190371.5450838242
0.009658620689655173,0.005562068965517242,0.0078000000000000005,167794,125931,190371.5450838242
0.009658620689655173,0.005562068965517242,0.0089,166222,120174,190371.5450838242
0.009658620689655173,0.005562068965517242,0.01,164770,114911,190371.5450838242
0.009658620689655173,0.00590344827586207,0.0001,185767,185123,186195.43540881894
0.009658620689655173,0.00590344827586207,0.0012000000000000001,181270,172885,186195.43540881894
0.009658620689655173,0.00590344827586207,0.0023,177461,162296,186195.43540881894
0.009658620689655173,0.00590344827586207,0.0034,174354,152845,186195.43540881894
0.009658620689655173,0.00590344827586207,0.0045000000000000005,171813,144445,186195.43540881894
0.009658620689655173,0.00590344827586207,0.005600000000000001,169797,137033,186195.43540881894
0.009658620689655173,0.00590344827586207,0.0067,167450,130225,186195.43540881894
0.009658620689655173,0.00590344827586207,0.0078000000000000005,165730,124074,186195.43540881894
0.009658620689655173,0.00590344827586207,0.0089,164476,118542,186195.43540881894
0.009658620689655173,0.00590344827586207,0.01,163278,113376,186195.43540881894
0.009658620689655173,0.006244827586206898,0.0001,181837,181172,182198.61231569818
0.009658620689655173,0.006244827586206898,0.0012000000000000001,177809,169509,182198.61231569818
0.009658620689655173,0.006244827586206898,0.0023,174479,159181,182198.61231569818
0.009658620689655173,0.006244827586206898,0.0034,171675,150136,182198.61231569818
0.009658620689655173,0.006244827586206898,0.0045000000000000005,169349,142014,182198.61231569818
0.009658620689655173,0.006244827586206898,0.005600000000000001,167377,134796,182198.61231569818
0.009658620689655173,0.006244827586206898,0.0067,165795,128242,182198.61231569818
0.009658620689655173,0.006244827586206898,0.0078000000000000005,163988,122335,182198.61231569818
0.009658620689655173,0.006244827586206898,0.0089,162118,116906,182198.61231569818
0.009658620689655173,0.006244827586206898,0.01,161703,111916,182198.61231569818
0.009658620689655173,0.006586206896551725,0.0001,178054,177279,178369.7728720017
0.009658620689655173,0.006586206896551725,0.0012000000000000001,174597,166095,178369.7728720017
0.009658620689655173,0.006586206896551725,0.0023,171287,156232,178369.7728720017
0.009658620689655173,0.006586206896551725,0.0034,169085,147485,178369.7728720017
0.009658620689655173,0.006586206896551725,0.0045000000000000005,166851,139786,178369.7728720017
0.009658620689655173,0.006586206896551725,0.005600000000000001,165113,132719,178369.7728720017
0.009658620689655173,0.006586206896551725,0.0067,163354,126358,178369.7728720017
0.009658620689655173,0.006586206896551725,0.0078000000000000005,161965,120473,178369.7728720017
0.009658620689655173,0.006586206896551725,0.0089,160911,115311,178369.7728720017
0.009658620689655173,0.006586206896551725,0.01,160417,110380,178369.7728720017
0.009658620689655173,0.006927586206896553,0.0001,174411,173748,174698.5446985447
0.009658620689655173,0.006927586206896553,0.0012000000000000001,171001,162950,174698.5446985447
0.009658620689655173,0.006927586206896553,0.0023,168626,153479,174698.5446985447
0.009658620689655173,0.006927586206896553,0.0034,166037,145039,174698.5446985447
0.009658620689655173,0.006927586206896553,0.0045000000000000005,164320,137432,174698.5446985447
0.009658620689655173,0.006927586206896553,0.005600000000000001,162728,130651,174698.5446985447
0.009658620689655173,0.006927586206896553,0.0067,161294,124420,174698.5446985447
0.009658620689655173,0.006927586206896553,0.0078000000000000005,160101,118826,174698.5446985447
0.009658620689655173,0.006927586206896553,0.0089,159489,113661,174698.5446985447
0.009658620689655173,0.006927586206896553,0.01,157312,109058,174698.5446985447
0.009658620689655173,0.00726896551724138,0.0001,170917,170182,171175.39213689143
0.009658620689655173,0.00726896551724138,0.0012000000000000001,167790,159948,171175.39213689143
0.009658620689655173,0.00726896551724138,0.0023,165977,150766,171175.39213689143
0.009658620689655173,0.00726896551724138,0.0034,164325,142611,171175.39213689143
0.009658620689655173,0.00726896551724138,0.0045000000000000005,161341,135193,171175.39213689143
0.009658620689655173,0.00726896551724138,0.005600000000000001,160331,128618,171175.39213689143
0.009658620689655173,0.00726896551724138,0.0067,159358,122653,171175.39213689143
0.009658620689655173,0.00726896551724138,0.0078000000000000005,159146,117206,171175.39213689143
0.009658620689655173,0.00726896551724138,0.0089,157357,112235,171175.39213689143
0.009658620689655173,0.00726896551724138,0.01,157312,107681,171175.39213689143
0.009658620689655173,0.0076103448275862086,0.0001,167554,166955,167791.5335463259
0.009658620689655173,0.0076103448275862086,0.0012000000000000001,165230,157015,167791.5335463259
0.009658620689655173,0.0076103448275862086,0.0023,163256,148168,167791.5335463259
0.009658620689655173,0.0076103448275862086,0.0034,161662,140185,167791.5335463259
0.009658620689655173,0.0076103448275862086,0.0045000000000000005,160187,133170,167791.5335463259
0.009658620689655173,0.0076103448275862086,0.005600000000000001,158074,126799,167791.5335463259
0.009658620689655173,0.0076103448275862086,0.0067,158596,120971,167791.5335463259
0.009658620689655173,0.0076103448275862086,0.0078000000000000005,156643,115602,167791.5335463259
0.009658620689655173,0.0076103448275862086,0.0089,155530,110762,167791.5335463259
0.009658620689655173,0.0076103448275862086,0.01,157172,106342,167791.5335463259
0.009658620689655173,0.007951724137931035,0.0001,164358,163681,164538.86822009005
0.009658620689655173,0.007951724137931035,0.0012000000000000001,162244,154163,164538.86822009005
0.009658620689655173,0.007951724137931035,0.0023,160483,145584,164538.86822009005
0.009658620689655173,0.007951724137931035,0.0034,158446,137884,164538.86822009005
0.009658620689655173,0.007951724137931035,0.0045000000000000005,157632,131125,164538.86822009005
0.009658620689655173,0.007951724137931035,0.005600000000000001,157007,124903,164538.86822009005
0.009658620689655173,0.007951724137931035,0.0067,156012,119166,164538.86822009005
0.009658620689655173,0.007951724137931035,0.0078000000000000005,155757,114068,164538.86822009005
0.009658620689655173,0.007951724137931035,0.0089,153368,109268,164538.86822009005
0.009658620689655173,0.007951724137931035,0.01,153696,105015,164538.86822009005
0.009658620689655173,0.008293103448275862,0.0001,161288,160523,161409.9116404149
0.009658620689655173,0.008293103448275862,0.0012000000000000001,159669,151348,161409.9116404149
0.009658620689655173,0.008293103448275862,0.0023,158417,143070,161409.9116404149
0.009658620689655173,0.008293103448275862,0.0034,156882,135711,161409.9116404149
0.009658620689655173,0.008293103448275862,0.0045000000000000005,155533,129087,161409.9116404149
0.009658620689655173,0.008293103448275862,0.005600000000000001,154964,123118,161409.9116404149
0.009658620689655173,0.008293103448275862,0.0067,154010,117628,161409.9116404149
0.009658620689655173,0.008293103448275862,0.0078000000000000005,153764,112513,161409.9116404149
0.009658620689655173,0.008293103448275862,0.0089,152877,107916,161409.9116404149
0.009658620689655173,0.008293103448275862,0.01,150965,103749,161409.9116404149
0.009658620689655173,0.00863448275862069,0.0001,158249,157632,158397.73798303487
0.009658620689655173,0.00863448275862069,0.0012000000000000001,156307,148684,158397.73798303487
0.009658620689655173,0.00863448275862069,0.0023,155464,140776,158397.73798303487
0.009658620689655173,0.00863448275862069,0.0034,154079,133613,158397.73798303487
0.009658620689655173,0.00863448275862069,0.0045000000000000005,153568,127130,158397.73798303487
0.009658620689655173,0.00863448275862069,0.005600000000000001,153400,121362,158397.73798303487
0.009658620689655173,0.00863448275862069,0.0067,152989,115938,158397.73798303487
0.009658620689655173,0.00863448275862069,0.0078000000000000005,151494,111109,158397.73798303487
0.009658620689655173,0.00863448275862069,0.0089,151419,106612,158397.73798303487
0.009658620689655173,0.00863448275862069,0.01,151159,102484,158397.73798303487
0.009658620689655173,0.008975862068965518,0.0001,155419,154664,155495.9289415248
0.009658620689655173,0.008975862068965518,0.0012000000000000001,153793,146125,155495.9289415248
0.009658620689655173,0.008975862068965518,0.0023,153564,138516,155495.9289415248
0.009658620689655173,0.008975862068965518,0.0034,152508,131475,155495.9289415248
0.009658620689655173,0.008975862068965518,0.0045000000000000005,152193,125305,155495.9289415248
0.009658620689655173,0.008975862068965518,0.005600000000000001,149557,119547,155495.9289415248
0.009658620689655173,0.008975862068965518,0.0067,149958,114460,155495.9289415248
0.009658620689655173,0.008975862068965518,0.0078000000000000005,149369,109672,155495.9289415248
0.009658620689655173,0.008975862068965518,0.0089,150189,105301,155495.9289415248
0.009658620689655173,0.008975862068965518,0.01,148834,101258,155495.9289415248
0.009658620689655173,0.009317241379310346,0.0001,152641,151896,152698.52807559512
0.009658620689655173,0.009317241379310346,0.0012000000000000001,151685,143678,152698.52807559512
0.009658620689655173,0.009317241379310346,0.0023,151092,136227,152698.52807559512
0.009658620689655173,0.009317241379310346,0.0034,150544,129597,152698.52807559512
0.009658620689655173,0.009317241379310346,0.0045000000000000005,148450,123469,152698.52807559512
0.009658620689655173,0.009317241379310346,0.005600000000000001,149392,117870,152698.52807559512
0.009658620689655173,0.009317241379310346,0.0067,147424,112847,152698.52807559512
0.009658620689655173,0.009317241379310346,0.0078000000000000005,148463,108176,152698.52807559512
0.009658620689655173,0.009317241379310346,0.0089,148211,104006,152698.52807559512
0.009658620689655173,0.009317241379310346,0.01,147671,99962,152698.52807559512
0.009658620689655173,0.009658620689655173,0.0001,149953,149294,150000.0
0.009658620689655173,0.009658620689655173,0.0012000000000000001,149133,141322,150000.0
0.009658620689655173,0.009658620689655173,0.0023,148126,134129,150000.0
0.009658620689655173,0.009658620689655173,0.0034,147039,127592,150000.0
0.009658620689655173,0.009658620689655173,0.0045000000000000005,146290,121642,150000.0
0.009658620689655173,0.009658620689655173,0.005600000000000001,147047,116340,150000.0
0.009658620689655173,0.009658620689655173,0.0067,145619,111436,150000.0
0.009658620689655173,0.009658620689655173,0.0078000000000000005,145294,106833,150000.0
0.009658620689655173,0.009658620689655173,0.0089,146464,102756,150000.0
0.009658620689655173,0.009658620689655173,0.01,146147,98908,150000.0
0.009658620689655173,0.01,0.0001,147318,146728,147395.19382564464
0.009658620689655173,0.01,0.0012000000000000001,146439,138976,147395.19382564464
0.009658620689655173,0.01,0.0023,146286,131927,147395.19382564464
0.009658620689655173,0.01,0.0034,143250,125724,147395.19382564464
0.009658620689655173,0.01,0.0045000000000000005,143865,119907,147395.19382564464
0.009658620689655173,0.01,0.005600000000000001,143796,114754,147395.19382564464
0.009658620689655173,0.01,0.0067,142791,110000,147395.19382564464
0.009658620689655173,0.01,0.0078000000000000005,143462,105487,147395.19382564464
0.009658620689655173,0.01,0.0089,143644,101523,147395.19382564464
0.009658620689655173,0.01,0.01,142373,97755,147395.19382564464
0.01,0.0001,0.0001,294049,294049,297029.702970297
0.01,0.0001,0.0012000000000000001,268900,265432,297029.702970297
0.01,0.0001,0.0023,251119,242138,297029.702970297
0.01,0.0001,0.0034,237759,222229,297029.702970297
0.01,0.0001,0.0045000000000000005,227705,205507,297029.702970297
0.01,0.0001,0.005600000000000001,219606,191152,297029.702970297
0.01,0.0001,0.0067,212935,178568,297029.702970297
0.01,0.0001,0.0078000000000000005,207533,167596,297029.702970297
0.01,0.0001,0.0089,202844,157920,297029.702970297
0.01,0.0001,0.01,198958,149370,297029.702970297
0.01,0.0004413793103448276,0.0001,284676,284494,287318.3619550859
0.01,0.0004413793103448276,0.0012000000000000001,261873,257714,287318.3619550859
0.01,0.0004413793103448276,0.0023,245466,235469,287318.3619550859
0.01,0.0004413793103448276,0.0034,233066,216739,287318.3619550859
0.01,0.0004413793103448276,0.0045000000000000005,223677,200897,287318.3619550859
0.01,0.0004413793103448276,0.005600000000000001,216096,187083,287318.3619550859
0.01,0.0004413793103448276,0.0067,209927,175108,287318.3619550859
0.01,0.0004413793103448276,0.0078000000000000005,204762,164537,287318.3619550859
0.01,0.0004413793103448276,0.0089,200357,155141,287318.3619550859
0.01,0.0004413793103448276,0.01,196544,146811,287318.3619550859
0.01,0.0007827586206896553,0.0001,276031,275811,278221.93795970577
0.01,0.0007827586206896553,0.0012000000000000001,255005,250369,278221.93795970577
0.01,0.0007827586206896553,0.0023,239729,229427,278221.93795970577
0.01,0.0007827586206896553,0.0034,228540,211615,278221.93795970577
0.01,0.0007827586206896553,0.0045000000000000005,219840,196301,278221.93795970577
0.01,0.0007827586206896553,0.005600000000000001,212543,183224,278221.93795970577
0.01,0.0007827586206896553,0.0067,206930,171603,278221.93795970577
0.01,0.0007827586206896553,0.0078000000000000005,201926,161543,278221.93795970577
0.01,0.0007827586206896553,0.0089,198083,152448,278221.93795970577
0.01,0.0007827586206896553,0.01,194233,144341,278221.93795970577
0.01,0.001124137931034483,0.0001,267767,267363,269683.8189708618
0.01,0.001124137931034483,0.0012000000000000001,248529,243544,269683.8189708618
0.01,0.001124137931034483,0.0023,234615,223434,269683.8189708618
0.01,0.001124137931034483,0.0034,224200,206672,269683.8189708618
0.01,0.001124137931034483,0.0045000000000000005,216008,192012,269683.8189708618
0.01,0.001124137931034483,0.005600000000000001,209403,179496,269683.8189708618
0.01,0.001124137931034483,0.0067,203957,168431,269683.8189708618
0.01,0.001124137931034483,0.0078000000000000005,199335,158605,269683.8189708618
0.01,0.001124137931034483,0.0089,195525,149824,269683.8189708618
0.01,0.001124137931034483,0.01,192130,142073,269683.8189708618
0.01,0.0014655172413793106,0.0001,259878,259553,261654.13533834583
0.01,0.0014655172413793106,0.0012000000000000001,242361,236874,261654.13533834583
0.01,0.0014655172413793106,0.0023,229791,217900,261654.13533834583
0.01,0.0014655172413793106,0.0034,219927,201826,261654.13533834583
0.01,0.0014655172413793106,0.0045000000000000005,212493,187911,261654.13533834583
0.01,0.0014655172413793106,0.005600000000000001,206163,175792,261654.13533834583
0.01,0.0014655172413793106,0.0067,201108,165183,261654.13533834583
0.01,0.0014655172413793106,0.0078000000000000005,196904,155783,261654.13533834583
0.01,0.0014655172413793106,0.0089,193174,147310,261654.13533834583
0.01,0.0014655172413793106,0.01,189850,139773,261654.13533834583
0.01,0.0018068965517241383,0.0001,252358,251962,254088.78504672897
0.01,0.0018068965517241383,0.0012000000000000001,236413,230765,254088.78504672897
0.01,0.0018068965517241383,0.0023,224867,212664,254088.78504672897
0.01,0.0018068965517241383,0.0034,215845,197314,254088.78504672897
0.01,0.0018068965517241383,0.0045000000000000005,208774,183968,254088.78504672897
0.01,0.0018068965517241383,0.005600000000000001,203012,172448,254088.78504672897
0.01,0.0018068965517241383,0.0067,198277,162106,254088.78504672897
0.01,0.0018068965517241383,0.0078000000000000005,194258,153071,254088.78504672897
0.01,0.0018068965517241383,0.0089,190874,144938,254088.78504672897
0.01,0.0018068965517241383,0.01,187854,137679,254088.78504672897
0.01,0.0021482758620689655,0.0001,245335,244934,246948.62333238716
0.01,0.0021482758620689655,0.0012000000000000001,231026,224709,246948.62333238716
0.01,0.0021482758620689655,0.0023,220303,207761,246948.62333238716
0.01,0.0021482758620689655,0.0034,212004,193073,246948.62333238716
0.01,0.0021482758620689655,0.0045000000000000005,205561,180261,246948.62333238716
0.01,0.0021482758620689655,0.005600000000000001,200043,169023,246948.62333238716
0.01,0.0021482758620689655,0.0067,195652,159196,246948.62333238716
0.01,0.0021482758620689655,0.0078000000000000005,191879,150458,246948.62333238716
0.01,0.0021482758620689655,0.0089,188593,142529,246948.62333238716
0.01,0.0021482758620689655,0.01,185586,135554,246948.62333238716
0.01,0.0024896551724137932,0.0001,238806,238297,240198.7852015461
0.01,0.0024896551724137932,0.0012000000000000001,225726,219162,240198.7852015461
0.01,0.0024896551724137932,0.0023,215868,202838,240198.7852015461
0.01,0.0024896551724137932,0.0034,208264,188924,240198.7852015461
0.01,0.0024896551724137932,0.0045000000000000005,202220,176705,240198.7852015461
0.01,0.0024896551724137932,0.005600000000000001,197135,165908,240198.7852015461
0.01,0.0024896551724137932,0.0067,192679,156382,240198.7852015461
0.01,0.0024896551724137932,0.0078000000000000005,189410,147974,240198.7852015461
0.01,0.0024896551724137932,0.0089,186108,140232,240198.7852015461
0.01,0.0024896551724137932,0.01,183581,133382,240198.7852015461
0.01,0.002831034482758621,0.0001,232655,232118,233808.11609782316
0.01,0.002831034482758621,0.0012000000000000001,220623,213788,233808.11609782316
0.01,0.002831034482758621,0.0023,211481,198403,233808.11609782316
0.01,0.002831034482758621,0.0034,204581,184947,233808.11609782316
0.01,0.002831034482758621,0.0045000000000000005,198965,173096,233808.11609782316
0.01,0.002831034482758621,0.005600000000000001,194224,162861,233808.11609782316
0.01,0.002831034482758621,0.0067,190321,153652,233808.11609782316
0.01,0.002831034482758621,0.0078000000000000005,187013,145460,233808.11609782316
0.01,0.002831034482758621,0.0089,183797,138060,233808.11609782316
0.01,0.002831034482758621,0.01,181526,131499,233808.11609782316
0.01,0.0031724137931034486,0.0001,226616,226035,227748.69109947642
0.01,0.0031724137931034486,0.0012000000000000001,215812,208802,227748.69109947642
0.01,0.0031724137931034486,0.0023,207540,193981,227748.69109947642
0.01,0.0031724137931034486,0.0034,201091,181033,227748.69109947642
0.01,0.0031724137931034486,0.0045000000000000005,195926,169883,227748.69109947642
0.01,0.0031724137931034486,0.005600000000000001,191397,159876,227748.69109947642
0.01,0.0031724137931034486,0.0067,187684,151001,227748.69109947642
0.01,0.0031724137931034486,0.0078000000000000005,184647,143020,227748.69109947642
0.01,0.0031724137931034486,0.0089,181821,135896,227748.69109947642
0.01,0.0031724137931034486,0.01,179689,129556,227748.69109947642
0.01,0.0035137931034482763,0.0001,220997,220418,221995.4069915795
0.01,0.0035137931034482763,0.0012000000000000001,211107,204001,221995.4069915795
0.01,0.0035137931034482763,0.0023,203627,189774,221995.4069915795
0.01,0.0035137931034482763,0.0034,197733,177397,221995.4069915795
0.01,0.0035137931034482763,0.0045000000000000005,192683,166587,221995.4069915795
0.01,0.0035137931034482763,0.005600000000000001,188713,156980,221995.4069915795
0.01,0.0035137931034482763,0.0067,185272,148427,221995.4069915795
0.01,0.0035137931034482763,0.0078000000000000005,182042,140854,221995.4069915795
0.01,0.0035137931034482763,0.0089,179676,133944,221995.4069915795
0.01,0.0035137931034482763,0.01,177490,127640,221995.4069915795
0.01,0.003855172413793104,0.0001,215627,215015,216525.63464410158
0.01,0.003855172413793104,0.0012000000000000001,206676,199345,216525.63464410158
0.01,0.003855172413793104,0.0023,199799,185778,216525.63464410158
0.01,0.003855172413793104,0.0034,194379,173988,216525.63464410158
0.01,0.003855172413793104,0.0045000000000000005,189889,163447,216525.63464410158
0.01,0.003855172413793104,0.005600000000000001,186057,154210,216525.63464410158
0.01,0.003855172413793104,0.0067,182968,145963,216525.63464410158
0.01,0.003855172413793104,0.0078000000000000005,180119,138590,216525.63464410158
0.01,0.003855172413793104,0.0089,177780,131807,216525.63464410158
0.01,0.003855172413793104,0.01,175533,125785,216525.63464410158
0.01,0.004196551724137932,0.0001,210564,209815,211318.9215448142
0.01,0.004196551724137932,0.0012000000000000001,202395,194839,211318.9215448142
0.01,0.004196551724137932,0.0023,196112,181962,211318.9215448142
0.01,0.004196551724137932,0.0034,191188,170486,211318.9215448142
0.01,0.004196551724137932,0.0045000000000000005,186702,160494,211318.9215448142
0.01,0.004196551724137932,0.005600000000000001,183356,151585,211318.9215448142
0.01,0.004196551724137932,0.0067,180461,143676,211318.9215448142
0.01,0.004196551724137932,0.0078000000000000005,177768,136436,211318.9215448142
0.01,0.004196551724137932,0.0089,175681,129974,211318.9215448142
0.01,0.004196551724137932,0.01,173905,124069,211318.9215448142
0.01,0.00453793103448276,0.0001,205620,205079,206356.73624288425
0.01,0.00453793103448276,0.0012000000000000001,198350,190626,206356.73624288425
0.01,0.00453793103448276,0.0023,192717,178211,206356.73624288425
0.01,0.00453793103448276,0.0034,188057,167290,206356.73624288425
0.01,0.00453793103448276,0.0045000000000000005,183938,157688,206356.73624288425
0.01,0.00453793103448276,0.005600000000000001,180781,149036,206356.73624288425
0.01,0.00453793103448276,0.0067,178081,141322,206356.73624288425
0.01,0.00453793103448276,0.0078000000000000005,175838,134323,206356.73624288425
0.01,0.00453793103448276,0.0089,173698,128077,206356.73624288425
0.01,0.00453793103448276,0.01,171817,122296,206356.73624288425
0.01,0.004879310344827587,0.0001,201039,200260,201622.24797219003
0.01,0.004879310344827587,0.0012000000000000001,194430,186576,201622.24797219003
0.01,0.004879310344827587,0.0023,189178,174647,201622.24797219003
0.01,0.004879310344827587,0.0034,185031,164208,201622.24797219003
0.01,0.004879310344827587,0.0045000000000000005,181506,154919,201622.24797219003
0.01,0.004879310344827587,0.005600000000000001,178455,146592,201622.24797219003
0.01,0.004879310344827587,0.0067,175998,139080,201622.24797219003
0.01,0.004879310344827587,0.0078000000000000005,173856,132364,201622.24797219003
0.01,0.004879310344827587,0.0089,171764,126203,201622.24797219003
0.01,0.004879310344827587,0.01,169636,120592,201622.24797219003
0.01,0.005220689655172415,0.0001,196539,195892,197100.1359311282
0.01,0.005220689655172415,0.0012000000000000001,190668,182696,197100.1359311282
0.01,0.005220689655172415,0.0023,185870,171331,197100.1359311282
0.01,0.005220689655172415,0.0034,182172,161169,197100.1359311282
0.01,0.005220689655172415,0.0045000000000000005,178750,152228,197100.1359311282
0.01,0.005220689655172415,0.005600000000000001,176080,144111,197100.1359311282
0.01,0.005220689655172415,0.0067,173642,136951,197100.1359311282
0.01,0.005220689655172415,0.0078000000000000005,171471,130356,197100.1359311282
0.01,0.005220689655172415,0.0089,170007,124454,197100.1359311282
0.01,0.005220689655172415,0.01,168262,119003,197100.1359311282
0.01,0.005562068965517242,0.0001,192265,191667,192776.42366496785
0.01,0.005562068965517242,0.0012000000000000001,186935,179075,192776.42366496785
0.01,0.005562068965517242,0.0023,182682,168021,192776.42366496785
0.01,0.005562068965517242,0.0034,179404,158201,192776.42366496785
0.01,0.005562068965517242,0.0045000000000000005,176055,149577,192776.42366496785
0.01,0.005562068965517242,0.005600000000000001,173733,141816,192776.42366496785
0.01,0.005562068965517242,0.0067,171175,134843,192776.42366496785
0.01,0.005562068965517242,0.0078000000000000005,169760,128458,192776.42366496785
0.01,0.005562068965517242,0.0089,167571,122641,192776.42366496785
0.01,0.005562068965517242,0.01,166198,117439,192776.42366496785
0.01,0.00590344827586207,0.0001,188183,187583,188638.33477883783
0.01,0.00590344827586207,0.0012000000000000001,183373,175463,188638.33477883783
0.01,0.00590344827586207,0.0023,179662,164809,188638.33477883783
0.01,0.00590344827586207,0.0034,176347,155396,188638.33477883783
0.01,0.00590344827586207,0.0045000000000000005,173701,147037,188638.33477883783
0.01,0.00590344827586207,0.005600000000000001,171311,139597,188638.33477883783
0.01,0.00590344827586207,0.0067,169290,132801,188638.33477883783
0.01,0.00590344827586207,0.0078000000000000005,167224,126649,188638.33477883783
0.01,0.00590344827586207,0.0089,166104,120921,188638.33477883783
0.01,0.00590344827586207,0.01,164538,115844,188638.33477883783
0.01,0.006244827586206898,0.0001,184294,183625,184674.1668435576
0.01,0.006244827586206898,0.0012000000000000001,180061,172013,184674.1668435576
0.01,0.006244827586206898,0.0023,176483,161825,184674.1668435576
0.01,0.006244827586206898,0.0034,173445,152692,184674.1668435576
0.01,0.006244827586206898,0.0045000000000000005,171304,144659,184674.1668435576
0.01,0.006244827586206898,0.005600000000000001,169399,137320,184674.1668435576
0.01,0.006244827586206898,0.0067,167173,130832,184674.1668435576
0.01,0.006244827586206898,0.0078000000000000005,165687,124753,184674.1668435576
0.01,0.006244827586206898,0.0089,164211,119311,184674.1668435576
0.01,0.006244827586206898,0.01,162325,114288,184674.1668435576
0.01,0.006586206896551725,0.0001,180526,179789,180873.18087318086
0.01,0.006586206896551725,0.0012000000000000001,176654,168693,180873.18087318086
0.01,0.006586206896551725,0.0023,173249,158970,180873.18087318086
0.01,0.006586206896551725,0.0034,171060,150108,180873.18087318086
0.01,0.006586206896551725,0.0045000000000000005,168754,142356,180873.18087318086
0.01,0.006586206896551725,0.005600000000000001,166343,135290,180873.18087318086
0.01,0.006586206896551725,0.0067,165425,128926,180873.18087318086
0.01,0.006586206896551725,0.0078000000000000005,163910,123107,180873.18087318086
0.01,0.006586206896551725,0.0089,161723,117715,180873.18087318086
0.01,0.006586206896551725,0.01,160799,112835,180873.18087318086
0.01,0.006927586206896553,0.0001,176936,176267,177225.50417600322
0.01,0.006927586206896553,0.0012000000000000001,173622,165583,177225.50417600322
0.01,0.006927586206896553,0.0023,170600,156137,177225.50417600322
0.01,0.006927586206896553,0.0034,168598,147661,177225.50417600322
0.01,0.006927586206896553,0.0045000000000000005,165948,140003,177225.50417600322
0.01,0.006927586206896553,0.005600000000000001,164533,133146,177225.50417600322
0.01,0.006927586206896553,0.0067,163070,127063,177225.50417600322
0.01,0.006927586206896553,0.0078000000000000005,161726,121408,177225.50417600322
0.01,0.006927586206896553,0.0089,160324,116215,177225.50417600322
0.01,0.006927586206896553,0.01,159539,111481,177225.50417600322
0.01,0.00726896551724138,0.0001,173446,172758,173722.04472843447
0.01,0.00726896551724138,0.0012000000000000001,170342,162473,173722.04472843447
0.01,0.00726896551724138,0.0023,167924,153414,173722.04472843447
0.01,0.00726896551724138,0.0034,165967,145224,173722.04472843447
0.01,0.00726896551724138,0.0045000000000000005,164411,137850,173722.04472843447
0.01,0.00726896551724138,0.005600000000000001,162930,131262,173722.04472843447
0.01,0.00726896551724138,0.0067,161917,125255,173722.04472843447
0.01,0.00726896551724138,0.0078000000000000005,159893,119716,173722.04472843447
0.01,0.00726896551724138,0.0089,159348,114658,173722.04472843447
0.01,0.00726896551724138,0.01,157500,110089,173722.04472843447
0.01,0.0076103448275862086,0.0001,170133,169477,170354.4155081261
0.01,0.0076103448275862086,0.0012000000000000001,167644,159474,170354.4155081261
0.01,0.0076103448275862086,0.0023,165168,150795,170354.4155081261
0.01,0.0076103448275862086,0.0034,163546,142810,170354.4155081261
0.01,0.0076103448275862086,0.0045000000000000005,162167,135780,170354.4155081261
0.01,0.0076103448275862086,0.005600000000000001,160642,129223,170354.4155081261
0.01,0.0076103448275862086,0.0067,159633,123384,170354.4155081261
0.01,0.0076103448275862086,0.0078000000000000005,157820,118092,170354.4155081261
0.01,0.0076103448275862086,0.0089,156912,113245,170354.4155081261
0.01,0.0076103448275862086,0.01,156943,108731,170354.4155081261
0.01,0.007951724137931035,0.0001,166932,166191,167114.86746062236
0.01,0.007951724137931035,0.0012000000000000001,164445,156648,167114.86746062236
0.01,0.007951724137931035,0.0023,162849,148181,167114.86746062236
0.01,0.007951724137931035,0.0034,160369,140530,167114.86746062236
0.01,0.007951724137931035,0.0045000000000000005,159089,133713,167114.86746062236
0.01,0.007951724137931035,0.005600000000000001,159122,127417,167114.86746062236
0.01,0.007951724137931035,0.0067,157607,121740,167114.86746062236
0.01,0.007951724137931035,0.0078000000000000005,156438,116460,167114.86746062236
0.01,0.007951724137931035,0.0089,156902,111689,167114.86746062236
0.01,0.007951724137931035,0.01,154364,107404,167114.86746062236
0.01,0.008293103448275862,0.0001,163789,163178,163996.22997172477
0.01,0.008293103448275862,0.0012000000000000001,161827,153907,163996.22997172477
0.01,0.008293103448275862,0.0023,160706,145667,163996.22997172477
0.01,0.008293103448275862,0.0034,157319,138354,163996.22997172477
0.01,0.008293103448275862,0.0045000000000000005,157815,131704,163996.22997172477
0.01,0.008293103448275862,0.005600000000000001,156546,125563,163996.22997172477
0.01,0.008293103448275862,0.0067,156931,120094,163996.22997172477
0.01,0.008293103448275862,0.0078000000000000005,155678,114962,163996.22997172477
0.01,0.008293103448275862,0.0089,153318,110319,163996.22997172477
0.01,0.008293103448275862,0.01,153036,106100,163996.22997172477
0.01,0.00863448275862069,0.0001,160816,160250,160991.85788304958
0.01,0.00863448275862069,0.0012000000000000001,158653,151245,160991.85788304958
0.01,0.00863448275862069,0.0023,156868,143356,160991.85788304958
0.01,0.00863448275862069,0.0034,157012,136206,160991.85788304958
0.01,0.00863448275862069,0.0045000000000000005,155764,129693,160991.85788304958
0.01,0.00863448275862069,0.005600000000000001,154682,123768,160991.85788304958
0.01,0.00863448275862069,0.0067,154558,118475,160991.85788304958
0.01,0.00863448275862069,0.0078000000000000005,153825,113569,160991.85788304958
0.01,0.00863448275862069,0.0089,152222,108984,160991.85788304958
0.01,0.00863448275862069,0.01,152461,104838,160991.85788304958
0.01,0.008975862068965518,0.0001,157941,157347,158095.58422678537
0.01,0.008975862068965518,0.0012000000000000001,156395,148685,158095.58422678537
0.01,0.008975862068965518,0.0023,155683,141031,158095.58422678537
0.01,0.008975862068965518,0.0034,155107,134176,158095.58422678537
0.01,0.008975862068965518,0.0045000000000000005,153677,127793,158095.58422678537
0.01,0.008975862068965518,0.005600000000000001,152266,122048,158095.58422678537
0.01,0.008975862068965518,0.0067,152642,116825,158095.58422678537
0.01,0.008975862068965518,0.0078000000000000005,152412,112029,158095.58422678537
0.01,0.008975862068965518,0.0089,151542,107654,158095.58422678537
0.01,0.008975862068965518,0.01,150775,103516,158095.58422678537
0.01,0.009317241379310346,0.0001,155168,154577,155301.67797215283
0.01,0.009317241379310346,0.0012000000000000001,154201,146256,155301.67797215283
0.01,0.009317241379310346,0.0023,153306,138809,155301.67797215283
0.01,0.009317241379310346,0.0034,152433,132098,155301.67797215283
0.01,0.009317241379310346,0.0045000000000000005,151862,126026,155301.67797215283
0.01,0.009317241379310346,0.005600000000000001,151335,120469,155301.67797215283
0.01,0.009317241379310346,0.0067,150479,115275,155301.67797215283
0.01,0.009317241379310346,0.0078000000000000005,150300,110678,155301.67797215283
0.01,0.009317241379310346,0.0089,148886,106315,155301.67797215283
0.01,0.009317241379310346,0.01,148699,102401,155301.67797215283
0.01,0.009658620689655173,0.0001,152489,151918,152604.80617435536
0.01,0.009658620689655173,0.0012000000000000001,151632,143933,152604.80617435536
0.01,0.009658620689655173,0.0023,150874,136599,152604.80617435536
0.01,0.009658620689655173,0.0034,149978,130139,152604.80617435536
0.01,0.009658620689655173,0.0045000000000000005,149604,124260,152604.80617435536
0.01,0.009658620689655173,0.005600000000000001,148351,118771,152604.80617435536
0.01,0.009658620689655173,0.0067,148696,113895,152604.80617435536
0.01,0.009658620689655173,0.0078000000000000005,148410,109332,152604.80617435536
0.01,0.009658620689655173,0.0089,147230,105064,152604.80617435536
0.01,0.009658620689655173,0.01,147959,101151,152604.80617435536
0.01,0.01,0.0001,149910,149370,150000.0
0.01,0.01,0.0012000000000000001,148807,141545,150000.0
0.01,0.01,0.0023,148414,134582,150000.0
0.01,0.01,0.0034,147963,128244,150000.0
0.01,0.01,0.0045000000000000005,147125,122519,150000.0
0.01,0.01,0.005600000000000001,147040,117252,150000.0
0.01,0.01,0.0067,147047,112433,150000.0
0.01,0.01,0.0078000000000000005,145917,107991,150000.0
0.01,0.01,0.0089,144855,103887,150000.0
0.01,0.01,0.01,144915,99971,150000.0
