charge_rate,discharge_rate,AI_computation,offload,no_offload,best_offload
0.004,0.004,0.006,218160,128759,225000.0
0.004,0.004,0.009,216315,105797,225000.0
0.004,0.004,0.012,215376,90121,225000.0
0.004,0.004,0.015,214475,78289,225000.0
0.004,0.004352941176470588,0.006,205882,125591,215492.95774647887
0.004,0.004352941176470588,0.009,205417,103770,215492.95774647887
0.004,0.004352941176470588,0.012,204710,88552,215492.95774647887
0.004,0.004352941176470588,0.015,203364,77164,215492.95774647887
0.004,0.004705882352941177,0.006,198440,122405,206756.75675675675
0.004,0.004705882352941177,0.009,196377,101707,206756.75675675675
0.004,0.004705882352941177,0.012,198656,87012,206756.75675675675
0.004,0.004705882352941177,0.015,197596,75989,206756.75675675675
0.004,0.005058823529411765,0.006,183005,119705,198701.2987012987
0.004,0.005058823529411765,0.009,188545,99819,198701.2987012987
0.004,0.005058823529411765,0.012,189839,85562,198701.2987012987
0.004,0.005058823529411765,0.015,189295,74860,198701.2987012987
0.004,0.005411764705882353,0.006,185567,116866,191250.00000000003
0.004,0.005411764705882353,0.009,183121,97851,191250.00000000003
0.004,0.005411764705882353,0.012,185067,84034,191250.00000000003
0.004,0.005411764705882353,0.015,186170,73840,191250.00000000003
0.004,0.005764705882352941,0.006,175947,114088,184337.34939759038
0.004,0.005764705882352941,0.009,178673,95846,184337.34939759038
0.004,0.005764705882352941,0.012,178620,82828,184337.34939759038
0.004,0.005764705882352941,0.015,179378,72818,184337.34939759038
0.004,0.00611764705882353,0.006,170226,111823,177906.97674418602
0.004,0.00611764705882353,0.009,172322,94244,177906.97674418602
0.004,0.00611764705882353,0.012,171820,81465,177906.97674418602
0.004,0.00611764705882353,0.015,171588,71788,177906.97674418602
0.004,0.006470588235294118,0.006,161688,109209,171910.11235955058
0.004,0.006470588235294118,0.009,167905,92529,171910.11235955058
0.004,0.006470588235294118,0.012,169077,80065,171910.11235955058
0.004,0.006470588235294118,0.015,169285,70744,171910.11235955058
0.004,0.006823529411764706,0.006,162733,107097,166304.34782608697
0.004,0.006823529411764706,0.009,162212,90939,166304.34782608697
0.004,0.006823529411764706,0.012,155832,79002,166304.34782608697
0.004,0.006823529411764706,0.015,163638,69760,166304.34782608697
0.004,0.007176470588235295,0.006,154835,104938,161052.6315789474
0.004,0.007176470588235295,0.009,159969,89349,161052.6315789474
0.004,0.007176470588235295,0.012,157602,77780,161052.6315789474
0.004,0.007176470588235295,0.015,158252,68719,161052.6315789474
0.004,0.0075294117647058826,0.006,149607,102846,156122.44897959183
0.004,0.0075294117647058826,0.009,153809,87793,156122.44897959183
0.004,0.0075294117647058826,0.012,151214,76580,156122.44897959183
0.004,0.0075294117647058826,0.015,154988,67778,156122.44897959183
0.004,0.00788235294117647,0.006,148865,100565,151485.14851485152
0.004,0.00788235294117647,0.009,147341,86269,151485.14851485152
0.004,0.00788235294117647,0.012,147895,75477,151485.14851485152
0.004,0.00788235294117647,0.015,148839,67030,151485.14851485152
0.004,0.00823529411764706,0.006,144565,98626,147115.38461538462
0.004,0.00823529411764706,0.009,145502,84842,147115.38461538462
0.004,0.00823529411764706,0.012,145827,74328,147115.38461538462
0.004,0.00823529411764706,0.015,146591,66036,147115.38461538462
0.004,0.008588235294117647,0.006,137459,96970,142990.65420560748
0.004,0.008588235294117647,0.009,142054,83290,142990.65420560748
0.004,0.008588235294117647,0.012,141299,73118,142990.65420560748
0.004,0.008588235294117647,0.015,141279,65326,142990.65420560748
0.004,0.008941176470588235,0.006,138366,94940,139090.9090909091
0.004,0.008941176470588235,0.009,138023,82154,139090.9090909091
0.004,0.008941176470588235,0.012,136582,72260,139090.9090909091
0.004,0.008941176470588235,0.015,137834,64447,139090.9090909091
0.004,0.009294117647058824,0.006,134839,93393,135398.2300884956
0.004,0.009294117647058824,0.009,134122,80798,135398.2300884956
0.004,0.009294117647058824,0.012,134003,71245,135398.2300884956
0.004,0.009294117647058824,0.015,134600,63680,135398.2300884956
0.004,0.009647058823529411,0.006,127347,91726,131896.55172413794
0.004,0.009647058823529411,0.009,130074,79621,131896.55172413794
0.004,0.009647058823529411,0.012,129838,70234,131896.55172413794
0.004,0.009647058823529411,0.015,130197,62925,131896.55172413794
0.004,0.01,0.006,121208,90121,128571.42857142857
0.004,0.01,0.009,120900,78289,128571.42857142857
0.004,0.01,0.012,126867,69161,128571.42857142857
0.004,0.01,0.015,127659,62012,128571.42857142857
0.004,0.010352941176470589,0.006,124951,88552,125409.83606557379
0.004,0.010352941176470589,0.009,124871,77164,125409.83606557379
0.004,0.010352941176470589,0.012,121166,68403,125409.83606557379
0.004,0.010352941176470589,0.015,124690,61394,125409.83606557379
0.004,0.010705882352941176,0.006,118634,87012,122400.00000000003
0.004,0.010705882352941176,0.009,116303,75989,122400.00000000003
0.004,0.010705882352941176,0.012,122038,67477,122400.00000000003
0.004,0.010705882352941176,0.015,121410,60681,122400.00000000003
0.004,0.011058823529411765,0.006,115969,85562,119531.25000000003
0.004,0.011058823529411765,0.009,119005,74860,119531.25000000003
0.004,0.011058823529411765,0.012,112923,66440,119531.25000000003
0.004,0.011058823529411765,0.015,119124,59960,119531.25000000003
0.004,0.011411764705882354,0.006,116586,84034,116793.89312977101
0.004,0.011411764705882354,0.009,116327,73840,116793.89312977101
0.004,0.011411764705882354,0.012,116583,65760,116793.89312977101
0.004,0.011411764705882354,0.015,114928,59184,116793.89312977101
0.004,0.011764705882352941,0.006,109643,82828,114179.10447761195
0.004,0.011764705882352941,0.009,105599,72818,114179.10447761195
0.004,0.011764705882352941,0.012,111828,64806,114179.10447761195
0.004,0.011764705882352941,0.015,113528,58517,114179.10447761195
0.004,0.01211764705882353,0.006,111123,81465,111678.83211678831
0.004,0.01211764705882353,0.009,107894,71788,111678.83211678831
0.004,0.01211764705882353,0.012,105732,64097,111678.83211678831
0.004,0.01211764705882353,0.015,109739,57885,111678.83211678831
0.004,0.012470588235294119,0.006,108939,80065,109285.7142857143
0.004,0.012470588235294119,0.009,108996,70744,109285.7142857143
0.004,0.012470588235294119,0.012,106360,63142,109285.7142857143
0.004,0.012470588235294119,0.015,108752,57263,109285.7142857143
0.004,0.012823529411764706,0.006,106766,79002,106993.00699300702
0.004,0.012823529411764706,0.009,106254,69760,106993.00699300702
0.004,0.012823529411764706,0.012,106047,62522,106993.00699300702
0.004,0.012823529411764706,0.015,106672,56644,106993.00699300702
0.004,0.013176470588235295,0.006,101538,77780,104794.52054794523
0.004,0.013176470588235295,0.009,101563,68719,104794.52054794523
0.004,0.013176470588235295,0.012,104475,61783,104794.52054794523
0.004,0.013176470588235295,0.015,103908,56031,104794.52054794523
0.004,0.013529411764705884,0.006,101457,76580,102684.56375838927
0.004,0.013529411764705884,0.009,101816,67778,102684.56375838927
0.004,0.013529411764705884,0.012,102098,60878,102684.56375838927
0.004,0.013529411764705884,0.015,98428,55413,102684.56375838927
0.004,0.01388235294117647,0.006,100429,75477,100657.8947368421
0.004,0.01388235294117647,0.009,100437,67030,100657.8947368421
0.004,0.01388235294117647,0.012,100302,60238,100657.8947368421
0.004,0.01388235294117647,0.015,100385,54821,100657.8947368421
0.004,0.01423529411764706,0.006,98528,74328,98709.67741935486
0.004,0.01423529411764706,0.009,98377,66036,98709.67741935486
0.004,0.01423529411764706,0.012,98376,59573,98709.67741935486
0.004,0.01423529411764706,0.015,97964,54204,98709.67741935486
0.004,0.014588235294117648,0.006,95377,73118,96835.44303797469
0.004,0.014588235294117648,0.009,96543,65326,96835.44303797469
0.004,0.014588235294117648,0.012,95979,58892,96835.44303797469
0.004,0.014588235294117648,0.015,92542,53671,96835.44303797469
0.004,0.014941176470588236,0.006,94778,72260,95031.05590062114
0.004,0.014941176470588236,0.009,94776,64447,95031.05590062114
0.004,0.014941176470588236,0.012,94766,58265,95031.05590062114
0.004,0.014941176470588236,0.015,94596,53113,95031.05590062114
0.004,0.015294117647058824,0.006,92959,71245,93292.68292682928
0.004,0.015294117647058824,0.009,92830,63680,93292.68292682928
0.004,0.015294117647058824,0.012,92954,57492,93292.68292682928
0.004,0.015294117647058824,0.015,92652,52532,93292.68292682928
0.004,0.015647058823529413,0.006,91069,70234,91616.76646706587
0.004,0.015647058823529413,0.009,90464,62925,91616.76646706587
0.004,0.015647058823529413,0.012,90937,56800,91616.76646706587
0.004,0.015647058823529413,0.015,91178,51992,91616.76646706587
0.004,0.016,0.006,89757,69161,90000.0
0.004,0.016,0.009,89813,62012,90000.0
0.004,0.016,0.012,89639,56298,90000.0
0.004,0.016,0.015,89483,51501,90000.0
0.004352941176470588,0.004,0.006,223193,136455,234507.04225352107
0.004352941176470588,0.004,0.009,217826,112988,234507.04225352107
0.004352941176470588,0.004,0.012,217552,96345,234507.04225352107
0.004352941176470588,0.004,0.015,217592,83955,234507.04225352107
0.004352941176470588,0.004352941176470588,0.006,217784,133298,225000.0
0.004352941176470588,0.004352941176470588,0.009,216708,110734,225000.0
0.004352941176470588,0.004352941176470588,0.012,214296,94683,225000.0
0.004352941176470588,0.004352941176470588,0.015,211725,82743,225000.0
0.004352941176470588,0.004705882352941177,0.006,210914,130114,216233.7662337662
0.004352941176470588,0.004705882352941177,0.009,209915,108576,216233.7662337662
0.004352941176470588,0.004705882352941177,0.012,205285,93128,216233.7662337662
0.004352941176470588,0.004705882352941177,0.015,206947,81399,216233.7662337662
0.004352941176470588,0.005058823529411765,0.006,203098,127215,208124.99999999997
0.004352941176470588,0.005058823529411765,0.009,202185,106516,208124.99999999997
0.004352941176470588,0.005058823529411765,0.012,194669,91395,208124.99999999997
0.004352941176470588,0.005058823529411765,0.015,196715,80317,208124.99999999997
0.004352941176470588,0.005411764705882353,0.006,194377,124363,200602.4096385542
0.004352941176470588,0.005411764705882353,0.009,191167,104480,200602.4096385542
0.004352941176470588,0.005411764705882353,0.012,193013,90074,200602.4096385542
0.004352941176470588,0.005411764705882353,0.015,189853,79213,200602.4096385542
0.004352941176470588,0.005764705882352941,0.006,183232,121703,193604.6511627907
0.004352941176470588,0.005764705882352941,0.009,186240,102455,193604.6511627907
0.004352941176470588,0.005764705882352941,0.012,188037,88538,193604.6511627907
0.004352941176470588,0.005764705882352941,0.015,185991,78109,193604.6511627907
0.004352941176470588,0.00611764705882353,0.006,181622,118949,187078.6516853932
0.004352941176470588,0.00611764705882353,0.009,176768,100560,187078.6516853932
0.004352941176470588,0.00611764705882353,0.012,182182,87290,187078.6516853932
0.004352941176470588,0.00611764705882353,0.015,183055,77008,187078.6516853932
0.004352941176470588,0.006470588235294118,0.006,170587,116541,180978.2608695652
0.004352941176470588,0.006470588235294118,0.009,176665,98877,180978.2608695652
0.004352941176470588,0.006470588235294118,0.012,176587,85802,180978.2608695652
0.004352941176470588,0.006470588235294118,0.015,176852,75937,180978.2608695652
0.004352941176470588,0.006823529411764706,0.006,164685,114136,175263.15789473685
0.004352941176470588,0.006823529411764706,0.009,172038,97164,175263.15789473685
0.004352941176470588,0.006823529411764706,0.012,169483,84594,175263.15789473685
0.004352941176470588,0.006823529411764706,0.015,166976,74801,175263.15789473685
0.004352941176470588,0.007176470588235295,0.006,161616,111700,169897.95918367346
0.004352941176470588,0.007176470588235295,0.009,168782,95512,169897.95918367346
0.004352941176470588,0.007176470588235295,0.012,160837,83295,169897.95918367346
0.004352941176470588,0.007176470588235295,0.015,166455,73899,169897.95918367346
0.004352941176470588,0.0075294117647058826,0.006,161284,109523,164851.48514851482
0.004352941176470588,0.0075294117647058826,0.009,160602,93831,164851.48514851482
0.004352941176470588,0.0075294117647058826,0.012,156558,82099,164851.48514851482
0.004352941176470588,0.0075294117647058826,0.015,162568,72938,164851.48514851482
0.004352941176470588,0.00788235294117647,0.006,150305,107524,160096.15384615384
0.004352941176470588,0.00788235294117647,0.009,155614,92159,160096.15384615384
0.004352941176470588,0.00788235294117647,0.012,158658,80959,160096.15384615384
0.004352941176470588,0.00788235294117647,0.015,158908,71843,160096.15384615384
0.004352941176470588,0.00823529411764706,0.006,150928,105344,155607.476635514
0.004352941176470588,0.00823529411764706,0.009,154267,90874,155607.476635514
0.004352941176470588,0.00823529411764706,0.012,153411,79700,155607.476635514
0.004352941176470588,0.00823529411764706,0.015,153017,71060,155607.476635514
0.004352941176470588,0.008588235294117647,0.006,144237,103568,151363.63636363635
0.004352941176470588,0.008588235294117647,0.009,141788,89349,151363.63636363635
0.004352941176470588,0.008588235294117647,0.012,150136,78513,151363.63636363635
0.004352941176470588,0.008588235294117647,0.015,149906,70045,151363.63636363635
0.004352941176470588,0.008941176470588235,0.006,141876,101463,147345.13274336283
0.004352941176470588,0.008941176470588235,0.009,144303,87778,147345.13274336283
0.004352941176470588,0.008941176470588235,0.012,144586,77512,147345.13274336283
0.004352941176470588,0.008941176470588235,0.015,145877,69283,147345.13274336283
0.004352941176470588,0.009294117647058824,0.006,136467,99798,143534.48275862067
0.004352941176470588,0.009294117647058824,0.009,139679,86584,143534.48275862067
0.004352941176470588,0.009294117647058824,0.012,138149,76432,143534.48275862067
0.004352941176470588,0.009294117647058824,0.015,141942,68339,143534.48275862067
0.004352941176470588,0.009647058823529411,0.006,136707,98045,139915.96638655462
0.004352941176470588,0.009647058823529411,0.009,135399,85081,139915.96638655462
0.004352941176470588,0.009647058823529411,0.012,138360,75415,139915.96638655462
0.004352941176470588,0.009647058823529411,0.015,138730,67563,139915.96638655462
0.004352941176470588,0.01,0.006,133918,96345,136475.40983606558
0.004352941176470588,0.01,0.009,135418,83955,136475.40983606558
0.004352941176470588,0.01,0.012,135053,74392,136475.40983606558
0.004352941176470588,0.01,0.015,135386,66823,136475.40983606558
0.004352941176470588,0.010352941176470589,0.006,131532,94683,133200.0
0.004352941176470588,0.010352941176470589,0.009,125511,82743,133200.0
0.004352941176470588,0.010352941176470589,0.012,131776,73440,133200.0
0.004352941176470588,0.010352941176470589,0.015,132209,66057,133200.0
0.004352941176470588,0.010705882352941176,0.006,128514,93128,130078.125
0.004352941176470588,0.010705882352941176,0.009,126126,81399,130078.125
0.004352941176470588,0.010705882352941176,0.012,127372,72442,130078.125
0.004352941176470588,0.010705882352941176,0.015,129026,65194,130078.125
0.004352941176470588,0.011058823529411765,0.006,123641,91395,127099.23664122137
0.004352941176470588,0.011058823529411765,0.009,126525,80317,127099.23664122137
0.004352941176470588,0.011058823529411765,0.012,122158,71583,127099.23664122137
0.004352941176470588,0.011058823529411765,0.015,126460,64438,127099.23664122137
0.004352941176470588,0.011411764705882354,0.006,116095,90074,124253.73134328357
0.004352941176470588,0.011411764705882354,0.009,123774,79213,124253.73134328357
0.004352941176470588,0.011411764705882354,0.012,123539,70619,124253.73134328357
0.004352941176470588,0.011411764705882354,0.015,121034,63753,124253.73134328357
0.004352941176470588,0.011764705882352941,0.006,115687,88538,121532.84671532846
0.004352941176470588,0.011764705882352941,0.009,117774,78109,121532.84671532846
0.004352941176470588,0.011764705882352941,0.012,115591,69594,121532.84671532846
0.004352941176470588,0.011764705882352941,0.015,121153,62989,121532.84671532846
0.004352941176470588,0.01211764705882353,0.006,116720,87290,118928.57142857139
0.004352941176470588,0.01211764705882353,0.009,114743,77008,118928.57142857139
0.004352941176470588,0.01211764705882353,0.012,117121,68818,118928.57142857139
0.004352941176470588,0.01211764705882353,0.015,118449,62318,118928.57142857139
0.004352941176470588,0.012470588235294119,0.006,113371,85802,116433.56643356642
0.004352941176470588,0.012470588235294119,0.009,109751,75937,116433.56643356642
0.004352941176470588,0.012470588235294119,0.012,115533,68009,116433.56643356642
0.004352941176470588,0.012470588235294119,0.015,116019,61613,116433.56643356642
0.004352941176470588,0.012823529411764706,0.006,113745,84594,114041.09589041094
0.004352941176470588,0.012823529411764706,0.009,113305,74801,114041.09589041094
0.004352941176470588,0.012823529411764706,0.012,113685,67094,114041.09589041094
0.004352941176470588,0.012823529411764706,0.015,113720,60863,114041.09589041094
0.004352941176470588,0.013176470588235295,0.006,109319,83295,111744.96644295302
0.004352941176470588,0.013176470588235295,0.009,108013,73899,111744.96644295302
0.004352941176470588,0.013176470588235295,0.012,111368,66278,111744.96644295302
0.004352941176470588,0.013176470588235295,0.015,108013,60249,111744.96644295302
0.004352941176470588,0.013529411764705884,0.006,106180,82099,109539.47368421052
0.004352941176470588,0.013529411764705884,0.009,109340,72938,109539.47368421052
0.004352941176470588,0.013529411764705884,0.012,109282,65596,109539.47368421052
0.004352941176470588,0.013529411764705884,0.015,105206,59677,109539.47368421052
0.004352941176470588,0.01388235294117647,0.006,106445,80959,107419.35483870968
0.004352941176470588,0.01388235294117647,0.009,106728,71843,107419.35483870968
0.004352941176470588,0.01388235294117647,0.012,106867,64829,107419.35483870968
0.004352941176470588,0.01388235294117647,0.015,107043,58912,107419.35483870968
0.004352941176470588,0.01423529411764706,0.006,102489,79700,105379.74683544303
0.004352941176470588,0.01423529411764706,0.009,105097,71060,105379.74683544303
0.004352941176470588,0.01423529411764706,0.012,105086,64011,105379.74683544303
0.004352941176470588,0.01423529411764706,0.015,103302,58355,105379.74683544303
0.004352941176470588,0.014588235294117648,0.006,102938,78513,103416.14906832296
0.004352941176470588,0.014588235294117648,0.009,99195,70045,103416.14906832296
0.004352941176470588,0.014588235294117648,0.012,99401,63256,103416.14906832296
0.004352941176470588,0.014588235294117648,0.015,102836,57817,103416.14906832296
0.004352941176470588,0.014941176470588236,0.006,101297,77512,101524.39024390244
0.004352941176470588,0.014941176470588236,0.009,101262,69283,101524.39024390244
0.004352941176470588,0.014941176470588236,0.012,101029,62597,101524.39024390244
0.004352941176470588,0.014941176470588236,0.015,101124,57073,101524.39024390244
0.004352941176470588,0.015294117647058824,0.006,99371,76432,99700.59880239521
0.004352941176470588,0.015294117647058824,0.009,99438,68339,99700.59880239521
0.004352941176470588,0.015294117647058824,0.012,98989,61919,99700.59880239521
0.004352941176470588,0.015294117647058824,0.015,99445,56582,99700.59880239521
0.004352941176470588,0.015647058823529413,0.006,94982,75415,97941.17647058822
0.004352941176470588,0.015647058823529413,0.009,96935,67563,97941.17647058822
0.004352941176470588,0.015647058823529413,0.012,97598,61249,97941.17647058822
0.004352941176470588,0.015647058823529413,0.015,97262,56010,97941.17647058822
0.004352941176470588,0.016,0.006,95948,74392,96242.77456647396
0.004352941176470588,0.016,0.009,95879,66823,96242.77456647396
0.004352941176470588,0.016,0.012,96026,60615,96242.77456647396
0.004352941176470588,0.016,0.015,95915,55500,96242.77456647396
0.004705882352941177,0.004,0.006,227424,144139,243243.24324324325
0.004705882352941177,0.004,0.009,225266,119517,243243.24324324325
0.004705882352941177,0.004,0.012,221836,102357,243243.24324324325
0.004705882352941177,0.004,0.015,217577,89411,243243.24324324325
0.004705882352941177,0.004352941176470588,0.006,223556,140760,233766.23376623378
0.004705882352941177,0.004352941176470588,0.009,220465,117211,233766.23376623378
0.004705882352941177,0.004352941176470588,0.012,216777,100575,233766.23376623378
0.004705882352941177,0.004352941176470588,0.015,218396,87943,233766.23376623378
0.004705882352941177,0.004705882352941177,0.006,217254,137368,225000.0
0.004705882352941177,0.004705882352941177,0.009,215774,115116,225000.0
0.004705882352941177,0.004705882352941177,0.012,213358,98820,225000.0
0.004705882352941177,0.004705882352941177,0.015,212923,86759,225000.0
0.004705882352941177,0.005058823529411765,0.006,206804,134490,216867.4698795181
0.004705882352941177,0.005058823529411765,0.009,206599,112839,216867.4698795181
0.004705882352941177,0.005058823529411765,0.012,208854,97374,216867.4698795181
0.004705882352941177,0.005058823529411765,0.015,207941,85523,216867.4698795181
0.004705882352941177,0.005411764705882353,0.006,196776,131506,209302.32558139536
0.004705882352941177,0.005411764705882353,0.009,201748,110915,209302.32558139536
0.004705882352941177,0.005411764705882353,0.012,194643,95734,209302.32558139536
0.004705882352941177,0.005411764705882353,0.015,199828,84233,209302.32558139536
0.004705882352941177,0.005764705882352941,0.006,192084,128686,202247.19101123593
0.004705882352941177,0.005764705882352941,0.009,192585,108867,202247.19101123593
0.004705882352941177,0.005764705882352941,0.012,190328,94367,202247.19101123593
0.004705882352941177,0.005764705882352941,0.015,191941,83098,202247.19101123593
0.004705882352941177,0.00611764705882353,0.006,186438,125789,195652.1739130435
0.004705882352941177,0.00611764705882353,0.009,190411,106860,195652.1739130435
0.004705882352941177,0.00611764705882353,0.012,187571,92803,195652.1739130435
0.004705882352941177,0.00611764705882353,0.015,184335,82126,195652.1739130435
0.004705882352941177,0.006470588235294118,0.006,186438,123397,189473.68421052635
0.004705882352941177,0.006470588235294118,0.009,181495,105052,189473.68421052635
0.004705882352941177,0.006470588235294118,0.012,182744,91464,189473.68421052635
0.004705882352941177,0.006470588235294118,0.015,181781,80952,189473.68421052635
0.004705882352941177,0.006823529411764706,0.006,172446,120910,183673.46938775515
0.004705882352941177,0.006823529411764706,0.009,175578,103173,183673.46938775515
0.004705882352941177,0.006823529411764706,0.012,182356,90020,183673.46938775515
0.004705882352941177,0.006823529411764706,0.015,176328,79841,183673.46938775515
0.004705882352941177,0.007176470588235295,0.006,177084,118521,178217.82178217825
0.004705882352941177,0.007176470588235295,0.009,174078,101418,178217.82178217825
0.004705882352941177,0.007176470588235295,0.012,172304,88606,178217.82178217825
0.004705882352941177,0.007176470588235295,0.015,174796,78857,178217.82178217825
0.004705882352941177,0.0075294117647058826,0.006,166176,116234,173076.9230769231
0.004705882352941177,0.0075294117647058826,0.009,167644,99640,173076.9230769231
0.004705882352941177,0.0075294117647058826,0.012,169446,87318,173076.9230769231
0.004705882352941177,0.0075294117647058826,0.015,170873,77823,173076.9230769231
0.004705882352941177,0.00788235294117647,0.006,161120,113969,168224.29906542058
0.004705882352941177,0.00788235294117647,0.009,160927,98200,168224.29906542058
0.004705882352941177,0.00788235294117647,0.012,164354,86066,168224.29906542058
0.004705882352941177,0.00788235294117647,0.015,163533,76690,168224.29906542058
0.004705882352941177,0.00823529411764706,0.006,152834,111897,163636.36363636365
0.004705882352941177,0.00823529411764706,0.009,159529,96592,163636.36363636365
0.004705882352941177,0.00823529411764706,0.012,156794,84871,163636.36363636365
0.004705882352941177,0.00823529411764706,0.015,155820,75866,163636.36363636365
0.004705882352941177,0.008588235294117647,0.006,158237,109765,159292.0353982301
0.004705882352941177,0.008588235294117647,0.009,155542,94951,159292.0353982301
0.004705882352941177,0.008588235294117647,0.012,156764,83648,159292.0353982301
0.004705882352941177,0.008588235294117647,0.015,158381,74778,159292.0353982301
0.004705882352941177,0.008941176470588235,0.006,145560,107727,155172.41379310345
0.004705882352941177,0.008941176470588235,0.009,149902,93623,155172.41379310345
0.004705882352941177,0.008941176470588235,0.012,154258,82698,155172.41379310345
0.004705882352941177,0.008941176470588235,0.015,153062,73950,155172.41379310345
0.004705882352941177,0.009294117647058824,0.006,144287,105938,151260.50420168068
0.004705882352941177,0.009294117647058824,0.009,150146,92049,151260.50420168068
0.004705882352941177,0.009294117647058824,0.012,149810,81542,151260.50420168068
0.004705882352941177,0.009294117647058824,0.015,148630,73136,151260.50420168068
0.004705882352941177,0.009647058823529411,0.006,142846,104142,147540.9836065574
0.004705882352941177,0.009647058823529411,0.009,144189,90752,147540.9836065574
0.004705882352941177,0.009647058823529411,0.012,145218,80437,147540.9836065574
0.004705882352941177,0.009647058823529411,0.015,144902,72128,147540.9836065574
0.004705882352941177,0.01,0.006,138772,102357,144000.0
0.004705882352941177,0.01,0.009,139829,89411,144000.0
0.004705882352941177,0.01,0.012,141345,79351,144000.0
0.004705882352941177,0.01,0.015,141020,71339,144000.0
0.004705882352941177,0.010352941176470589,0.006,139064,100575,140625.00000000003
0.004705882352941177,0.010352941176470589,0.009,137129,87943,140625.00000000003
0.004705882352941177,0.010352941176470589,0.012,136996,78353,140625.00000000003
0.004705882352941177,0.010352941176470589,0.015,137733,70499,140625.00000000003
0.004705882352941177,0.010705882352941176,0.006,130483,98820,137404.58015267178
0.004705882352941177,0.010705882352941176,0.009,133343,86759,137404.58015267178
0.004705882352941177,0.010705882352941176,0.012,135238,77242,137404.58015267178
0.004705882352941177,0.010705882352941176,0.015,136153,69586,137404.58015267178
0.004705882352941177,0.011058823529411765,0.006,125530,97374,134328.35820895527
0.004705882352941177,0.011058823529411765,0.009,128401,85523,134328.35820895527
0.004705882352941177,0.011058823529411765,0.012,131987,76393,134328.35820895527
0.004705882352941177,0.011058823529411765,0.015,131402,68936,134328.35820895527
0.004705882352941177,0.011411764705882354,0.006,130727,95734,131386.86131386863
0.004705882352941177,0.011411764705882354,0.009,131040,84233,131386.86131386863
0.004705882352941177,0.011411764705882354,0.012,129026,75311,131386.86131386863
0.004705882352941177,0.011411764705882354,0.015,128210,68106,131386.86131386863
0.004705882352941177,0.011764705882352941,0.006,124256,94367,128571.42857142857
0.004705882352941177,0.011764705882352941,0.009,125722,83098,128571.42857142857
0.004705882352941177,0.011764705882352941,0.012,125489,74310,128571.42857142857
0.004705882352941177,0.011764705882352941,0.015,127055,67218,128571.42857142857
0.004705882352941177,0.01211764705882353,0.006,124239,92803,125874.12587412588
0.004705882352941177,0.01211764705882353,0.009,122588,82126,125874.12587412588
0.004705882352941177,0.01211764705882353,0.012,122265,73392,125874.12587412588
0.004705882352941177,0.01211764705882353,0.015,124222,66597,125874.12587412588
0.004705882352941177,0.012470588235294119,0.006,120414,91464,123287.67123287673
0.004705882352941177,0.012470588235294119,0.009,119972,80952,123287.67123287673
0.004705882352941177,0.012470588235294119,0.012,119069,72561,123287.67123287673
0.004705882352941177,0.012470588235294119,0.015,122861,65757,123287.67123287673
0.004705882352941177,0.012823529411764706,0.006,118965,90020,120805.36912751681
0.004705882352941177,0.012823529411764706,0.009,115347,79841,120805.36912751681
0.004705882352941177,0.012823529411764706,0.012,117223,71802,120805.36912751681
0.004705882352941177,0.012823529411764706,0.015,119912,65160,120805.36912751681
0.004705882352941177,0.013176470588235295,0.006,116215,88606,118421.05263157898
0.004705882352941177,0.013176470588235295,0.009,117952,78857,118421.05263157898
0.004705882352941177,0.013176470588235295,0.012,115837,70952,118421.05263157898
0.004705882352941177,0.013176470588235295,0.015,115690,64455,118421.05263157898
0.004705882352941177,0.013529411764705884,0.006,113288,87318,116129.03225806453
0.004705882352941177,0.013529411764705884,0.009,108951,77823,116129.03225806453
0.004705882352941177,0.013529411764705884,0.012,115626,70056,116129.03225806453
0.004705882352941177,0.013529411764705884,0.015,112592,63714,116129.03225806453
0.004705882352941177,0.01388235294117647,0.006,113473,86066,113924.05063291141
0.004705882352941177,0.01388235294117647,0.009,113496,76690,113924.05063291141
0.004705882352941177,0.01388235294117647,0.012,108766,69163,113924.05063291141
0.004705882352941177,0.01388235294117647,0.015,112217,63104,113924.05063291141
0.004705882352941177,0.01423529411764706,0.006,111526,84871,111801.24223602486
0.004705882352941177,0.01423529411764706,0.009,110239,75866,111801.24223602486
0.004705882352941177,0.01423529411764706,0.012,111458,68495,111801.24223602486
0.004705882352941177,0.01423529411764706,0.015,110485,62477,111801.24223602486
0.004705882352941177,0.014588235294117648,0.006,109321,83648,109756.09756097561
0.004705882352941177,0.014588235294117648,0.009,109118,74778,109756.09756097561
0.004705882352941177,0.014588235294117648,0.012,108969,67729,109756.09756097561
0.004705882352941177,0.014588235294117648,0.015,109177,61723,109756.09756097561
0.004705882352941177,0.014941176470588236,0.006,107364,82698,107784.43113772458
0.004705882352941177,0.014941176470588236,0.009,107364,73950,107784.43113772458
0.004705882352941177,0.014941176470588236,0.012,106656,67001,107784.43113772458
0.004705882352941177,0.014941176470588236,0.015,102230,61165,107784.43113772458
0.004705882352941177,0.015294117647058824,0.006,105529,81542,105882.35294117648
0.004705882352941177,0.015294117647058824,0.009,105689,73136,105882.35294117648
0.004705882352941177,0.015294117647058824,0.012,105703,66179,105882.35294117648
0.004705882352941177,0.015294117647058824,0.015,104143,60544,105882.35294117648
0.004705882352941177,0.015647058823529413,0.006,101106,80437,104046.24277456649
0.004705882352941177,0.015647058823529413,0.009,103029,72128,104046.24277456649
0.004705882352941177,0.015647058823529413,0.012,103497,65535,104046.24277456649
0.004705882352941177,0.015647058823529413,0.015,103676,60000,104046.24277456649
0.004705882352941177,0.016,0.006,97941,79351,102272.72727272726
0.004705882352941177,0.016,0.009,101922,71339,102272.72727272726
0.004705882352941177,0.016,0.012,102139,64713,102272.72727272726
0.004705882352941177,0.016,0.015,101875,59280,102272.72727272726
0.005058823529411765,0.004,0.006,231631,151161,251298.7012987013
0.005058823529411765,0.004,0.009,225485,126125,251298.7012987013
0.005058823529411765,0.004,0.012,221950,108184,251298.7012987013
0.005058823529411765,0.004,0.015,219652,94690,251298.7012987013
0.005058823529411765,0.004352941176470588,0.006,229134,147828,241875.0
0.005058823529411765,0.004352941176470588,0.009,224174,123791,241875.0
0.005058823529411765,0.004352941176470588,0.012,219542,106414,241875.0
0.005058823529411765,0.004352941176470588,0.015,221628,93348,241875.0
0.005058823529411765,0.004705882352941177,0.006,222568,144558,233132.5301204819
0.005058823529411765,0.004705882352941177,0.009,218449,121450,233132.5301204819
0.005058823529411765,0.004705882352941177,0.012,219013,104624,233132.5301204819
0.005058823529411765,0.004705882352941177,0.015,218157,92032,233132.5301204819
0.005058823529411765,0.005058823529411765,0.006,217744,141184,225000.0
0.005058823529411765,0.005058823529411765,0.009,216529,119191,225000.0
0.005058823529411765,0.005058823529411765,0.012,214079,102855,225000.0
0.005058823529411765,0.005058823529411765,0.015,212052,90641,225000.0
0.005058823529411765,0.005411764705882353,0.006,206827,138330,217415.73033707865
0.005058823529411765,0.005411764705882353,0.009,207379,116929,217415.73033707865
0.005058823529411765,0.005411764705882353,0.012,205453,101235,217415.73033707865
0.005058823529411765,0.005411764705882353,0.015,205143,89439,217415.73033707865
0.005058823529411765,0.005764705882352941,0.006,199439,135432,210326.08695652173
0.005058823529411765,0.005764705882352941,0.009,201929,114940,210326.08695652173
0.005058823529411765,0.005764705882352941,0.012,200818,99815,210326.08695652173
0.005058823529411765,0.005764705882352941,0.015,200226,88238,210326.08695652173
0.005058823529411765,0.00611764705882353,0.006,193003,132482,203684.2105263158
0.005058823529411765,0.00611764705882353,0.009,195526,112914,203684.2105263158
0.005058823529411765,0.00611764705882353,0.012,193621,98169,203684.2105263158
0.005058823529411765,0.00611764705882353,0.015,192984,86906,203684.2105263158
0.005058823529411765,0.006470588235294118,0.006,187437,129969,197448.97959183675
0.005058823529411765,0.006470588235294118,0.009,189562,110990,197448.97959183675
0.005058823529411765,0.006470588235294118,0.012,189791,96817,197448.97959183675
0.005058823529411765,0.006470588235294118,0.015,189668,85876,197448.97959183675
0.005058823529411765,0.006823529411764706,0.006,182221,127408,191584.1584158416
0.005058823529411765,0.006823529411764706,0.009,187382,109015,191584.1584158416
0.005058823529411765,0.006823529411764706,0.012,182405,95395,191584.1584158416
0.005058823529411765,0.006823529411764706,0.015,182339,84740,191584.1584158416
0.005058823529411765,0.007176470588235295,0.006,176269,124932,186057.6923076923
0.005058823529411765,0.007176470588235295,0.009,175401,107283,186057.6923076923
0.005058823529411765,0.007176470588235295,0.012,173880,93992,186057.6923076923
0.005058823529411765,0.007176470588235295,0.015,179773,83518,186057.6923076923
0.005058823529411765,0.0075294117647058826,0.006,176074,122394,180841.1214953271
0.005058823529411765,0.0075294117647058826,0.009,173243,105382,180841.1214953271
0.005058823529411765,0.0075294117647058826,0.012,172339,92666,180841.1214953271
0.005058823529411765,0.0075294117647058826,0.015,172662,82602,180841.1214953271
0.005058823529411765,0.00788235294117647,0.006,170903,120273,175909.0909090909
0.005058823529411765,0.00788235294117647,0.009,174145,103844,175909.0909090909
0.005058823529411765,0.00788235294117647,0.012,171958,91367,175909.0909090909
0.005058823529411765,0.00788235294117647,0.015,170385,81442,175909.0909090909
0.005058823529411765,0.00823529411764706,0.006,167964,117909,171238.93805309734
0.005058823529411765,0.00823529411764706,0.009,165992,102188,171238.93805309734
0.005058823529411765,0.00823529411764706,0.012,168412,90078,171238.93805309734
0.005058823529411765,0.00823529411764706,0.015,166295,80527,171238.93805309734
0.005058823529411765,0.008588235294117647,0.006,160034,115956,166810.34482758623
0.005058823529411765,0.008588235294117647,0.009,153484,100447,166810.34482758623
0.005058823529411765,0.008588235294117647,0.012,160426,88829,166810.34482758623
0.005058823529411765,0.008588235294117647,0.015,164597,79405,166810.34482758623
0.005058823529411765,0.008941176470588235,0.006,155918,113914,162605.04201680672
0.005058823529411765,0.008941176470588235,0.009,161439,99050,162605.04201680672
0.005058823529411765,0.008941176470588235,0.012,160259,87629,162605.04201680672
0.005058823529411765,0.008941176470588235,0.015,159493,78510,162605.04201680672
0.005058823529411765,0.009294117647058824,0.006,150533,111973,158606.5573770492
0.005058823529411765,0.009294117647058824,0.009,156889,97457,158606.5573770492
0.005058823529411765,0.009294117647058824,0.012,157541,86314,158606.5573770492
0.005058823529411765,0.009294117647058824,0.015,153217,77636,158606.5573770492
0.005058823529411765,0.009647058823529411,0.006,154240,110027,154800.0
0.005058823529411765,0.009647058823529411,0.009,149295,96087,154800.0
0.005058823529411765,0.009647058823529411,0.012,150367,85325,154800.0
0.005058823529411765,0.009647058823529411,0.015,153261,76714,154800.0
0.005058823529411765,0.01,0.006,149436,108184,151171.875
0.005058823529411765,0.01,0.009,143729,94690,151171.875
0.005058823529411765,0.01,0.012,148525,84224,151171.875
0.005058823529411765,0.01,0.015,148716,75787,151171.875
0.005058823529411765,0.010352941176470589,0.006,146837,106414,147709.92366412215
0.005058823529411765,0.010352941176470589,0.009,146087,93348,147709.92366412215
0.005058823529411765,0.010352941176470589,0.012,141052,83106,147709.92366412215
0.005058823529411765,0.010352941176470589,0.015,144898,74909,147709.92366412215
0.005058823529411765,0.010705882352941176,0.006,132830,104624,144402.98507462686
0.005058823529411765,0.010705882352941176,0.009,143990,92032,144402.98507462686
0.005058823529411765,0.010705882352941176,0.012,141806,82040,144402.98507462686
0.005058823529411765,0.010705882352941176,0.015,142708,74058,144402.98507462686
0.005058823529411765,0.011058823529411765,0.006,137975,102855,141240.87591240878
0.005058823529411765,0.011058823529411765,0.009,139716,90641,141240.87591240878
0.005058823529411765,0.011058823529411765,0.012,138332,80899,141240.87591240878
0.005058823529411765,0.011058823529411765,0.015,140424,73220,141240.87591240878
0.005058823529411765,0.011411764705882354,0.006,136554,101235,138214.28571428574
0.005058823529411765,0.011411764705882354,0.009,136955,89439,138214.28571428574
0.005058823529411765,0.011411764705882354,0.012,134879,79991,138214.28571428574
0.005058823529411765,0.011411764705882354,0.015,137419,72309,138214.28571428574
0.005058823529411765,0.011764705882352941,0.006,127000,99815,135314.6853146853
0.005058823529411765,0.011764705882352941,0.009,132945,88238,135314.6853146853
0.005058823529411765,0.011764705882352941,0.012,134017,78997,135314.6853146853
0.005058823529411765,0.011764705882352941,0.015,133687,71614,135314.6853146853
0.005058823529411765,0.01211764705882353,0.006,127833,98169,132534.24657534243
0.005058823529411765,0.01211764705882353,0.009,126618,86906,132534.24657534243
0.005058823529411765,0.01211764705882353,0.012,129869,77951,132534.24657534243
0.005058823529411765,0.01211764705882353,0.015,127459,70755,132534.24657534243
0.005058823529411765,0.012470588235294119,0.006,120107,96817,129865.77181208055
0.005058823529411765,0.012470588235294119,0.009,127741,85876,129865.77181208055
0.005058823529411765,0.012470588235294119,0.012,128693,77022,129865.77181208055
0.005058823529411765,0.012470588235294119,0.015,128075,70028,129865.77181208055
0.005058823529411765,0.012823529411764706,0.006,123643,95395,127302.63157894737
0.005058823529411765,0.012823529411764706,0.009,122378,84740,127302.63157894737
0.005058823529411765,0.012823529411764706,0.012,126830,76265,127302.63157894737
0.005058823529411765,0.012823529411764706,0.015,124800,69168,127302.63157894737
0.005058823529411765,0.013176470588235295,0.006,118001,93992,124838.70967741938
0.005058823529411765,0.013176470588235295,0.009,119368,83518,124838.70967741938
0.005058823529411765,0.013176470588235295,0.012,123521,75338,124838.70967741938
0.005058823529411765,0.013176470588235295,0.015,123644,68568,124838.70967741938
0.005058823529411765,0.013529411764705884,0.006,116306,92666,122468.35443037974
0.005058823529411765,0.013529411764705884,0.009,119289,82602,122468.35443037974
0.005058823529411765,0.013529411764705884,0.012,122059,74376,122468.35443037974
0.005058823529411765,0.013529411764705884,0.015,119060,67856,122468.35443037974
0.005058823529411765,0.01388235294117647,0.006,117642,91367,120186.33540372673
0.005058823529411765,0.01388235294117647,0.009,119958,81442,120186.33540372673
0.005058823529411765,0.01388235294117647,0.012,118596,73676,120186.33540372673
0.005058823529411765,0.01388235294117647,0.015,118477,67072,120186.33540372673
0.005058823529411765,0.01423529411764706,0.006,110083,90078,117987.80487804877
0.005058823529411765,0.01423529411764706,0.009,114644,80527,117987.80487804877
0.005058823529411765,0.01423529411764706,0.012,116051,72813,117987.80487804877
0.005058823529411765,0.01423529411764706,0.015,117536,66374,117987.80487804877
0.005058823529411765,0.014588235294117648,0.006,115275,88829,115868.26347305388
0.005058823529411765,0.014588235294117648,0.009,112332,79405,115868.26347305388
0.005058823529411765,0.014588235294117648,0.012,115206,71984,115868.26347305388
0.005058823529411765,0.014588235294117648,0.015,113010,65774,115868.26347305388
0.005058823529411765,0.014941176470588236,0.006,110701,87629,113823.52941176471
0.005058823529411765,0.014941176470588236,0.009,113493,78510,113823.52941176471
0.005058823529411765,0.014941176470588236,0.012,109102,71194,113823.52941176471
0.005058823529411765,0.014941176470588236,0.015,113150,64978,113823.52941176471
0.005058823529411765,0.015294117647058824,0.006,111536,86314,111849.71098265896
0.005058823529411765,0.015294117647058824,0.009,111403,77636,111849.71098265896
0.005058823529411765,0.015294117647058824,0.012,106618,70447,111849.71098265896
0.005058823529411765,0.015294117647058824,0.015,111329,64482,111849.71098265896
0.005058823529411765,0.015647058823529413,0.006,108419,85325,109943.18181818182
0.005058823529411765,0.015647058823529413,0.009,106816,76714,109943.18181818182
0.005058823529411765,0.015647058823529413,0.012,109545,69657,109943.18181818182
0.005058823529411765,0.015647058823529413,0.015,109481,63780,109943.18181818182
0.005058823529411765,0.016,0.006,107855,84224,108100.55865921786
0.005058823529411765,0.016,0.009,107973,75787,108100.55865921786
0.005058823529411765,0.016,0.012,107271,68962,108100.55865921786
0.005058823529411765,0.016,0.015,107736,63200,108100.55865921786
0.005411764705882353,0.004,0.006,233523,158005,258750.0
0.005411764705882353,0.004,0.009,228480,132238,258750.0
0.005411764705882353,0.004,0.012,225259,113768,258750.0
0.005411764705882353,0.004,0.015,227954,99842,258750.0
0.005411764705882353,0.004352941176470588,0.006,229783,154565,249397.5903614458
0.005411764705882353,0.004352941176470588,0.009,226748,129922,249397.5903614458
0.005411764705882353,0.004352941176470588,0.012,224777,112022,249397.5903614458
0.005411764705882353,0.004352941176470588,0.015,220344,98407,249397.5903614458
0.005411764705882353,0.004705882352941177,0.006,227661,151221,240697.67441860464
0.005411764705882353,0.004705882352941177,0.009,224907,127437,240697.67441860464
0.005411764705882353,0.004705882352941177,0.012,218966,110185,240697.67441860464
0.005411764705882353,0.004705882352941177,0.015,220977,97030,240697.67441860464
0.005411764705882353,0.005058823529411765,0.006,222581,147997,232584.26966292138
0.005411764705882353,0.005058823529411765,0.009,221580,125190,232584.26966292138
0.005411764705882353,0.005058823529411765,0.012,217757,108477,232584.26966292138
0.005411764705882353,0.005058823529411765,0.015,218208,95622,232584.26966292138
0.005411764705882353,0.005411764705882353,0.006,216532,144793,225000.0
0.005411764705882353,0.005411764705882353,0.009,216440,122844,225000.0
0.005411764705882353,0.005411764705882353,0.012,215640,106654,225000.0
0.005411764705882353,0.005411764705882353,0.015,215377,94319,225000.0
0.005411764705882353,0.005764705882352941,0.006,210821,141762,217894.73684210525
0.005411764705882353,0.005764705882352941,0.009,206501,120787,217894.73684210525
0.005411764705882353,0.005764705882352941,0.012,208725,105152,217894.73684210525
0.005411764705882353,0.005764705882352941,0.015,206060,92987,217894.73684210525
0.005411764705882353,0.00611764705882353,0.006,202215,139040,211224.4897959184
0.005411764705882353,0.00611764705882353,0.009,203717,118569,211224.4897959184
0.005411764705882353,0.00611764705882353,0.012,201375,103487,211224.4897959184
0.005411764705882353,0.00611764705882353,0.015,202238,91876,211224.4897959184
0.005411764705882353,0.006470588235294118,0.006,194742,136288,204950.495049505
0.005411764705882353,0.006470588235294118,0.009,195797,116583,204950.495049505
0.005411764705882353,0.006470588235294118,0.012,191457,102057,204950.495049505
0.005411764705882353,0.006470588235294118,0.015,194394,90657,204950.495049505
0.005411764705882353,0.006823529411764706,0.006,188709,133651,199038.46153846153
0.005411764705882353,0.006823529411764706,0.009,190275,114597,199038.46153846153
0.005411764705882353,0.006823529411764706,0.012,189233,100576,199038.46153846153
0.005411764705882353,0.006823529411764706,0.015,188785,89360,199038.46153846153
0.005411764705882353,0.007176470588235295,0.006,183871,131109,193457.94392523365
0.005411764705882353,0.007176470588235295,0.009,182696,112907,193457.94392523365
0.005411764705882353,0.007176470588235295,0.012,182127,99076,193457.94392523365
0.005411764705882353,0.007176470588235295,0.015,184553,88346,193457.94392523365
0.005411764705882353,0.0075294117647058826,0.006,183173,128504,188181.81818181818
0.005411764705882353,0.0075294117647058826,0.009,179658,111079,188181.81818181818
0.005411764705882353,0.0075294117647058826,0.012,182380,97715,188181.81818181818
0.005411764705882353,0.0075294117647058826,0.015,177712,87268,188181.81818181818
0.005411764705882353,0.00788235294117647,0.006,181724,126314,183185.8407079646
0.005411764705882353,0.00788235294117647,0.009,171802,109169,183185.8407079646
0.005411764705882353,0.00788235294117647,0.012,171240,96357,183185.8407079646
0.005411764705882353,0.00788235294117647,0.015,177044,86129,183185.8407079646
0.005411764705882353,0.00823529411764706,0.006,169738,124048,178448.27586206896
0.005411764705882353,0.00823529411764706,0.009,173113,107640,178448.27586206896
0.005411764705882353,0.00823529411764706,0.012,174302,94996,178448.27586206896
0.005411764705882353,0.00823529411764706,0.015,175472,85086,178448.27586206896
0.005411764705882353,0.008588235294117647,0.006,165595,121822,173949.57983193282
0.005411764705882353,0.008588235294117647,0.009,163658,105871,173949.57983193282
0.005411764705882353,0.008588235294117647,0.012,171512,93592,173949.57983193282
0.005411764705882353,0.008588235294117647,0.015,171036,84052,173949.57983193282
0.005411764705882353,0.008941176470588235,0.006,165910,119622,169672.131147541
0.005411764705882353,0.008941176470588235,0.009,161455,104368,169672.131147541
0.005411764705882353,0.008941176470588235,0.012,165117,92493,169672.131147541
0.005411764705882353,0.008941176470588235,0.015,168261,83040,169672.131147541
0.005411764705882353,0.009294117647058824,0.006,158626,117565,165600.0
0.005411764705882353,0.009294117647058824,0.009,162357,102704,165600.0
0.005411764705882353,0.009294117647058824,0.012,160987,91252,165600.0
0.005411764705882353,0.009294117647058824,0.015,162937,81927,165600.0
0.005411764705882353,0.009647058823529411,0.006,154871,115572,161718.75
0.005411764705882353,0.009647058823529411,0.009,156392,101236,161718.75
0.005411764705882353,0.009647058823529411,0.012,159189,89932,161718.75
0.005411764705882353,0.009647058823529411,0.015,159783,80988,161718.75
0.005411764705882353,0.01,0.006,149377,113768,158015.26717557252
0.005411764705882353,0.01,0.009,156037,99842,158015.26717557252
0.005411764705882353,0.01,0.012,156601,88925,158015.26717557252
0.005411764705882353,0.01,0.015,155082,80157,158015.26717557252
0.005411764705882353,0.010352941176470589,0.006,146562,112022,154477.61194029852
0.005411764705882353,0.010352941176470589,0.009,149855,98407,154477.61194029852
0.005411764705882353,0.010352941176470589,0.012,152337,87771,154477.61194029852
0.005411764705882353,0.010352941176470589,0.015,151721,79223,154477.61194029852
0.005411764705882353,0.010705882352941176,0.006,147054,110185,151094.89051094893
0.005411764705882353,0.010705882352941176,0.009,144382,97030,151094.89051094893
0.005411764705882353,0.010705882352941176,0.012,150426,86675,151094.89051094893
0.005411764705882353,0.010705882352941176,0.015,146933,78205,151094.89051094893
0.005411764705882353,0.011058823529411765,0.006,140410,108477,147857.14285714284
0.005411764705882353,0.011058823529411765,0.009,142805,95622,147857.14285714284
0.005411764705882353,0.011058823529411765,0.012,143186,85615,147857.14285714284
0.005411764705882353,0.011058823529411765,0.015,142727,77432,147857.14285714284
0.005411764705882353,0.011411764705882354,0.006,139246,106654,144755.24475524476
0.005411764705882353,0.011411764705882354,0.009,134939,94319,144755.24475524476
0.005411764705882353,0.011411764705882354,0.012,141490,84544,144755.24475524476
0.005411764705882353,0.011411764705882354,0.015,142059,76509,144755.24475524476
0.005411764705882353,0.011764705882352941,0.006,134367,105152,141780.82191780824
0.005411764705882353,0.011764705882352941,0.009,136859,92987,141780.82191780824
0.005411764705882353,0.011764705882352941,0.012,140360,83572,141780.82191780824
0.005411764705882353,0.011764705882352941,0.015,137652,75731,141780.82191780824
0.005411764705882353,0.01211764705882353,0.006,135493,103487,138926.17449664426
0.005411764705882353,0.01211764705882353,0.009,137276,91876,138926.17449664426
0.005411764705882353,0.01211764705882353,0.012,136923,82498,138926.17449664426
0.005411764705882353,0.01211764705882353,0.015,137896,74835,138926.17449664426
0.005411764705882353,0.012470588235294119,0.006,132434,102057,136184.2105263158
0.005411764705882353,0.012470588235294119,0.009,131329,90657,136184.2105263158
0.005411764705882353,0.012470588235294119,0.012,132842,81441,136184.2105263158
0.005411764705882353,0.012470588235294119,0.015,133170,74113,136184.2105263158
0.005411764705882353,0.012823529411764706,0.006,130719,100576,133548.3870967742
0.005411764705882353,0.012823529411764706,0.009,122905,89360,133548.3870967742
0.005411764705882353,0.012823529411764706,0.012,132579,80652,133548.3870967742
0.005411764705882353,0.012823529411764706,0.015,132027,73321,133548.3870967742
0.005411764705882353,0.013176470588235295,0.006,130619,99076,131012.6582278481
0.005411764705882353,0.013176470588235295,0.009,128892,88346,131012.6582278481
0.005411764705882353,0.013176470588235295,0.012,130155,79663,131012.6582278481
0.005411764705882353,0.013176470588235295,0.015,129441,72567,131012.6582278481
0.005411764705882353,0.013529411764705884,0.006,123826,97715,128571.42857142858
0.005411764705882353,0.013529411764705884,0.009,123564,87268,128571.42857142858
0.005411764705882353,0.013529411764705884,0.012,126570,78696,128571.42857142858
0.005411764705882353,0.013529411764705884,0.015,126274,71799,128571.42857142858
0.005411764705882353,0.01388235294117647,0.006,123884,96357,126219.51219512196
0.005411764705882353,0.01388235294117647,0.009,124489,86129,126219.51219512196
0.005411764705882353,0.01388235294117647,0.012,123286,77904,126219.51219512196
0.005411764705882353,0.01388235294117647,0.015,123992,70960,126219.51219512196
0.005411764705882353,0.01423529411764706,0.006,123210,94996,123952.09580838324
0.005411764705882353,0.01423529411764706,0.009,119441,85086,123952.09580838324
0.005411764705882353,0.01423529411764706,0.012,121873,77018,123952.09580838324
0.005411764705882353,0.01423529411764706,0.015,121599,70378,123952.09580838324
0.005411764705882353,0.014588235294117648,0.006,116382,93592,121764.70588235295
0.005411764705882353,0.014588235294117648,0.009,116641,84052,121764.70588235295
0.005411764705882353,0.014588235294117648,0.012,115606,76144,121764.70588235295
0.005411764705882353,0.014588235294117648,0.015,117356,69626,121764.70588235295
0.005411764705882353,0.014941176470588236,0.006,112732,92493,119653.17919075146
0.005411764705882353,0.014941176470588236,0.009,110538,83040,119653.17919075146
0.005411764705882353,0.014941176470588236,0.012,117795,75335,119653.17919075146
0.005411764705882353,0.014941176470588236,0.015,118919,68979,119653.17919075146
0.005411764705882353,0.015294117647058824,0.006,117312,91252,117613.63636363637
0.005411764705882353,0.015294117647058824,0.009,115540,81927,117613.63636363637
0.005411764705882353,0.015294117647058824,0.012,108249,74507,117613.63636363637
0.005411764705882353,0.015294117647058824,0.015,116880,68264,117613.63636363637
0.005411764705882353,0.015647058823529413,0.006,114868,89932,115642.45810055865
0.005411764705882353,0.015647058823529413,0.009,111786,80988,115642.45810055865
0.005411764705882353,0.015647058823529413,0.012,112693,73624,115642.45810055865
0.005411764705882353,0.015647058823529413,0.015,114567,67626,115642.45810055865
0.005411764705882353,0.016,0.006,113200,88925,113736.26373626373
0.005411764705882353,0.016,0.009,112782,80157,113736.26373626373
0.005411764705882353,0.016,0.012,112293,72964,113736.26373626373
0.005411764705882353,0.016,0.015,113471,66928,113736.26373626373
0.005764705882352941,0.004,0.006,238871,164671,265662.6506024096
0.005764705882352941,0.004,0.009,233579,138308,265662.6506024096
0.005764705882352941,0.004,0.012,228981,119273,265662.6506024096
0.005764705882352941,0.004,0.015,225183,104824,265662.6506024096
0.005764705882352941,0.004352941176470588,0.006,234683,160955,256395.3488372093
0.005764705882352941,0.004352941176470588,0.009,227837,135720,256395.3488372093
0.005764705882352941,0.004352941176470588,0.012,226228,117362,256395.3488372093
0.005764705882352941,0.004352941176470588,0.015,223214,103350,256395.3488372093
0.005764705882352941,0.004705882352941177,0.006,230984,157618,247752.80898876404
0.005764705882352941,0.004705882352941177,0.009,227840,133328,247752.80898876404
0.005764705882352941,0.004705882352941177,0.012,222682,115404,247752.80898876404
0.005764705882352941,0.004705882352941177,0.015,223555,101922,247752.80898876404
0.005764705882352941,0.005058823529411765,0.006,228425,154310,239673.91304347827
0.005764705882352941,0.005058823529411765,0.009,225594,130996,239673.91304347827
0.005764705882352941,0.005058823529411765,0.012,220561,113757,239673.91304347827
0.005764705882352941,0.005058823529411765,0.015,218837,100479,239673.91304347827
0.005764705882352941,0.005411764705882353,0.006,223875,151141,232105.26315789472
0.005764705882352941,0.005411764705882353,0.009,220063,128625,232105.26315789472
0.005764705882352941,0.005411764705882353,0.012,218705,112014,232105.26315789472
0.005764705882352941,0.005411764705882353,0.015,218820,99044,232105.26315789472
0.005764705882352941,0.005764705882352941,0.006,219001,148070,224999.99999999997
0.005764705882352941,0.005764705882352941,0.009,216915,126455,224999.99999999997
0.005764705882352941,0.005764705882352941,0.012,214326,110336,224999.99999999997
0.005764705882352941,0.005764705882352941,0.015,213832,97895,224999.99999999997
0.005764705882352941,0.00611764705882353,0.006,214510,145019,218316.83168316828
0.005764705882352941,0.00611764705882353,0.009,210400,124254,218316.83168316828
0.005764705882352941,0.00611764705882353,0.012,210489,108559,218316.83168316828
0.005764705882352941,0.00611764705882353,0.015,206868,96568,218316.83168316828
0.005764705882352941,0.006470588235294118,0.006,204827,142193,212019.23076923078
0.005764705882352941,0.006470588235294118,0.009,205285,122204,212019.23076923078
0.005764705882352941,0.006470588235294118,0.012,203460,107107,212019.23076923078
0.005764705882352941,0.006470588235294118,0.015,200892,95313,212019.23076923078
0.005764705882352941,0.006823529411764706,0.006,196013,139599,206074.7663551402
0.005764705882352941,0.006823529411764706,0.009,193769,120129,206074.7663551402
0.005764705882352941,0.006823529411764706,0.012,194218,105585,206074.7663551402
0.005764705882352941,0.006823529411764706,0.015,197083,94118,206074.7663551402
0.005764705882352941,0.007176470588235295,0.006,190901,137053,200454.54545454547
0.005764705882352941,0.007176470588235295,0.009,191187,118218,200454.54545454547
0.005764705882352941,0.007176470588235295,0.012,190780,104091,200454.54545454547
0.005764705882352941,0.007176470588235295,0.015,190716,92794,200454.54545454547
0.005764705882352941,0.0075294117647058826,0.006,189147,134412,195132.74336283188
0.005764705882352941,0.0075294117647058826,0.009,184739,116400,195132.74336283188
0.005764705882352941,0.0075294117647058826,0.012,189632,102628,195132.74336283188
0.005764705882352941,0.0075294117647058826,0.015,186083,91700,195132.74336283188
0.005764705882352941,0.00788235294117647,0.006,182046,132134,190086.2068965517
0.005764705882352941,0.00788235294117647,0.009,181147,114624,190086.2068965517
0.005764705882352941,0.00788235294117647,0.012,186950,101224,190086.2068965517
0.005764705882352941,0.00788235294117647,0.015,182901,90492,190086.2068965517
0.005764705882352941,0.00823529411764706,0.006,177575,129790,185294.1176470588
0.005764705882352941,0.00823529411764706,0.009,178590,112723,185294.1176470588
0.005764705882352941,0.00823529411764706,0.012,176401,99721,185294.1176470588
0.005764705882352941,0.00823529411764706,0.015,177618,89383,185294.1176470588
0.005764705882352941,0.008588235294117647,0.006,173813,127536,180737.7049180328
0.005764705882352941,0.008588235294117647,0.009,177550,111161,180737.7049180328
0.005764705882352941,0.008588235294117647,0.012,175798,98541,180737.7049180328
0.005764705882352941,0.008588235294117647,0.015,178285,88450,180737.7049180328
0.005764705882352941,0.008941176470588235,0.006,173049,125220,176399.99999999997
0.005764705882352941,0.008941176470588235,0.009,170195,109483,176399.99999999997
0.005764705882352941,0.008941176470588235,0.012,173143,97198,176399.99999999997
0.005764705882352941,0.008941176470588235,0.015,172343,87419,176399.99999999997
0.005764705882352941,0.009294117647058824,0.006,164628,123277,172265.625
0.005764705882352941,0.009294117647058824,0.009,169767,107799,172265.625
0.005764705882352941,0.009294117647058824,0.012,167742,95927,172265.625
0.005764705882352941,0.009294117647058824,0.015,170209,86354,172265.625
0.005764705882352941,0.009647058823529411,0.006,162801,121270,168320.6106870229
0.005764705882352941,0.009647058823529411,0.009,166099,106350,168320.6106870229
0.005764705882352941,0.009647058823529411,0.012,166246,94733,168320.6106870229
0.005764705882352941,0.009647058823529411,0.015,163010,85323,168320.6106870229
0.005764705882352941,0.01,0.006,161123,119273,164552.23880597015
0.005764705882352941,0.01,0.009,161754,104824,164552.23880597015
0.005764705882352941,0.01,0.012,162243,93506,164552.23880597015
0.005764705882352941,0.01,0.015,157971,84266,164552.23880597015
0.005764705882352941,0.010352941176470589,0.006,155533,117362,160948.90510948905
0.005764705882352941,0.010352941176470589,0.009,158325,103350,160948.90510948905
0.005764705882352941,0.010352941176470589,0.012,155292,92286,160948.90510948905
0.005764705882352941,0.010352941176470589,0.015,158169,83416,160948.90510948905
0.005764705882352941,0.010705882352941176,0.006,149123,115404,157500.0
0.005764705882352941,0.010705882352941176,0.009,153092,101922,157500.0
0.005764705882352941,0.010705882352941176,0.012,152065,91051,157500.0
0.005764705882352941,0.010705882352941176,0.015,155270,82473,157500.0
0.005764705882352941,0.011058823529411765,0.006,145547,113757,154195.8041958042
0.005764705882352941,0.011058823529411765,0.009,151853,100479,154195.8041958042
0.005764705882352941,0.011058823529411765,0.012,152414,90010,154195.8041958042
0.005764705882352941,0.011058823529411765,0.015,152632,81594,154195.8041958042
0.005764705882352941,0.011411764705882354,0.006,150321,112014,151027.39726027398
0.005764705882352941,0.011411764705882354,0.009,150427,99044,151027.39726027398
0.005764705882352941,0.011411764705882354,0.012,146154,88888,151027.39726027398
0.005764705882352941,0.011411764705882354,0.015,148798,80689,151027.39726027398
0.005764705882352941,0.011764705882352941,0.006,142469,110336,147986.57718120806
0.005764705882352941,0.011764705882352941,0.009,144436,97895,147986.57718120806
0.005764705882352941,0.011764705882352941,0.012,143953,87959,147986.57718120806
0.005764705882352941,0.011764705882352941,0.015,146881,79800,147986.57718120806
0.005764705882352941,0.01211764705882353,0.006,143502,108559,145065.7894736842
0.005764705882352941,0.01211764705882353,0.009,142813,96568,145065.7894736842
0.005764705882352941,0.01211764705882353,0.012,142577,86885,145065.7894736842
0.005764705882352941,0.01211764705882353,0.015,143967,78915,145065.7894736842
0.005764705882352941,0.012470588235294119,0.006,134693,107107,142258.06451612903
0.005764705882352941,0.012470588235294119,0.009,139335,95313,142258.06451612903
0.005764705882352941,0.012470588235294119,0.012,141522,85888,142258.06451612903
0.005764705882352941,0.012470588235294119,0.015,141357,78080,142258.06451612903
0.005764705882352941,0.012823529411764706,0.006,136493,105585,139556.96202531646
0.005764705882352941,0.012823529411764706,0.009,137291,94118,139556.96202531646
0.005764705882352941,0.012823529411764706,0.012,137953,84767,139556.96202531646
0.005764705882352941,0.012823529411764706,0.015,138454,77273,139556.96202531646
0.005764705882352941,0.013176470588235295,0.006,131633,104091,136956.52173913043
0.005764705882352941,0.013176470588235295,0.009,135560,92794,136956.52173913043
0.005764705882352941,0.013176470588235295,0.012,132159,83921,136956.52173913043
0.005764705882352941,0.013176470588235295,0.015,133720,76399,136956.52173913043
0.005764705882352941,0.013529411764705884,0.006,132423,102628,134451.21951219512
0.005764705882352941,0.013529411764705884,0.009,129502,91700,134451.21951219512
0.005764705882352941,0.013529411764705884,0.012,127071,82955,134451.21951219512
0.005764705882352941,0.013529411764705884,0.015,133348,75702,134451.21951219512
0.005764705882352941,0.01388235294117647,0.006,129109,101224,132035.9281437126
0.005764705882352941,0.01388235294117647,0.009,129529,90492,132035.9281437126
0.005764705882352941,0.01388235294117647,0.012,127466,82062,132035.9281437126
0.005764705882352941,0.01388235294117647,0.015,128916,74864,132035.9281437126
0.005764705882352941,0.01423529411764706,0.006,128590,99721,129705.88235294116
0.005764705882352941,0.01423529411764706,0.009,126628,89383,129705.88235294116
0.005764705882352941,0.01423529411764706,0.012,126759,81112,129705.88235294116
0.005764705882352941,0.01423529411764706,0.015,126951,74159,129705.88235294116
0.005764705882352941,0.014588235294117648,0.006,122404,98541,127456.64739884391
0.005764705882352941,0.014588235294117648,0.009,118191,88450,127456.64739884391
0.005764705882352941,0.014588235294117648,0.012,126676,80125,127456.64739884391
0.005764705882352941,0.014588235294117648,0.015,122854,73348,127456.64739884391
0.005764705882352941,0.014941176470588236,0.006,119963,97198,125284.09090909091
0.005764705882352941,0.014941176470588236,0.009,123051,87419,125284.09090909091
0.005764705882352941,0.014941176470588236,0.012,124161,79380,125284.09090909091
0.005764705882352941,0.014941176470588236,0.015,124060,72728,125284.09090909091
0.005764705882352941,0.015294117647058824,0.006,118902,95927,123184.35754189943
0.005764705882352941,0.015294117647058824,0.009,118270,86354,123184.35754189943
0.005764705882352941,0.015294117647058824,0.012,122073,78567,123184.35754189943
0.005764705882352941,0.015294117647058824,0.015,118987,71883,123184.35754189943
0.005764705882352941,0.015647058823529413,0.006,116632,94733,121153.84615384616
0.005764705882352941,0.015647058823529413,0.009,114687,85323,121153.84615384616
0.005764705882352941,0.015647058823529413,0.012,115889,77584,121153.84615384616
0.005764705882352941,0.015647058823529413,0.015,115467,71303,121153.84615384616
0.005764705882352941,0.016,0.006,118793,93506,119189.18918918917
0.005764705882352941,0.016,0.009,116824,84266,119189.18918918917
0.005764705882352941,0.016,0.012,117233,76909,119189.18918918917
0.005764705882352941,0.016,0.015,117861,70530,119189.18918918917
0.00611764705882353,0.004,0.006,241768,170880,272093.0232558139
0.00611764705882353,0.004,0.009,237003,144088,272093.0232558139
0.00611764705882353,0.004,0.012,232113,124553,272093.0232558139
0.00611764705882353,0.004,0.015,229160,109711,272093.0232558139
0.00611764705882353,0.004352941176470588,0.006,238135,167123,262921.34831460676
0.00611764705882353,0.004352941176470588,0.009,232892,141476,262921.34831460676
0.00611764705882353,0.004352941176470588,0.012,233539,122455,262921.34831460676
0.00611764705882353,0.004352941176470588,0.015,227671,108162,262921.34831460676
0.00611764705882353,0.004705882352941177,0.006,233229,163757,254347.82608695648
0.00611764705882353,0.004705882352941177,0.009,228855,138945,254347.82608695648
0.00611764705882353,0.004705882352941177,0.012,225215,120550,254347.82608695648
0.00611764705882353,0.004705882352941177,0.015,224491,106677,254347.82608695648
0.00611764705882353,0.005058823529411765,0.006,232537,160395,246315.7894736842
0.00611764705882353,0.005058823529411765,0.009,229718,136395,246315.7894736842
0.00611764705882353,0.005058823529411765,0.012,226925,118834,246315.7894736842
0.00611764705882353,0.005058823529411765,0.015,223107,105271,246315.7894736842
0.00611764705882353,0.005411764705882353,0.006,227006,157164,238775.51020408166
0.00611764705882353,0.005411764705882353,0.009,225165,134027,238775.51020408166
0.00611764705882353,0.005411764705882353,0.012,223340,116991,238775.51020408166
0.00611764705882353,0.005411764705882353,0.015,217586,103769,238775.51020408166
0.00611764705882353,0.005764705882352941,0.006,223170,154061,231683.16831683167
0.00611764705882353,0.005764705882352941,0.009,221635,131878,231683.16831683167
0.00611764705882353,0.005764705882352941,0.012,219510,115308,231683.16831683167
0.00611764705882353,0.005764705882352941,0.015,218798,102516,231683.16831683167
0.00611764705882353,0.00611764705882353,0.006,218303,151085,224999.99999999997
0.00611764705882353,0.00611764705882353,0.009,218066,129682,224999.99999999997
0.00611764705882353,0.00611764705882353,0.012,216280,113667,224999.99999999997
0.00611764705882353,0.00611764705882353,0.015,215746,101096,224999.99999999997
0.00611764705882353,0.006470588235294118,0.006,209900,148233,218691.58878504674
0.00611764705882353,0.006470588235294118,0.009,210905,127596,218691.58878504674
0.00611764705882353,0.006470588235294118,0.012,209467,112031,218691.58878504674
0.00611764705882353,0.006470588235294118,0.015,209085,99859,218691.58878504674
0.00611764705882353,0.006823529411764706,0.006,206596,145450,212727.27272727274
0.00611764705882353,0.006823529411764706,0.009,206180,125564,212727.27272727274
0.00611764705882353,0.006823529411764706,0.012,203684,110316,212727.27272727274
0.00611764705882353,0.006823529411764706,0.015,201952,98587,212727.27272727274
0.00611764705882353,0.007176470588235295,0.006,200026,142623,207079.6460176991
0.00611764705882353,0.007176470588235295,0.009,197469,123462,207079.6460176991
0.00611764705882353,0.007176470588235295,0.012,196945,108914,207079.6460176991
0.00611764705882353,0.007176470588235295,0.015,196115,97398,207079.6460176991
0.00611764705882353,0.0075294117647058826,0.006,193961,140223,201724.13793103446
0.00611764705882353,0.0075294117647058826,0.009,195877,121637,201724.13793103446
0.00611764705882353,0.0075294117647058826,0.012,189175,107436,201724.13793103446
0.00611764705882353,0.0075294117647058826,0.015,189025,96168,201724.13793103446
0.00611764705882353,0.00788235294117647,0.006,190263,137671,196638.65546218486
0.00611764705882353,0.00788235294117647,0.009,184875,119663,196638.65546218486
0.00611764705882353,0.00788235294117647,0.012,183517,105949,196638.65546218486
0.00611764705882353,0.00788235294117647,0.015,185863,95025,196638.65546218486
0.00611764705882353,0.00823529411764706,0.006,181343,135195,191803.2786885246
0.00611764705882353,0.00823529411764706,0.009,186086,117981,191803.2786885246
0.00611764705882353,0.00823529411764706,0.012,182474,104446,191803.2786885246
0.00611764705882353,0.00823529411764706,0.015,181540,93859,191803.2786885246
0.00611764705882353,0.008588235294117647,0.006,181365,132997,187200.0
0.00611764705882353,0.008588235294117647,0.009,177558,116066,187200.0
0.00611764705882353,0.008588235294117647,0.012,177805,103188,187200.0
0.00611764705882353,0.008588235294117647,0.015,177848,92731,187200.0
0.00611764705882353,0.008941176470588235,0.006,178707,130665,182812.49999999997
0.00611764705882353,0.008941176470588235,0.009,177684,114507,182812.49999999997
0.00611764705882353,0.008941176470588235,0.012,178414,101809,182812.49999999997
0.00611764705882353,0.008941176470588235,0.015,177519,91620,182812.49999999997
0.00611764705882353,0.009294117647058824,0.006,168708,128506,178625.95419847328
0.00611764705882353,0.009294117647058824,0.009,175130,112844,178625.95419847328
0.00611764705882353,0.009294117647058824,0.012,172983,100449,178625.95419847328
0.00611764705882353,0.009294117647058824,0.015,176373,90477,178625.95419847328
0.00611764705882353,0.009647058823529411,0.006,171300,126572,174626.8656716418
0.00611764705882353,0.009647058823529411,0.009,168278,111270,174626.8656716418
0.00611764705882353,0.009647058823529411,0.012,167784,99211,174626.8656716418
0.00611764705882353,0.009647058823529411,0.015,172475,89569,174626.8656716418
0.00611764705882353,0.01,0.006,166538,124553,170802.9197080292
0.00611764705882353,0.01,0.009,160011,109711,170802.9197080292
0.00611764705882353,0.01,0.012,162661,97950,170802.9197080292
0.00611764705882353,0.01,0.015,168115,88523,170802.9197080292
0.00611764705882353,0.010352941176470589,0.006,162251,122455,167142.85714285716
0.00611764705882353,0.010352941176470589,0.009,162357,108162,167142.85714285716
0.00611764705882353,0.010352941176470589,0.012,163753,96787,167142.85714285716
0.00611764705882353,0.010352941176470589,0.015,163496,87471,167142.85714285716
0.00611764705882353,0.010705882352941176,0.006,155378,120550,163636.36363636365
0.00611764705882353,0.010705882352941176,0.009,159789,106677,163636.36363636365
0.00611764705882353,0.010705882352941176,0.012,160509,95612,163636.36363636365
0.00611764705882353,0.010705882352941176,0.015,161077,86593,163636.36363636365
0.00611764705882353,0.011058823529411765,0.006,153402,118834,160273.97260273976
0.00611764705882353,0.011058823529411765,0.009,156773,105271,160273.97260273976
0.00611764705882353,0.011058823529411765,0.012,157486,94440,160273.97260273976
0.00611764705882353,0.011058823529411765,0.015,159233,85516,160273.97260273976
0.00611764705882353,0.011411764705882354,0.006,154912,116991,157046.97986577183
0.00611764705882353,0.011411764705882354,0.009,146902,103769,157046.97986577183
0.00611764705882353,0.011411764705882354,0.012,151703,93285,157046.97986577183
0.00611764705882353,0.011411764705882354,0.015,155181,84714,157046.97986577183
0.00611764705882353,0.011764705882352941,0.006,149671,115308,153947.3684210526
0.00611764705882353,0.011764705882352941,0.009,149500,102516,153947.3684210526
0.00611764705882353,0.011764705882352941,0.012,149618,92090,153947.3684210526
0.00611764705882353,0.011764705882352941,0.015,149591,83816,153947.3684210526
0.00611764705882353,0.01211764705882353,0.006,147996,113667,150967.74193548388
0.00611764705882353,0.01211764705882353,0.009,145228,101096,150967.74193548388
0.00611764705882353,0.01211764705882353,0.012,147899,91048,150967.74193548388
0.00611764705882353,0.01211764705882353,0.015,149322,82880,150967.74193548388
0.00611764705882353,0.012470588235294119,0.006,142793,112031,148101.2658227848
0.00611764705882353,0.012470588235294119,0.009,145629,99859,148101.2658227848
0.00611764705882353,0.012470588235294119,0.012,145632,90044,148101.2658227848
0.00611764705882353,0.012470588235294119,0.015,146495,82023,148101.2658227848
0.00611764705882353,0.012823529411764706,0.006,141104,110316,145341.61490683228
0.00611764705882353,0.012823529411764706,0.009,143366,98587,145341.61490683228
0.00611764705882353,0.012823529411764706,0.012,144452,89043,145341.61490683228
0.00611764705882353,0.012823529411764706,0.015,143330,81051,145341.61490683228
0.00611764705882353,0.013176470588235295,0.006,138698,108914,142682.9268292683
0.00611764705882353,0.013176470588235295,0.009,141456,97398,142682.9268292683
0.00611764705882353,0.013176470588235295,0.012,139281,87910,142682.9268292683
0.00611764705882353,0.013176470588235295,0.015,141204,80342,142682.9268292683
0.00611764705882353,0.013529411764705884,0.006,137818,107436,140119.7604790419
0.00611764705882353,0.013529411764705884,0.009,135274,96168,140119.7604790419
0.00611764705882353,0.013529411764705884,0.012,138641,87069,140119.7604790419
0.00611764705882353,0.013529411764705884,0.015,139070,79518,140119.7604790419
0.00611764705882353,0.01388235294117647,0.006,129712,105949,137647.05882352943
0.00611764705882353,0.01388235294117647,0.009,136246,95025,137647.05882352943
0.00611764705882353,0.01388235294117647,0.012,134604,86017,137647.05882352943
0.00611764705882353,0.01388235294117647,0.015,134648,78596,137647.05882352943
0.00611764705882353,0.01423529411764706,0.006,131885,104446,135260.1156069364
0.00611764705882353,0.01423529411764706,0.009,132949,93859,135260.1156069364
0.00611764705882353,0.01423529411764706,0.012,129861,85166,135260.1156069364
0.00611764705882353,0.01423529411764706,0.015,132765,77915,135260.1156069364
0.00611764705882353,0.014588235294117648,0.006,130578,103188,132954.54545454547
0.00611764705882353,0.014588235294117648,0.009,126712,92731,132954.54545454547
0.00611764705882353,0.014588235294117648,0.012,130110,84118,132954.54545454547
0.00611764705882353,0.014588235294117648,0.015,127499,77068,132954.54545454547
0.00611764705882353,0.014941176470588236,0.006,126305,101809,130726.25698324024
0.00611764705882353,0.014941176470588236,0.009,129106,91620,130726.25698324024
0.00611764705882353,0.014941176470588236,0.012,128031,83348,130726.25698324024
0.00611764705882353,0.014941176470588236,0.015,127132,76428,130726.25698324024
0.00611764705882353,0.015294117647058824,0.006,127485,100449,128571.42857142857
0.00611764705882353,0.015294117647058824,0.009,120432,90477,128571.42857142857
0.00611764705882353,0.015294117647058824,0.012,128349,82446,128571.42857142857
0.00611764705882353,0.015294117647058824,0.015,126312,75611,128571.42857142857
0.00611764705882353,0.015647058823529413,0.006,118855,99211,126486.48648648648
0.00611764705882353,0.015647058823529413,0.009,118766,89569,126486.48648648648
0.00611764705882353,0.015647058823529413,0.012,123813,81544,126486.48648648648
0.00611764705882353,0.015647058823529413,0.015,119335,74919,126486.48648648648
0.00611764705882353,0.016,0.006,121713,97950,124468.08510638296
0.00611764705882353,0.016,0.009,116714,88523,124468.08510638296
0.00611764705882353,0.016,0.012,120231,80711,124468.08510638296
0.00611764705882353,0.016,0.015,122344,74130,124468.08510638296
0.006470588235294118,0.004,0.006,245985,176910,278089.8876404494
0.006470588235294118,0.004,0.009,240269,149652,278089.8876404494
0.006470588235294118,0.004,0.012,233916,129665,278089.8876404494
0.006470588235294118,0.004,0.015,231565,114289,278089.8876404494
0.006470588235294118,0.004352941176470588,0.006,242083,173081,269021.73913043475
0.006470588235294118,0.004352941176470588,0.009,236435,146882,269021.73913043475
0.006470588235294118,0.004352941176470588,0.012,232280,127517,269021.73913043475
0.006470588235294118,0.004352941176470588,0.015,228236,112704,269021.73913043475
0.006470588235294118,0.004705882352941177,0.006,237795,169489,260526.31578947365
0.006470588235294118,0.004705882352941177,0.009,233203,144260,260526.31578947365
0.006470588235294118,0.004705882352941177,0.012,228896,125727,260526.31578947365
0.006470588235294118,0.004705882352941177,0.015,224891,111345,260526.31578947365
0.006470588235294118,0.005058823529411765,0.006,232666,166139,252551.02040816328
0.006470588235294118,0.005058823529411765,0.009,228914,141935,252551.02040816328
0.006470588235294118,0.005058823529411765,0.012,225843,123828,252551.02040816328
0.006470588235294118,0.005058823529411765,0.015,223096,109820,252551.02040816328
0.006470588235294118,0.005411764705882353,0.006,229536,162771,245049.50495049506
0.006470588235294118,0.005411764705882353,0.009,227695,139526,245049.50495049506
0.006470588235294118,0.005411764705882353,0.012,222352,121901,245049.50495049506
0.006470588235294118,0.005411764705882353,0.015,224476,108383,245049.50495049506
0.006470588235294118,0.005764705882352941,0.006,227271,159799,237980.7692307692
0.006470588235294118,0.005764705882352941,0.009,224666,137114,237980.7692307692
0.006470588235294118,0.005764705882352941,0.012,221761,120091,237980.7692307692
0.006470588235294118,0.005764705882352941,0.015,220959,106899,237980.7692307692
0.006470588235294118,0.00611764705882353,0.006,222850,156768,231308.41121495326
0.006470588235294118,0.00611764705882353,0.009,220652,134820,231308.41121495326
0.006470588235294118,0.00611764705882353,0.012,219461,118354,231308.41121495326
0.006470588235294118,0.00611764705882353,0.015,218833,105602,231308.41121495326
0.006470588235294118,0.006470588235294118,0.006,218405,153830,225000.0
0.006470588235294118,0.006470588235294118,0.009,217836,132669,225000.0
0.006470588235294118,0.006470588235294118,0.012,217208,116813,225000.0
0.006470588235294118,0.006470588235294118,0.015,215072,104189,225000.0
0.006470588235294118,0.006823529411764706,0.006,210740,150941,219026.54867256636
0.006470588235294118,0.006823529411764706,0.009,210909,130538,219026.54867256636
0.006470588235294118,0.006823529411764706,0.012,211467,115194,219026.54867256636
0.006470588235294118,0.006823529411764706,0.015,209809,102973,219026.54867256636
0.006470588235294118,0.007176470588235295,0.006,203857,148318,213362.06896551722
0.006470588235294118,0.007176470588235295,0.009,204676,128622,213362.06896551722
0.006470588235294118,0.007176470588235295,0.012,205027,113627,213362.06896551722
0.006470588235294118,0.007176470588235295,0.015,204593,101727,213362.06896551722
0.006470588235294118,0.0075294117647058826,0.006,201294,145528,207983.1932773109
0.006470588235294118,0.0075294117647058826,0.009,197862,126684,207983.1932773109
0.006470588235294118,0.0075294117647058826,0.012,199368,111936,207983.1932773109
0.006470588235294118,0.0075294117647058826,0.015,199271,100488,207983.1932773109
0.006470588235294118,0.00788235294117647,0.006,193299,143166,202868.8524590164
0.006470588235294118,0.00788235294117647,0.009,194110,124634,202868.8524590164
0.006470588235294118,0.00788235294117647,0.012,193200,110581,202868.8524590164
0.006470588235294118,0.00788235294117647,0.015,190186,99266,202868.8524590164
0.006470588235294118,0.00823529411764706,0.006,188156,140725,197999.99999999997
0.006470588235294118,0.00823529411764706,0.009,185811,122910,197999.99999999997
0.006470588235294118,0.00823529411764706,0.012,191054,109102,197999.99999999997
0.006470588235294118,0.00823529411764706,0.015,186309,98085,197999.99999999997
0.006470588235294118,0.008588235294117647,0.006,189515,138324,193359.375
0.006470588235294118,0.008588235294117647,0.009,181989,121133,193359.375
0.006470588235294118,0.008588235294117647,0.012,184167,107634,193359.375
0.006470588235294118,0.008588235294117647,0.015,182575,96937,193359.375
0.006470588235294118,0.008941176470588235,0.006,183983,136068,188931.29770992365
0.006470588235294118,0.008941176470588235,0.009,184793,119216,188931.29770992365
0.006470588235294118,0.008941176470588235,0.012,183086,106188,188931.29770992365
0.006470588235294118,0.008941176470588235,0.015,176461,95710,188931.29770992365
0.006470588235294118,0.009294117647058824,0.006,173349,133869,184701.49253731343
0.006470588235294118,0.009294117647058824,0.009,175686,117549,184701.49253731343
0.006470588235294118,0.009294117647058824,0.012,176207,104944,184701.49253731343
0.006470588235294118,0.009294117647058824,0.015,174954,94701,184701.49253731343
0.006470588235294118,0.009647058823529411,0.006,173517,131733,180656.93430656937
0.006470588235294118,0.009647058823529411,0.009,177154,115936,180656.93430656937
0.006470588235294118,0.009647058823529411,0.012,169482,103616,180656.93430656937
0.006470588235294118,0.009647058823529411,0.015,176806,93635,180656.93430656937
0.006470588235294118,0.01,0.006,171067,129665,176785.7142857143
0.006470588235294118,0.01,0.009,164838,114289,176785.7142857143
0.006470588235294118,0.01,0.012,166863,102331,176785.7142857143
0.006470588235294118,0.01,0.015,171248,92537,176785.7142857143
0.006470588235294118,0.010352941176470589,0.006,163890,127517,173076.92307692306
0.006470588235294118,0.010352941176470589,0.009,162725,112704,173076.92307692306
0.006470588235294118,0.010352941176470589,0.012,168853,101104,173076.92307692306
0.006470588235294118,0.010352941176470589,0.015,167226,91547,173076.92307692306
0.006470588235294118,0.010705882352941176,0.006,167919,125727,169520.54794520547
0.006470588235294118,0.010705882352941176,0.009,165911,111345,169520.54794520547
0.006470588235294118,0.010705882352941176,0.012,163052,99866,169520.54794520547
0.006470588235294118,0.010705882352941176,0.015,165926,90558,169520.54794520547
0.006470588235294118,0.011058823529411765,0.006,162271,123828,166107.38255033558
0.006470588235294118,0.011058823529411765,0.009,161725,109820,166107.38255033558
0.006470588235294118,0.011058823529411765,0.012,164896,98669,166107.38255033558
0.006470588235294118,0.011058823529411765,0.015,163889,89568,166107.38255033558
0.006470588235294118,0.011411764705882354,0.006,158875,121901,162828.94736842104
0.006470588235294118,0.011411764705882354,0.009,161680,108383,162828.94736842104
0.006470588235294118,0.011411764705882354,0.012,161146,97512,162828.94736842104
0.006470588235294118,0.011411764705882354,0.015,158916,88584,162828.94736842104
0.006470588235294118,0.011764705882352941,0.006,153768,120091,159677.41935483873
0.006470588235294118,0.011764705882352941,0.009,155987,106899,159677.41935483873
0.006470588235294118,0.011764705882352941,0.012,158189,96388,159677.41935483873
0.006470588235294118,0.011764705882352941,0.015,157249,87587,159677.41935483873
0.006470588235294118,0.01211764705882353,0.006,153413,118354,156645.56962025314
0.006470588235294118,0.01211764705882353,0.009,149245,105602,156645.56962025314
0.006470588235294118,0.01211764705882353,0.012,154616,95202,156645.56962025314
0.006470588235294118,0.01211764705882353,0.015,152690,86673,156645.56962025314
0.006470588235294118,0.012470588235294119,0.006,152520,116813,153726.70807453414
0.006470588235294118,0.012470588235294119,0.009,148151,104189,153726.70807453414
0.006470588235294118,0.012470588235294119,0.012,150890,94190,153726.70807453414
0.006470588235294118,0.012470588235294119,0.015,152718,85854,153726.70807453414
0.006470588235294118,0.012823529411764706,0.006,139654,115194,150914.63414634144
0.006470588235294118,0.012823529411764706,0.009,149502,102973,150914.63414634144
0.006470588235294118,0.012823529411764706,0.012,142260,93089,150914.63414634144
0.006470588235294118,0.012823529411764706,0.015,148158,84964,150914.63414634144
0.006470588235294118,0.013176470588235295,0.006,143902,113627,148203.59281437128
0.006470588235294118,0.013176470588235295,0.009,144003,101727,148203.59281437128
0.006470588235294118,0.013176470588235295,0.012,146209,92091,148203.59281437128
0.006470588235294118,0.013176470588235295,0.015,144837,84095,148203.59281437128
0.006470588235294118,0.013529411764705884,0.006,141025,111936,145588.23529411765
0.006470588235294118,0.013529411764705884,0.009,140390,100488,145588.23529411765
0.006470588235294118,0.013529411764705884,0.012,144506,91051,145588.23529411765
0.006470588235294118,0.013529411764705884,0.015,143216,83256,145588.23529411765
0.006470588235294118,0.01388235294117647,0.006,141627,110581,143063.5838150289
0.006470588235294118,0.01388235294117647,0.009,138707,99266,143063.5838150289
0.006470588235294118,0.01388235294117647,0.012,141172,90042,143063.5838150289
0.006470588235294118,0.01388235294117647,0.015,141045,82421,143063.5838150289
0.006470588235294118,0.01423529411764706,0.006,139804,109102,140625.0
0.006470588235294118,0.01423529411764706,0.009,138280,98085,140625.0
0.006470588235294118,0.01423529411764706,0.012,139719,89092,140625.0
0.006470588235294118,0.01423529411764706,0.015,139023,81627,140625.0
0.006470588235294118,0.014588235294117648,0.006,137183,107634,138268.156424581
0.006470588235294118,0.014588235294117648,0.009,136657,96937,138268.156424581
0.006470588235294118,0.014588235294117648,0.012,136968,88049,138268.156424581
0.006470588235294118,0.014588235294117648,0.015,137669,80788,138268.156424581
0.006470588235294118,0.014941176470588236,0.006,134366,106188,135989.01098901097
0.006470588235294118,0.014941176470588236,0.009,131148,95710,135989.01098901097
0.006470588235294118,0.014941176470588236,0.012,128245,87089,135989.01098901097
0.006470588235294118,0.014941176470588236,0.015,134167,79941,135989.01098901097
0.006470588235294118,0.015294117647058824,0.006,129334,104944,133783.7837837838
0.006470588235294118,0.015294117647058824,0.009,126632,94701,133783.7837837838
0.006470588235294118,0.015294117647058824,0.012,133369,86182,133783.7837837838
0.006470588235294118,0.015294117647058824,0.015,133312,79191,133783.7837837838
0.006470588235294118,0.015647058823529413,0.006,126150,103616,131648.93617021278
0.006470588235294118,0.015647058823529413,0.009,127651,93635,131648.93617021278
0.006470588235294118,0.015647058823529413,0.012,125419,85390,131648.93617021278
0.006470588235294118,0.015647058823529413,0.015,126535,78503,131648.93617021278
0.006470588235294118,0.016,0.006,123654,102331,129581.15183246072
0.006470588235294118,0.016,0.009,129331,92537,129581.15183246072
0.006470588235294118,0.016,0.012,126955,84512,129581.15183246072
0.006470588235294118,0.016,0.015,128940,77730,129581.15183246072
0.006823529411764706,0.004,0.006,250098,182557,283695.652173913
0.006823529411764706,0.004,0.009,242199,154997,283695.652173913
0.006823529411764706,0.004,0.012,237539,134615,283695.652173913
0.006823529411764706,0.004,0.015,233315,118996,283695.652173913
0.006823529411764706,0.004352941176470588,0.006,245800,178714,274736.84210526315
0.006823529411764706,0.004352941176470588,0.009,239880,152294,274736.84210526315
0.006823529411764706,0.004352941176470588,0.012,234436,132495,274736.84210526315
0.006823529411764706,0.004352941176470588,0.015,233598,117372,274736.84210526315
0.006823529411764706,0.004705882352941177,0.006,241250,175287,266326.53061224485
0.006823529411764706,0.004705882352941177,0.009,235543,149669,266326.53061224485
0.006823529411764706,0.004705882352941177,0.012,230396,130486,266326.53061224485
0.006823529411764706,0.004705882352941177,0.015,228036,115807,266326.53061224485
0.006823529411764706,0.005058823529411765,0.006,236682,171796,258415.8415841584
0.006823529411764706,0.005058823529411765,0.009,231923,147008,258415.8415841584
0.006823529411764706,0.005058823529411765,0.012,231451,128567,258415.8415841584
0.006823529411764706,0.005058823529411765,0.015,226790,114297,258415.8415841584
0.006823529411764706,0.005411764705882353,0.006,232810,168502,250961.53846153847
0.006823529411764706,0.005411764705882353,0.009,233220,144606,250961.53846153847
0.006823529411764706,0.005411764705882353,0.012,227707,126662,250961.53846153847
0.006823529411764706,0.005411764705882353,0.015,222643,112776,250961.53846153847
0.006823529411764706,0.005764705882352941,0.006,230419,165285,243925.2336448598
0.006823529411764706,0.005764705882352941,0.009,225927,142333,243925.2336448598
0.006823529411764706,0.005764705882352941,0.012,226509,124916,243925.2336448598
0.006823529411764706,0.005764705882352941,0.015,222953,111356,243925.2336448598
0.006823529411764706,0.00611764705882353,0.006,226910,162172,237272.72727272724
0.006823529411764706,0.00611764705882353,0.009,224358,140036,237272.72727272724
0.006823529411764706,0.00611764705882353,0.012,223634,123060,237272.72727272724
0.006823529411764706,0.00611764705882353,0.015,221294,109958,237272.72727272724
0.006823529411764706,0.006470588235294118,0.006,222995,159251,230973.45132743364
0.006823529411764706,0.006470588235294118,0.009,221893,137803,230973.45132743364
0.006823529411764706,0.006470588235294118,0.012,220176,121355,230973.45132743364
0.006823529411764706,0.006470588235294118,0.015,218950,108599,230973.45132743364
0.006823529411764706,0.006823529411764706,0.006,219443,156288,225000.0
0.006823529411764706,0.006823529411764706,0.009,216853,135532,225000.0
0.006823529411764706,0.006823529411764706,0.012,217233,119786,225000.0
0.006823529411764706,0.006823529411764706,0.015,215278,107277,225000.0
0.006823529411764706,0.007176470588235295,0.006,213247,153624,219327.73109243697
0.006823529411764706,0.007176470588235295,0.009,211058,133589,219327.73109243697
0.006823529411764706,0.007176470588235295,0.012,209746,118041,219327.73109243697
0.006823529411764706,0.007176470588235295,0.015,210316,105975,219327.73109243697
0.006823529411764706,0.0075294117647058826,0.006,207327,150847,213934.4262295082
0.006823529411764706,0.0075294117647058826,0.009,205226,131566,213934.4262295082
0.006823529411764706,0.0075294117647058826,0.012,205878,116606,213934.4262295082
0.006823529411764706,0.0075294117647058826,0.015,202663,104679,213934.4262295082
0.006823529411764706,0.00788235294117647,0.006,202476,148364,208800.0
0.006823529411764706,0.00788235294117647,0.009,196475,129472,208800.0
0.006823529411764706,0.00788235294117647,0.012,194093,115036,208800.0
0.006823529411764706,0.00788235294117647,0.015,198857,103445,208800.0
0.006823529411764706,0.00823529411764706,0.006,193223,145752,203906.24999999997
0.006823529411764706,0.00823529411764706,0.009,191220,127707,203906.24999999997
0.006823529411764706,0.00823529411764706,0.012,194808,113551,203906.24999999997
0.006823529411764706,0.00823529411764706,0.015,193018,102160,203906.24999999997
0.006823529411764706,0.008588235294117647,0.006,188976,143455,199236.64122137404
0.006823529411764706,0.008588235294117647,0.009,186032,125884,199236.64122137404
0.006823529411764706,0.008588235294117647,0.012,192236,112120,199236.64122137404
0.006823529411764706,0.008588235294117647,0.015,189782,101034,199236.64122137404
0.006823529411764706,0.008941176470588235,0.006,187799,141188,194776.11940298503
0.006823529411764706,0.008941176470588235,0.009,185283,124053,194776.11940298503
0.006823529411764706,0.008941176470588235,0.012,186666,110679,194776.11940298503
0.006823529411764706,0.008941176470588235,0.015,184536,99877,194776.11940298503
0.006823529411764706,0.009294117647058824,0.006,180196,138847,190510.9489051095
0.006823529411764706,0.009294117647058824,0.009,185489,122252,190510.9489051095
0.006823529411764706,0.009294117647058824,0.012,182031,109278,190510.9489051095
0.006823529411764706,0.009294117647058824,0.015,180189,98760,190510.9489051095
0.006823529411764706,0.009647058823529411,0.006,181142,136699,186428.57142857145
0.006823529411764706,0.009647058823529411,0.009,178060,120568,186428.57142857145
0.006823529411764706,0.009647058823529411,0.012,180006,107950,186428.57142857145
0.006823529411764706,0.009647058823529411,0.015,178857,97533,186428.57142857145
0.006823529411764706,0.01,0.006,172222,134615,182517.4825174825
0.006823529411764706,0.01,0.009,179657,118996,182517.4825174825
0.006823529411764706,0.01,0.012,176008,106595,182517.4825174825
0.006823529411764706,0.01,0.015,178352,96436,182517.4825174825
0.006823529411764706,0.010352941176470589,0.006,170738,132495,178767.12328767122
0.006823529411764706,0.010352941176470589,0.009,167151,117372,178767.12328767122
0.006823529411764706,0.010352941176470589,0.012,166334,105328,178767.12328767122
0.006823529411764706,0.010352941176470589,0.015,174817,95436,178767.12328767122
0.006823529411764706,0.010705882352941176,0.006,167851,130486,175167.78523489932
0.006823529411764706,0.010705882352941176,0.009,166305,115807,175167.78523489932
0.006823529411764706,0.010705882352941176,0.012,164035,104055,175167.78523489932
0.006823529411764706,0.010705882352941176,0.015,165829,94354,175167.78523489932
0.006823529411764706,0.011058823529411765,0.006,166405,128567,171710.52631578947
0.006823529411764706,0.011058823529411765,0.009,163687,114297,171710.52631578947
0.006823529411764706,0.011058823529411765,0.012,167278,102839,171710.52631578947
0.006823529411764706,0.011058823529411765,0.015,169178,93327,171710.52631578947
0.006823529411764706,0.011411764705882354,0.006,161538,126662,168387.09677419355
0.006823529411764706,0.011411764705882354,0.009,160540,112776,168387.09677419355
0.006823529411764706,0.011411764705882354,0.012,157481,101621,168387.09677419355
0.006823529411764706,0.011411764705882354,0.015,166697,92381,168387.09677419355
0.006823529411764706,0.011764705882352941,0.006,156097,124916,165189.87341772154
0.006823529411764706,0.011764705882352941,0.009,160295,111356,165189.87341772154
0.006823529411764706,0.011764705882352941,0.012,157904,100446,165189.87341772154
0.006823529411764706,0.011764705882352941,0.015,159012,91494,165189.87341772154
0.006823529411764706,0.01211764705882353,0.006,153146,123060,162111.801242236
0.006823529411764706,0.01211764705882353,0.009,161061,109958,162111.801242236
0.006823529411764706,0.01211764705882353,0.012,160189,99318,162111.801242236
0.006823529411764706,0.01211764705882353,0.015,158546,90518,162111.801242236
0.006823529411764706,0.012470588235294119,0.006,156292,121355,159146.34146341463
0.006823529411764706,0.012470588235294119,0.009,153603,108599,159146.34146341463
0.006823529411764706,0.012470588235294119,0.012,155836,98177,159146.34146341463
0.006823529411764706,0.012470588235294119,0.015,156817,89609,159146.34146341463
0.006823529411764706,0.012823529411764706,0.006,154815,119786,156287.4251497006
0.006823529411764706,0.012823529411764706,0.009,153121,107277,156287.4251497006
0.006823529411764706,0.012823529411764706,0.012,149911,96977,156287.4251497006
0.006823529411764706,0.012823529411764706,0.015,154308,88667,156287.4251497006
0.006823529411764706,0.013176470588235295,0.006,148267,118041,153529.4117647059
0.006823529411764706,0.013176470588235295,0.009,147366,105975,153529.4117647059
0.006823529411764706,0.013176470588235295,0.012,149883,96045,153529.4117647059
0.006823529411764706,0.013176470588235295,0.015,149840,87713,153529.4117647059
0.006823529411764706,0.013529411764705884,0.006,147076,116606,150867.0520231214
0.006823529411764706,0.013529411764705884,0.009,147229,104679,150867.0520231214
0.006823529411764706,0.013529411764705884,0.012,142785,94896,150867.0520231214
0.006823529411764706,0.013529411764705884,0.015,149248,86808,150867.0520231214
0.006823529411764706,0.01388235294117647,0.006,145624,115036,148295.45454545456
0.006823529411764706,0.01388235294117647,0.009,146008,103445,148295.45454545456
0.006823529411764706,0.01388235294117647,0.012,139839,93956,148295.45454545456
0.006823529411764706,0.01388235294117647,0.015,145561,86084,148295.45454545456
0.006823529411764706,0.01423529411764706,0.006,143327,113551,145810.05586592178
0.006823529411764706,0.01423529411764706,0.009,141442,102160,145810.05586592178
0.006823529411764706,0.01423529411764706,0.012,143834,92827,145810.05586592178
0.006823529411764706,0.01423529411764706,0.015,144436,85194,145810.05586592178
0.006823529411764706,0.014588235294117648,0.006,137416,112120,143406.5934065934
0.006823529411764706,0.014588235294117648,0.009,139452,101034,143406.5934065934
0.006823529411764706,0.014588235294117648,0.012,141913,91902,143406.5934065934
0.006823529411764706,0.014588235294117648,0.015,141881,84380,143406.5934065934
0.006823529411764706,0.014941176470588236,0.006,139148,110679,141081.08108108107
0.006823529411764706,0.014941176470588236,0.009,137703,99877,141081.08108108107
0.006823529411764706,0.014941176470588236,0.012,135257,91006,141081.08108108107
0.006823529411764706,0.014941176470588236,0.015,138649,83571,141081.08108108107
0.006823529411764706,0.015294117647058824,0.006,133413,109278,138829.78723404254
0.006823529411764706,0.015294117647058824,0.009,131111,98760,138829.78723404254
0.006823529411764706,0.015294117647058824,0.012,133157,90049,138829.78723404254
0.006823529411764706,0.015294117647058824,0.015,136752,82682,138829.78723404254
0.006823529411764706,0.015647058823529413,0.006,135437,107950,136649.21465968588
0.006823529411764706,0.015647058823529413,0.009,133497,97533,136649.21465968588
0.006823529411764706,0.015647058823529413,0.012,133751,89042,136649.21465968588
0.006823529411764706,0.015647058823529413,0.015,133236,82029,136649.21465968588
0.006823529411764706,0.016,0.006,131012,106595,134536.08247422677
0.006823529411764706,0.016,0.009,133884,96436,134536.08247422677
0.006823529411764706,0.016,0.012,134122,88263,134536.08247422677
0.006823529411764706,0.016,0.015,133169,81224,134536.08247422677
0.007176470588235295,0.004,0.006,252798,188046,288947.3684210526
0.007176470588235295,0.004,0.009,244541,160164,288947.3684210526
0.007176470588235295,0.004,0.012,239901,139318,288947.3684210526
0.007176470588235295,0.004,0.015,235185,123440,288947.3684210526
0.007176470588235295,0.004352941176470588,0.006,248733,184274,280102.04081632657
0.007176470588235295,0.004352941176470588,0.009,242100,157415,280102.04081632657
0.007176470588235295,0.004352941176470588,0.012,236591,137331,280102.04081632657
0.007176470588235295,0.004352941176470588,0.015,233131,121772,280102.04081632657
0.007176470588235295,0.004705882352941177,0.006,243849,180659,271782.17821782175
0.007176470588235295,0.004705882352941177,0.009,237859,154651,271782.17821782175
0.007176470588235295,0.004705882352941177,0.012,235089,135333,271782.17821782175
0.007176470588235295,0.004705882352941177,0.015,228813,120188,271782.17821782175
0.007176470588235295,0.005058823529411765,0.006,240589,177093,263942.30769230763
0.007176470588235295,0.005058823529411765,0.009,235805,152064,263942.30769230763
0.007176470588235295,0.005058823529411765,0.012,234758,133340,263942.30769230763
0.007176470588235295,0.005058823529411765,0.015,228617,118535,263942.30769230763
0.007176470588235295,0.005411764705882353,0.006,236947,173852,256542.05607476638
0.007176470588235295,0.005411764705882353,0.009,231957,149689,256542.05607476638
0.007176470588235295,0.005411764705882353,0.012,228309,131417,256542.05607476638
0.007176470588235295,0.005411764705882353,0.015,225956,117124,256542.05607476638
0.007176470588235295,0.005764705882352941,0.006,235440,170556,249545.45454545453
0.007176470588235295,0.005764705882352941,0.009,228998,147256,249545.45454545453
0.007176470588235295,0.005764705882352941,0.012,225450,129486,249545.45454545453
0.007176470588235295,0.005764705882352941,0.015,222682,115653,249545.45454545453
0.007176470588235295,0.00611764705882353,0.006,229504,167369,242920.35398230085
0.007176470588235295,0.00611764705882353,0.009,225608,144799,242920.35398230085
0.007176470588235295,0.00611764705882353,0.012,224400,127633,242920.35398230085
0.007176470588235295,0.00611764705882353,0.015,224039,114094,242920.35398230085
0.007176470588235295,0.006470588235294118,0.006,226805,164431,236637.93103448275
0.007176470588235295,0.006470588235294118,0.009,224319,142673,236637.93103448275
0.007176470588235295,0.006470588235294118,0.012,223273,125990,236637.93103448275
0.007176470588235295,0.006470588235294118,0.015,220293,112694,236637.93103448275
0.007176470588235295,0.006823529411764706,0.006,224206,161546,230672.268907563
0.007176470588235295,0.006823529411764706,0.009,219608,140379,230672.268907563
0.007176470588235295,0.006823529411764706,0.012,219139,124289,230672.268907563
0.007176470588235295,0.006823529411764706,0.015,218996,111341,230672.268907563
0.007176470588235295,0.007176470588235295,0.006,219646,158771,225000.0
0.007176470588235295,0.007176470588235295,0.009,217933,138264,225000.0
0.007176470588235295,0.007176470588235295,0.012,216036,122607,225000.0
0.007176470588235295,0.007176470588235295,0.015,214632,109968,225000.0
0.007176470588235295,0.0075294117647058826,0.006,211689,155926,219600.0
0.007176470588235295,0.0075294117647058826,0.009,212163,136299,219600.0
0.007176470588235295,0.0075294117647058826,0.012,210308,120998,219600.0
0.007176470588235295,0.0075294117647058826,0.015,210313,108802,219600.0
0.007176470588235295,0.00788235294117647,0.006,204508,153409,214453.125
0.007176470588235295,0.00788235294117647,0.009,204753,134243,214453.125
0.007176470588235295,0.00788235294117647,0.012,202623,119323,214453.125
0.007176470588235295,0.00788235294117647,0.015,205642,107483,214453.125
0.007176470588235295,0.00823529411764706,0.006,204470,150887,209541.9847328244
0.007176470588235295,0.00823529411764706,0.009,203847,132368,209541.9847328244
0.007176470588235295,0.00823529411764706,0.012,198080,117882,209541.9847328244
0.007176470588235295,0.00823529411764706,0.015,201345,106167,209541.9847328244
0.007176470588235295,0.008588235294117647,0.006,195521,148334,204850.74626865672
0.007176470588235295,0.008588235294117647,0.009,193237,130507,204850.74626865672
0.007176470588235295,0.008588235294117647,0.012,196901,116385,204850.74626865672
0.007176470588235295,0.008588235294117647,0.015,193011,105030,204850.74626865672
0.007176470588235295,0.008941176470588235,0.006,187604,146093,200364.9635036496
0.007176470588235295,0.008941176470588235,0.009,192922,128625,200364.9635036496
0.007176470588235295,0.008941176470588235,0.012,193132,114921,200364.9635036496
0.007176470588235295,0.008941176470588235,0.015,192664,103832,200364.9635036496
0.007176470588235295,0.009294117647058824,0.006,188759,143799,196071.42857142855
0.007176470588235295,0.009294117647058824,0.009,182198,126841,196071.42857142855
0.007176470588235295,0.009294117647058824,0.012,190013,113379,196071.42857142855
0.007176470588235295,0.009294117647058824,0.015,181708,102655,196071.42857142855
0.007176470588235295,0.009647058823529411,0.006,180515,141560,191958.04195804195
0.007176470588235295,0.009647058823529411,0.009,182641,125139,191958.04195804195
0.007176470588235295,0.009647058823529411,0.012,183055,111990,191958.04195804195
0.007176470588235295,0.009647058823529411,0.015,179793,101428,191958.04195804195
0.007176470588235295,0.01,0.006,180057,139318,188013.698630137
0.007176470588235295,0.01,0.009,178185,123440,188013.698630137
0.007176470588235295,0.01,0.012,177501,110650,188013.698630137
0.007176470588235295,0.01,0.015,180202,100317,188013.698630137
0.007176470588235295,0.010352941176470589,0.006,180505,137331,184228.1879194631
0.007176470588235295,0.010352941176470589,0.009,173069,121772,184228.1879194631
0.007176470588235295,0.010352941176470589,0.012,177736,109316,184228.1879194631
0.007176470588235295,0.010352941176470589,0.015,174175,99227,184228.1879194631
0.007176470588235295,0.010705882352941176,0.006,173284,135333,180592.1052631579
0.007176470588235295,0.010705882352941176,0.009,170851,120188,180592.1052631579
0.007176470588235295,0.010705882352941176,0.012,173640,108140,180592.1052631579
0.007176470588235295,0.010705882352941176,0.015,173407,98160,180592.1052631579
0.007176470588235295,0.011058823529411765,0.006,169343,133340,177096.7741935484
0.007176470588235295,0.011058823529411765,0.009,171082,118535,177096.7741935484
0.007176470588235295,0.011058823529411765,0.012,167318,106829,177096.7741935484
0.007176470588235295,0.011058823529411765,0.015,172297,97220,177096.7741935484
0.007176470588235295,0.011411764705882354,0.006,166347,131417,173734.17721518988
0.007176470588235295,0.011411764705882354,0.009,168116,117124,173734.17721518988
0.007176470588235295,0.011411764705882354,0.012,166853,105635,173734.17721518988
0.007176470588235295,0.011411764705882354,0.015,171338,96238,173734.17721518988
0.007176470588235295,0.011764705882352941,0.006,161918,129486,170496.8944099379
0.007176470588235295,0.011764705882352941,0.009,168936,115653,170496.8944099379
0.007176470588235295,0.011764705882352941,0.012,168258,104436,170496.8944099379
0.007176470588235295,0.011764705882352941,0.015,167271,95209,170496.8944099379
0.007176470588235295,0.01211764705882353,0.006,160921,127633,167378.04878048776
0.007176470588235295,0.01211764705882353,0.009,166520,114094,167378.04878048776
0.007176470588235295,0.01211764705882353,0.012,164507,103239,167378.04878048776
0.007176470588235295,0.01211764705882353,0.015,164413,94211,167378.04878048776
0.007176470588235295,0.012470588235294119,0.006,158756,125990,164371.25748502993
0.007176470588235295,0.012470588235294119,0.009,158744,112694,164371.25748502993
0.007176470588235295,0.012470588235294119,0.012,161889,102103,164371.25748502993
0.007176470588235295,0.012470588235294119,0.015,162196,93170,164371.25748502993
0.007176470588235295,0.012823529411764706,0.006,156286,124289,161470.58823529413
0.007176470588235295,0.012823529411764706,0.009,158466,111341,161470.58823529413
0.007176470588235295,0.012823529411764706,0.012,157773,100869,161470.58823529413
0.007176470588235295,0.012823529411764706,0.015,159068,92315,161470.58823529413
0.007176470588235295,0.013176470588235295,0.006,154128,122607,158670.52023121386
0.007176470588235295,0.013176470588235295,0.009,147174,109968,158670.52023121386
0.007176470588235295,0.013176470588235295,0.012,151949,99812,158670.52023121386
0.007176470588235295,0.013176470588235295,0.015,154106,91394,158670.52023121386
0.007176470588235295,0.013529411764705884,0.006,149541,120998,155965.9090909091
0.007176470588235295,0.013529411764705884,0.009,154627,108802,155965.9090909091
0.007176470588235295,0.013529411764705884,0.012,154601,98691,155965.9090909091
0.007176470588235295,0.013529411764705884,0.015,153422,90492,155965.9090909091
0.007176470588235295,0.01388235294117647,0.006,146200,119323,153351.9553072626
0.007176470588235295,0.01388235294117647,0.009,152500,107483,153351.9553072626
0.007176470588235295,0.01388235294117647,0.012,149759,97743,153351.9553072626
0.007176470588235295,0.01388235294117647,0.015,150143,89617,153351.9553072626
0.007176470588235295,0.01423529411764706,0.006,144583,117882,150824.17582417582
0.007176470588235295,0.01423529411764706,0.009,146082,106167,150824.17582417582
0.007176470588235295,0.01423529411764706,0.012,149943,96730,150824.17582417582
0.007176470588235295,0.01423529411764706,0.015,149477,88646,150824.17582417582
0.007176470588235295,0.014588235294117648,0.006,142288,116385,148378.37837837837
0.007176470588235295,0.014588235294117648,0.009,146312,105030,148378.37837837837
0.007176470588235295,0.014588235294117648,0.012,145835,95676,148378.37837837837
0.007176470588235295,0.014588235294117648,0.015,147093,87786,148378.37837837837
0.007176470588235295,0.014941176470588236,0.006,140337,114921,146010.63829787236
0.007176470588235295,0.014941176470588236,0.009,145043,103832,146010.63829787236
0.007176470588235295,0.014941176470588236,0.012,144916,94715,146010.63829787236
0.007176470588235295,0.014941176470588236,0.015,145088,87080,146010.63829787236
0.007176470588235295,0.015294117647058824,0.006,141426,113379,143717.27748691099
0.007176470588235295,0.015294117647058824,0.009,143134,102655,143717.27748691099
0.007176470588235295,0.015294117647058824,0.012,139068,93752,143717.27748691099
0.007176470588235295,0.015294117647058824,0.015,138770,86238,143717.27748691099
0.007176470588235295,0.015647058823529413,0.006,137167,111990,141494.84536082472
0.007176470588235295,0.015647058823529413,0.009,134663,101428,141494.84536082472
0.007176470588235295,0.015647058823529413,0.012,137846,92789,141494.84536082472
0.007176470588235295,0.015647058823529413,0.015,133527,85380,141494.84536082472
0.007176470588235295,0.016,0.006,136012,110650,139340.10152284265
0.007176470588235295,0.016,0.009,132113,100317,139340.10152284265
0.007176470588235295,0.016,0.012,137935,91854,139340.10152284265
0.007176470588235295,0.016,0.015,137131,84584,139340.10152284265
0.0075294117647058826,0.004,0.006,256470,193371,293877.55102040817
0.0075294117647058826,0.004,0.009,247845,165126,293877.55102040817
0.0075294117647058826,0.004,0.012,242234,144085,293877.55102040817
0.0075294117647058826,0.004,0.015,238428,127787,293877.55102040817
0.0075294117647058826,0.004352941176470588,0.006,251747,189580,285148.51485148515
0.0075294117647058826,0.004352941176470588,0.009,245153,162297,285148.51485148515
0.0075294117647058826,0.004352941176470588,0.012,239501,141821,285148.51485148515
0.0075294117647058826,0.004352941176470588,0.015,235996,126009,285148.51485148515
0.0075294117647058826,0.004705882352941177,0.006,248226,185838,276923.0769230769
0.0075294117647058826,0.004705882352941177,0.009,241174,159659,276923.0769230769
0.0075294117647058826,0.004705882352941177,0.012,236797,139759,276923.0769230769
0.0075294117647058826,0.004705882352941177,0.015,233041,124491,276923.0769230769
0.0075294117647058826,0.005058823529411765,0.006,244193,182297,269158.8785046729
0.0075294117647058826,0.005058823529411765,0.009,239268,156934,269158.8785046729
0.0075294117647058826,0.005058823529411765,0.012,234854,137905,269158.8785046729
0.0075294117647058826,0.005058823529411765,0.015,231040,122880,269158.8785046729
0.0075294117647058826,0.005411764705882353,0.006,239783,178956,261818.18181818182
0.0075294117647058826,0.005411764705882353,0.009,234854,154516,261818.18181818182
0.0075294117647058826,0.005411764705882353,0.012,231224,135825,261818.18181818182
0.0075294117647058826,0.005411764705882353,0.015,228563,121312,261818.18181818182
0.0075294117647058826,0.005764705882352941,0.006,236215,175711,254867.25663716815
0.0075294117647058826,0.005764705882352941,0.009,233537,152055,254867.25663716815
0.0075294117647058826,0.005764705882352941,0.012,227887,134028,254867.25663716815
0.0075294117647058826,0.005764705882352941,0.015,226056,119818,254867.25663716815
0.0075294117647058826,0.00611764705882353,0.006,232958,172558,248275.86206896548
0.0075294117647058826,0.00611764705882353,0.009,230338,149624,248275.86206896548
0.0075294117647058826,0.00611764705882353,0.012,229352,132183,248275.86206896548
0.0075294117647058826,0.00611764705882353,0.015,223876,118339,248275.86206896548
0.0075294117647058826,0.006470588235294118,0.006,231493,169434,242016.80672268907
0.0075294117647058826,0.006470588235294118,0.009,226451,147405,242016.80672268907
0.0075294117647058826,0.006470588235294118,0.012,225715,130290,242016.80672268907
0.0075294117647058826,0.006470588235294118,0.015,223395,116905,242016.80672268907
0.0075294117647058826,0.006823529411764706,0.006,225666,166575,236065.5737704918
0.0075294117647058826,0.006823529411764706,0.009,224591,145174,236065.5737704918
0.0075294117647058826,0.006823529411764706,0.012,222117,128626,236065.5737704918
0.0075294117647058826,0.006823529411764706,0.015,220825,115523,236065.5737704918
0.0075294117647058826,0.007176470588235295,0.006,223120,163694,230400.00000000003
0.0075294117647058826,0.007176470588235295,0.009,219680,142948,230400.00000000003
0.0075294117647058826,0.007176470588235295,0.012,220604,126975,230400.00000000003
0.0075294117647058826,0.007176470588235295,0.015,218862,114123,230400.00000000003
0.0075294117647058826,0.0075294117647058826,0.006,218842,160959,225000.0
0.0075294117647058826,0.0075294117647058826,0.009,218305,140854,225000.0
0.0075294117647058826,0.0075294117647058826,0.012,217686,125283,225000.0
0.0075294117647058826,0.0075294117647058826,0.015,216670,112678,225000.0
0.0075294117647058826,0.00788235294117647,0.006,214704,158215,219847.32824427483
0.0075294117647058826,0.00788235294117647,0.009,210428,138869,219847.32824427483
0.0075294117647058826,0.00788235294117647,0.012,210121,123681,219847.32824427483
0.0075294117647058826,0.00788235294117647,0.015,209208,111442,219847.32824427483
0.0075294117647058826,0.00823529411764706,0.006,205974,155753,214925.37313432834
0.0075294117647058826,0.00823529411764706,0.009,204016,136876,214925.37313432834
0.0075294117647058826,0.00823529411764706,0.012,205213,121998,214925.37313432834
0.0075294117647058826,0.00823529411764706,0.015,203446,110157,214925.37313432834
0.0075294117647058826,0.008588235294117647,0.006,198958,153295,210218.97810218978
0.0075294117647058826,0.008588235294117647,0.009,201615,134857,210218.97810218978
0.0075294117647058826,0.008588235294117647,0.012,200299,120582,210218.97810218978
0.0075294117647058826,0.008588235294117647,0.015,200170,108964,210218.97810218978
0.0075294117647058826,0.008941176470588235,0.006,198490,150762,205714.2857142857
0.0075294117647058826,0.008941176470588235,0.009,200687,132969,205714.2857142857
0.0075294117647058826,0.008941176470588235,0.012,196074,119070,205714.2857142857
0.0075294117647058826,0.008941176470588235,0.015,191190,107610,205714.2857142857
0.0075294117647058826,0.009294117647058824,0.006,193359,148491,201398.60139860137
0.0075294117647058826,0.009294117647058824,0.009,192680,131169,201398.60139860137
0.0075294117647058826,0.009294117647058824,0.012,193090,117640,201398.60139860137
0.0075294117647058826,0.009294117647058824,0.015,192484,106437,201398.60139860137
0.0075294117647058826,0.009647058823529411,0.006,188798,146217,197260.27397260274
0.0075294117647058826,0.009647058823529411,0.009,186964,129498,197260.27397260274
0.0075294117647058826,0.009647058823529411,0.012,186073,116190,197260.27397260274
0.0075294117647058826,0.009647058823529411,0.015,188906,105303,197260.27397260274
0.0075294117647058826,0.01,0.006,183465,144085,193288.59060402686
0.0075294117647058826,0.01,0.009,186790,127787,193288.59060402686
0.0075294117647058826,0.01,0.012,182630,114807,193288.59060402686
0.0075294117647058826,0.01,0.015,184707,104192,193288.59060402686
0.0075294117647058826,0.010352941176470589,0.006,180696,141821,189473.6842105263
0.0075294117647058826,0.010352941176470589,0.009,185365,126009,189473.6842105263
0.0075294117647058826,0.010352941176470589,0.012,183433,113445,189473.6842105263
0.0075294117647058826,0.010352941176470589,0.015,181432,102998,189473.6842105263
0.0075294117647058826,0.010705882352941176,0.006,183005,139759,185806.45161290324
0.0075294117647058826,0.010705882352941176,0.009,171868,124491,185806.45161290324
0.0075294117647058826,0.010705882352941176,0.012,175948,112042,185806.45161290324
0.0075294117647058826,0.010705882352941176,0.015,180925,101914,185806.45161290324
0.0075294117647058826,0.011058823529411765,0.006,174154,137905,182278.48101265822
0.0075294117647058826,0.011058823529411765,0.009,172012,122880,182278.48101265822
0.0075294117647058826,0.011058823529411765,0.012,174924,110829,182278.48101265822
0.0075294117647058826,0.011058823529411765,0.015,176636,100954,182278.48101265822
0.0075294117647058826,0.011411764705882354,0.006,169025,135825,178881.98757763972
0.0075294117647058826,0.011411764705882354,0.009,175832,121312,178881.98757763972
0.0075294117647058826,0.011411764705882354,0.012,170711,109598,178881.98757763972
0.0075294117647058826,0.011411764705882354,0.015,167767,99916,178881.98757763972
0.0075294117647058826,0.011764705882352941,0.006,165593,134028,175609.75609756098
0.0075294117647058826,0.011764705882352941,0.009,173258,119818,175609.75609756098
0.0075294117647058826,0.011764705882352941,0.012,167889,108247,175609.75609756098
0.0075294117647058826,0.011764705882352941,0.015,172227,98807,175609.75609756098
0.0075294117647058826,0.01211764705882353,0.006,163428,132183,172455.08982035925
0.0075294117647058826,0.01211764705882353,0.009,167684,118339,172455.08982035925
0.0075294117647058826,0.01211764705882353,0.012,168397,107015,172455.08982035925
0.0075294117647058826,0.01211764705882353,0.015,170224,97785,172455.08982035925
0.0075294117647058826,0.012470588235294119,0.006,163061,130290,169411.76470588235
0.0075294117647058826,0.012470588235294119,0.009,165465,116905,169411.76470588235
0.0075294117647058826,0.012470588235294119,0.012,164568,105930,169411.76470588235
0.0075294117647058826,0.012470588235294119,0.015,165842,96856,169411.76470588235
0.0075294117647058826,0.012823529411764706,0.006,162413,128626,166473.98843930635
0.0075294117647058826,0.012823529411764706,0.009,158370,115523,166473.98843930635
0.0075294117647058826,0.012823529411764706,0.012,161144,104747,166473.98843930635
0.0075294117647058826,0.012823529411764706,0.015,165149,95890,166473.98843930635
0.0075294117647058826,0.013176470588235295,0.006,156349,126975,163636.36363636362
0.0075294117647058826,0.013176470588235295,0.009,159786,114123,163636.36363636362
0.0075294117647058826,0.013176470588235295,0.012,162155,103549,163636.36363636362
0.0075294117647058826,0.013176470588235295,0.015,160395,94849,163636.36363636362
0.0075294117647058826,0.013529411764705884,0.006,155428,125283,160893.85474860336
0.0075294117647058826,0.013529411764705884,0.009,153265,112678,160893.85474860336
0.0075294117647058826,0.013529411764705884,0.012,159227,102456,160893.85474860336
0.0075294117647058826,0.013529411764705884,0.015,158914,93954,160893.85474860336
0.0075294117647058826,0.01388235294117647,0.006,151080,123681,158241.75824175825
0.0075294117647058826,0.01388235294117647,0.009,155178,111442,158241.75824175825
0.0075294117647058826,0.01388235294117647,0.012,153741,101440,158241.75824175825
0.0075294117647058826,0.01388235294117647,0.015,154443,93004,158241.75824175825
0.0075294117647058826,0.01423529411764706,0.006,154939,121998,155675.67567567568
0.0075294117647058826,0.01423529411764706,0.009,151267,110157,155675.67567567568
0.0075294117647058826,0.01423529411764706,0.012,154430,100436,155675.67567567568
0.0075294117647058826,0.01423529411764706,0.015,154053,92203,155675.67567567568
0.0075294117647058826,0.014588235294117648,0.006,147203,120582,153191.48936170212
0.0075294117647058826,0.014588235294117648,0.009,152386,108964,153191.48936170212
0.0075294117647058826,0.014588235294117648,0.012,145431,99262,153191.48936170212
0.0075294117647058826,0.014588235294117648,0.015,151670,91343,153191.48936170212
0.0075294117647058826,0.014941176470588236,0.006,147852,119070,150785.34031413612
0.0075294117647058826,0.014941176470588236,0.009,147243,107610,150785.34031413612
0.0075294117647058826,0.014941176470588236,0.012,144932,98297,150785.34031413612
0.0075294117647058826,0.014941176470588236,0.015,148960,90471,150785.34031413612
0.0075294117647058826,0.015294117647058824,0.006,143686,117640,148453.60824742267
0.0075294117647058826,0.015294117647058824,0.009,146167,106437,148453.60824742267
0.0075294117647058826,0.015294117647058824,0.012,144570,97268,148453.60824742267
0.0075294117647058826,0.015294117647058824,0.015,146151,89624,148453.60824742267
0.0075294117647058826,0.015647058823529413,0.006,142798,116190,146192.8934010152
0.0075294117647058826,0.015647058823529413,0.009,144434,105303,146192.8934010152
0.0075294117647058826,0.015647058823529413,0.012,142310,96378,146192.8934010152
0.0075294117647058826,0.015647058823529413,0.015,143568,88821,146192.8934010152
0.0075294117647058826,0.016,0.006,137576,114807,143999.99999999997
0.0075294117647058826,0.016,0.009,141364,104192,143999.99999999997
0.0075294117647058826,0.016,0.012,140901,95401,143999.99999999997
0.0075294117647058826,0.016,0.015,141991,87983,143999.99999999997
0.00788235294117647,0.004,0.006,259318,198467,298514.8514851485
0.00788235294117647,0.004,0.009,250169,169859,298514.8514851485
0.00788235294117647,0.004,0.012,244233,148540,298514.8514851485
0.00788235294117647,0.004,0.015,239667,132040,298514.8514851485
0.00788235294117647,0.004352941176470588,0.006,255527,194566,289903.8461538462
0.00788235294117647,0.004352941176470588,0.009,247571,167037,289903.8461538462
0.00788235294117647,0.004352941176470588,0.012,241718,146461,289903.8461538462
0.00788235294117647,0.004352941176470588,0.015,237218,130237,289903.8461538462
0.00788235294117647,0.004705882352941177,0.006,250971,190874,281775.7009345794
0.00788235294117647,0.004705882352941177,0.009,244851,164372,281775.7009345794
0.00788235294117647,0.004705882352941177,0.012,239342,144337,281775.7009345794
0.00788235294117647,0.004705882352941177,0.015,235029,128639,281775.7009345794
0.00788235294117647,0.005058823529411765,0.006,247508,187315,274090.90909090906
0.00788235294117647,0.005058823529411765,0.009,241205,161640,274090.90909090906
0.00788235294117647,0.005058823529411765,0.012,235578,142173,274090.90909090906
0.00788235294117647,0.005058823529411765,0.015,232112,127017,274090.90909090906
0.00788235294117647,0.005411764705882353,0.006,243490,183819,266814.1592920354
0.00788235294117647,0.005411764705882353,0.009,238013,159190,266814.1592920354
0.00788235294117647,0.005411764705882353,0.012,233651,140297,266814.1592920354
0.00788235294117647,0.005411764705882353,0.015,229997,125369,266814.1592920354
0.00788235294117647,0.005764705882352941,0.006,239849,180540,259913.79310344826
0.00788235294117647,0.005764705882352941,0.009,235554,156619,259913.79310344826
0.00788235294117647,0.005764705882352941,0.012,230265,138284,259913.79310344826
0.00788235294117647,0.005764705882352941,0.015,228546,123885,259913.79310344826
0.00788235294117647,0.00611764705882353,0.006,235661,177412,253361.3445378151
0.00788235294117647,0.00611764705882353,0.009,235554,154180,253361.3445378151
0.00788235294117647,0.00611764705882353,0.012,228541,136424,253361.3445378151
0.00788235294117647,0.00611764705882353,0.015,225549,122369,253361.3445378151
0.00788235294117647,0.006470588235294118,0.006,232415,174342,247131.1475409836
0.00788235294117647,0.006470588235294118,0.009,230840,151954,247131.1475409836
0.00788235294117647,0.006470588235294118,0.012,226773,134694,247131.1475409836
0.00788235294117647,0.006470588235294118,0.015,223076,120908,247131.1475409836
0.00788235294117647,0.006823529411764706,0.006,231029,171268,241200.0
0.00788235294117647,0.006823529411764706,0.009,227839,149642,241200.0
0.00788235294117647,0.006823529411764706,0.012,224027,132772,241200.0
0.00788235294117647,0.006823529411764706,0.015,222203,119470,241200.0
0.00788235294117647,0.007176470588235295,0.006,226946,168447,235546.875
0.00788235294117647,0.007176470588235295,0.009,225561,147400,235546.875
0.00788235294117647,0.007176470588235295,0.012,223463,131149,235546.875
0.00788235294117647,0.007176470588235295,0.015,221965,117958,235546.875
0.00788235294117647,0.0075294117647058826,0.006,223909,165627,230152.6717557252
0.00788235294117647,0.0075294117647058826,0.009,221322,145363,230152.6717557252
0.00788235294117647,0.0075294117647058826,0.012,218901,129468,230152.6717557252
0.00788235294117647,0.0075294117647058826,0.015,218256,116724,230152.6717557252
0.00788235294117647,0.00788235294117647,0.006,219976,163062,225000.0
0.00788235294117647,0.00788235294117647,0.009,217404,143195,225000.0
0.00788235294117647,0.00788235294117647,0.012,215675,127832,225000.0
0.00788235294117647,0.00788235294117647,0.015,216311,115379,225000.0
0.00788235294117647,0.00823529411764706,0.006,215730,160407,220072.99270072993
0.00788235294117647,0.00823529411764706,0.009,211654,141280,220072.99270072993
0.00788235294117647,0.00823529411764706,0.012,211472,126099,220072.99270072993
0.00788235294117647,0.00823529411764706,0.015,210652,114076,220072.99270072993
0.00788235294117647,0.008588235294117647,0.006,207216,157813,215357.14285714284
0.00788235294117647,0.008588235294117647,0.009,208561,139335,215357.14285714284
0.00788235294117647,0.008588235294117647,0.012,207945,124684,215357.14285714284
0.00788235294117647,0.008588235294117647,0.015,205376,112747,215357.14285714284
0.00788235294117647,0.008941176470588235,0.006,203088,155372,210839.16083916085
0.00788235294117647,0.008941176470588235,0.009,200164,137431,210839.16083916085
0.00788235294117647,0.008941176470588235,0.012,205133,123017,210839.16083916085
0.00788235294117647,0.008941176470588235,0.015,201066,111521,210839.16083916085
0.00788235294117647,0.009294117647058824,0.006,202996,153003,206506.84931506848
0.00788235294117647,0.009294117647058824,0.009,195694,135543,206506.84931506848
0.00788235294117647,0.009294117647058824,0.012,196859,121641,206506.84931506848
0.00788235294117647,0.009294117647058824,0.015,198709,110294,206506.84931506848
0.00788235294117647,0.009647058823529411,0.006,193483,150796,202348.9932885906
0.00788235294117647,0.009647058823529411,0.009,190802,133652,202348.9932885906
0.00788235294117647,0.009647058823529411,0.012,190237,120157,202348.9932885906
0.00788235294117647,0.009647058823529411,0.015,192248,109097,202348.9932885906
0.00788235294117647,0.01,0.006,189848,148540,198355.26315789475
0.00788235294117647,0.01,0.009,190086,132040,198355.26315789475
0.00788235294117647,0.01,0.012,187403,118725,198355.26315789475
0.00788235294117647,0.01,0.015,187215,107927,198355.26315789475
0.00788235294117647,0.010352941176470589,0.006,186378,146461,194516.12903225806
0.00788235294117647,0.010352941176470589,0.009,183287,130237,194516.12903225806
0.00788235294117647,0.010352941176470589,0.012,187110,117300,194516.12903225806
0.00788235294117647,0.010352941176470589,0.015,186033,106770,194516.12903225806
0.00788235294117647,0.010705882352941176,0.006,188203,144337,190822.78481012658
0.00788235294117647,0.010705882352941176,0.009,177933,128639,190822.78481012658
0.00788235294117647,0.010705882352941176,0.012,181421,116040,190822.78481012658
0.00788235294117647,0.010705882352941176,0.015,182172,105665,190822.78481012658
0.00788235294117647,0.011058823529411765,0.006,180242,142173,187267.0807453416
0.00788235294117647,0.011058823529411765,0.009,178089,127017,187267.0807453416
0.00788235294117647,0.011058823529411765,0.012,174832,114691,187267.0807453416
0.00788235294117647,0.011058823529411765,0.015,180463,104542,187267.0807453416
0.00788235294117647,0.011411764705882354,0.006,178260,140297,183841.46341463414
0.00788235294117647,0.011411764705882354,0.009,176947,125369,183841.46341463414
0.00788235294117647,0.011411764705882354,0.012,173915,113336,183841.46341463414
0.00788235294117647,0.011411764705882354,0.015,174190,103450,183841.46341463414
0.00788235294117647,0.011764705882352941,0.006,176487,138284,180538.92215568863
0.00788235294117647,0.011764705882352941,0.009,174362,123885,180538.92215568863
0.00788235294117647,0.011764705882352941,0.012,176272,112143,180538.92215568863
0.00788235294117647,0.011764705882352941,0.015,177730,102377,180538.92215568863
0.00788235294117647,0.01211764705882353,0.006,166758,136424,177352.94117647054
0.00788235294117647,0.01211764705882353,0.009,166197,122369,177352.94117647054
0.00788235294117647,0.01211764705882353,0.012,174590,110903,177352.94117647054
0.00788235294117647,0.01211764705882353,0.015,166440,101355,177352.94117647054
0.00788235294117647,0.012470588235294119,0.006,170865,134694,174277.45664739885
0.00788235294117647,0.012470588235294119,0.009,172377,120908,174277.45664739885
0.00788235294117647,0.012470588235294119,0.012,168896,109629,174277.45664739885
0.00788235294117647,0.012470588235294119,0.015,170146,100378,174277.45664739885
0.00788235294117647,0.012823529411764706,0.006,163703,132772,171306.81818181818
0.00788235294117647,0.012823529411764706,0.009,169672,119470,171306.81818181818
0.00788235294117647,0.012823529411764706,0.012,163458,108509,171306.81818181818
0.00788235294117647,0.012823529411764706,0.015,168591,99363,171306.81818181818
0.00788235294117647,0.013176470588235295,0.006,164517,131149,168435.75418994413
0.00788235294117647,0.013176470588235295,0.009,160654,117958,168435.75418994413
0.00788235294117647,0.013176470588235295,0.012,165283,107358,168435.75418994413
0.00788235294117647,0.013176470588235295,0.015,165334,98438,168435.75418994413
0.00788235294117647,0.013529411764705884,0.006,161772,129468,165659.34065934064
0.00788235294117647,0.013529411764705884,0.009,162308,116724,165659.34065934064
0.00788235294117647,0.013529411764705884,0.012,155399,106220,165659.34065934064
0.00788235294117647,0.013529411764705884,0.015,163042,97372,165659.34065934064
0.00788235294117647,0.01388235294117647,0.006,157756,127832,162972.97297297302
0.00788235294117647,0.01388235294117647,0.009,161339,115379,162972.97297297302
0.00788235294117647,0.01388235294117647,0.012,157037,105097,162972.97297297302
0.00788235294117647,0.01388235294117647,0.015,160746,96486,162972.97297297302
0.00788235294117647,0.01423529411764706,0.006,158366,126099,160372.34042553193
0.00788235294117647,0.01423529411764706,0.009,154244,114076,160372.34042553193
0.00788235294117647,0.01423529411764706,0.012,156426,103993,160372.34042553193
0.00788235294117647,0.01423529411764706,0.015,159291,95624,160372.34042553193
0.00788235294117647,0.014588235294117648,0.006,150918,124684,157853.40314136125
0.00788235294117647,0.014588235294117648,0.009,153318,112747,157853.40314136125
0.00788235294117647,0.014588235294117648,0.012,152821,102861,157853.40314136125
0.00788235294117647,0.014588235294117648,0.015,152646,94720,157853.40314136125
0.00788235294117647,0.014941176470588236,0.006,150380,123017,155412.37113402062
0.00788235294117647,0.014941176470588236,0.009,153677,111521,155412.37113402062
0.00788235294117647,0.014941176470588236,0.012,153245,101867,155412.37113402062
0.00788235294117647,0.014941176470588236,0.015,147222,93808,155412.37113402062
0.00788235294117647,0.015294117647058824,0.006,151677,121641,153045.6852791878
0.00788235294117647,0.015294117647058824,0.009,145977,110294,153045.6852791878
0.00788235294117647,0.015294117647058824,0.012,149179,100866,153045.6852791878
0.00788235294117647,0.015294117647058824,0.015,151396,92955,153045.6852791878
0.00788235294117647,0.015647058823529413,0.006,147671,120157,150749.99999999997
0.00788235294117647,0.015647058823529413,0.009,143877,109097,150749.99999999997
0.00788235294117647,0.015647058823529413,0.012,149794,99859,150749.99999999997
0.00788235294117647,0.015647058823529413,0.015,149708,92114,150749.99999999997
0.00788235294117647,0.016,0.006,146635,118725,148522.16748768472
0.00788235294117647,0.016,0.009,143120,107927,148522.16748768472
0.00788235294117647,0.016,0.012,145631,98868,148522.16748768472
0.00788235294117647,0.016,0.015,145463,91230,148522.16748768472
0.00823529411764706,0.004,0.006,262415,203194,302884.61538461543
0.00823529411764706,0.004,0.009,252816,174596,302884.61538461543
0.00823529411764706,0.004,0.012,246513,152875,302884.61538461543
0.00823529411764706,0.004,0.015,241044,136055,302884.61538461543
0.00823529411764706,0.004352941176470588,0.006,258025,199335,294392.52336448594
0.00823529411764706,0.004352941176470588,0.009,249915,171729,294392.52336448594
0.00823529411764706,0.004352941176470588,0.012,243791,150801,294392.52336448594
0.00823529411764706,0.004352941176470588,0.015,239646,134397,294392.52336448594
0.00823529411764706,0.004705882352941177,0.006,254396,195766,286363.63636363635
0.00823529411764706,0.004705882352941177,0.009,246383,168898,286363.63636363635
0.00823529411764706,0.004705882352941177,0.012,240650,148653,286363.63636363635
0.00823529411764706,0.004705882352941177,0.015,237222,132636,286363.63636363635
0.00823529411764706,0.005058823529411765,0.006,250438,192052,278761.06194690266
0.00823529411764706,0.005058823529411765,0.009,243368,166322,278761.06194690266
0.00823529411764706,0.005058823529411765,0.012,237784,146525,278761.06194690266
0.00823529411764706,0.005058823529411765,0.015,234845,131075,278761.06194690266
0.00823529411764706,0.005411764705882353,0.006,246225,188678,271551.724137931
0.00823529411764706,0.005411764705882353,0.009,240794,163681,271551.724137931
0.00823529411764706,0.005411764705882353,0.012,235736,144570,271551.724137931
0.00823529411764706,0.005411764705882353,0.015,232373,129411,271551.724137931
0.00823529411764706,0.005764705882352941,0.006,243037,185402,264705.88235294115
0.00823529411764706,0.005764705882352941,0.009,237395,161181,264705.88235294115
0.00823529411764706,0.005764705882352941,0.012,233775,142606,264705.88235294115
0.00823529411764706,0.005764705882352941,0.015,230451,127849,264705.88235294115
0.00823529411764706,0.00611764705882353,0.006,239126,182046,258196.72131147544
0.00823529411764706,0.00611764705882353,0.009,235245,158657,258196.72131147544
0.00823529411764706,0.00611764705882353,0.012,233840,140702,258196.72131147544
0.00823529411764706,0.00611764705882353,0.015,228276,126314,258196.72131147544
0.00823529411764706,0.006470588235294118,0.006,235963,179082,252000.0
0.00823529411764706,0.006470588235294118,0.009,231833,156387,252000.0
0.00823529411764706,0.006470588235294118,0.012,227602,138872,252000.0
0.00823529411764706,0.006470588235294118,0.015,225507,124851,252000.0
0.00823529411764706,0.006823529411764706,0.006,233837,176070,246093.75
0.00823529411764706,0.006823529411764706,0.009,229889,154104,246093.75
0.00823529411764706,0.006823529411764706,0.012,226326,137028,246093.75
0.00823529411764706,0.006823529411764706,0.015,225650,123311,246093.75
0.00823529411764706,0.007176470588235295,0.006,231222,173168,240458.0152671756
0.00823529411764706,0.007176470588235295,0.009,228390,151808,240458.0152671756
0.00823529411764706,0.007176470588235295,0.012,226041,135155,240458.0152671756
0.00823529411764706,0.007176470588235295,0.015,224187,121919,240458.0152671756
0.00823529411764706,0.0075294117647058826,0.006,226777,170230,235074.62686567166
0.00823529411764706,0.0075294117647058826,0.009,224577,149721,235074.62686567166
0.00823529411764706,0.0075294117647058826,0.012,222257,133541,235074.62686567166
0.00823529411764706,0.0075294117647058826,0.015,221702,120471,235074.62686567166
0.00823529411764706,0.00788235294117647,0.006,223964,167645,229927.0072992701
0.00823529411764706,0.00788235294117647,0.009,221596,147610,229927.0072992701
0.00823529411764706,0.00788235294117647,0.012,220260,131809,229927.0072992701
0.00823529411764706,0.00788235294117647,0.015,218998,119157,229927.0072992701
0.00823529411764706,0.00823529411764706,0.006,219890,164907,225000.0
0.00823529411764706,0.00823529411764706,0.009,218671,145509,225000.0
0.00823529411764706,0.00823529411764706,0.012,218080,130125,225000.0
0.00823529411764706,0.00823529411764706,0.015,215400,117816,225000.0
0.00823529411764706,0.008588235294117647,0.006,214532,162333,220279.7202797203
0.00823529411764706,0.008588235294117647,0.009,213230,143500,220279.7202797203
0.00823529411764706,0.008588235294117647,0.012,211523,128536,220279.7202797203
0.00823529411764706,0.008588235294117647,0.015,209146,116498,220279.7202797203
0.00823529411764706,0.008941176470588235,0.006,209027,159899,215753.42465753425
0.00823529411764706,0.008941176470588235,0.009,208697,141618,215753.42465753425
0.00823529411764706,0.008941176470588235,0.012,205629,127090,215753.42465753425
0.00823529411764706,0.008941176470588235,0.015,205920,115211,215753.42465753425
0.00823529411764706,0.009294117647058824,0.006,206396,157593,211409.39597315434
0.00823529411764706,0.009294117647058824,0.009,201300,139784,211409.39597315434
0.00823529411764706,0.009294117647058824,0.012,200466,125563,211409.39597315434
0.00823529411764706,0.009294117647058824,0.015,199575,113881,211409.39597315434
0.00823529411764706,0.009647058823529411,0.006,202418,155252,207236.84210526315
0.00823529411764706,0.009647058823529411,0.009,200100,137926,207236.84210526315
0.00823529411764706,0.009647058823529411,0.012,196581,123971,207236.84210526315
0.00823529411764706,0.009647058823529411,0.015,196586,112745,207236.84210526315
0.00823529411764706,0.01,0.006,199247,152875,203225.8064516129
0.00823529411764706,0.01,0.009,190687,136055,203225.8064516129
0.00823529411764706,0.01,0.012,192882,122532,203225.8064516129
0.00823529411764706,0.01,0.015,194967,111459,203225.8064516129
0.00823529411764706,0.010352941176470589,0.006,188436,150801,199367.08860759492
0.00823529411764706,0.010352941176470589,0.009,187494,134397,199367.08860759492
0.00823529411764706,0.010352941176470589,0.012,189537,121158,199367.08860759492
0.00823529411764706,0.010352941176470589,0.015,191375,110390,199367.08860759492
0.00823529411764706,0.010705882352941176,0.006,185855,148653,195652.1739130435
0.00823529411764706,0.010705882352941176,0.009,186464,132636,195652.1739130435
0.00823529411764706,0.010705882352941176,0.012,186576,119828,195652.1739130435
0.00823529411764706,0.010705882352941176,0.015,184095,109271,195652.1739130435
0.00823529411764706,0.011058823529411765,0.006,181853,146525,192073.1707317073
0.00823529411764706,0.011058823529411765,0.009,188113,131075,192073.1707317073
0.00823529411764706,0.011058823529411765,0.012,186763,118481,192073.1707317073
0.00823529411764706,0.011058823529411765,0.015,181763,108019,192073.1707317073
0.00823529411764706,0.011411764705882354,0.006,183727,144570,188622.75449101796
0.00823529411764706,0.011411764705882354,0.009,181839,129411,188622.75449101796
0.00823529411764706,0.011411764705882354,0.012,178776,117185,188622.75449101796
0.00823529411764706,0.011411764705882354,0.015,181412,106959,188622.75449101796
0.00823529411764706,0.011764705882352941,0.006,177068,142606,185294.11764705883
0.00823529411764706,0.011764705882352941,0.009,177365,127849,185294.11764705883
0.00823529411764706,0.011764705882352941,0.012,181626,115869,185294.11764705883
0.00823529411764706,0.011764705882352941,0.015,178121,105936,185294.11764705883
0.00823529411764706,0.01211764705882353,0.006,176161,140702,182080.9248554913
0.00823529411764706,0.01211764705882353,0.009,170441,126314,182080.9248554913
0.00823529411764706,0.01211764705882353,0.012,172782,114515,182080.9248554913
0.00823529411764706,0.01211764705882353,0.015,178104,104884,182080.9248554913
0.00823529411764706,0.012470588235294119,0.006,174203,138872,178977.27272727274
0.00823529411764706,0.012470588235294119,0.009,168885,124851,178977.27272727274
0.00823529411764706,0.012470588235294119,0.012,170123,113304,178977.27272727274
0.00823529411764706,0.012470588235294119,0.015,171751,103752,178977.27272727274
0.00823529411764706,0.012823529411764706,0.006,168109,137028,175977.65363128492
0.00823529411764706,0.012823529411764706,0.009,167726,123311,175977.65363128492
0.00823529411764706,0.012823529411764706,0.012,168497,112089,175977.65363128492
0.00823529411764706,0.012823529411764706,0.015,172402,102820,175977.65363128492
0.00823529411764706,0.013176470588235295,0.006,165286,135155,173076.9230769231
0.00823529411764706,0.013176470588235295,0.009,165437,121919,173076.9230769231
0.00823529411764706,0.013176470588235295,0.012,168658,110949,173076.9230769231
0.00823529411764706,0.013176470588235295,0.015,161845,101823,173076.9230769231
0.00823529411764706,0.013529411764705884,0.006,164828,133541,170270.27027027027
0.00823529411764706,0.013529411764705884,0.009,162308,120471,170270.27027027027
0.00823529411764706,0.013529411764705884,0.012,161440,109831,170270.27027027027
0.00823529411764706,0.013529411764705884,0.015,164410,100794,170270.27027027027
0.00823529411764706,0.01388235294117647,0.006,160885,131809,167553.19148936172
0.00823529411764706,0.01388235294117647,0.009,160606,119157,167553.19148936172
0.00823529411764706,0.01388235294117647,0.012,156663,108565,167553.19148936172
0.00823529411764706,0.01388235294117647,0.015,159563,99850,167553.19148936172
0.00823529411764706,0.01423529411764706,0.006,159176,130125,164921.4659685864
0.00823529411764706,0.01423529411764706,0.009,161608,117816,164921.4659685864
0.00823529411764706,0.01423529411764706,0.012,161825,107485,164921.4659685864
0.00823529411764706,0.01423529411764706,0.015,160788,98865,164921.4659685864
0.00823529411764706,0.014588235294117648,0.006,159566,128536,162371.13402061854
0.00823529411764706,0.014588235294117648,0.009,160684,116498,162371.13402061854
0.00823529411764706,0.014588235294117648,0.012,159822,106422,162371.13402061854
0.00823529411764706,0.014588235294117648,0.015,159253,97993,162371.13402061854
0.00823529411764706,0.014941176470588236,0.006,153996,127090,159898.4771573604
0.00823529411764706,0.014941176470588236,0.009,157452,115211,159898.4771573604
0.00823529411764706,0.014941176470588236,0.012,155544,105412,159898.4771573604
0.00823529411764706,0.014941176470588236,0.015,148264,97063,159898.4771573604
0.00823529411764706,0.015294117647058824,0.006,150972,125563,157500.0
0.00823529411764706,0.015294117647058824,0.009,156116,113881,157500.0
0.00823529411764706,0.015294117647058824,0.012,154402,104357,157500.0
0.00823529411764706,0.015294117647058824,0.015,150612,96182,157500.0
0.00823529411764706,0.015647058823529413,0.006,150210,123971,155172.41379310342
0.00823529411764706,0.015647058823529413,0.009,148809,112745,155172.41379310342
0.00823529411764706,0.015647058823529413,0.012,153270,103319,155172.41379310342
0.00823529411764706,0.015647058823529413,0.015,151818,95280,155172.41379310342
0.00823529411764706,0.016,0.006,149640,122532,152912.6213592233
0.00823529411764706,0.016,0.009,151148,111459,152912.6213592233
0.00823529411764706,0.016,0.012,150552,102324,152912.6213592233
0.00823529411764706,0.016,0.015,150345,94407,152912.6213592233
0.008588235294117647,0.004,0.006,265089,208016,307009.34579439246
0.008588235294117647,0.004,0.009,255346,179118,307009.34579439246
0.008588235294117647,0.004,0.012,248982,157146,307009.34579439246
0.008588235294117647,0.004,0.015,243826,140153,307009.34579439246
0.008588235294117647,0.004352941176470588,0.006,261037,204123,298636.36363636365
0.008588235294117647,0.004352941176470588,0.009,252298,176245,298636.36363636365
0.008588235294117647,0.004352941176470588,0.012,245921,155038,298636.36363636365
0.008588235294117647,0.004352941176470588,0.015,241866,138401,298636.36363636365
0.008588235294117647,0.004705882352941177,0.006,257238,200347,290707.96460176987
0.008588235294117647,0.004705882352941177,0.009,248821,173345,290707.96460176987
0.008588235294117647,0.004705882352941177,0.012,243349,152795,290707.96460176987
0.008588235294117647,0.004705882352941177,0.015,239373,136563,290707.96460176987
0.008588235294117647,0.005058823529411765,0.006,253293,196749,283189.6551724138
0.008588235294117647,0.005058823529411765,0.009,245892,170666,283189.6551724138
0.008588235294117647,0.005058823529411765,0.012,240683,150737,283189.6551724138
0.008588235294117647,0.005058823529411765,0.015,236466,134961,283189.6551724138
0.008588235294117647,0.005411764705882353,0.006,249535,193249,276050.42016806727
0.008588235294117647,0.005411764705882353,0.009,243033,168116,276050.42016806727
0.008588235294117647,0.005411764705882353,0.012,237911,148736,276050.42016806727
0.008588235294117647,0.005411764705882353,0.015,234049,133334,276050.42016806727
0.008588235294117647,0.005764705882352941,0.006,245173,189889,269262.2950819672
0.008588235294117647,0.005764705882352941,0.009,239132,165573,269262.2950819672
0.008588235294117647,0.005764705882352941,0.012,235460,146733,269262.2950819672
0.008588235294117647,0.005764705882352941,0.015,232352,131733,269262.2950819672
0.008588235294117647,0.00611764705882353,0.006,242739,186611,262799.99999999994
0.008588235294117647,0.00611764705882353,0.009,237099,162986,262799.99999999994
0.008588235294117647,0.00611764705882353,0.012,233005,144795,262799.99999999994
0.008588235294117647,0.00611764705882353,0.015,229210,130169,262799.99999999994
0.008588235294117647,0.006470588235294118,0.006,239075,183593,256640.625
0.008588235294117647,0.006470588235294118,0.009,234898,160721,256640.625
0.008588235294117647,0.006470588235294118,0.012,234049,142898,256640.625
0.008588235294117647,0.006470588235294118,0.015,231356,128663,256640.625
0.008588235294117647,0.006823529411764706,0.006,237476,180594,250763.35877862596
0.008588235294117647,0.006823529411764706,0.009,232503,158343,250763.35877862596
0.008588235294117647,0.006823529411764706,0.012,232358,141052,250763.35877862596
0.008588235294117647,0.006823529411764706,0.015,225922,127091,250763.35877862596
0.008588235294117647,0.007176470588235295,0.006,233460,177649,245149.25373134325
0.008588235294117647,0.007176470588235295,0.009,231321,156149,245149.25373134325
0.008588235294117647,0.007176470588235295,0.012,226161,139144,245149.25373134325
0.008588235294117647,0.007176470588235295,0.015,224803,125703,245149.25373134325
0.008588235294117647,0.0075294117647058826,0.006,231220,174792,239781.02189781022
0.008588235294117647,0.0075294117647058826,0.009,225392,153948,239781.02189781022
0.008588235294117647,0.0075294117647058826,0.012,224775,137427,239781.02189781022
0.008588235294117647,0.0075294117647058826,0.015,223100,124258,239781.02189781022
0.008588235294117647,0.00788235294117647,0.006,227378,172069,234642.85714285713
0.008588235294117647,0.00788235294117647,0.009,224566,151807,234642.85714285713
0.008588235294117647,0.00788235294117647,0.012,221761,135746,234642.85714285713
0.008588235294117647,0.00788235294117647,0.015,220198,122839,234642.85714285713
0.008588235294117647,0.00823529411764706,0.006,223583,169420,229720.2797202797
0.008588235294117647,0.00823529411764706,0.009,222066,149751,229720.2797202797
0.008588235294117647,0.00823529411764706,0.012,219317,134134,229720.2797202797
0.008588235294117647,0.00823529411764706,0.015,219259,121447,229720.2797202797
0.008588235294117647,0.008588235294117647,0.006,220458,166804,225000.0
0.008588235294117647,0.008588235294117647,0.009,218959,147726,225000.0
0.008588235294117647,0.008588235294117647,0.012,217126,132542,225000.0
0.008588235294117647,0.008588235294117647,0.015,215063,120171,225000.0
0.008588235294117647,0.008941176470588235,0.006,214136,164340,220469.7986577181
0.008588235294117647,0.008941176470588235,0.009,213814,145754,220469.7986577181
0.008588235294117647,0.008941176470588235,0.012,211628,130942,220469.7986577181
0.008588235294117647,0.008941176470588235,0.015,211925,118863,220469.7986577181
0.008588235294117647,0.009294117647058824,0.006,205822,161782,216118.42105263157
0.008588235294117647,0.009294117647058824,0.009,204975,143794,216118.42105263157
0.008588235294117647,0.009294117647058824,0.012,206675,129398,216118.42105263157
0.008588235294117647,0.009294117647058824,0.015,202668,117617,216118.42105263157
0.008588235294117647,0.009647058823529411,0.006,200286,159550,211935.48387096776
0.008588235294117647,0.009647058823529411,0.009,203834,141939,211935.48387096776
0.008588235294117647,0.009647058823529411,0.012,202767,127772,211935.48387096776
0.008588235294117647,0.009647058823529411,0.015,200942,116340,211935.48387096776
0.008588235294117647,0.01,0.006,197947,157146,207911.3924050633
0.008588235294117647,0.01,0.009,201146,140153,207911.3924050633
0.008588235294117647,0.01,0.012,198641,126410,207911.3924050633
0.008588235294117647,0.01,0.015,195816,115120,207911.3924050633
0.008588235294117647,0.010352941176470589,0.006,197501,155038,204037.2670807453
0.008588235294117647,0.010352941176470589,0.009,192429,138401,204037.2670807453
0.008588235294117647,0.010352941176470589,0.012,191007,124961,204037.2670807453
0.008588235294117647,0.010352941176470589,0.015,194985,113822,204037.2670807453
0.008588235294117647,0.010705882352941176,0.006,192236,152795,200304.8780487805
0.008588235294117647,0.010705882352941176,0.009,190159,136563,200304.8780487805
0.008588235294117647,0.010705882352941176,0.012,189298,123535,200304.8780487805
0.008588235294117647,0.010705882352941176,0.015,187937,112714,200304.8780487805
0.008588235294117647,0.011058823529411765,0.006,185774,150737,196706.58682634734
0.008588235294117647,0.011058823529411765,0.009,185157,134961,196706.58682634734
0.008588235294117647,0.011058823529411765,0.012,186750,122181,196706.58682634734
0.008588235294117647,0.011058823529411765,0.015,186832,111600,196706.58682634734
0.008588235294117647,0.011411764705882354,0.006,187483,148736,193235.29411764705
0.008588235294117647,0.011411764705882354,0.009,185096,133334,193235.29411764705
0.008588235294117647,0.011411764705882354,0.012,185395,120833,193235.29411764705
0.008588235294117647,0.011411764705882354,0.015,185709,110475,193235.29411764705
0.008588235294117647,0.011764705882352941,0.006,180091,146733,189884.39306358382
0.008588235294117647,0.011764705882352941,0.009,180687,131733,189884.39306358382
0.008588235294117647,0.011764705882352941,0.012,181174,119490,189884.39306358382
0.008588235294117647,0.011764705882352941,0.015,179353,109369,189884.39306358382
0.008588235294117647,0.01211764705882353,0.006,183201,144795,186647.72727272724
0.008588235294117647,0.01211764705882353,0.009,175771,130169,186647.72727272724
0.008588235294117647,0.01211764705882353,0.012,177957,118227,186647.72727272724
0.008588235294117647,0.01211764705882353,0.015,174558,108314,186647.72727272724
0.008588235294117647,0.012470588235294119,0.006,176597,142898,183519.55307262568
0.008588235294117647,0.012470588235294119,0.009,181733,128663,183519.55307262568
0.008588235294117647,0.012470588235294119,0.012,175789,116962,183519.55307262568
0.008588235294117647,0.012470588235294119,0.015,178712,107228,183519.55307262568
0.008588235294117647,0.012823529411764706,0.006,173953,141052,180494.5054945055
0.008588235294117647,0.012823529411764706,0.009,177539,127091,180494.5054945055
0.008588235294117647,0.012823529411764706,0.012,175895,115724,180494.5054945055
0.008588235294117647,0.012823529411764706,0.015,173000,106188,180494.5054945055
0.008588235294117647,0.013176470588235295,0.006,170175,139144,177567.56756756757
0.008588235294117647,0.013176470588235295,0.009,175495,125703,177567.56756756757
0.008588235294117647,0.013176470588235295,0.012,172308,114505,177567.56756756757
0.008588235294117647,0.013176470588235295,0.015,168934,105128,177567.56756756757
0.008588235294117647,0.013529411764705884,0.006,166642,137427,174734.04255319148
0.008588235294117647,0.013529411764705884,0.009,164779,124258,174734.04255319148
0.008588235294117647,0.013529411764705884,0.012,170143,113256,174734.04255319148
0.008588235294117647,0.013529411764705884,0.015,167761,104075,174734.04255319148
0.008588235294117647,0.01388235294117647,0.006,165193,135746,171989.52879581152
0.008588235294117647,0.01388235294117647,0.009,170764,122839,171989.52879581152
0.008588235294117647,0.01388235294117647,0.012,166347,112167,171989.52879581152
0.008588235294117647,0.01388235294117647,0.015,167513,103096,171989.52879581152
0.008588235294117647,0.01423529411764706,0.006,168613,134134,169329.89690721646
0.008588235294117647,0.01423529411764706,0.009,166552,121447,169329.89690721646
0.008588235294117647,0.01423529411764706,0.012,166939,111031,169329.89690721646
0.008588235294117647,0.01423529411764706,0.015,162998,102186,169329.89690721646
0.008588235294117647,0.014588235294117648,0.006,165488,132542,166751.26903553298
0.008588235294117647,0.014588235294117648,0.009,164269,120171,166751.26903553298
0.008588235294117647,0.014588235294117648,0.012,159439,109823,166751.26903553298
0.008588235294117647,0.014588235294117648,0.015,165378,101248,166751.26903553298
0.008588235294117647,0.014941176470588236,0.006,159614,130942,164250.0
0.008588235294117647,0.014941176470588236,0.009,157757,118863,164250.0
0.008588235294117647,0.014941176470588236,0.012,158632,108841,164250.0
0.008588235294117647,0.014941176470588236,0.015,162014,100318,164250.0
0.008588235294117647,0.015294117647058824,0.006,154212,129398,161822.66009852214
0.008588235294117647,0.015294117647058824,0.009,159055,117617,161822.66009852214
0.008588235294117647,0.015294117647058824,0.012,159177,107747,161822.66009852214
0.008588235294117647,0.015294117647058824,0.015,156191,99348,161822.66009852214
0.008588235294117647,0.015647058823529413,0.006,153358,127772,159466.01941747573
0.008588235294117647,0.015647058823529413,0.009,156518,116340,159466.01941747573
0.008588235294117647,0.015647058823529413,0.012,158635,106705,159466.01941747573
0.008588235294117647,0.015647058823529413,0.015,157291,98454,159466.01941747573
0.008588235294117647,0.016,0.006,152360,126410,157177.03349282293
0.008588235294117647,0.016,0.009,155167,115120,157177.03349282293
0.008588235294117647,0.016,0.012,147965,105677,157177.03349282293
0.008588235294117647,0.016,0.015,151756,97588,157177.03349282293
0.008941176470588235,0.004,0.006,267700,212488,310909.0909090909
0.008941176470588235,0.004,0.009,258091,183430,310909.0909090909
0.008941176470588235,0.004,0.012,250910,161358,310909.0909090909
0.008941176470588235,0.004,0.015,246335,143999,310909.0909090909
0.008941176470588235,0.004352941176470588,0.006,263978,208588,302654.8672566372
0.008941176470588235,0.004352941176470588,0.009,255118,180546,302654.8672566372
0.008941176470588235,0.004352941176470588,0.012,248698,159146,302654.8672566372
0.008941176470588235,0.004352941176470588,0.015,244107,142221,302654.8672566372
0.008941176470588235,0.004705882352941177,0.006,260131,204854,294827.5862068965
0.008941176470588235,0.004705882352941177,0.009,251375,177753,294827.5862068965
0.008941176470588235,0.004705882352941177,0.012,245476,156968,294827.5862068965
0.008941176470588235,0.004705882352941177,0.015,240503,140408,294827.5862068965
0.008941176470588235,0.005058823529411765,0.006,256018,201145,287394.9579831933
0.008941176470588235,0.005058823529411765,0.009,248744,175028,287394.9579831933
0.008941176470588235,0.005058823529411765,0.012,242834,154801,287394.9579831933
0.008941176470588235,0.005058823529411765,0.015,238833,138776,287394.9579831933
0.008941176470588235,0.005411764705882353,0.006,252323,197785,280327.868852459
0.008941176470588235,0.005411764705882353,0.009,245809,172278,280327.868852459
0.008941176470588235,0.005411764705882353,0.012,240654,152658,280327.868852459
0.008941176470588235,0.005411764705882353,0.015,237162,137122,280327.868852459
0.008941176470588235,0.005764705882352941,0.006,248917,194395,273600.0
0.008941176470588235,0.005764705882352941,0.009,242332,169737,273600.0
0.008941176470588235,0.005764705882352941,0.012,237821,150717,273600.0
0.008941176470588235,0.005764705882352941,0.015,235484,135534,273600.0
0.008941176470588235,0.00611764705882353,0.006,245195,191214,267187.49999999994
0.008941176470588235,0.00611764705882353,0.009,239341,167219,267187.49999999994
0.008941176470588235,0.00611764705882353,0.012,235523,148681,267187.49999999994
0.008941176470588235,0.00611764705882353,0.015,231635,133941,267187.49999999994
0.008941176470588235,0.006470588235294118,0.006,242169,187980,261068.70229007633
0.008941176470588235,0.006470588235294118,0.009,238150,164911,261068.70229007633
0.008941176470588235,0.006470588235294118,0.012,232490,146818,261068.70229007633
0.008941176470588235,0.006470588235294118,0.015,229265,132360,261068.70229007633
0.008941176470588235,0.006823529411764706,0.006,238970,184941,255223.88059701497
0.008941176470588235,0.006823529411764706,0.009,234549,162428,255223.88059701497
0.008941176470588235,0.006823529411764706,0.012,230682,144915,255223.88059701497
0.008941176470588235,0.006823529411764706,0.015,226654,130843,255223.88059701497
0.008941176470588235,0.007176470588235295,0.006,236100,181923,249635.0364963504
0.008941176470588235,0.007176470588235295,0.009,231314,160163,249635.0364963504
0.008941176470588235,0.007176470588235295,0.012,227680,143104,249635.0364963504
0.008941176470588235,0.007176470588235295,0.015,225378,129384,249635.0364963504
0.008941176470588235,0.0075294117647058826,0.006,233286,179159,244285.71428571432
0.008941176470588235,0.0075294117647058826,0.009,228541,158051,244285.71428571432
0.008941176470588235,0.0075294117647058826,0.012,227914,141395,244285.71428571432
0.008941176470588235,0.0075294117647058826,0.015,226316,127857,244285.71428571432
0.008941176470588235,0.00788235294117647,0.006,230683,176316,239160.83916083915
0.008941176470588235,0.00788235294117647,0.009,227756,155883,239160.83916083915
0.008941176470588235,0.00788235294117647,0.012,226029,139660,239160.83916083915
0.008941176470588235,0.00788235294117647,0.015,223320,126442,239160.83916083915
0.008941176470588235,0.00823529411764706,0.006,226364,173574,234246.57534246577
0.008941176470588235,0.00823529411764706,0.009,224911,153781,234246.57534246577
0.008941176470588235,0.00823529411764706,0.012,222727,137974,234246.57534246577
0.008941176470588235,0.00823529411764706,0.015,221699,125116,234246.57534246577
0.008941176470588235,0.008588235294117647,0.006,223457,171057,229530.20134228186
0.008941176470588235,0.008588235294117647,0.009,221005,151742,229530.20134228186
0.008941176470588235,0.008588235294117647,0.012,220694,136323,229530.20134228186
0.008941176470588235,0.008588235294117647,0.015,219507,123751,229530.20134228186
0.008941176470588235,0.008941176470588235,0.006,219394,168521,225000.0
0.008941176470588235,0.008941176470588235,0.009,218933,149723,225000.0
0.008941176470588235,0.008941176470588235,0.012,215977,134660,225000.0
0.008941176470588235,0.008941176470588235,0.015,216154,122396,225000.0
0.008941176470588235,0.009294117647058824,0.006,214533,166100,220645.16129032258
0.008941176470588235,0.009294117647058824,0.009,213023,147719,220645.16129032258
0.008941176470588235,0.009294117647058824,0.012,213041,133138,220645.16129032258
0.008941176470588235,0.009294117647058824,0.015,211985,121119,220645.16129032258
0.008941176470588235,0.009647058823529411,0.006,206916,163674,216455.69620253166
0.008941176470588235,0.009647058823529411,0.009,207993,145918,216455.69620253166
0.008941176470588235,0.009647058823529411,0.012,207194,131510,216455.69620253166
0.008941176470588235,0.009647058823529411,0.015,205143,119752,216455.69620253166
0.008941176470588235,0.01,0.006,206714,161358,212422.36024844722
0.008941176470588235,0.01,0.009,204185,143999,212422.36024844722
0.008941176470588235,0.01,0.012,203771,130021,212422.36024844722
0.008941176470588235,0.01,0.015,203493,118603,212422.36024844722
0.008941176470588235,0.010352941176470589,0.006,200695,159146,208536.58536585368
0.008941176470588235,0.010352941176470589,0.009,200766,142221,208536.58536585368
0.008941176470588235,0.010352941176470589,0.012,196080,128614,208536.58536585368
0.008941176470588235,0.010352941176470589,0.015,199147,117393,208536.58536585368
0.008941176470588235,0.010705882352941176,0.006,199779,156968,204790.41916167666
0.008941176470588235,0.010705882352941176,0.009,196522,140408,204790.41916167666
0.008941176470588235,0.010705882352941176,0.012,196439,127200,204790.41916167666
0.008941176470588235,0.010705882352941176,0.015,196979,116176,204790.41916167666
0.008941176470588235,0.011058823529411765,0.006,192165,154801,201176.4705882353
0.008941176470588235,0.011058823529411765,0.009,193559,138776,201176.4705882353
0.008941176470588235,0.011058823529411765,0.012,190278,125796,201176.4705882353
0.008941176470588235,0.011058823529411765,0.015,188770,114929,201176.4705882353
0.008941176470588235,0.011411764705882354,0.006,191941,152658,197687.86127167632
0.008941176470588235,0.011411764705882354,0.009,188880,137122,197687.86127167632
0.008941176470588235,0.011411764705882354,0.012,191711,124423,197687.86127167632
0.008941176470588235,0.011411764705882354,0.015,184380,113784,197687.86127167632
0.008941176470588235,0.011764705882352941,0.006,186574,150717,194318.18181818182
0.008941176470588235,0.011764705882352941,0.009,187273,135534,194318.18181818182
0.008941176470588235,0.011764705882352941,0.012,187403,122995,194318.18181818182
0.008941176470588235,0.011764705882352941,0.015,182941,112647,194318.18181818182
0.008941176470588235,0.01211764705882353,0.006,183225,148681,191061.45251396645
0.008941176470588235,0.01211764705882353,0.009,183076,133941,191061.45251396645
0.008941176470588235,0.01211764705882353,0.012,182985,121767,191061.45251396645
0.008941176470588235,0.01211764705882353,0.015,183044,111555,191061.45251396645
0.008941176470588235,0.012470588235294119,0.006,180528,146818,187912.0879120879
0.008941176470588235,0.012470588235294119,0.009,179902,132360,187912.0879120879
0.008941176470588235,0.012470588235294119,0.012,176125,120492,187912.0879120879
0.008941176470588235,0.012470588235294119,0.015,178304,110553,187912.0879120879
0.008941176470588235,0.012823529411764706,0.006,183008,144915,184864.86486486488
0.008941176470588235,0.012823529411764706,0.009,175008,130843,184864.86486486488
0.008941176470588235,0.012823529411764706,0.012,176210,119177,184864.86486486488
0.008941176470588235,0.012823529411764706,0.015,182291,109491,184864.86486486488
0.008941176470588235,0.013176470588235295,0.006,178914,143104,181914.8936170213
0.008941176470588235,0.013176470588235295,0.009,176219,129384,181914.8936170213
0.008941176470588235,0.013176470588235295,0.012,178882,117881,181914.8936170213
0.008941176470588235,0.013176470588235295,0.015,174398,108471,181914.8936170213
0.008941176470588235,0.013529411764705884,0.006,175328,141395,179057.59162303666
0.008941176470588235,0.013529411764705884,0.009,169888,127857,179057.59162303666
0.008941176470588235,0.013529411764705884,0.012,176023,116797,179057.59162303666
0.008941176470588235,0.013529411764705884,0.015,172272,107394,179057.59162303666
0.008941176470588235,0.01388235294117647,0.006,169660,139660,176288.65979381447
0.008941176470588235,0.01388235294117647,0.009,164823,126442,176288.65979381447
0.008941176470588235,0.01388235294117647,0.012,171197,115615,176288.65979381447
0.008941176470588235,0.01388235294117647,0.015,171505,106424,176288.65979381447
0.008941176470588235,0.01423529411764706,0.006,169074,137974,173604.06091370562
0.008941176470588235,0.01423529411764706,0.009,165509,125116,173604.06091370562
0.008941176470588235,0.01423529411764706,0.012,165609,114337,173604.06091370562
0.008941176470588235,0.01423529411764706,0.015,171739,105459,173604.06091370562
0.008941176470588235,0.014588235294117648,0.006,166863,136323,171000.00000000003
0.008941176470588235,0.014588235294117648,0.009,164822,123751,171000.00000000003
0.008941176470588235,0.014588235294117648,0.012,167780,113309,171000.00000000003
0.008941176470588235,0.014588235294117648,0.015,166665,104483,171000.00000000003
0.008941176470588235,0.014941176470588236,0.006,162891,134660,168472.90640394093
0.008941176470588235,0.014941176470588236,0.009,160757,122396,168472.90640394093
0.008941176470588235,0.014941176470588236,0.012,164397,112088,168472.90640394093
0.008941176470588235,0.014941176470588236,0.015,160244,103535,168472.90640394093
0.008941176470588235,0.015294117647058824,0.006,162664,133138,166019.41747572814
0.008941176470588235,0.015294117647058824,0.009,163777,121119,166019.41747572814
0.008941176470588235,0.015294117647058824,0.012,161281,111116,166019.41747572814
0.008941176470588235,0.015294117647058824,0.015,160727,102561,166019.41747572814
0.008941176470588235,0.015647058823529413,0.006,161308,131510,163636.36363636362
0.008941176470588235,0.015647058823529413,0.009,157415,119752,163636.36363636362
0.008941176470588235,0.015647058823529413,0.012,162075,110038,163636.36363636362
0.008941176470588235,0.015647058823529413,0.015,158790,101591,163636.36363636362
0.008941176470588235,0.016,0.006,158881,130021,161320.75471698114
0.008941176470588235,0.016,0.009,157780,118603,161320.75471698114
0.008941176470588235,0.016,0.012,159696,108948,161320.75471698114
0.008941176470588235,0.016,0.015,158329,100695,161320.75471698114
0.009294117647058824,0.004,0.006,270626,216775,314601.7699115044
0.009294117647058824,0.004,0.009,260437,187643,314601.7699115044
0.009294117647058824,0.004,0.012,252962,165428,314601.7699115044
0.009294117647058824,0.004,0.015,248009,147891,314601.7699115044
0.009294117647058824,0.004352941176470588,0.006,266759,212937,306465.5172413793
0.009294117647058824,0.004352941176470588,0.009,256784,184720,306465.5172413793
0.009294117647058824,0.004352941176470588,0.012,250643,163129,306465.5172413793
0.009294117647058824,0.004352941176470588,0.015,245843,146038,306465.5172413793
0.009294117647058824,0.004705882352941177,0.006,262821,209122,298739.4957983193
0.009294117647058824,0.004705882352941177,0.009,254036,181822,298739.4957983193
0.009294117647058824,0.004705882352941177,0.012,247705,160944,298739.4957983193
0.009294117647058824,0.004705882352941177,0.015,243331,144178,298739.4957983193
0.009294117647058824,0.005058823529411765,0.006,259173,205557,291393.4426229508
0.009294117647058824,0.005058823529411765,0.009,250990,179130,291393.4426229508
0.009294117647058824,0.005058823529411765,0.012,245659,158775,291393.4426229508
0.009294117647058824,0.005058823529411765,0.015,240229,142446,291393.4426229508
0.009294117647058824,0.005411764705882353,0.006,255402,202115,284400.0
0.009294117647058824,0.005411764705882353,0.009,247963,176473,284400.0
0.009294117647058824,0.005411764705882353,0.012,242782,156686,284400.0
0.009294117647058824,0.005411764705882353,0.015,238577,140852,284400.0
0.009294117647058824,0.005764705882352941,0.006,252111,198603,277734.375
0.009294117647058824,0.005764705882352941,0.009,245371,173827,277734.375
0.009294117647058824,0.005764705882352941,0.012,240081,154597,277734.375
0.009294117647058824,0.005764705882352941,0.015,237011,139108,277734.375
0.009294117647058824,0.00611764705882353,0.006,248118,195421,271374.0458015267
0.009294117647058824,0.00611764705882353,0.009,241536,171417,271374.0458015267
0.009294117647058824,0.00611764705882353,0.012,237535,152652,271374.0458015267
0.009294117647058824,0.00611764705882353,0.015,233829,137594,271374.0458015267
0.009294117647058824,0.006470588235294118,0.006,245363,192259,265298.50746268657
0.009294117647058824,0.006470588235294118,0.009,239351,168855,265298.50746268657
0.009294117647058824,0.006470588235294118,0.012,235158,150702,265298.50746268657
0.009294117647058824,0.006470588235294118,0.015,231987,135999,265298.50746268657
0.009294117647058824,0.006823529411764706,0.006,241886,189179,259489.0510948905
0.009294117647058824,0.006823529411764706,0.009,237072,166561,259489.0510948905
0.009294117647058824,0.006823529411764706,0.012,231517,148730,259489.0510948905
0.009294117647058824,0.006823529411764706,0.015,230356,134462,259489.0510948905
0.009294117647058824,0.007176470588235295,0.006,239123,186204,253928.57142857142
0.009294117647058824,0.007176470588235295,0.009,235415,164199,253928.57142857142
0.009294117647058824,0.007176470588235295,0.012,233986,146981,253928.57142857142
0.009294117647058824,0.007176470588235295,0.015,228151,132923,253928.57142857142
0.009294117647058824,0.0075294117647058826,0.006,236586,183371,248601.39860139857
0.009294117647058824,0.0075294117647058826,0.009,233310,162037,248601.39860139857
0.009294117647058824,0.0075294117647058826,0.012,230184,145074,248601.39860139857
0.009294117647058824,0.0075294117647058826,0.015,226504,131396,248601.39860139857
0.009294117647058824,0.00788235294117647,0.006,234047,180517,243493.15068493152
0.009294117647058824,0.00788235294117647,0.009,229420,159860,243493.15068493152
0.009294117647058824,0.00788235294117647,0.012,228633,143338,243493.15068493152
0.009294117647058824,0.00788235294117647,0.015,225700,130032,243493.15068493152
0.009294117647058824,0.00823529411764706,0.006,230615,177804,238590.6040268456
0.009294117647058824,0.00823529411764706,0.009,227120,157728,238590.6040268456
0.009294117647058824,0.00823529411764706,0.012,226204,141602,238590.6040268456
0.009294117647058824,0.00823529411764706,0.015,224757,128651,238590.6040268456
0.009294117647058824,0.008588235294117647,0.006,227331,175169,233881.57894736843
0.009294117647058824,0.008588235294117647,0.009,224939,155658,233881.57894736843
0.009294117647058824,0.008588235294117647,0.012,222283,139938,233881.57894736843
0.009294117647058824,0.008588235294117647,0.015,222025,127252,233881.57894736843
0.009294117647058824,0.008941176470588235,0.006,224165,172637,229354.83870967742
0.009294117647058824,0.008941176470588235,0.009,221005,153565,229354.83870967742
0.009294117647058824,0.008941176470588235,0.012,220586,138380,229354.83870967742
0.009294117647058824,0.008941176470588235,0.015,219778,125820,229354.83870967742
0.009294117647058824,0.009294117647058824,0.006,220862,170188,225000.0
0.009294117647058824,0.009294117647058824,0.009,217301,151657,225000.0
0.009294117647058824,0.009294117647058824,0.012,218181,136721,225000.0
0.009294117647058824,0.009294117647058824,0.015,214588,124578,225000.0
0.009294117647058824,0.009647058823529411,0.006,215225,167708,220807.45341614907
0.009294117647058824,0.009647058823529411,0.009,213912,149734,220807.45341614907
0.009294117647058824,0.009647058823529411,0.012,211276,135229,220807.45341614907
0.009294117647058824,0.009647058823529411,0.015,211702,123239,220807.45341614907
0.009294117647058824,0.01,0.006,211453,165428,216768.2926829268
0.009294117647058824,0.01,0.009,209115,147891,216768.2926829268
0.009294117647058824,0.01,0.012,209029,133723,216768.2926829268
0.009294117647058824,0.01,0.015,208451,121952,216768.2926829268
0.009294117647058824,0.010352941176470589,0.006,203645,163129,212874.251497006
0.009294117647058824,0.010352941176470589,0.009,206534,146038,212874.251497006
0.009294117647058824,0.010352941176470589,0.012,204572,132112,212874.251497006
0.009294117647058824,0.010352941176470589,0.015,203419,120767,212874.251497006
0.009294117647058824,0.010705882352941176,0.006,199819,160944,209117.64705882352
0.009294117647058824,0.010705882352941176,0.009,199444,144178,209117.64705882352
0.009294117647058824,0.010705882352941176,0.012,196667,130721,209117.64705882352
0.009294117647058824,0.010705882352941176,0.015,201157,119558,209117.64705882352
0.009294117647058824,0.011058823529411765,0.006,195933,158775,205491.32947976878
0.009294117647058824,0.011058823529411765,0.009,196508,142446,205491.32947976878
0.009294117647058824,0.011058823529411765,0.012,197095,129337,205491.32947976878
0.009294117647058824,0.011058823529411765,0.015,195870,118356,205491.32947976878
0.009294117647058824,0.011411764705882354,0.006,191154,156686,201988.63636363635
0.009294117647058824,0.011411764705882354,0.009,194060,140852,201988.63636363635
0.009294117647058824,0.011411764705882354,0.012,194155,127935,201988.63636363635
0.009294117647058824,0.011411764705882354,0.015,189880,117195,201988.63636363635
0.009294117647058824,0.011764705882352941,0.006,188481,154597,198603.35195530724
0.009294117647058824,0.011764705882352941,0.009,192502,139108,198603.35195530724
0.009294117647058824,0.011764705882352941,0.012,187675,126489,198603.35195530724
0.009294117647058824,0.011764705882352941,0.015,186417,116040,198603.35195530724
0.009294117647058824,0.01211764705882353,0.006,186988,152652,195329.6703296703
0.009294117647058824,0.01211764705882353,0.009,187049,137594,195329.6703296703
0.009294117647058824,0.01211764705882353,0.012,185215,125232,195329.6703296703
0.009294117647058824,0.01211764705882353,0.015,184102,114941,195329.6703296703
0.009294117647058824,0.012470588235294119,0.006,187699,150702,192162.16216216216
0.009294117647058824,0.012470588235294119,0.009,181370,135999,192162.16216216216
0.009294117647058824,0.012470588235294119,0.012,184552,123928,192162.16216216216
0.009294117647058824,0.012470588235294119,0.015,184997,113825,192162.16216216216
0.009294117647058824,0.012823529411764706,0.006,185628,148730,189095.74468085103
0.009294117647058824,0.012823529411764706,0.009,183651,134462,189095.74468085103
0.009294117647058824,0.012823529411764706,0.012,180796,122544,189095.74468085103
0.009294117647058824,0.012823529411764706,0.015,178632,112721,189095.74468085103
0.009294117647058824,0.013176470588235295,0.006,177321,146981,186125.6544502618
0.009294117647058824,0.013176470588235295,0.009,180429,132923,186125.6544502618
0.009294117647058824,0.013176470588235295,0.012,176714,121295,186125.6544502618
0.009294117647058824,0.013176470588235295,0.015,180554,111676,186125.6544502618
0.009294117647058824,0.013529411764705884,0.006,179220,145074,183247.42268041236
0.009294117647058824,0.013529411764705884,0.009,177681,131396,183247.42268041236
0.009294117647058824,0.013529411764705884,0.012,177336,120155,183247.42268041236
0.009294117647058824,0.013529411764705884,0.015,175378,110623,183247.42268041236
0.009294117647058824,0.01388235294117647,0.006,178430,143338,180456.85279187816
0.009294117647058824,0.01388235294117647,0.009,172214,130032,180456.85279187816
0.009294117647058824,0.01388235294117647,0.012,176869,118877,180456.85279187816
0.009294117647058824,0.01388235294117647,0.015,174159,109623,180456.85279187816
0.009294117647058824,0.01423529411764706,0.006,173984,141602,177749.99999999997
0.009294117647058824,0.01423529411764706,0.009,171303,128651,177749.99999999997
0.009294117647058824,0.01423529411764706,0.012,176366,117795,177749.99999999997
0.009294117647058824,0.01423529411764706,0.015,174146,108617,177749.99999999997
0.009294117647058824,0.014588235294117648,0.006,168473,139938,175123.15270935957
0.009294117647058824,0.014588235294117648,0.009,169542,127252,175123.15270935957
0.009294117647058824,0.014588235294117648,0.012,171890,116622,175123.15270935957
0.009294117647058824,0.014588235294117648,0.015,171382,107616,175123.15270935957
0.009294117647058824,0.014941176470588236,0.006,164704,138380,172572.81553398055
0.009294117647058824,0.014941176470588236,0.009,166934,125820,172572.81553398055
0.009294117647058824,0.014941176470588236,0.012,168675,115479,172572.81553398055
0.009294117647058824,0.014941176470588236,0.015,166320,106666,172572.81553398055
0.009294117647058824,0.015294117647058824,0.006,167572,136721,170095.6937799043
0.009294117647058824,0.015294117647058824,0.009,162023,124578,170095.6937799043
0.009294117647058824,0.015294117647058824,0.012,168015,114353,170095.6937799043
0.009294117647058824,0.015294117647058824,0.015,167473,105664,170095.6937799043
0.009294117647058824,0.015647058823529413,0.006,166418,135229,167688.679245283
0.009294117647058824,0.015647058823529413,0.009,159976,123239,167688.679245283
0.009294117647058824,0.015647058823529413,0.012,157288,113224,167688.679245283
0.009294117647058824,0.015647058823529413,0.015,163854,104730,167688.679245283
0.009294117647058824,0.016,0.006,161517,133723,165348.83720930232
0.009294117647058824,0.016,0.009,163117,121952,165348.83720930232
0.009294117647058824,0.016,0.012,163630,112199,165348.83720930232
0.009294117647058824,0.016,0.015,161859,103828,165348.83720930232
0.009647058823529411,0.004,0.006,272880,220939,318103.4482758621
0.009647058823529411,0.004,0.009,262750,191769,318103.4482758621
0.009647058823529411,0.004,0.012,255358,169250,318103.4482758621
0.009647058823529411,0.004,0.015,250052,151615,318103.4482758621
0.009647058823529411,0.004352941176470588,0.006,269462,217113,310084.03361344535
0.009647058823529411,0.004352941176470588,0.009,259212,188837,310084.03361344535
0.009647058823529411,0.004352941176470588,0.012,252157,166964,310084.03361344535
0.009647058823529411,0.004352941176470588,0.015,247597,149764,310084.03361344535
0.009647058823529411,0.004705882352941177,0.006,265629,213379,302459.01639344264
0.009647058823529411,0.004705882352941177,0.009,256837,185960,302459.01639344264
0.009647058823529411,0.004705882352941177,0.012,249690,164699,302459.01639344264
0.009647058823529411,0.004705882352941177,0.015,244759,147958,302459.01639344264
0.009647058823529411,0.005058823529411765,0.006,261707,209764,295200.0
0.009647058823529411,0.005058823529411765,0.009,253029,183109,295200.0
0.009647058823529411,0.005058823529411765,0.012,246988,162613,295200.0
0.009647058823529411,0.005058823529411765,0.015,242016,146103,295200.0
0.009647058823529411,0.005411764705882353,0.006,258162,206208,288281.25
0.009647058823529411,0.005411764705882353,0.009,250480,180525,288281.25
0.009647058823529411,0.005411764705882353,0.012,244853,160487,288281.25
0.009647058823529411,0.005411764705882353,0.015,240580,144403,288281.25
0.009647058823529411,0.005764705882352941,0.006,254447,202834,281679.3893129771
0.009647058823529411,0.005764705882352941,0.009,247301,177919,281679.3893129771
0.009647058823529411,0.005764705882352941,0.012,242427,158365,281679.3893129771
0.009647058823529411,0.005764705882352941,0.015,238386,142822,281679.3893129771
0.009647058823529411,0.00611764705882353,0.006,251395,199511,275373.13432835817
0.009647058823529411,0.00611764705882353,0.009,245186,175357,275373.13432835817
0.009647058823529411,0.00611764705882353,0.012,239666,156427,275373.13432835817
0.009647058823529411,0.00611764705882353,0.015,236796,141092,275373.13432835817
0.009647058823529411,0.006470588235294118,0.006,247776,196345,269343.06569343066
0.009647058823529411,0.006470588235294118,0.009,241246,172915,269343.06569343066
0.009647058823529411,0.006470588235294118,0.012,237643,154465,269343.06569343066
0.009647058823529411,0.006470588235294118,0.015,234497,139560,269343.06569343066
0.009647058823529411,0.006823529411764706,0.006,244307,193292,263571.4285714286
0.009647058823529411,0.006823529411764706,0.009,239275,170498,263571.4285714286
0.009647058823529411,0.006823529411764706,0.012,235076,152550,263571.4285714286
0.009647058823529411,0.006823529411764706,0.015,231052,137924,263571.4285714286
0.009647058823529411,0.007176470588235295,0.006,240077,190253,258041.95804195805
0.009647058823529411,0.007176470588235295,0.009,236831,168169,258041.95804195805
0.009647058823529411,0.007176470588235295,0.012,231916,150583,258041.95804195805
0.009647058823529411,0.007176470588235295,0.015,229676,136390,258041.95804195805
0.009647058823529411,0.0075294117647058826,0.006,238470,187354,252739.72602739724
0.009647058823529411,0.0075294117647058826,0.009,236207,165832,252739.72602739724
0.009647058823529411,0.0075294117647058826,0.012,234295,148824,252739.72602739724
0.009647058823529411,0.0075294117647058826,0.015,227899,134981,252739.72602739724
0.009647058823529411,0.00788235294117647,0.006,235149,184587,247651.0067114094
0.009647058823529411,0.00788235294117647,0.009,233173,163650,247651.0067114094
0.009647058823529411,0.00788235294117647,0.012,228303,147047,247651.0067114094
0.009647058823529411,0.00788235294117647,0.015,229495,133516,247651.0067114094
0.009647058823529411,0.00823529411764706,0.006,234119,181861,242763.1578947368
0.009647058823529411,0.00823529411764706,0.009,229851,161537,242763.1578947368
0.009647058823529411,0.00823529411764706,0.012,226665,145355,242763.1578947368
0.009647058823529411,0.00823529411764706,0.015,223980,132026,242763.1578947368
0.009647058823529411,0.008588235294117647,0.006,230505,179174,238064.51612903227
0.009647058823529411,0.008588235294117647,0.009,227173,159467,238064.51612903227
0.009647058823529411,0.008588235294117647,0.012,223984,143594,238064.51612903227
0.009647058823529411,0.008588235294117647,0.015,224162,130689,238064.51612903227
0.009647058823529411,0.008941176470588235,0.006,225567,176531,233544.30379746834
0.009647058823529411,0.008941176470588235,0.009,224235,157381,233544.30379746834
0.009647058823529411,0.008941176470588235,0.012,222728,141982,233544.30379746834
0.009647058823529411,0.008941176470588235,0.015,220514,129240,233544.30379746834
0.009647058823529411,0.009294117647058824,0.006,223065,174090,229192.54658385093
0.009647058823529411,0.009294117647058824,0.009,222367,155430,229192.54658385093
0.009647058823529411,0.009294117647058824,0.012,221023,140368,229192.54658385093
0.009647058823529411,0.009294117647058824,0.015,218658,127960,229192.54658385093
0.009647058823529411,0.009647058823529411,0.006,220371,171684,225000.0
0.009647058823529411,0.009647058823529411,0.009,216927,153426,225000.0
0.009647058823529411,0.009647058823529411,0.012,217713,138691,225000.0
0.009647058823529411,0.009647058823529411,0.015,217692,126626,225000.0
0.009647058823529411,0.01,0.006,215756,169250,220958.0838323353
0.009647058823529411,0.01,0.009,212377,151615,220958.0838323353
0.009647058823529411,0.01,0.012,212380,137257,220958.0838323353
0.009647058823529411,0.01,0.015,211149,125282,220958.0838323353
0.009647058823529411,0.010352941176470589,0.006,212008,166964,217058.82352941172
0.009647058823529411,0.010352941176470589,0.009,209898,149764,217058.82352941172
0.009647058823529411,0.010352941176470589,0.012,209187,135717,217058.82352941172
0.009647058823529411,0.010352941176470589,0.015,206647,124055,217058.82352941172
0.009647058823529411,0.010705882352941176,0.006,205576,164699,213294.79768786122
0.009647058823529411,0.010705882352941176,0.009,204588,147958,213294.79768786122
0.009647058823529411,0.010705882352941176,0.012,202390,134239,213294.79768786122
0.009647058823529411,0.010705882352941176,0.015,203321,122848,213294.79768786122
0.009647058823529411,0.011058823529411765,0.006,205777,162613,209659.0909090909
0.009647058823529411,0.011058823529411765,0.009,201037,146103,209659.0909090909
0.009647058823529411,0.011058823529411765,0.012,199025,132818,209659.0909090909
0.009647058823529411,0.011058823529411765,0.015,202049,121636,209659.0909090909
0.009647058823529411,0.011411764705882354,0.006,199553,160487,206145.25139664803
0.009647058823529411,0.011411764705882354,0.009,195572,144403,206145.25139664803
0.009647058823529411,0.011411764705882354,0.012,195761,131379,206145.25139664803
0.009647058823529411,0.011411764705882354,0.015,197174,120445,206145.25139664803
0.009647058823529411,0.011764705882352941,0.006,197904,158365,202747.25274725273
0.009647058823529411,0.011764705882352941,0.009,196050,142822,202747.25274725273
0.009647058823529411,0.011764705882352941,0.012,195351,129940,202747.25274725273
0.009647058823529411,0.011764705882352941,0.015,190270,119207,202747.25274725273
0.009647058823529411,0.01211764705882353,0.006,192885,156427,199459.4594594594
0.009647058823529411,0.01211764705882353,0.009,189175,141092,199459.4594594594
0.009647058823529411,0.01211764705882353,0.012,188711,128627,199459.4594594594
0.009647058823529411,0.01211764705882353,0.015,193908,118134,199459.4594594594
0.009647058823529411,0.012470588235294119,0.006,189515,154465,196276.59574468082
0.009647058823529411,0.012470588235294119,0.009,186434,139560,196276.59574468082
0.009647058823529411,0.012470588235294119,0.012,185033,127298,196276.59574468082
0.009647058823529411,0.012470588235294119,0.015,186145,117003,196276.59574468082
0.009647058823529411,0.012823529411764706,0.006,184709,152550,193193.7172774869
0.009647058823529411,0.012823529411764706,0.009,188391,137924,193193.7172774869
0.009647058823529411,0.012823529411764706,0.012,186035,125899,193193.7172774869
0.009647058823529411,0.012823529411764706,0.015,184131,115890,193193.7172774869
0.009647058823529411,0.013176470588235295,0.006,183721,150583,190206.1855670103
0.009647058823529411,0.013176470588235295,0.009,182658,136390,190206.1855670103
0.009647058823529411,0.013176470588235295,0.012,182047,124711,190206.1855670103
0.009647058823529411,0.013176470588235295,0.015,181093,114839,190206.1855670103
0.009647058823529411,0.013529411764705884,0.006,180241,148824,187309.64467005077
0.009647058823529411,0.013529411764705884,0.009,177053,134981,187309.64467005077
0.009647058823529411,0.013529411764705884,0.012,180395,123467,187309.64467005077
0.009647058823529411,0.013529411764705884,0.015,181593,113671,187309.64467005077
0.009647058823529411,0.01388235294117647,0.006,180159,147047,184500.0
0.009647058823529411,0.01388235294117647,0.009,175047,133516,184500.0
0.009647058823529411,0.01388235294117647,0.012,176512,122167,184500.0
0.009647058823529411,0.01388235294117647,0.015,177668,112672,184500.0
0.009647058823529411,0.01423529411764706,0.006,173392,145355,181773.3990147783
0.009647058823529411,0.01423529411764706,0.009,171266,132026,181773.3990147783
0.009647058823529411,0.01423529411764706,0.012,172223,121038,181773.3990147783
0.009647058823529411,0.01423529411764706,0.015,177094,111677,181773.3990147783
0.009647058823529411,0.014588235294117648,0.006,171371,143594,179126.21359223296
0.009647058823529411,0.014588235294117648,0.009,174449,130689,179126.21359223296
0.009647058823529411,0.014588235294117648,0.012,174161,119854,179126.21359223296
0.009647058823529411,0.014588235294117648,0.015,174949,110607,179126.21359223296
0.009647058823529411,0.014941176470588236,0.006,169666,141982,176555.02392344497
0.009647058823529411,0.014941176470588236,0.009,168754,129240,176555.02392344497
0.009647058823529411,0.014941176470588236,0.012,172010,118691,176555.02392344497
0.009647058823529411,0.014941176470588236,0.015,167163,109623,176555.02392344497
0.009647058823529411,0.015294117647058824,0.006,166121,140368,174056.6037735849
0.009647058823529411,0.015294117647058824,0.009,167469,127960,174056.6037735849
0.009647058823529411,0.015294117647058824,0.012,168853,117478,174056.6037735849
0.009647058823529411,0.015294117647058824,0.015,168210,108726,174056.6037735849
0.009647058823529411,0.015647058823529413,0.006,167203,138691,171627.90697674418
0.009647058823529411,0.015647058823529413,0.009,161488,126626,171627.90697674418
0.009647058823529411,0.015647058823529413,0.012,162470,116469,171627.90697674418
0.009647058823529411,0.015647058823529413,0.015,162999,107782,171627.90697674418
0.009647058823529411,0.016,0.006,167053,137257,169266.05504587156
0.009647058823529411,0.016,0.009,165683,125282,169266.05504587156
0.009647058823529411,0.016,0.012,163043,115289,169266.05504587156
0.009647058823529411,0.016,0.015,166738,106848,169266.05504587156
0.01,0.004,0.006,275490,224995,321428.57142857136
0.01,0.004,0.009,264878,195745,321428.57142857136
0.01,0.004,0.012,257207,173158,321428.57142857136
0.01,0.004,0.015,251852,155243,321428.57142857136
0.01,0.004352941176470588,0.006,271766,221159,313524.5901639344
0.01,0.004352941176470588,0.009,261695,192770,313524.5901639344
0.01,0.004352941176470588,0.012,255003,170837,313524.5901639344
0.01,0.004352941176470588,0.015,249256,153389,313524.5901639344
0.01,0.004705882352941177,0.006,268305,217436,305999.99999999994
0.01,0.004705882352941177,0.009,258756,189870,305999.99999999994
0.01,0.004705882352941177,0.012,251620,168570,305999.99999999994
0.01,0.004705882352941177,0.015,246652,151460,305999.99999999994
0.01,0.005058823529411765,0.006,264276,213685,298828.12499999994
0.01,0.005058823529411765,0.009,255750,187019,298828.12499999994
0.01,0.005058823529411765,0.012,249493,166283,298828.12499999994
0.01,0.005058823529411765,0.015,244603,149749,298828.12499999994
0.01,0.005411764705882353,0.006,260820,210240,291984.7328244275
0.01,0.005411764705882353,0.009,252930,184387,291984.7328244275
0.01,0.005411764705882353,0.012,246862,164159,291984.7328244275
0.01,0.005411764705882353,0.015,242055,148053,291984.7328244275
0.01,0.005764705882352941,0.006,256991,206745,285447.7611940298
0.01,0.005764705882352941,0.009,250190,181774,285447.7611940298
0.01,0.005764705882352941,0.012,244472,162080,285447.7611940298
0.01,0.005764705882352941,0.015,240694,146324,285447.7611940298
0.01,0.00611764705882353,0.006,253392,203542,279197.08029197075
0.01,0.00611764705882353,0.009,246673,179215,279197.08029197075
0.01,0.00611764705882353,0.012,242154,160124,279197.08029197075
0.01,0.00611764705882353,0.015,238149,144592,279197.08029197075
0.01,0.006470588235294118,0.006,250415,200231,273214.2857142857
0.01,0.006470588235294118,0.009,244151,176725,273214.2857142857
0.01,0.006470588235294118,0.012,239603,158131,273214.2857142857
0.01,0.006470588235294118,0.015,236239,142976,273214.2857142857
0.01,0.006823529411764706,0.006,246661,197204,267482.5174825175
0.01,0.006823529411764706,0.009,241272,174344,267482.5174825175
0.01,0.006823529411764706,0.012,236853,156182,267482.5174825175
0.01,0.006823529411764706,0.015,234137,141469,267482.5174825175
0.01,0.007176470588235295,0.006,243595,194130,261986.301369863
0.01,0.007176470588235295,0.009,238740,171992,261986.301369863
0.01,0.007176470588235295,0.012,234742,154306,261986.301369863
0.01,0.007176470588235295,0.015,231887,139915,261986.301369863
0.01,0.0075294117647058826,0.006,239541,191342,256711.40939597317
0.01,0.0075294117647058826,0.009,237023,169665,256711.40939597317
0.01,0.0075294117647058826,0.012,232395,152450,256711.40939597317
0.01,0.0075294117647058826,0.015,229599,138329,256711.40939597317
0.01,0.00788235294117647,0.006,237737,188495,251644.7368421053
0.01,0.00788235294117647,0.009,233811,167439,251644.7368421053
0.01,0.00788235294117647,0.012,233848,150673,251644.7368421053
0.01,0.00788235294117647,0.015,229375,136891,251644.7368421053
0.01,0.00823529411764706,0.006,236910,185769,246774.1935483871
0.01,0.00823529411764706,0.009,232954,165200,246774.1935483871
0.01,0.00823529411764706,0.012,230522,148903,246774.1935483871
0.01,0.00823529411764706,0.015,225704,135452,246774.1935483871
0.01,0.008588235294117647,0.006,232984,183078,242088.6075949367
0.01,0.008588235294117647,0.009,229181,163160,242088.6075949367
0.01,0.008588235294117647,0.012,228303,147170,242088.6075949367
0.01,0.008588235294117647,0.015,225491,133986,242088.6075949367
0.01,0.008941176470588235,0.006,230477,180481,237577.6397515528
0.01,0.008941176470588235,0.009,227199,161125,237577.6397515528
0.01,0.008941176470588235,0.012,225884,145496,237577.6397515528
0.01,0.008941176470588235,0.015,224669,132660,237577.6397515528
0.01,0.009294117647058824,0.006,226718,177988,233231.70731707313
0.01,0.009294117647058824,0.009,224140,159076,233231.70731707313
0.01,0.009294117647058824,0.012,223649,143763,233231.70731707313
0.01,0.009294117647058824,0.015,221753,131295,233231.70731707313
0.01,0.009647058823529411,0.006,224136,175517,229041.91616766463
0.01,0.009647058823529411,0.009,222506,157095,229041.91616766463
0.01,0.009647058823529411,0.012,221072,142233,229041.91616766463
0.01,0.009647058823529411,0.015,220142,129891,229041.91616766463
0.01,0.01,0.006,220502,173158,225000.0
0.01,0.01,0.009,218447,155243,225000.0
0.01,0.01,0.012,218074,140615,225000.0
0.01,0.01,0.015,217601,128607,225000.0
0.01,0.010352941176470589,0.006,215240,170837,221098.26589595375
0.01,0.010352941176470589,0.009,215247,153389,221098.26589595375
0.01,0.010352941176470589,0.012,214628,139157,221098.26589595375
0.01,0.010352941176470589,0.015,213866,127296,221098.26589595375
0.01,0.010705882352941176,0.006,212539,168570,217329.54545454547
0.01,0.010705882352941176,0.009,210881,151460,217329.54545454547
0.01,0.010705882352941176,0.012,210696,137620,217329.54545454547
0.01,0.010705882352941176,0.015,208878,126083,217329.54545454547
0.01,0.011058823529411765,0.006,208335,166283,213687.15083798883
0.01,0.011058823529411765,0.009,205742,149749,213687.15083798883
0.01,0.011058823529411765,0.012,206948,136083,213687.15083798883
0.01,0.011058823529411765,0.015,205334,124813,213687.15083798883
0.01,0.011411764705882354,0.006,200796,164159,210164.83516483515
0.01,0.011411764705882354,0.009,200059,148053,210164.83516483515
0.01,0.011411764705882354,0.012,199407,134761,210164.83516483515
0.01,0.011411764705882354,0.015,200706,123638,210164.83516483515
0.01,0.011764705882352941,0.006,198644,162080,206756.75675675675
0.01,0.011764705882352941,0.009,197998,146324,206756.75675675675
0.01,0.011764705882352941,0.012,200455,133312,206756.75675675675
0.01,0.011764705882352941,0.015,193945,122389,206756.75675675675
0.01,0.01211764705882353,0.006,194955,160124,203457.44680851058
0.01,0.01211764705882353,0.009,194408,144592,203457.44680851058
0.01,0.01211764705882353,0.012,195142,131953,203457.44680851058
0.01,0.01211764705882353,0.015,192626,121245,203457.44680851058
0.01,0.012470588235294119,0.006,190148,158131,200261.78010471203
0.01,0.012470588235294119,0.009,190877,142976,200261.78010471203
0.01,0.012470588235294119,0.012,189672,130594,200261.78010471203
0.01,0.012470588235294119,0.015,188481,120165,200261.78010471203
0.01,0.012823529411764706,0.006,191264,156182,197164.94845360826
0.01,0.012823529411764706,0.009,190913,141469,197164.94845360826
0.01,0.012823529411764706,0.012,188895,129190,197164.94845360826
0.01,0.012823529411764706,0.015,188533,119021,197164.94845360826
0.01,0.013176470588235295,0.006,192361,154306,194162.43654822334
0.01,0.013176470588235295,0.009,187481,139915,194162.43654822334
0.01,0.013176470588235295,0.012,189748,127981,194162.43654822334
0.01,0.013176470588235295,0.015,184545,117861,194162.43654822334
0.01,0.013529411764705884,0.006,185615,152450,191250.0
0.01,0.013529411764705884,0.009,185420,138329,191250.0
0.01,0.013529411764705884,0.012,183756,126711,191250.0
0.01,0.013529411764705884,0.015,183100,116845,191250.0
0.01,0.01388235294117647,0.006,179772,150673,188423.64532019707
0.01,0.01388235294117647,0.009,177430,136891,188423.64532019707
0.01,0.01388235294117647,0.012,181488,125485,188423.64532019707
0.01,0.01388235294117647,0.015,179036,115788,188423.64532019707
0.01,0.01423529411764706,0.006,178078,148903,185679.61165048543
0.01,0.01423529411764706,0.009,176887,135452,185679.61165048543
0.01,0.01423529411764706,0.012,182791,124241,185679.61165048543
0.01,0.01423529411764706,0.015,178977,114743,185679.61165048543
0.01,0.014588235294117648,0.006,180669,147170,183014.35406698563
0.01,0.014588235294117648,0.009,173731,133986,183014.35406698563
0.01,0.014588235294117648,0.012,179796,122949,183014.35406698563
0.01,0.014588235294117648,0.015,178722,113718,183014.35406698563
0.01,0.014941176470588236,0.006,178105,145496,180424.5283018868
0.01,0.014941176470588236,0.009,171388,132660,180424.5283018868
0.01,0.014941176470588236,0.012,176359,121778,180424.5283018868
0.01,0.014941176470588236,0.015,176313,112723,180424.5283018868
0.01,0.015294117647058824,0.006,172983,143763,177906.97674418602
0.01,0.015294117647058824,0.009,176658,131295,177906.97674418602
0.01,0.015294117647058824,0.012,170578,120713,177906.97674418602
0.01,0.015294117647058824,0.015,173907,111730,177906.97674418602
0.01,0.015647058823529413,0.006,167192,142233,175458.71559633024
0.01,0.015647058823529413,0.009,166625,129891,175458.71559633024
0.01,0.015647058823529413,0.012,170940,119582,175458.71559633024
0.01,0.015647058823529413,0.015,173632,110726,175458.71559633024
0.01,0.016,0.006,165628,140615,173076.92307692306
0.01,0.016,0.009,167374,128607,173076.92307692306
0.01,0.016,0.012,171894,118492,173076.92307692306
0.01,0.016,0.015,170954,109716,173076.92307692306
0.010352941176470589,0.004,0.006,278187,228973,324590.16393442627
0.010352941176470589,0.004,0.009,266794,199470,324590.16393442627
0.010352941176470589,0.004,0.012,258951,176791,324590.16393442627
0.010352941176470589,0.004,0.015,253196,158789,324590.16393442627
0.010352941176470589,0.004352941176470588,0.006,274252,225110,316800.0
0.010352941176470589,0.004352941176470588,0.009,264013,196578,316800.0
0.010352941176470589,0.004352941176470588,0.012,256900,174483,316800.0
0.010352941176470589,0.004352941176470588,0.015,251615,156901,316800.0
0.010352941176470589,0.004705882352941177,0.006,270601,221344,309375.0
0.010352941176470589,0.004705882352941177,0.009,260986,193634,309375.0
0.010352941176470589,0.004705882352941177,0.012,254252,172175,309375.0
0.010352941176470589,0.004705882352941177,0.015,248864,155057,309375.0
0.010352941176470589,0.005058823529411765,0.006,267012,217678,302290.07633587794
0.010352941176470589,0.005058823529411765,0.009,258019,190869,302290.07633587794
0.010352941176470589,0.005058823529411765,0.012,251274,169991,302290.07633587794
0.010352941176470589,0.005058823529411765,0.015,246339,153253,302290.07633587794
0.010352941176470589,0.005411764705882353,0.006,263133,214068,295522.3880597015
0.010352941176470589,0.005411764705882353,0.009,255111,188155,295522.3880597015
0.010352941176470589,0.005411764705882353,0.012,248994,167765,295522.3880597015
0.010352941176470589,0.005411764705882353,0.015,244741,151495,295522.3880597015
0.010352941176470589,0.005764705882352941,0.006,259709,210726,289051.0948905109
0.010352941176470589,0.005764705882352941,0.009,252349,185504,289051.0948905109
0.010352941176470589,0.005764705882352941,0.012,246587,165750,289051.0948905109
0.010352941176470589,0.005764705882352941,0.015,241773,149685,289051.0948905109
0.010352941176470589,0.00611764705882353,0.006,256338,207392,282857.14285714284
0.010352941176470589,0.00611764705882353,0.009,249085,182973,282857.14285714284
0.010352941176470589,0.00611764705882353,0.012,244150,163708,282857.14285714284
0.010352941176470589,0.00611764705882353,0.015,240144,148093,282857.14285714284
0.010352941176470589,0.006470588235294118,0.006,253051,204226,276923.07692307694
0.010352941176470589,0.006470588235294118,0.009,246038,180380,276923.07692307694
0.010352941176470589,0.006470588235294118,0.012,241702,161669,276923.07692307694
0.010352941176470589,0.006470588235294118,0.015,238399,146383,276923.07692307694
0.010352941176470589,0.006823529411764706,0.006,249640,201045,271232.87671232875
0.010352941176470589,0.006823529411764706,0.009,244035,178011,271232.87671232875
0.010352941176470589,0.006823529411764706,0.012,239391,159734,271232.87671232875
0.010352941176470589,0.006823529411764706,0.015,236411,144765,271232.87671232875
0.010352941176470589,0.007176470588235295,0.006,246206,198003,265771.81208053697
0.010352941176470589,0.007176470588235295,0.009,241353,175602,265771.81208053697
0.010352941176470589,0.007176470588235295,0.012,236719,157743,265771.81208053697
0.010352941176470589,0.007176470588235295,0.015,233927,143234,265771.81208053697
0.010352941176470589,0.0075294117647058826,0.006,243137,195141,260526.3157894737
0.010352941176470589,0.0075294117647058826,0.009,239009,173385,260526.3157894737
0.010352941176470589,0.0075294117647058826,0.012,233925,155958,260526.3157894737
0.010352941176470589,0.0075294117647058826,0.015,232651,141741,260526.3157894737
0.010352941176470589,0.00788235294117647,0.006,240437,192287,255483.87096774194
0.010352941176470589,0.00788235294117647,0.009,236509,171118,255483.87096774194
0.010352941176470589,0.00788235294117647,0.012,231322,154152,255483.87096774194
0.010352941176470589,0.00788235294117647,0.015,229530,140228,255483.87096774194
0.010352941176470589,0.00823529411764706,0.006,237152,189563,250632.91139240505
0.010352941176470589,0.00823529411764706,0.009,233421,168946,250632.91139240505
0.010352941176470589,0.00823529411764706,0.012,231534,152356,250632.91139240505
0.010352941176470589,0.00823529411764706,0.015,227016,138739,250632.91139240505
0.010352941176470589,0.008588235294117647,0.006,233778,186761,245962.73291925463
0.010352941176470589,0.008588235294117647,0.009,233699,166736,245962.73291925463
0.010352941176470589,0.008588235294117647,0.012,228556,150568,245962.73291925463
0.010352941176470589,0.008588235294117647,0.015,225927,137309,245962.73291925463
0.010352941176470589,0.008941176470588235,0.006,231724,184264,241463.41463414635
0.010352941176470589,0.008941176470588235,0.009,230896,164737,241463.41463414635
0.010352941176470589,0.008941176470588235,0.012,228515,148931,241463.41463414635
0.010352941176470589,0.008941176470588235,0.015,226234,135903,241463.41463414635
0.010352941176470589,0.009294117647058824,0.006,230496,181650,237125.74850299399
0.010352941176470589,0.009294117647058824,0.009,226906,162600,237125.74850299399
0.010352941176470589,0.009294117647058824,0.012,225228,147292,237125.74850299399
0.010352941176470589,0.009294117647058824,0.015,223247,134431,237125.74850299399
0.010352941176470589,0.009647058823529411,0.006,227166,179223,232941.17647058822
0.010352941176470589,0.009647058823529411,0.009,224470,160712,232941.17647058822
0.010352941176470589,0.009647058823529411,0.012,222007,145655,232941.17647058822
0.010352941176470589,0.009647058823529411,0.015,221374,133078,232941.17647058822
0.010352941176470589,0.01,0.006,224213,176791,228901.73410404622
0.010352941176470589,0.01,0.009,222319,158789,228901.73410404622
0.010352941176470589,0.01,0.012,221185,144031,228901.73410404622
0.010352941176470589,0.01,0.015,219296,131839,228901.73410404622
0.010352941176470589,0.010352941176470589,0.006,220520,174483,224999.99999999997
0.010352941176470589,0.010352941176470589,0.009,219525,156901,224999.99999999997
0.010352941176470589,0.010352941176470589,0.012,218687,142496,224999.99999999997
0.010352941176470589,0.010352941176470589,0.015,216579,130524,224999.99999999997
0.010352941176470589,0.010705882352941176,0.006,215114,172175,221229.05027932962
0.010352941176470589,0.010705882352941176,0.009,215470,155057,221229.05027932962
0.010352941176470589,0.010705882352941176,0.012,213560,140979,221229.05027932962
0.010352941176470589,0.010705882352941176,0.015,214181,129268,221229.05027932962
0.010352941176470589,0.011058823529411765,0.006,211031,169991,217582.41758241755
0.010352941176470589,0.011058823529411765,0.009,210063,153253,217582.41758241755
0.010352941176470589,0.011058823529411765,0.012,208559,139495,217582.41758241755
0.010352941176470589,0.011058823529411765,0.015,207524,127963,217582.41758241755
0.010352941176470589,0.011411764705882354,0.006,207478,167765,214054.05405405402
0.010352941176470589,0.011411764705882354,0.009,205023,151495,214054.05405405402
0.010352941176470589,0.011411764705882354,0.012,200960,137942,214054.05405405402
0.010352941176470589,0.011411764705882354,0.015,205669,126770,214054.05405405402
0.010352941176470589,0.011764705882352941,0.006,203390,165750,210638.29787234042
0.010352941176470589,0.011764705882352941,0.009,200747,149685,210638.29787234042
0.010352941176470589,0.011764705882352941,0.012,201195,136616,210638.29787234042
0.010352941176470589,0.011764705882352941,0.015,200231,125521,210638.29787234042
0.010352941176470589,0.01211764705882353,0.006,198487,163708,207329.8429319371
0.010352941176470589,0.01211764705882353,0.009,197684,148093,207329.8429319371
0.010352941176470589,0.01211764705882353,0.012,198252,135201,207329.8429319371
0.010352941176470589,0.01211764705882353,0.015,195686,124308,207329.8429319371
0.010352941176470589,0.012470588235294119,0.006,196493,161669,204123.71134020618
0.010352941176470589,0.012470588235294119,0.009,190466,146383,204123.71134020618
0.010352941176470589,0.012470588235294119,0.012,193773,133844,204123.71134020618
0.010352941176470589,0.012470588235294119,0.015,192071,123209,204123.71134020618
0.010352941176470589,0.012823529411764706,0.006,194406,159734,201015.22842639592
0.010352941176470589,0.012823529411764706,0.009,189653,144765,201015.22842639592
0.010352941176470589,0.012823529411764706,0.012,189552,132487,201015.22842639592
0.010352941176470589,0.012823529411764706,0.015,192391,122084,201015.22842639592
0.010352941176470589,0.013176470588235295,0.006,189262,157743,197999.99999999997
0.010352941176470589,0.013176470588235295,0.009,193437,143234,197999.99999999997
0.010352941176470589,0.013176470588235295,0.012,186787,131172,197999.99999999997
0.010352941176470589,0.013176470588235295,0.015,189613,120975,197999.99999999997
0.010352941176470589,0.013529411764705884,0.006,191550,155958,195073.89162561577
0.010352941176470589,0.013529411764705884,0.009,189219,141741,195073.89162561577
0.010352941176470589,0.013529411764705884,0.012,183922,129892,195073.89162561577
0.010352941176470589,0.013529411764705884,0.015,190261,119864,195073.89162561577
0.010352941176470589,0.01388235294117647,0.006,184920,154152,192233.00970873787
0.010352941176470589,0.01388235294117647,0.009,180949,140228,192233.00970873787
0.010352941176470589,0.01388235294117647,0.012,181745,128610,192233.00970873787
0.010352941176470589,0.01388235294117647,0.015,182756,118789,192233.00970873787
0.010352941176470589,0.01423529411764706,0.006,183863,152356,189473.6842105263
0.010352941176470589,0.01423529411764706,0.009,180861,138739,189473.6842105263
0.010352941176470589,0.01423529411764706,0.012,180475,127384,189473.6842105263
0.010352941176470589,0.01423529411764706,0.015,185311,117698,189473.6842105263
0.010352941176470589,0.014588235294117648,0.006,178399,150568,186792.45283018865
0.010352941176470589,0.014588235294117648,0.009,180271,137309,186792.45283018865
0.010352941176470589,0.014588235294117648,0.012,178504,126141,186792.45283018865
0.010352941176470589,0.014588235294117648,0.015,180889,116607,186792.45283018865
0.010352941176470589,0.014941176470588236,0.006,180795,148931,184186.0465116279
0.010352941176470589,0.014941176470588236,0.009,179247,135903,184186.0465116279
0.010352941176470589,0.014941176470588236,0.012,174374,124887,184186.0465116279
0.010352941176470589,0.014941176470588236,0.015,176835,115658,184186.0465116279
0.010352941176470589,0.015294117647058824,0.006,172868,147292,181651.37614678897
0.010352941176470589,0.015294117647058824,0.009,170679,134431,181651.37614678897
0.010352941176470589,0.015294117647058824,0.012,173652,123750,181651.37614678897
0.010352941176470589,0.015294117647058824,0.015,170533,114658,181651.37614678897
0.010352941176470589,0.015647058823529413,0.006,176359,145655,179185.52036199093
0.010352941176470589,0.015647058823529413,0.009,168943,133078,179185.52036199093
0.010352941176470589,0.015647058823529413,0.012,168239,122627,179185.52036199093
0.010352941176470589,0.015647058823529413,0.015,172898,113677,179185.52036199093
0.010352941176470589,0.016,0.006,172551,144031,176785.71428571426
0.010352941176470589,0.016,0.009,169696,131839,176785.71428571426
0.010352941176470589,0.016,0.012,168318,121523,176785.71428571426
0.010352941176470589,0.016,0.015,170144,112705,176785.71428571426
0.010705882352941176,0.004,0.006,280502,232780,327600.0
0.010705882352941176,0.004,0.009,269134,203304,327600.0
0.010705882352941176,0.004,0.012,261171,180392,327600.0
0.010705882352941176,0.004,0.015,255453,162252,327600.0
0.010705882352941176,0.004352941176470588,0.006,276362,228882,319921.875
0.010705882352941176,0.004352941176470588,0.009,265963,200298,319921.875
0.010705882352941176,0.004352941176470588,0.012,258016,178028,319921.875
0.010705882352941176,0.004352941176470588,0.015,253067,160314,319921.875
0.010705882352941176,0.004705882352941177,0.006,273181,225100,312595.4198473283
0.010705882352941176,0.004705882352941177,0.009,263012,197427,312595.4198473283
0.010705882352941176,0.004705882352941177,0.012,256121,175812,312595.4198473283
0.010705882352941176,0.004705882352941177,0.015,250956,158457,312595.4198473283
0.010705882352941176,0.005058823529411765,0.006,269277,221396,305597.01492537314
0.010705882352941176,0.005058823529411765,0.009,260121,194617,305597.01492537314
0.010705882352941176,0.005058823529411765,0.012,253659,173590,305597.01492537314
0.010705882352941176,0.005058823529411765,0.015,248035,156605,305597.01492537314
0.010705882352941176,0.005411764705882353,0.006,265904,217804,298905.1094890511
0.010705882352941176,0.005411764705882353,0.009,257185,191864,298905.1094890511
0.010705882352941176,0.005411764705882353,0.012,250924,171324,298905.1094890511
0.010705882352941176,0.005411764705882353,0.015,246422,154882,298905.1094890511
0.010705882352941176,0.005764705882352941,0.006,262283,214504,292499.99999999994
0.010705882352941176,0.005764705882352941,0.009,254354,189230,292499.99999999994
0.010705882352941176,0.005764705882352941,0.012,247710,169217,292499.99999999994
0.010705882352941176,0.005764705882352941,0.015,243958,153055,292499.99999999994
0.010705882352941176,0.00611764705882353,0.006,258872,211136,286363.63636363635
0.010705882352941176,0.00611764705882353,0.009,251847,186570,286363.63636363635
0.010705882352941176,0.00611764705882353,0.012,246099,167216,286363.63636363635
0.010705882352941176,0.00611764705882353,0.015,241739,151452,286363.63636363635
0.010705882352941176,0.006470588235294118,0.006,255133,207909,280479.4520547945
0.010705882352941176,0.006470588235294118,0.009,248576,184031,280479.4520547945
0.010705882352941176,0.006470588235294118,0.012,243864,165115,280479.4520547945
0.010705882352941176,0.006470588235294118,0.015,240019,149756,280479.4520547945
0.010705882352941176,0.006823529411764706,0.006,251873,204790,274832.2147651007
0.010705882352941176,0.006823529411764706,0.009,245634,181654,274832.2147651007
0.010705882352941176,0.006823529411764706,0.012,241735,163115,274832.2147651007
0.010705882352941176,0.006823529411764706,0.015,237712,148139,274832.2147651007
0.010705882352941176,0.007176470588235295,0.006,249204,201719,269407.8947368421
0.010705882352941176,0.007176470588235295,0.009,243307,179285,269407.8947368421
0.010705882352941176,0.007176470588235295,0.012,239099,161294,269407.8947368421
0.010705882352941176,0.007176470588235295,0.015,235607,146489,269407.8947368421
0.010705882352941176,0.0075294117647058826,0.006,245939,198821,264193.5483870968
0.010705882352941176,0.0075294117647058826,0.009,240782,176864,264193.5483870968
0.010705882352941176,0.0075294117647058826,0.012,236378,159347,264193.5483870968
0.010705882352941176,0.0075294117647058826,0.015,234103,145021,264193.5483870968
0.010705882352941176,0.00788235294117647,0.006,242783,195958,259177.21518987347
0.010705882352941176,0.00788235294117647,0.009,238510,174684,259177.21518987347
0.010705882352941176,0.00788235294117647,0.012,234143,157577,259177.21518987347
0.010705882352941176,0.00788235294117647,0.015,231641,143457,259177.21518987347
0.010705882352941176,0.00823529411764706,0.006,239846,193216,254347.82608695648
0.010705882352941176,0.00823529411764706,0.009,235090,172388,254347.82608695648
0.010705882352941176,0.00823529411764706,0.012,232482,155696,254347.82608695648
0.010705882352941176,0.00823529411764706,0.015,229519,141924,254347.82608695648
0.010705882352941176,0.008588235294117647,0.006,237024,190551,249695.12195121948
0.010705882352941176,0.008588235294117647,0.009,233869,170344,249695.12195121948
0.010705882352941176,0.008588235294117647,0.012,230987,153980,249695.12195121948
0.010705882352941176,0.008588235294117647,0.015,229093,140534,249695.12195121948
0.010705882352941176,0.008941176470588235,0.006,236257,187918,245209.58083832337
0.010705882352941176,0.008941176470588235,0.009,232828,168148,245209.58083832337
0.010705882352941176,0.008941176470588235,0.012,229293,152228,245209.58083832337
0.010705882352941176,0.008941176470588235,0.015,225966,139105,245209.58083832337
0.010705882352941176,0.009294117647058824,0.006,232958,185349,240882.35294117645
0.010705882352941176,0.009294117647058824,0.009,230680,166197,240882.35294117645
0.010705882352941176,0.009294117647058824,0.012,227598,150617,240882.35294117645
0.010705882352941176,0.009294117647058824,0.015,225640,137706,240882.35294117645
0.010705882352941176,0.009647058823529411,0.006,229572,182893,236705.2023121387
0.010705882352941176,0.009647058823529411,0.009,227551,164200,236705.2023121387
0.010705882352941176,0.009647058823529411,0.012,226230,148967,236705.2023121387
0.010705882352941176,0.009647058823529411,0.015,222391,136327,236705.2023121387
0.010705882352941176,0.01,0.006,226365,180392,232670.45454545453
0.010705882352941176,0.01,0.009,223311,162252,232670.45454545453
0.010705882352941176,0.01,0.012,222725,147274,232670.45454545453
0.010705882352941176,0.01,0.015,221987,134972,232670.45454545453
0.010705882352941176,0.010352941176470589,0.006,223297,178028,228770.94972067035
0.010705882352941176,0.010352941176470589,0.009,222082,160314,228770.94972067035
0.010705882352941176,0.010352941176470589,0.012,220584,145713,228770.94972067035
0.010705882352941176,0.010352941176470589,0.015,219591,133658,228770.94972067035
0.010705882352941176,0.010705882352941176,0.006,220069,175812,225000.0
0.010705882352941176,0.010705882352941176,0.009,218266,158457,225000.0
0.010705882352941176,0.010705882352941176,0.012,218249,144213,225000.0
0.010705882352941176,0.010705882352941176,0.015,217651,132330,225000.0
0.010705882352941176,0.011058823529411765,0.006,216619,173590,221351.35135135133
0.010705882352941176,0.011058823529411765,0.009,214682,156605,221351.35135135133
0.010705882352941176,0.011058823529411765,0.012,214143,142661,221351.35135135133
0.010705882352941176,0.011058823529411765,0.015,213577,131092,221351.35135135133
0.010705882352941176,0.011411764705882354,0.006,213338,171324,217819.14893617018
0.010705882352941176,0.011411764705882354,0.009,207889,154882,217819.14893617018
0.010705882352941176,0.011411764705882354,0.012,209149,141265,217819.14893617018
0.010705882352941176,0.011411764705882354,0.015,209486,129869,217819.14893617018
0.010705882352941176,0.011764705882352941,0.006,209404,169217,214397.9057591623
0.010705882352941176,0.011764705882352941,0.009,206394,153055,214397.9057591623
0.010705882352941176,0.011764705882352941,0.012,207681,139719,214397.9057591623
0.010705882352941176,0.011764705882352941,0.015,205021,128611,214397.9057591623
0.010705882352941176,0.01211764705882353,0.006,204905,167216,211082.47422680407
0.010705882352941176,0.01211764705882353,0.009,200844,151452,211082.47422680407
0.010705882352941176,0.01211764705882353,0.012,201264,138358,211082.47422680407
0.010705882352941176,0.01211764705882353,0.015,201663,127365,211082.47422680407
0.010705882352941176,0.012470588235294119,0.006,200614,165115,207868.02030456852
0.010705882352941176,0.012470588235294119,0.009,197764,149756,207868.02030456852
0.010705882352941176,0.012470588235294119,0.012,197309,137007,207868.02030456852
0.010705882352941176,0.012470588235294119,0.015,197633,126241,207868.02030456852
0.010705882352941176,0.012823529411764706,0.006,197919,163115,204750.0
0.010705882352941176,0.012823529411764706,0.009,193162,148139,204750.0
0.010705882352941176,0.012823529411764706,0.012,196382,135648,204750.0
0.010705882352941176,0.012823529411764706,0.015,193171,125087,204750.0
0.010705882352941176,0.013176470588235295,0.006,197392,161294,201724.13793103446
0.010705882352941176,0.013176470588235295,0.009,192822,146489,201724.13793103446
0.010705882352941176,0.013176470588235295,0.012,194168,134318,201724.13793103446
0.010705882352941176,0.013176470588235295,0.015,190878,123960,201724.13793103446
0.010705882352941176,0.013529411764705884,0.006,194697,159347,198786.40776699028
0.010705882352941176,0.013529411764705884,0.009,192185,145021,198786.40776699028
0.010705882352941176,0.013529411764705884,0.012,190576,133028,198786.40776699028
0.010705882352941176,0.013529411764705884,0.015,190274,122760,198786.40776699028
0.010705882352941176,0.01388235294117647,0.006,187025,157577,195933.01435406698
0.010705882352941176,0.01388235294117647,0.009,189286,143457,195933.01435406698
0.010705882352941176,0.01388235294117647,0.012,186311,131721,195933.01435406698
0.010705882352941176,0.01388235294117647,0.015,185872,121744,195933.01435406698
0.010705882352941176,0.01423529411764706,0.006,187208,155696,193160.37735849054
0.010705882352941176,0.01423529411764706,0.009,187407,141924,193160.37735849054
0.010705882352941176,0.01423529411764706,0.012,183123,130467,193160.37735849054
0.010705882352941176,0.01423529411764706,0.015,184072,120667,193160.37735849054
0.010705882352941176,0.014588235294117648,0.006,181810,153980,190465.11627906974
0.010705882352941176,0.014588235294117648,0.009,180397,140534,190465.11627906974
0.010705882352941176,0.014588235294117648,0.012,180268,129231,190465.11627906974
0.010705882352941176,0.014588235294117648,0.015,183291,119611,190465.11627906974
0.010705882352941176,0.014941176470588236,0.006,183635,152228,187844.0366972477
0.010705882352941176,0.014941176470588236,0.009,180346,139105,187844.0366972477
0.010705882352941176,0.014941176470588236,0.012,181134,127929,187844.0366972477
0.010705882352941176,0.014941176470588236,0.015,185554,118486,187844.0366972477
0.010705882352941176,0.015294117647058824,0.006,181447,150617,185294.1176470588
0.010705882352941176,0.015294117647058824,0.009,181601,137706,185294.1176470588
0.010705882352941176,0.015294117647058824,0.012,178146,126823,185294.1176470588
0.010705882352941176,0.015294117647058824,0.015,176731,117485,185294.1176470588
0.010705882352941176,0.015647058823529413,0.006,177760,148967,182812.49999999994
0.010705882352941176,0.015647058823529413,0.009,175170,136327,182812.49999999994
0.010705882352941176,0.015647058823529413,0.012,179443,125599,182812.49999999994
0.010705882352941176,0.015647058823529413,0.015,176200,116460,182812.49999999994
0.010705882352941176,0.016,0.006,172114,147274,180396.47577092508
0.010705882352941176,0.016,0.009,173496,134972,180396.47577092508
0.010705882352941176,0.016,0.012,172503,124520,180396.47577092508
0.010705882352941176,0.016,0.015,172205,115530,180396.47577092508
0.011058823529411765,0.004,0.006,282620,236310,330468.75
0.011058823529411765,0.004,0.009,271202,206893,330468.75
0.011058823529411765,0.004,0.012,262949,183948,330468.75
0.011058823529411765,0.004,0.015,256685,165530,330468.75
0.011058823529411765,0.004352941176470588,0.006,279111,232510,322900.7633587786
0.011058823529411765,0.004352941176470588,0.009,268052,203945,322900.7633587786
0.011058823529411765,0.004352941176470588,0.012,260485,181585,322900.7633587786
0.011058823529411765,0.004352941176470588,0.015,254129,163695,322900.7633587786
0.011058823529411765,0.004705882352941177,0.006,275414,228685,315671.6417910448
0.011058823529411765,0.004705882352941177,0.009,265273,201046,315671.6417910448
0.011058823529411765,0.004705882352941177,0.012,257468,179208,315671.6417910448
0.011058823529411765,0.004705882352941177,0.015,252864,161725,315671.6417910448
0.011058823529411765,0.005058823529411765,0.006,271592,224999,308759.12408759125
0.011058823529411765,0.005058823529411765,0.009,262320,198176,308759.12408759125
0.011058823529411765,0.005058823529411765,0.012,255363,177002,308759.12408759125
0.011058823529411765,0.005058823529411765,0.015,250274,159996,308759.12408759125
0.011058823529411765,0.005411764705882353,0.006,267856,221450,302142.8571428571
0.011058823529411765,0.005411764705882353,0.009,259292,195456,302142.8571428571
0.011058823529411765,0.005411764705882353,0.012,253267,174832,302142.8571428571
0.011058823529411765,0.005411764705882353,0.015,247509,158204,302142.8571428571
0.011058823529411765,0.005764705882352941,0.006,265054,218044,295804.19580419577
0.011058823529411765,0.005764705882352941,0.009,256872,192756,295804.19580419577
0.011058823529411765,0.005764705882352941,0.012,250141,172692,295804.19580419577
0.011058823529411765,0.005764705882352941,0.015,245414,156346,295804.19580419577
0.011058823529411765,0.00611764705882353,0.006,261227,214817,289726.02739726024
0.011058823529411765,0.00611764705882353,0.009,253563,190149,289726.02739726024
0.011058823529411765,0.00611764705882353,0.012,247515,170553,289726.02739726024
0.011058823529411765,0.00611764705882353,0.015,243431,154720,289726.02739726024
0.011058823529411765,0.006470588235294118,0.006,258240,211481,283892.61744966445
0.011058823529411765,0.006470588235294118,0.009,250856,187567,283892.61744966445
0.011058823529411765,0.006470588235294118,0.012,246117,168568,283892.61744966445
0.011058823529411765,0.006470588235294118,0.015,241086,153008,283892.61744966445
0.011058823529411765,0.006823529411764706,0.006,254577,208437,278289.47368421056
0.011058823529411765,0.006823529411764706,0.009,248243,185090,278289.47368421056
0.011058823529411765,0.006823529411764706,0.012,243477,166608,278289.47368421056
0.011058823529411765,0.006823529411764706,0.015,238724,151412,278289.47368421056
0.011058823529411765,0.007176470588235295,0.006,251569,205324,272903.2258064516
0.011058823529411765,0.007176470588235295,0.009,244920,182707,272903.2258064516
0.011058823529411765,0.007176470588235295,0.012,240827,164663,272903.2258064516
0.011058823529411765,0.007176470588235295,0.015,237901,149805,272903.2258064516
0.011058823529411765,0.0075294117647058826,0.006,248484,202369,267721.5189873417
0.011058823529411765,0.0075294117647058826,0.009,243045,180463,267721.5189873417
0.011058823529411765,0.0075294117647058826,0.012,239060,162689,267721.5189873417
0.011058823529411765,0.0075294117647058826,0.015,235420,148228,267721.5189873417
0.011058823529411765,0.00788235294117647,0.006,245290,199570,262732.9192546584
0.011058823529411765,0.00788235294117647,0.009,242013,178073,262732.9192546584
0.011058823529411765,0.00788235294117647,0.012,236904,160873,262732.9192546584
0.011058823529411765,0.00788235294117647,0.015,233601,146678,262732.9192546584
0.011058823529411765,0.00823529411764706,0.006,242560,196721,257926.82926829264
0.011058823529411765,0.00823529411764706,0.009,239039,175953,257926.82926829264
0.011058823529411765,0.00823529411764706,0.012,234289,159084,257926.82926829264
0.011058823529411765,0.00823529411764706,0.015,232867,145181,257926.82926829264
0.011058823529411765,0.008588235294117647,0.006,239573,194128,253293.4131736527
0.011058823529411765,0.008588235294117647,0.009,235005,173735,253293.4131736527
0.011058823529411765,0.008588235294117647,0.012,234458,157235,253293.4131736527
0.011058823529411765,0.008588235294117647,0.015,230437,143691,253293.4131736527
0.011058823529411765,0.008941176470588235,0.006,236918,191449,248823.5294117647
0.011058823529411765,0.008941176470588235,0.009,233251,171676,248823.5294117647
0.011058823529411765,0.008941176470588235,0.012,231026,155580,248823.5294117647
0.011058823529411765,0.008941176470588235,0.015,227469,142253,248823.5294117647
0.011058823529411765,0.009294117647058824,0.006,236024,188816,244508.6705202312
0.011058823529411765,0.009294117647058824,0.009,231947,169564,244508.6705202312
0.011058823529411765,0.009294117647058824,0.012,230756,153885,244508.6705202312
0.011058823529411765,0.009294117647058824,0.015,227885,140749,244508.6705202312
0.011058823529411765,0.009647058823529411,0.006,230941,186343,240340.9090909091
0.011058823529411765,0.009647058823529411,0.009,228280,167493,240340.9090909091
0.011058823529411765,0.009647058823529411,0.012,228306,152219,240340.9090909091
0.011058823529411765,0.009647058823529411,0.015,225697,139417,240340.9090909091
0.011058823529411765,0.01,0.006,229867,183948,236312.84916201115
0.011058823529411765,0.01,0.009,227578,165530,236312.84916201115
0.011058823529411765,0.01,0.012,226058,150577,236312.84916201115
0.011058823529411765,0.01,0.015,223241,138042,236312.84916201115
0.011058823529411765,0.010352941176470589,0.006,227020,181585,232417.58241758237
0.011058823529411765,0.010352941176470589,0.009,224128,163695,232417.58241758237
0.011058823529411765,0.010352941176470589,0.012,223389,149009,232417.58241758237
0.011058823529411765,0.010352941176470589,0.015,220045,136711,232417.58241758237
0.011058823529411765,0.010705882352941176,0.006,224152,179208,228648.6486486486
0.011058823529411765,0.010705882352941176,0.009,222287,161725,228648.6486486486
0.011058823529411765,0.010705882352941176,0.012,221110,147355,228648.6486486486
0.011058823529411765,0.010705882352941176,0.015,220162,135389,228648.6486486486
0.011058823529411765,0.011058823529411765,0.006,221217,177002,225000.0
0.011058823529411765,0.011058823529411765,0.009,220009,159996,225000.0
0.011058823529411765,0.011058823529411765,0.012,218805,145903,225000.0
0.011058823529411765,0.011058823529411765,0.015,218295,134124,225000.0
0.011058823529411765,0.011411764705882354,0.006,216833,174832,221465.9685863874
0.011058823529411765,0.011411764705882354,0.009,216099,158204,221465.9685863874
0.011058823529411765,0.011411764705882354,0.012,212117,144351,221465.9685863874
0.011058823529411765,0.011411764705882354,0.015,212708,132802,221465.9685863874
0.011058823529411765,0.011764705882352941,0.006,212938,172692,218041.23711340202
0.011058823529411765,0.011764705882352941,0.009,211559,156346,218041.23711340202
0.011058823529411765,0.011764705882352941,0.012,210001,142924,218041.23711340202
0.011058823529411765,0.011764705882352941,0.015,208247,131660,218041.23711340202
0.011058823529411765,0.01211764705882353,0.006,208846,170553,214720.81218274107
0.011058823529411765,0.01211764705882353,0.009,207538,154720,214720.81218274107
0.011058823529411765,0.01211764705882353,0.012,206154,141543,214720.81218274107
0.011058823529411765,0.01211764705882353,0.015,206173,130405,214720.81218274107
0.011058823529411765,0.012470588235294119,0.006,206074,168568,211499.99999999997
0.011058823529411765,0.012470588235294119,0.009,202803,153008,211499.99999999997
0.011058823529411765,0.012470588235294119,0.012,203160,140127,211499.99999999997
0.011058823529411765,0.012470588235294119,0.015,201916,129218,211499.99999999997
0.011058823529411765,0.012823529411764706,0.006,200421,166608,208374.3842364532
0.011058823529411765,0.012823529411764706,0.009,198951,151412,208374.3842364532
0.011058823529411765,0.012823529411764706,0.012,202272,138651,208374.3842364532
0.011058823529411765,0.012823529411764706,0.015,198507,128037,208374.3842364532
0.011058823529411765,0.013176470588235295,0.006,195987,164663,205339.8058252427
0.011058823529411765,0.013176470588235295,0.009,198053,149805,205339.8058252427
0.011058823529411765,0.013176470588235295,0.012,195951,137396,205339.8058252427
0.011058823529411765,0.013176470588235295,0.015,195806,126887,205339.8058252427
0.011058823529411765,0.013529411764705884,0.006,198434,162689,202392.34449760767
0.011058823529411765,0.013529411764705884,0.009,192531,148228,202392.34449760767
0.011058823529411765,0.013529411764705884,0.012,194158,135977,202392.34449760767
0.011058823529411765,0.013529411764705884,0.015,191100,125669,202392.34449760767
0.011058823529411765,0.01388235294117647,0.006,193750,160873,199528.30188679244
0.011058823529411765,0.01388235294117647,0.009,192760,146678,199528.30188679244
0.011058823529411765,0.01388235294117647,0.012,192059,134697,199528.30188679244
0.011058823529411765,0.01388235294117647,0.015,189835,124644,199528.30188679244
0.011058823529411765,0.01423529411764706,0.006,188013,159084,196744.18604651158
0.011058823529411765,0.01423529411764706,0.009,185876,145181,196744.18604651158
0.011058823529411765,0.01423529411764706,0.012,184774,133502,196744.18604651158
0.011058823529411765,0.01423529411764706,0.015,187700,123470,196744.18604651158
0.011058823529411765,0.014588235294117648,0.006,188931,157235,194036.69724770638
0.011058823529411765,0.014588235294117648,0.009,187041,143691,194036.69724770638
0.011058823529411765,0.014588235294117648,0.012,183105,132251,194036.69724770638
0.011058823529411765,0.014588235294117648,0.015,184524,122486,194036.69724770638
0.011058823529411765,0.014941176470588236,0.006,184059,155580,191402.71493212666
0.011058823529411765,0.014941176470588236,0.009,184202,142253,191402.71493212666
0.011058823529411765,0.014941176470588236,0.012,182785,130940,191402.71493212666
0.011058823529411765,0.014941176470588236,0.015,185233,121391,191402.71493212666
0.011058823529411765,0.015294117647058824,0.006,185518,153885,188839.2857142857
0.011058823529411765,0.015294117647058824,0.009,184351,140749,188839.2857142857
0.011058823529411765,0.015294117647058824,0.012,177246,129720,188839.2857142857
0.011058823529411765,0.015294117647058824,0.015,183198,120386,188839.2857142857
0.011058823529411765,0.015647058823529413,0.006,179105,152219,186343.61233480173
0.011058823529411765,0.015647058823529413,0.009,177115,139417,186343.61233480173
0.011058823529411765,0.015647058823529413,0.012,177382,128569,186343.61233480173
0.011058823529411765,0.015647058823529413,0.015,176984,119388,186343.61233480173
0.011058823529411765,0.016,0.006,178649,150577,183913.04347826086
0.011058823529411765,0.016,0.009,177109,138042,183913.04347826086
0.011058823529411765,0.016,0.012,175728,127460,183913.04347826086
0.011058823529411765,0.016,0.015,172961,118293,183913.04347826086
0.011411764705882354,0.004,0.006,284888,239908,333206.106870229
0.011411764705882354,0.004,0.009,272869,210391,333206.106870229
0.011411764705882354,0.004,0.012,264915,187371,333206.106870229
0.011411764705882354,0.004,0.015,258623,168925,333206.106870229
0.011411764705882354,0.004352941176470588,0.006,281149,235968,325746.2686567164
0.011411764705882354,0.004352941176470588,0.009,270276,207407,325746.2686567164
0.011411764705882354,0.004352941176470588,0.012,262270,185009,325746.2686567164
0.011411764705882354,0.004352941176470588,0.015,256143,166898,325746.2686567164
0.011411764705882354,0.004705882352941177,0.006,277356,232173,318613.1386861314
0.011411764705882354,0.004705882352941177,0.009,266937,204532,318613.1386861314
0.011411764705882354,0.004705882352941177,0.012,259796,182667,318613.1386861314
0.011411764705882354,0.004705882352941177,0.015,254187,165004,318613.1386861314
0.011411764705882354,0.005058823529411765,0.006,273849,228519,311785.7142857143
0.011411764705882354,0.005058823529411765,0.009,264235,201625,311785.7142857143
0.011411764705882354,0.005058823529411765,0.012,257208,180356,311785.7142857143
0.011411764705882354,0.005058823529411765,0.015,251784,163231,311785.7142857143
0.011411764705882354,0.005411764705882353,0.006,270512,225086,305244.75524475524
0.011411764705882354,0.005411764705882353,0.009,260892,198932,305244.75524475524
0.011411764705882354,0.005411764705882353,0.012,254668,178233,305244.75524475524
0.011411764705882354,0.005411764705882353,0.015,248796,161399,305244.75524475524
0.011411764705882354,0.005764705882352941,0.006,267112,221672,298972.602739726
0.011411764705882354,0.005764705882352941,0.009,258621,196266,298972.602739726
0.011411764705882354,0.005764705882352941,0.012,252630,176063,298972.602739726
0.011411764705882354,0.005764705882352941,0.015,247665,159577,298972.602739726
0.011411764705882354,0.00611764705882353,0.006,263548,218306,292953.02013422817
0.011411764705882354,0.00611764705882353,0.009,255522,193650,292953.02013422817
0.011411764705882354,0.00611764705882353,0.012,249990,173937,292953.02013422817
0.011411764705882354,0.00611764705882353,0.015,245175,157886,292953.02013422817
0.011411764705882354,0.006470588235294118,0.006,260559,215019,287171.052631579
0.011411764705882354,0.006470588235294118,0.009,253191,191004,287171.052631579
0.011411764705882354,0.006470588235294118,0.012,247810,171855,287171.052631579
0.011411764705882354,0.006470588235294118,0.015,243188,156181,287171.052631579
0.011411764705882354,0.006823529411764706,0.006,256992,211953,281612.9032258065
0.011411764705882354,0.006823529411764706,0.009,249905,188619,281612.9032258065
0.011411764705882354,0.006823529411764706,0.012,245568,169919,281612.9032258065
0.011411764705882354,0.006823529411764706,0.015,241369,154582,281612.9032258065
0.011411764705882354,0.007176470588235295,0.006,254027,208847,276265.82278481015
0.011411764705882354,0.007176470588235295,0.009,247984,186160,276265.82278481015
0.011411764705882354,0.007176470588235295,0.012,243435,167865,276265.82278481015
0.011411764705882354,0.007176470588235295,0.015,239539,152918,276265.82278481015
0.011411764705882354,0.0075294117647058826,0.006,250880,205954,271118.01242236025
0.011411764705882354,0.0075294117647058826,0.009,245184,183817,271118.01242236025
0.011411764705882354,0.0075294117647058826,0.012,240957,166036,271118.01242236025
0.011411764705882354,0.0075294117647058826,0.015,237423,151290,271118.01242236025
0.011411764705882354,0.00788235294117647,0.006,247236,203084,266158.53658536583
0.011411764705882354,0.00788235294117647,0.009,242003,181524,266158.53658536583
0.011411764705882354,0.00788235294117647,0.012,237889,164079,266158.53658536583
0.011411764705882354,0.00788235294117647,0.015,235252,149797,266158.53658536583
0.011411764705882354,0.00823529411764706,0.006,244966,200304,261377.24550898199
0.011411764705882354,0.00823529411764706,0.009,240433,179336,261377.24550898199
0.011411764705882354,0.00823529411764706,0.012,235991,162319,261377.24550898199
0.011411764705882354,0.00823529411764706,0.015,233516,148278,261377.24550898199
0.011411764705882354,0.008588235294117647,0.006,242209,197529,256764.70588235298
0.011411764705882354,0.008588235294117647,0.009,237613,177091,256764.70588235298
0.011411764705882354,0.008588235294117647,0.012,234647,160549,256764.70588235298
0.011411764705882354,0.008588235294117647,0.015,232807,146701,256764.70588235298
0.011411764705882354,0.008941176470588235,0.006,238492,194853,252312.13872832368
0.011411764705882354,0.008941176470588235,0.009,235807,174976,252312.13872832368
0.011411764705882354,0.008941176470588235,0.012,231958,158727,252312.13872832368
0.011411764705882354,0.008941176470588235,0.015,233015,145271,252312.13872832368
0.011411764705882354,0.009294117647058824,0.006,235854,192337,248011.36363636362
0.011411764705882354,0.009294117647058824,0.009,234215,172942,248011.36363636362
0.011411764705882354,0.009294117647058824,0.012,230187,157080,248011.36363636362
0.011411764705882354,0.009294117647058824,0.015,231327,143876,248011.36363636362
0.011411764705882354,0.009647058823529411,0.006,234206,189858,243854.74860335197
0.011411764705882354,0.009647058823529411,0.009,232877,170915,243854.74860335197
0.011411764705882354,0.009647058823529411,0.012,228666,155389,243854.74860335197
0.011411764705882354,0.009647058823529411,0.015,225510,142462,243854.74860335197
0.011411764705882354,0.01,0.006,231938,187371,239835.16483516485
0.011411764705882354,0.01,0.009,229532,168925,239835.16483516485
0.011411764705882354,0.01,0.012,226965,153727,239835.16483516485
0.011411764705882354,0.01,0.015,224913,141078,239835.16483516485
0.011411764705882354,0.010352941176470589,0.006,229291,185009,235945.94594594592
0.011411764705882354,0.010352941176470589,0.009,227985,166898,235945.94594594592
0.011411764705882354,0.010352941176470589,0.012,226081,152150,235945.94594594592
0.011411764705882354,0.010352941176470589,0.015,224358,139710,235945.94594594592
0.011411764705882354,0.010705882352941176,0.006,226535,182667,232180.85106382976
0.011411764705882354,0.010705882352941176,0.009,224599,165004,232180.85106382976
0.011411764705882354,0.010705882352941176,0.012,223647,150539,232180.85106382976
0.011411764705882354,0.010705882352941176,0.015,222248,138424,232180.85106382976
0.011411764705882354,0.011058823529411765,0.006,223456,180356,228534.03141361257
0.011411764705882354,0.011058823529411765,0.009,222329,163231,228534.03141361257
0.011411764705882354,0.011058823529411765,0.012,221152,149039,228534.03141361257
0.011411764705882354,0.011058823529411765,0.015,220488,137064,228534.03141361257
0.011411764705882354,0.011411764705882354,0.006,219792,178233,225000.0
0.011411764705882354,0.011411764705882354,0.009,217559,161399,225000.0
0.011411764705882354,0.011411764705882354,0.012,218655,147498,225000.0
0.011411764705882354,0.011411764705882354,0.015,215982,135817,225000.0
0.011411764705882354,0.011764705882352941,0.006,214313,176063,221573.60406091367
0.011411764705882354,0.011764705882352941,0.009,214625,159577,221573.60406091367
0.011411764705882354,0.011764705882352941,0.012,214981,145957,221573.60406091367
0.011411764705882354,0.011764705882352941,0.015,211380,134557,221573.60406091367
0.011411764705882354,0.01211764705882353,0.006,209949,173937,218249.99999999997
0.011411764705882354,0.01211764705882353,0.009,211754,157886,218249.99999999997
0.011411764705882354,0.01211764705882353,0.012,209732,144588,218249.99999999997
0.011411764705882354,0.01211764705882353,0.015,208712,133332,218249.99999999997
0.011411764705882354,0.012470588235294119,0.006,208378,171855,215024.6305418719
0.011411764705882354,0.012470588235294119,0.009,206279,156181,215024.6305418719
0.011411764705882354,0.012470588235294119,0.012,207222,143078,215024.6305418719
0.011411764705882354,0.012470588235294119,0.015,205283,132078,215024.6305418719
0.011411764705882354,0.012823529411764706,0.006,204397,169919,211893.20388349512
0.011411764705882354,0.012823529411764706,0.009,203685,154582,211893.20388349512
0.011411764705882354,0.012823529411764706,0.012,203157,141772,211893.20388349512
0.011411764705882354,0.012823529411764706,0.015,202464,130934,211893.20388349512
0.011411764705882354,0.013176470588235295,0.006,201962,167865,208851.67464114836
0.011411764705882354,0.013176470588235295,0.009,197585,152918,208851.67464114836
0.011411764705882354,0.013176470588235295,0.012,200681,140400,208851.67464114836
0.011411764705882354,0.013176470588235295,0.015,199805,129766,208851.67464114836
0.011411764705882354,0.013529411764705884,0.006,199024,166036,205896.22641509434
0.011411764705882354,0.013529411764705884,0.009,194997,151290,205896.22641509434
0.011411764705882354,0.013529411764705884,0.012,195607,139067,205896.22641509434
0.011411764705882354,0.013529411764705884,0.015,195365,128540,205896.22641509434
0.011411764705882354,0.01388235294117647,0.006,195229,164079,203023.2558139535
0.011411764705882354,0.01388235294117647,0.009,191940,149797,203023.2558139535
0.011411764705882354,0.01388235294117647,0.012,195062,137753,203023.2558139535
0.011411764705882354,0.01388235294117647,0.015,193396,127496,203023.2558139535
0.011411764705882354,0.01423529411764706,0.006,194440,162319,200229.35779816512
0.011411764705882354,0.01423529411764706,0.009,191398,148278,200229.35779816512
0.011411764705882354,0.01423529411764706,0.012,190469,136380,200229.35779816512
0.011411764705882354,0.01423529411764706,0.015,194257,126384,200229.35779816512
0.011411764705882354,0.014588235294117648,0.006,190535,160549,197511.31221719453
0.011411764705882354,0.014588235294117648,0.009,187895,146701,197511.31221719453
0.011411764705882354,0.014588235294117648,0.012,186579,135134,197511.31221719453
0.011411764705882354,0.014588235294117648,0.015,187293,125297,197511.31221719453
0.011411764705882354,0.014941176470588236,0.006,188731,158727,194866.07142857142
0.011411764705882354,0.014941176470588236,0.009,187057,145271,194866.07142857142
0.011411764705882354,0.014941176470588236,0.012,184039,133949,194866.07142857142
0.011411764705882354,0.014941176470588236,0.015,189216,124214,194866.07142857142
0.011411764705882354,0.015294117647058824,0.006,186266,157080,192290.74889867843
0.011411764705882354,0.015294117647058824,0.009,182811,143876,192290.74889867843
0.011411764705882354,0.015294117647058824,0.012,182521,132726,192290.74889867843
0.011411764705882354,0.015294117647058824,0.015,184451,123098,192290.74889867843
0.011411764705882354,0.015647058823529413,0.006,184341,155389,189782.60869565216
0.011411764705882354,0.015647058823529413,0.009,180868,142462,189782.60869565216
0.011411764705882354,0.015647058823529413,0.012,184262,131522,189782.60869565216
0.011411764705882354,0.015647058823529413,0.015,180674,122141,189782.60869565216
0.011411764705882354,0.016,0.006,181138,153727,187339.05579399143
0.011411764705882354,0.016,0.009,179208,141078,187339.05579399143
0.011411764705882354,0.016,0.012,179657,130365,187339.05579399143
0.011411764705882354,0.016,0.015,180922,121119,187339.05579399143
0.011764705882352941,0.004,0.006,286987,243241,335820.895522388
0.011764705882352941,0.004,0.009,274949,213876,335820.895522388
0.011764705882352941,0.004,0.012,266599,190681,335820.895522388
0.011764705882352941,0.004,0.015,260285,172083,335820.895522388
0.011764705882352941,0.004352941176470588,0.006,283420,239446,328467.15328467154
0.011764705882352941,0.004352941176470588,0.009,272031,210767,328467.15328467154
0.011764705882352941,0.004352941176470588,0.012,264093,188326,328467.15328467154
0.011764705882352941,0.004352941176470588,0.015,258313,170180,328467.15328467154
0.011764705882352941,0.004705882352941177,0.006,279680,235709,321428.57142857136
0.011764705882352941,0.004705882352941177,0.009,269059,207838,321428.57142857136
0.011764705882352941,0.004705882352941177,0.012,261742,186032,321428.57142857136
0.011764705882352941,0.004705882352941177,0.015,255864,168220,321428.57142857136
0.011764705882352941,0.005058823529411765,0.006,276021,231962,314685.31468531466
0.011764705882352941,0.005058823529411765,0.009,266377,205072,314685.31468531466
0.011764705882352941,0.005058823529411765,0.012,259242,183731,314685.31468531466
0.011764705882352941,0.005058823529411765,0.015,253444,166418,314685.31468531466
0.011764705882352941,0.005411764705882353,0.006,272571,228520,308219.1780821918
0.011764705882352941,0.005411764705882353,0.009,263643,202304,308219.1780821918
0.011764705882352941,0.005411764705882353,0.012,256966,181517,308219.1780821918
0.011764705882352941,0.005411764705882353,0.015,250997,164535,308219.1780821918
0.011764705882352941,0.005764705882352941,0.006,269529,225045,302013.42281879194
0.011764705882352941,0.005764705882352941,0.009,260906,199599,302013.42281879194
0.011764705882352941,0.005764705882352941,0.012,254191,179347,302013.42281879194
0.011764705882352941,0.005764705882352941,0.015,249316,162800,302013.42281879194
0.011764705882352941,0.00611764705882353,0.006,266036,221772,296052.63157894736
0.011764705882352941,0.00611764705882353,0.009,257912,196981,296052.63157894736
0.011764705882352941,0.00611764705882353,0.012,251957,177221,296052.63157894736
0.011764705882352941,0.00611764705882353,0.015,246992,161054,296052.63157894736
0.011764705882352941,0.006470588235294118,0.006,262829,218500,290322.58064516133
0.011764705882352941,0.006470588235294118,0.009,255400,194424,290322.58064516133
0.011764705882352941,0.006470588235294118,0.012,249546,175159,290322.58064516133
0.011764705882352941,0.006470588235294118,0.015,244688,159288,290322.58064516133
0.011764705882352941,0.006823529411764706,0.006,259705,215303,284810.1265822785
0.011764705882352941,0.006823529411764706,0.009,252274,191931,284810.1265822785
0.011764705882352941,0.006823529411764706,0.012,247460,173101,284810.1265822785
0.011764705882352941,0.006823529411764706,0.015,242965,157676,284810.1265822785
0.011764705882352941,0.007176470588235295,0.006,256353,212357,279503.10559006216
0.011764705882352941,0.007176470588235295,0.009,250459,189542,279503.10559006216
0.011764705882352941,0.007176470588235295,0.012,245054,171133,279503.10559006216
0.011764705882352941,0.007176470588235295,0.015,241376,156044,279503.10559006216
0.011764705882352941,0.0075294117647058826,0.006,253124,209388,274390.243902439
0.011764705882352941,0.0075294117647058826,0.009,246583,187134,274390.243902439
0.011764705882352941,0.0075294117647058826,0.012,242687,169161,274390.243902439
0.011764705882352941,0.0075294117647058826,0.015,238723,154442,274390.243902439
0.011764705882352941,0.00788235294117647,0.006,250343,206414,269461.0778443114
0.011764705882352941,0.00788235294117647,0.009,244264,184838,269461.0778443114
0.011764705882352941,0.00788235294117647,0.012,240648,167353,269461.0778443114
0.011764705882352941,0.00788235294117647,0.015,236920,152835,269461.0778443114
0.011764705882352941,0.00823529411764706,0.006,247446,203632,264705.88235294115
0.011764705882352941,0.00823529411764706,0.009,242324,182601,264705.88235294115
0.011764705882352941,0.00823529411764706,0.012,238472,165474,264705.88235294115
0.011764705882352941,0.00823529411764706,0.015,235649,151307,264705.88235294115
0.011764705882352941,0.008588235294117647,0.006,244170,200953,260115.6069364162
0.011764705882352941,0.008588235294117647,0.009,239640,180423,260115.6069364162
0.011764705882352941,0.008588235294117647,0.012,235632,163607,260115.6069364162
0.011764705882352941,0.008588235294117647,0.015,232637,149743,260115.6069364162
0.011764705882352941,0.008941176470588235,0.006,241802,198299,255681.8181818182
0.011764705882352941,0.008941176470588235,0.009,236823,178205,255681.8181818182
0.011764705882352941,0.008941176470588235,0.012,234749,161922,255681.8181818182
0.011764705882352941,0.008941176470588235,0.015,231013,148362,255681.8181818182
0.011764705882352941,0.009294117647058824,0.006,239827,195739,251396.64804469267
0.011764705882352941,0.009294117647058824,0.009,236430,176103,251396.64804469267
0.011764705882352941,0.009294117647058824,0.012,230721,160210,251396.64804469267
0.011764705882352941,0.009294117647058824,0.015,230437,146868,251396.64804469267
0.011764705882352941,0.009647058823529411,0.006,235967,193179,247252.74725274724
0.011764705882352941,0.009647058823529411,0.009,233006,174058,247252.74725274724
0.011764705882352941,0.009647058823529411,0.012,230072,158477,247252.74725274724
0.011764705882352941,0.009647058823529411,0.015,226428,145379,247252.74725274724
0.011764705882352941,0.01,0.006,233666,190681,243243.24324324325
0.011764705882352941,0.01,0.009,230355,172083,243243.24324324325
0.011764705882352941,0.01,0.012,229709,156856,243243.24324324325
0.011764705882352941,0.01,0.015,228819,144058,243243.24324324325
0.011764705882352941,0.010352941176470589,0.006,232038,188326,239361.70212765958
0.011764705882352941,0.010352941176470589,0.009,229786,170180,239361.70212765958
0.011764705882352941,0.010352941176470589,0.012,227932,155231,239361.70212765958
0.011764705882352941,0.010352941176470589,0.015,226627,142674,239361.70212765958
0.011764705882352941,0.010705882352941176,0.006,229840,186032,235602.0942408377
0.011764705882352941,0.010705882352941176,0.009,227765,168220,235602.0942408377
0.011764705882352941,0.010705882352941176,0.012,224895,153579,235602.0942408377
0.011764705882352941,0.010705882352941176,0.015,224544,141325,235602.0942408377
0.011764705882352941,0.011058823529411765,0.006,226757,183731,231958.76288659792
0.011764705882352941,0.011058823529411765,0.009,225103,166418,231958.76288659792
0.011764705882352941,0.011058823529411765,0.012,223703,152083,231958.76288659792
0.011764705882352941,0.011058823529411765,0.015,222517,140017,231958.76288659792
0.011764705882352941,0.011411764705882354,0.006,224138,181517,228426.39593908627
0.011764705882352941,0.011411764705882354,0.009,222581,164535,228426.39593908627
0.011764705882352941,0.011411764705882354,0.012,221526,150570,228426.39593908627
0.011764705882352941,0.011411764705882354,0.015,219485,138728,228426.39593908627
0.011764705882352941,0.011764705882352941,0.006,221017,179347,225000.0
0.011764705882352941,0.011764705882352941,0.009,218891,162800,225000.0
0.011764705882352941,0.011764705882352941,0.012,218672,149063,225000.0
0.011764705882352941,0.011764705882352941,0.015,216116,137473,225000.0
0.011764705882352941,0.01211764705882353,0.006,217491,177221,221674.87684729058
0.011764705882352941,0.01211764705882353,0.009,216269,161054,221674.87684729058
0.011764705882352941,0.01211764705882353,0.012,214943,147512,221674.87684729058
0.011764705882352941,0.01211764705882353,0.015,212364,136144,221674.87684729058
0.011764705882352941,0.012470588235294119,0.006,213869,175159,218446.60194174756
0.011764705882352941,0.012470588235294119,0.009,207080,159288,218446.60194174756
0.011764705882352941,0.012470588235294119,0.012,211808,146135,218446.60194174756
0.011764705882352941,0.012470588235294119,0.015,210264,134905,218446.60194174756
0.011764705882352941,0.012823529411764706,0.006,211226,173101,215311.004784689
0.011764705882352941,0.012823529411764706,0.009,207978,157676,215311.004784689
0.011764705882352941,0.012823529411764706,0.012,207043,144706,215311.004784689
0.011764705882352941,0.012823529411764706,0.015,207432,133783,215311.004784689
0.011764705882352941,0.013176470588235295,0.006,204396,171133,212264.1509433962
0.011764705882352941,0.013176470588235295,0.009,205396,156044,212264.1509433962
0.011764705882352941,0.013176470588235295,0.012,204623,143281,212264.1509433962
0.011764705882352941,0.013176470588235295,0.015,202825,132601,212264.1509433962
0.011764705882352941,0.013529411764705884,0.006,201789,169161,209302.32558139536
0.011764705882352941,0.013529411764705884,0.009,200515,154442,209302.32558139536
0.011764705882352941,0.013529411764705884,0.012,202385,141921,209302.32558139536
0.011764705882352941,0.013529411764705884,0.015,198707,131394,209302.32558139536
0.011764705882352941,0.01388235294117647,0.006,198818,167353,206422.01834862385
0.011764705882352941,0.01388235294117647,0.009,198049,152835,206422.01834862385
0.011764705882352941,0.01388235294117647,0.012,195951,140606,206422.01834862385
0.011764705882352941,0.01388235294117647,0.015,195915,130291,206422.01834862385
0.011764705882352941,0.01423529411764706,0.006,197144,165474,203619.90950226242
0.011764705882352941,0.01423529411764706,0.009,194229,151307,203619.90950226242
0.011764705882352941,0.01423529411764706,0.012,194157,139368,203619.90950226242
0.011764705882352941,0.01423529411764706,0.015,196272,129157,203619.90950226242
0.011764705882352941,0.014588235294117648,0.006,191811,163607,200892.85714285713
0.011764705882352941,0.014588235294117648,0.009,193172,149743,200892.85714285713
0.011764705882352941,0.014588235294117648,0.012,194480,138009,200892.85714285713
0.011764705882352941,0.014588235294117648,0.015,189876,128070,200892.85714285713
0.011764705882352941,0.014941176470588236,0.006,191044,161922,198237.88546255504
0.011764705882352941,0.014941176470588236,0.009,190513,148362,198237.88546255504
0.011764705882352941,0.014941176470588236,0.012,189360,136840,198237.88546255504
0.011764705882352941,0.014941176470588236,0.015,191237,126932,198237.88546255504
0.011764705882352941,0.015294117647058824,0.006,190786,160210,195652.17391304346
0.011764705882352941,0.015294117647058824,0.009,185213,146868,195652.17391304346
0.011764705882352941,0.015294117647058824,0.012,190156,135589,195652.17391304346
0.011764705882352941,0.015294117647058824,0.015,185163,125923,195652.17391304346
0.011764705882352941,0.015647058823529413,0.006,190934,158477,193133.0472103004
0.011764705882352941,0.015647058823529413,0.009,184493,145379,193133.0472103004
0.011764705882352941,0.015647058823529413,0.012,184621,134375,193133.0472103004
0.011764705882352941,0.015647058823529413,0.015,182401,124872,193133.0472103004
0.011764705882352941,0.016,0.006,182715,156856,190677.96610169488
0.011764705882352941,0.016,0.009,183585,144058,190677.96610169488
0.011764705882352941,0.016,0.012,184202,133121,190677.96610169488
0.011764705882352941,0.016,0.015,181975,123841,190677.96610169488
0.01211764705882353,0.004,0.006,289215,246617,338321.1678832117
0.01211764705882353,0.004,0.009,277038,217181,338321.1678832117
0.01211764705882353,0.004,0.012,268441,193952,338321.1678832117
0.01211764705882353,0.004,0.015,261727,175305,338321.1678832117
0.01211764705882353,0.004352941176470588,0.006,285509,242715,331071.4285714286
0.01211764705882353,0.004352941176470588,0.009,273922,214068,331071.4285714286
0.01211764705882353,0.004352941176470588,0.012,265603,191533,331071.4285714286
0.01211764705882353,0.004352941176470588,0.015,259352,173266,331071.4285714286
0.01211764705882353,0.004705882352941177,0.006,282050,238979,324125.87412587414
0.01211764705882353,0.004705882352941177,0.009,271051,211146,324125.87412587414
0.01211764705882353,0.004705882352941177,0.012,263593,189256,324125.87412587414
0.01211764705882353,0.004705882352941177,0.015,257567,171382,324125.87412587414
0.01211764705882353,0.005058823529411765,0.006,278241,235370,317465.75342465757
0.01211764705882353,0.005058823529411765,0.009,267869,208356,317465.75342465757
0.01211764705882353,0.005058823529411765,0.012,260514,186882,317465.75342465757
0.01211764705882353,0.005058823529411765,0.015,255138,169459,317465.75342465757
0.01211764705882353,0.005411764705882353,0.006,275037,231802,311073.8255033557
0.01211764705882353,0.005411764705882353,0.009,265639,205590,311073.8255033557
0.01211764705882353,0.005411764705882353,0.012,257869,184640,311073.8255033557
0.01211764705882353,0.005411764705882353,0.015,252954,167694,311073.8255033557
0.01211764705882353,0.005764705882352941,0.006,271722,228419,304934.2105263158
0.01211764705882353,0.005764705882352941,0.009,262395,202864,304934.2105263158
0.01211764705882353,0.005764705882352941,0.012,255751,182538,304934.2105263158
0.01211764705882353,0.005764705882352941,0.015,250979,165898,304934.2105263158
0.01211764705882353,0.00611764705882353,0.006,268425,225011,299032.2580645161
0.01211764705882353,0.00611764705882353,0.009,259784,200291,299032.2580645161
0.01211764705882353,0.00611764705882353,0.012,253352,180386,299032.2580645161
0.01211764705882353,0.00611764705882353,0.015,248378,164097,299032.2580645161
0.01211764705882353,0.006470588235294118,0.006,265212,221801,293354.4303797469
0.01211764705882353,0.006470588235294118,0.009,257239,197732,293354.4303797469
0.01211764705882353,0.006470588235294118,0.012,251278,178309,293354.4303797469
0.01211764705882353,0.006470588235294118,0.015,246101,162344,293354.4303797469
0.01211764705882353,0.006823529411764706,0.006,261836,218622,287888.198757764
0.01211764705882353,0.006823529411764706,0.009,254414,195159,287888.198757764
0.01211764705882353,0.006823529411764706,0.012,249325,176222,287888.198757764
0.01211764705882353,0.006823529411764706,0.015,244776,160667,287888.198757764
0.01211764705882353,0.007176470588235295,0.006,258788,215587,282621.9512195122
0.01211764705882353,0.007176470588235295,0.009,251712,192796,282621.9512195122
0.01211764705882353,0.007176470588235295,0.012,246768,174315,282621.9512195122
0.01211764705882353,0.007176470588235295,0.015,242515,159076,282621.9512195122
0.01211764705882353,0.0075294117647058826,0.006,255701,212687,277544.9101796407
0.01211764705882353,0.0075294117647058826,0.009,249202,190409,277544.9101796407
0.01211764705882353,0.0075294117647058826,0.012,244557,172370,277544.9101796407
0.01211764705882353,0.0075294117647058826,0.015,240597,157354,277544.9101796407
0.01211764705882353,0.00788235294117647,0.006,252433,209738,272647.05882352946
0.01211764705882353,0.00788235294117647,0.009,246371,188005,272647.05882352946
0.01211764705882353,0.00788235294117647,0.012,241815,170389,272647.05882352946
0.01211764705882353,0.00788235294117647,0.015,239059,155834,272647.05882352946
0.01211764705882353,0.00823529411764706,0.006,249450,206971,267919.0751445087
0.01211764705882353,0.00823529411764706,0.009,243961,185804,267919.0751445087
0.01211764705882353,0.00823529411764706,0.012,239809,168530,267919.0751445087
0.01211764705882353,0.00823529411764706,0.015,237361,154270,267919.0751445087
0.01211764705882353,0.008588235294117647,0.006,246453,204203,263352.27272727276
0.01211764705882353,0.008588235294117647,0.009,241737,183636,263352.27272727276
0.01211764705882353,0.008588235294117647,0.012,238403,166767,263352.27272727276
0.01211764705882353,0.008588235294117647,0.015,235391,152742,263352.27272727276
0.01211764705882353,0.008941176470588235,0.006,243308,201538,258938.54748603352
0.01211764705882353,0.008941176470588235,0.009,238964,181447,258938.54748603352
0.01211764705882353,0.008941176470588235,0.012,236603,165016,258938.54748603352
0.01211764705882353,0.008941176470588235,0.015,232384,151280,258938.54748603352
0.01211764705882353,0.009294117647058824,0.006,240500,198908,254670.32967032967
0.01211764705882353,0.009294117647058824,0.009,237310,179333,254670.32967032967
0.01211764705882353,0.009294117647058824,0.012,233187,163214,254670.32967032967
0.01211764705882353,0.009294117647058824,0.015,230278,149758,254670.32967032967
0.01211764705882353,0.009647058823529411,0.006,238623,196468,250540.54054054056
0.01211764705882353,0.009647058823529411,0.009,234792,177285,250540.54054054056
0.01211764705882353,0.009647058823529411,0.012,233220,161548,250540.54054054056
0.01211764705882353,0.009647058823529411,0.015,230890,148362,250540.54054054056
0.01211764705882353,0.01,0.006,236758,193952,246542.55319148934
0.01211764705882353,0.01,0.009,233535,175305,246542.55319148934
0.01211764705882353,0.01,0.012,232997,159806,246542.55319148934
0.01211764705882353,0.01,0.015,228797,146925,246542.55319148934
0.01211764705882353,0.010352941176470589,0.006,232725,191533,242670.15706806284
0.01211764705882353,0.010352941176470589,0.009,231781,173266,242670.15706806284
0.01211764705882353,0.010352941176470589,0.012,229690,158259,242670.15706806284
0.01211764705882353,0.010352941176470589,0.015,226923,145581,242670.15706806284
0.01211764705882353,0.010705882352941176,0.006,231098,189256,238917.52577319587
0.01211764705882353,0.010705882352941176,0.009,229647,171382,238917.52577319587
0.01211764705882353,0.010705882352941176,0.012,227555,156625,238917.52577319587
0.01211764705882353,0.010705882352941176,0.015,226324,144165,238917.52577319587
0.01211764705882353,0.011058823529411765,0.006,229187,186882,235279.1878172589
0.01211764705882353,0.011058823529411765,0.009,226017,169459,235279.1878172589
0.01211764705882353,0.011058823529411765,0.012,226150,155073,235279.1878172589
0.01211764705882353,0.011058823529411765,0.015,223029,142845,235279.1878172589
0.01211764705882353,0.011411764705882354,0.006,226611,184640,231750.00000000003
0.01211764705882353,0.011411764705882354,0.009,224499,167694,231750.00000000003
0.01211764705882353,0.011411764705882354,0.012,221357,153532,231750.00000000003
0.01211764705882353,0.011411764705882354,0.015,222212,141574,231750.00000000003
0.01211764705882353,0.011764705882352941,0.006,223964,182538,228325.12315270933
0.01211764705882353,0.011764705882352941,0.009,222561,165898,228325.12315270933
0.01211764705882353,0.011764705882352941,0.012,221506,152037,228325.12315270933
0.01211764705882353,0.011764705882352941,0.015,217124,140236,228325.12315270933
0.01211764705882353,0.01211764705882353,0.006,220688,180386,224999.99999999997
0.01211764705882353,0.01211764705882353,0.009,218381,164097,224999.99999999997
0.01211764705882353,0.01211764705882353,0.012,216879,150492,224999.99999999997
0.01211764705882353,0.01211764705882353,0.015,217413,139033,224999.99999999997
0.01211764705882353,0.012470588235294119,0.006,217246,178309,221770.33492822965
0.01211764705882353,0.012470588235294119,0.009,215850,162344,221770.33492822965
0.01211764705882353,0.012470588235294119,0.012,214007,149094,221770.33492822965
0.01211764705882353,0.012470588235294119,0.015,213823,137796,221770.33492822965
0.01211764705882353,0.012823529411764706,0.006,214848,176222,218632.07547169813
0.01211764705882353,0.012823529411764706,0.009,211648,160667,218632.07547169813
0.01211764705882353,0.012823529411764706,0.012,210989,147598,218632.07547169813
0.01211764705882353,0.012823529411764706,0.015,209842,136505,218632.07547169813
0.01211764705882353,0.013176470588235295,0.006,208365,174315,215581.39534883722
0.01211764705882353,0.013176470588235295,0.009,206291,159076,215581.39534883722
0.01211764705882353,0.013176470588235295,0.012,206463,146216,215581.39534883722
0.01211764705882353,0.013176470588235295,0.015,207836,135383,215581.39534883722
0.01211764705882353,0.013529411764705884,0.006,208846,172370,212614.67889908262
0.01211764705882353,0.013529411764705884,0.009,205853,157354,212614.67889908262
0.01211764705882353,0.013529411764705884,0.012,201746,144910,212614.67889908262
0.01211764705882353,0.013529411764705884,0.015,202843,134204,212614.67889908262
0.01211764705882353,0.01388235294117647,0.006,202510,170389,209728.50678733035
0.01211764705882353,0.01388235294117647,0.009,199484,155834,209728.50678733035
0.01211764705882353,0.01388235294117647,0.012,197675,143484,209728.50678733035
0.01211764705882353,0.01388235294117647,0.015,197913,133035,209728.50678733035
0.01211764705882353,0.01423529411764706,0.006,199098,168530,206919.64285714284
0.01211764705882353,0.01423529411764706,0.009,200943,154270,206919.64285714284
0.01211764705882353,0.01423529411764706,0.012,198414,142155,206919.64285714284
0.01211764705882353,0.01423529411764706,0.015,197315,131876,206919.64285714284
0.01211764705882353,0.014588235294117648,0.006,199422,166767,204185.02202643172
0.01211764705882353,0.014588235294117648,0.009,196585,152742,204185.02202643172
0.01211764705882353,0.014588235294117648,0.012,196724,140933,204185.02202643172
0.01211764705882353,0.014588235294117648,0.015,196697,130805,204185.02202643172
0.01211764705882353,0.014941176470588236,0.006,194659,165016,201521.73913043478
0.01211764705882353,0.014941176470588236,0.009,193897,151280,201521.73913043478
0.01211764705882353,0.014941176470588236,0.012,190916,139607,201521.73913043478
0.01211764705882353,0.014941176470588236,0.015,191344,129626,201521.73913043478
0.01211764705882353,0.015294117647058824,0.006,191181,163214,198927.0386266095
0.01211764705882353,0.015294117647058824,0.009,187779,149758,198927.0386266095
0.01211764705882353,0.015294117647058824,0.012,191977,138332,198927.0386266095
0.01211764705882353,0.015294117647058824,0.015,188169,128585,198927.0386266095
0.01211764705882353,0.015647058823529413,0.006,190476,161548,196398.30508474578
0.01211764705882353,0.015647058823529413,0.009,187750,148362,196398.30508474578
0.01211764705882353,0.015647058823529413,0.012,187283,137144,196398.30508474578
0.01211764705882353,0.015647058823529413,0.015,186066,127553,196398.30508474578
0.01211764705882353,0.016,0.006,185183,159806,193933.05439330544
0.01211764705882353,0.016,0.009,188087,146925,193933.05439330544
0.01211764705882353,0.016,0.012,183710,135970,193933.05439330544
0.01211764705882353,0.016,0.015,187745,126488,193933.05439330544
0.012470588235294119,0.004,0.006,291326,249735,340714.2857142857
0.012470588235294119,0.004,0.009,278596,220374,340714.2857142857
0.012470588235294119,0.004,0.012,270013,197158,340714.2857142857
0.012470588235294119,0.004,0.015,263088,178379,340714.2857142857
0.012470588235294119,0.004352941176470588,0.006,287486,245976,333566.43356643355
0.012470588235294119,0.004352941176470588,0.009,275792,217303,333566.43356643355
0.012470588235294119,0.004352941176470588,0.012,267663,194701,333566.43356643355
0.012470588235294119,0.004352941176470588,0.015,260824,176400,333566.43356643355
0.012470588235294119,0.004705882352941177,0.006,283933,242178,326712.32876712334
0.012470588235294119,0.004705882352941177,0.009,272590,214434,326712.32876712334
0.012470588235294119,0.004705882352941177,0.012,264494,192412,326712.32876712334
0.012470588235294119,0.004705882352941177,0.015,259016,174386,326712.32876712334
0.012470588235294119,0.005058823529411765,0.006,280504,238503,320134.2281879195
0.012470588235294119,0.005058823529411765,0.009,269900,211517,320134.2281879195
0.012470588235294119,0.005058823529411765,0.012,262542,190106,320134.2281879195
0.012470588235294119,0.005058823529411765,0.015,256744,172548,320134.2281879195
0.012470588235294119,0.005411764705882353,0.006,277143,234973,313815.7894736842
0.012470588235294119,0.005411764705882353,0.009,267503,208753,313815.7894736842
0.012470588235294119,0.005411764705882353,0.012,259886,187849,313815.7894736842
0.012470588235294119,0.005411764705882353,0.015,254552,170641,313815.7894736842
0.012470588235294119,0.005764705882352941,0.006,273804,231597,307741.93548387097
0.012470588235294119,0.005764705882352941,0.009,264631,206076,307741.93548387097
0.012470588235294119,0.005764705882352941,0.012,257512,185614,307741.93548387097
0.012470588235294119,0.005764705882352941,0.015,252771,168828,307741.93548387097
0.012470588235294119,0.00611764705882353,0.006,270505,228260,301898.7341772152
0.012470588235294119,0.00611764705882353,0.009,261513,203401,301898.7341772152
0.012470588235294119,0.00611764705882353,0.012,255691,183455,301898.7341772152
0.012470588235294119,0.00611764705882353,0.015,250354,167135,301898.7341772152
0.012470588235294119,0.006470588235294118,0.006,267333,225088,296273.29192546586
0.012470588235294119,0.006470588235294118,0.009,259155,200823,296273.29192546586
0.012470588235294119,0.006470588235294118,0.012,252774,181435,296273.29192546586
0.012470588235294119,0.006470588235294118,0.015,248310,165384,296273.29192546586
0.012470588235294119,0.006823529411764706,0.006,264042,221876,290853.6585365854
0.012470588235294119,0.006823529411764706,0.009,256309,198363,290853.6585365854
0.012470588235294119,0.006823529411764706,0.012,250812,179394,290853.6585365854
0.012470588235294119,0.006823529411764706,0.015,246352,163643,290853.6585365854
0.012470588235294119,0.007176470588235295,0.006,261066,218825,285628.7425149701
0.012470588235294119,0.007176470588235295,0.009,254110,195970,285628.7425149701
0.012470588235294119,0.007176470588235295,0.012,248717,177286,285628.7425149701
0.012470588235294119,0.007176470588235295,0.015,244737,162012,285628.7425149701
0.012470588235294119,0.0075294117647058826,0.006,257771,215910,280588.2352941176
0.012470588235294119,0.0075294117647058826,0.009,251379,193574,280588.2352941176
0.012470588235294119,0.0075294117647058826,0.012,246602,175376,280588.2352941176
0.012470588235294119,0.0075294117647058826,0.015,242523,160400,280588.2352941176
0.012470588235294119,0.00788235294117647,0.006,254892,213023,275722.5433526012
0.012470588235294119,0.00788235294117647,0.009,248702,191212,275722.5433526012
0.012470588235294119,0.00788235294117647,0.012,243712,173519,275722.5433526012
0.012470588235294119,0.00788235294117647,0.015,240778,158789,275722.5433526012
0.012470588235294119,0.00823529411764706,0.006,251981,210170,271022.72727272724
0.012470588235294119,0.00823529411764706,0.009,246429,188955,271022.72727272724
0.012470588235294119,0.00823529411764706,0.012,242376,171555,271022.72727272724
0.012470588235294119,0.00823529411764706,0.015,238359,157204,271022.72727272724
0.012470588235294119,0.008588235294117647,0.006,249405,207424,266480.4469273743
0.012470588235294119,0.008588235294117647,0.009,243720,186765,266480.4469273743
0.012470588235294119,0.008588235294117647,0.012,240018,169758,266480.4469273743
0.012470588235294119,0.008588235294117647,0.015,236638,155640,266480.4469273743
0.012470588235294119,0.008941176470588235,0.006,245789,204806,262087.9120879121
0.012470588235294119,0.008941176470588235,0.009,240816,184580,262087.9120879121
0.012470588235294119,0.008941176470588235,0.012,237697,167958,262087.9120879121
0.012470588235294119,0.008941176470588235,0.015,235078,154171,262087.9120879121
0.012470588235294119,0.009294117647058824,0.006,243343,202110,257837.8378378378
0.012470588235294119,0.009294117647058824,0.009,239701,182465,257837.8378378378
0.012470588235294119,0.009294117647058824,0.012,237512,166231,257837.8378378378
0.012470588235294119,0.009294117647058824,0.015,232950,152629,257837.8378378378
0.012470588235294119,0.009647058823529411,0.006,240708,199572,253723.4042553191
0.012470588235294119,0.009647058823529411,0.009,236281,180410,253723.4042553191
0.012470588235294119,0.009647058823529411,0.012,234737,164543,253723.4042553191
0.012470588235294119,0.009647058823529411,0.015,231237,151198,253723.4042553191
0.012470588235294119,0.01,0.006,239064,197158,249738.21989528794
0.012470588235294119,0.01,0.009,234980,178379,249738.21989528794
0.012470588235294119,0.01,0.012,231295,162842,249738.21989528794
0.012470588235294119,0.01,0.015,228758,149739,249738.21989528794
0.012470588235294119,0.010352941176470589,0.006,237129,194701,245876.28865979382
0.012470588235294119,0.010352941176470589,0.009,232993,176400,245876.28865979382
0.012470588235294119,0.010352941176470589,0.012,232825,161164,245876.28865979382
0.012470588235294119,0.010352941176470589,0.015,229168,148360,245876.28865979382
0.012470588235294119,0.010705882352941176,0.006,234301,192412,242131.97969543145
0.012470588235294119,0.010705882352941176,0.009,230365,174386,242131.97969543145
0.012470588235294119,0.010705882352941176,0.012,228963,159590,242131.97969543145
0.012470588235294119,0.010705882352941176,0.015,226642,147062,242131.97969543145
0.012470588235294119,0.011058823529411765,0.006,232016,190106,238499.99999999997
0.012470588235294119,0.011058823529411765,0.009,226737,172548,238499.99999999997
0.012470588235294119,0.011058823529411765,0.012,227668,158015,238499.99999999997
0.012470588235294119,0.011058823529411765,0.015,226160,145637,238499.99999999997
0.012470588235294119,0.011411764705882354,0.006,227908,187849,234975.36945812806
0.012470588235294119,0.011411764705882354,0.009,227311,170641,234975.36945812806
0.012470588235294119,0.011411764705882354,0.012,225609,156448,234975.36945812806
0.012470588235294119,0.011411764705882354,0.015,224289,144298,234975.36945812806
0.012470588235294119,0.011764705882352941,0.006,226706,185614,231553.39805825244
0.012470588235294119,0.011764705882352941,0.009,224970,168828,231553.39805825244
0.012470588235294119,0.011764705882352941,0.012,222933,154892,231553.39805825244
0.012470588235294119,0.011764705882352941,0.015,221726,142999,231553.39805825244
0.012470588235294119,0.01211764705882353,0.006,224171,183455,228229.6650717703
0.012470588235294119,0.01211764705882353,0.009,222230,167135,228229.6650717703
0.012470588235294119,0.01211764705882353,0.012,221442,153409,228229.6650717703
0.012470588235294119,0.01211764705882353,0.015,219677,141731,228229.6650717703
0.012470588235294119,0.012470588235294119,0.006,220243,181435,225000.0
0.012470588235294119,0.012470588235294119,0.009,219344,165384,225000.0
0.012470588235294119,0.012470588235294119,0.012,218600,151906,225000.0
0.012470588235294119,0.012470588235294119,0.015,216286,140550,225000.0
0.012470588235294119,0.012823529411764706,0.006,216911,179394,221860.46511627908
0.012470588235294119,0.012823529411764706,0.009,215110,163643,221860.46511627908
0.012470588235294119,0.012823529411764706,0.012,213146,150513,221860.46511627908
0.012470588235294119,0.012823529411764706,0.015,213422,139316,221860.46511627908
0.012470588235294119,0.013176470588235295,0.006,214924,177286,218807.33944954126
0.012470588235294119,0.013176470588235295,0.009,211762,162012,218807.33944954126
0.012470588235294119,0.013176470588235295,0.012,210580,149086,218807.33944954126
0.012470588235294119,0.013176470588235295,0.015,209851,138027,218807.33944954126
0.012470588235294119,0.013529411764705884,0.006,209177,175376,215837.1040723982
0.012470588235294119,0.013529411764705884,0.009,206999,160400,215837.1040723982
0.012470588235294119,0.013529411764705884,0.012,206956,147735,215837.1040723982
0.012470588235294119,0.013529411764705884,0.015,207711,136916,215837.1040723982
0.012470588235294119,0.01388235294117647,0.006,207264,173519,212946.42857142858
0.012470588235294119,0.01388235294117647,0.009,206291,158789,212946.42857142858
0.012470588235294119,0.01388235294117647,0.012,204146,146334,212946.42857142858
0.012470588235294119,0.01388235294117647,0.015,203073,135712,212946.42857142858
0.012470588235294119,0.01423529411764706,0.006,201212,171555,210132.15859030836
0.012470588235294119,0.01423529411764706,0.009,203971,157204,210132.15859030836
0.012470588235294119,0.01423529411764706,0.012,198253,145035,210132.15859030836
0.012470588235294119,0.01423529411764706,0.015,201795,134531,210132.15859030836
0.012470588235294119,0.014588235294117648,0.006,198572,169758,207391.30434782608
0.012470588235294119,0.014588235294117648,0.009,200664,155640,207391.30434782608
0.012470588235294119,0.014588235294117648,0.012,198611,143726,207391.30434782608
0.012470588235294119,0.014588235294117648,0.015,196271,133395,207391.30434782608
0.012470588235294119,0.014941176470588236,0.006,195583,167958,204721.03004291846
0.012470588235294119,0.014941176470588236,0.009,194156,154171,204721.03004291846
0.012470588235294119,0.014941176470588236,0.012,197699,142445,204721.03004291846
0.012470588235294119,0.014941176470588236,0.015,195343,132364,204721.03004291846
0.012470588235294119,0.015294117647058824,0.006,195509,166231,202118.64406779662
0.012470588235294119,0.015294117647058824,0.009,197834,152629,202118.64406779662
0.012470588235294119,0.015294117647058824,0.012,193361,141171,202118.64406779662
0.012470588235294119,0.015294117647058824,0.015,195387,131192,202118.64406779662
0.012470588235294119,0.015647058823529413,0.006,192881,164543,199581.58995815896
0.012470588235294119,0.015647058823529413,0.009,191069,151198,199581.58995815896
0.012470588235294119,0.015647058823529413,0.012,189697,139933,199581.58995815896
0.012470588235294119,0.015647058823529413,0.015,191892,130213,199581.58995815896
0.012470588235294119,0.016,0.006,190909,162842,197107.4380165289
0.012470588235294119,0.016,0.009,187099,149739,197107.4380165289
0.012470588235294119,0.016,0.012,184663,138704,197107.4380165289
0.012470588235294119,0.016,0.015,186365,129061,197107.4380165289
0.012823529411764706,0.004,0.006,292949,252854,343006.99300699297
0.012823529411764706,0.004,0.009,280561,223452,343006.99300699297
0.012823529411764706,0.004,0.012,271510,200217,343006.99300699297
0.012823529411764706,0.004,0.015,264999,181403,343006.99300699297
0.012823529411764706,0.004352941176470588,0.006,289532,249034,335958.90410958906
0.012823529411764706,0.004352941176470588,0.009,277612,220469,335958.90410958906
0.012823529411764706,0.004352941176470588,0.012,269084,197856,335958.90410958906
0.012823529411764706,0.004352941176470588,0.015,262550,179372,335958.90410958906
0.012823529411764706,0.004705882352941177,0.006,286076,245272,329194.63087248325
0.012823529411764706,0.004705882352941177,0.009,274697,217556,329194.63087248325
0.012823529411764706,0.004705882352941177,0.012,266618,195414,329194.63087248325
0.012823529411764706,0.004705882352941177,0.015,260507,177369,329194.63087248325
0.012823529411764706,0.005058823529411765,0.006,282550,241691,322697.36842105264
0.012823529411764706,0.005058823529411765,0.009,271951,214691,322697.36842105264
0.012823529411764706,0.005058823529411765,0.012,264158,193182,322697.36842105264
0.012823529411764706,0.005058823529411765,0.015,258311,175468,322697.36842105264
0.012823529411764706,0.005411764705882353,0.006,279115,238167,316451.6129032258
0.012823529411764706,0.005411764705882353,0.009,268921,211913,316451.6129032258
0.012823529411764706,0.005411764705882353,0.012,261839,190871,316451.6129032258
0.012823529411764706,0.005411764705882353,0.015,256241,173688,316451.6129032258
0.012823529411764706,0.005764705882352941,0.006,275916,234685,310443.03797468357
0.012823529411764706,0.005764705882352941,0.009,266203,209255,310443.03797468357
0.012823529411764706,0.005764705882352941,0.012,259340,188721,310443.03797468357
0.012823529411764706,0.005764705882352941,0.015,253966,171866,310443.03797468357
0.012823529411764706,0.00611764705882353,0.006,272706,231358,304658.38509316766
0.012823529411764706,0.00611764705882353,0.009,263632,206499,304658.38509316766
0.012823529411764706,0.00611764705882353,0.012,257228,186572,304658.38509316766
0.012823529411764706,0.00611764705882353,0.015,252038,169998,304658.38509316766
0.012823529411764706,0.006470588235294118,0.006,269159,228176,299085.3658536585
0.012823529411764706,0.006470588235294118,0.009,261181,204025,299085.3658536585
0.012823529411764706,0.006470588235294118,0.012,255262,184428,299085.3658536585
0.012823529411764706,0.006470588235294118,0.015,249698,168248,299085.3658536585
0.012823529411764706,0.006823529411764706,0.006,266227,225056,293712.5748502994
0.012823529411764706,0.006823529411764706,0.009,258558,201470,293712.5748502994
0.012823529411764706,0.006823529411764706,0.012,252658,182348,293712.5748502994
0.012823529411764706,0.006823529411764706,0.015,247962,166610,293712.5748502994
0.012823529411764706,0.007176470588235295,0.006,262885,222023,288529.4117647059
0.012823529411764706,0.007176470588235295,0.009,256053,199068,288529.4117647059
0.012823529411764706,0.007176470588235295,0.012,250305,180399,288529.4117647059
0.012823529411764706,0.007176470588235295,0.015,246032,164932,288529.4117647059
0.012823529411764706,0.0075294117647058826,0.006,259781,219058,283526.0115606936
0.012823529411764706,0.0075294117647058826,0.009,253398,196609,283526.0115606936
0.012823529411764706,0.0075294117647058826,0.012,248060,178363,283526.0115606936
0.012823529411764706,0.0075294117647058826,0.015,244113,163247,283526.0115606936
0.012823529411764706,0.00788235294117647,0.006,257313,216122,278693.1818181818
0.012823529411764706,0.00788235294117647,0.009,251128,194310,278693.1818181818
0.012823529411764706,0.00788235294117647,0.012,245866,176458,278693.1818181818
0.012823529411764706,0.00788235294117647,0.015,242175,161672,278693.1818181818
0.012823529411764706,0.00823529411764706,0.006,253981,213252,274022.34636871505
0.012823529411764706,0.00823529411764706,0.009,248287,192046,274022.34636871505
0.012823529411764706,0.00823529411764706,0.012,243677,174621,274022.34636871505
0.012823529411764706,0.00823529411764706,0.015,240607,160050,274022.34636871505
0.012823529411764706,0.008588235294117647,0.006,251319,210545,269505.4945054945
0.012823529411764706,0.008588235294117647,0.009,245793,189808,269505.4945054945
0.012823529411764706,0.008588235294117647,0.012,241363,172771,269505.4945054945
0.012823529411764706,0.008588235294117647,0.015,237929,158453,269505.4945054945
0.012823529411764706,0.008941176470588235,0.006,248332,207833,265135.13513513515
0.012823529411764706,0.008941176470588235,0.009,243431,187617,265135.13513513515
0.012823529411764706,0.008941176470588235,0.012,239525,170964,265135.13513513515
0.012823529411764706,0.008941176470588235,0.015,236478,157020,265135.13513513515
0.012823529411764706,0.009294117647058824,0.006,246135,205272,260904.2553191489
0.012823529411764706,0.009294117647058824,0.009,240970,185504,260904.2553191489
0.012823529411764706,0.009294117647058824,0.012,237761,169199,260904.2553191489
0.012823529411764706,0.009294117647058824,0.015,234431,155467,260904.2553191489
0.012823529411764706,0.009647058823529411,0.006,242860,202760,256806.28272251307
0.012823529411764706,0.009647058823529411,0.009,238250,183434,256806.28272251307
0.012823529411764706,0.009647058823529411,0.012,235546,167394,256806.28272251307
0.012823529411764706,0.009647058823529411,0.015,234097,154057,256806.28272251307
0.012823529411764706,0.01,0.006,240515,200217,252835.05154639174
0.012823529411764706,0.01,0.009,236984,181403,252835.05154639174
0.012823529411764706,0.01,0.012,234224,165770,252835.05154639174
0.012823529411764706,0.01,0.015,230756,152535,252835.05154639174
0.012823529411764706,0.010352941176470589,0.006,237958,197856,248984.77157360406
0.012823529411764706,0.010352941176470589,0.009,234498,179372,248984.77157360406
0.012823529411764706,0.010352941176470589,0.012,233672,164050,248984.77157360406
0.012823529411764706,0.010352941176470589,0.015,229472,151139,248984.77157360406
0.012823529411764706,0.010705882352941176,0.006,236880,195414,245250.0
0.012823529411764706,0.010705882352941176,0.009,233887,177369,245250.0
0.012823529411764706,0.010705882352941176,0.012,229958,162461,245250.0
0.012823529411764706,0.010705882352941176,0.015,227236,149820,245250.0
0.012823529411764706,0.011058823529411765,0.006,232313,193182,241625.61576354675
0.012823529411764706,0.011058823529411765,0.009,232428,175468,241625.61576354675
0.012823529411764706,0.011058823529411765,0.012,227135,160835,241625.61576354675
0.012823529411764706,0.011058823529411765,0.015,227507,148468,241625.61576354675
0.012823529411764706,0.011411764705882354,0.006,231501,190871,238106.79611650485
0.012823529411764706,0.011411764705882354,0.009,229205,173688,238106.79611650485
0.012823529411764706,0.011411764705882354,0.012,228169,159316,238106.79611650485
0.012823529411764706,0.011411764705882354,0.015,224632,147125,238106.79611650485
0.012823529411764706,0.011764705882352941,0.006,228779,188721,234688.995215311
0.012823529411764706,0.011764705882352941,0.009,226718,171866,234688.995215311
0.012823529411764706,0.011764705882352941,0.012,225103,157774,234688.995215311
0.012823529411764706,0.011764705882352941,0.015,224436,145809,234688.995215311
0.012823529411764706,0.01211764705882353,0.006,226586,186572,231367.92452830184
0.012823529411764706,0.01211764705882353,0.009,223473,169998,231367.92452830184
0.012823529411764706,0.01211764705882353,0.012,222628,156233,231367.92452830184
0.012823529411764706,0.01211764705882353,0.015,220482,144533,231367.92452830184
0.012823529411764706,0.012470588235294119,0.006,224004,184428,228139.53488372092
0.012823529411764706,0.012470588235294119,0.009,221634,168248,228139.53488372092
0.012823529411764706,0.012470588235294119,0.012,221631,154798,228139.53488372092
0.012823529411764706,0.012470588235294119,0.015,220727,143239,228139.53488372092
0.012823529411764706,0.012823529411764706,0.006,220739,182348,225000.0
0.012823529411764706,0.012823529411764706,0.009,220546,166610,225000.0
0.012823529411764706,0.012823529411764706,0.012,218998,153333,225000.0
0.012823529411764706,0.012823529411764706,0.015,216146,141950,225000.0
0.012823529411764706,0.013176470588235295,0.006,217741,180399,221945.70135746605
0.012823529411764706,0.013176470588235295,0.009,215608,164932,221945.70135746605
0.012823529411764706,0.013176470588235295,0.012,215175,151891,221945.70135746605
0.012823529411764706,0.013176470588235295,0.015,211775,140748,221945.70135746605
0.012823529411764706,0.013529411764705884,0.006,214497,178363,218973.2142857143
0.012823529411764706,0.013529411764705884,0.009,214290,163247,218973.2142857143
0.012823529411764706,0.013529411764705884,0.012,211398,150501,218973.2142857143
0.012823529411764706,0.013529411764705884,0.015,210412,139554,218973.2142857143
0.012823529411764706,0.01388235294117647,0.006,210838,176458,216079.29515418503
0.012823529411764706,0.01388235294117647,0.009,210382,161672,216079.29515418503
0.012823529411764706,0.01388235294117647,0.012,208356,149150,216079.29515418503
0.012823529411764706,0.01388235294117647,0.015,207106,138424,216079.29515418503
0.012823529411764706,0.01423529411764706,0.006,208953,174621,213260.86956521735
0.012823529411764706,0.01423529411764706,0.009,206240,160050,213260.86956521735
0.012823529411764706,0.01423529411764706,0.012,205774,147793,213260.86956521735
0.012823529411764706,0.01423529411764706,0.015,204488,137218,213260.86956521735
0.012823529411764706,0.014588235294117648,0.006,201982,172771,210515.02145922746
0.012823529411764706,0.014588235294117648,0.009,205049,158453,210515.02145922746
0.012823529411764706,0.014588235294117648,0.012,202234,146392,210515.02145922746
0.012823529411764706,0.014588235294117648,0.015,201005,136104,210515.02145922746
0.012823529411764706,0.014941176470588236,0.006,201058,170964,207838.98305084746
0.012823529411764706,0.014941176470588236,0.009,198049,157020,207838.98305084746
0.012823529411764706,0.014941176470588236,0.012,199537,145169,207838.98305084746
0.012823529411764706,0.014941176470588236,0.015,195511,134998,207838.98305084746
0.012823529411764706,0.015294117647058824,0.006,199278,169199,205230.12552301257
0.012823529411764706,0.015294117647058824,0.009,199647,155467,205230.12552301257
0.012823529411764706,0.015294117647058824,0.012,196389,143834,205230.12552301257
0.012823529411764706,0.015294117647058824,0.015,196665,133809,205230.12552301257
0.012823529411764706,0.015647058823529413,0.006,195049,167394,202685.95041322312
0.012823529411764706,0.015647058823529413,0.009,196029,154057,202685.95041322312
0.012823529411764706,0.015647058823529413,0.012,195224,142577,202685.95041322312
0.012823529411764706,0.015647058823529413,0.015,193375,132744,202685.95041322312
0.012823529411764706,0.016,0.006,196635,165770,200204.08163265302
0.012823529411764706,0.016,0.009,192548,152535,200204.08163265302
0.012823529411764706,0.016,0.012,191697,141401,200204.08163265302
0.012823529411764706,0.016,0.015,190387,131720,200204.08163265302
0.013176470588235295,0.004,0.006,295025,255834,345205.47945205483
0.013176470588235295,0.004,0.009,282485,226503,345205.47945205483
0.013176470588235295,0.004,0.012,273343,203284,345205.47945205483
0.013176470588235295,0.004,0.015,265973,184353,345205.47945205483
0.013176470588235295,0.004352941176470588,0.006,291529,252022,338255.03355704696
0.013176470588235295,0.004352941176470588,0.009,279489,223543,338255.03355704696
0.013176470588235295,0.004352941176470588,0.012,270863,200809,338255.03355704696
0.013176470588235295,0.004352941176470588,0.015,263954,182335,338255.03355704696
0.013176470588235295,0.004705882352941177,0.006,288091,248277,331578.94736842107
0.013176470588235295,0.004705882352941177,0.009,276472,220638,331578.94736842107
0.013176470588235295,0.004705882352941177,0.012,268075,198501,331578.94736842107
0.013176470588235295,0.004705882352941177,0.015,262206,180324,331578.94736842107
0.013176470588235295,0.005058823529411765,0.006,284245,244669,325161.29032258067
0.013176470588235295,0.005058823529411765,0.009,273711,217773,325161.29032258067
0.013176470588235295,0.005058823529411765,0.012,265741,196142,325161.29032258067
0.013176470588235295,0.005058823529411765,0.015,259457,178387,325161.29032258067
0.013176470588235295,0.005411764705882353,0.006,281298,241140,318987.3417721519
0.013176470588235295,0.005411764705882353,0.009,271045,214913,318987.3417721519
0.013176470588235295,0.005411764705882353,0.012,263291,193912,318987.3417721519
0.013176470588235295,0.005411764705882353,0.015,257893,176592,318987.3417721519
0.013176470588235295,0.005764705882352941,0.006,277894,237836,313043.47826086957
0.013176470588235295,0.005764705882352941,0.009,268389,212295,313043.47826086957
0.013176470588235295,0.005764705882352941,0.012,261171,191671,313043.47826086957
0.013176470588235295,0.005764705882352941,0.015,255631,174719,313043.47826086957
0.013176470588235295,0.00611764705882353,0.006,274740,234422,307317.0731707317
0.013176470588235295,0.00611764705882353,0.009,265810,209630,307317.0731707317
0.013176470588235295,0.00611764705882353,0.012,259247,189540,307317.0731707317
0.013176470588235295,0.00611764705882353,0.015,253308,172942,307317.0731707317
0.013176470588235295,0.006470588235294118,0.006,271475,231189,301796.4071856288
0.013176470588235295,0.006470588235294118,0.009,263012,206991,301796.4071856288
0.013176470588235295,0.006470588235294118,0.012,256576,187341,301796.4071856288
0.013176470588235295,0.006470588235294118,0.015,251509,171137,301796.4071856288
0.013176470588235295,0.006823529411764706,0.006,268187,228124,296470.58823529416
0.013176470588235295,0.006823529411764706,0.009,260619,204534,296470.58823529416
0.013176470588235295,0.006823529411764706,0.012,254490,185327,296470.58823529416
0.013176470588235295,0.006823529411764706,0.015,249416,169387,296470.58823529416
0.013176470588235295,0.007176470588235295,0.006,265330,225068,291329.4797687861
0.013176470588235295,0.007176470588235295,0.009,257823,202051,291329.4797687861
0.013176470588235295,0.007176470588235295,0.012,251740,183326,291329.4797687861
0.013176470588235295,0.007176470588235295,0.015,247822,167759,291329.4797687861
0.013176470588235295,0.0075294117647058826,0.006,262357,222071,286363.63636363635
0.013176470588235295,0.0075294117647058826,0.009,254998,199585,286363.63636363635
0.013176470588235295,0.0075294117647058826,0.012,250153,181332,286363.63636363635
0.013176470588235295,0.0075294117647058826,0.015,245821,166039,286363.63636363635
0.013176470588235295,0.00788235294117647,0.006,259098,219206,281564.2458100559
0.013176470588235295,0.00788235294117647,0.009,252974,197247,281564.2458100559
0.013176470588235295,0.00788235294117647,0.012,248012,179338,281564.2458100559
0.013176470588235295,0.00788235294117647,0.015,244159,164457,281564.2458100559
0.013176470588235295,0.00823529411764706,0.006,255974,216326,276923.0769230769
0.013176470588235295,0.00823529411764706,0.009,250398,195022,276923.0769230769
0.013176470588235295,0.00823529411764706,0.012,245016,177514,276923.0769230769
0.013176470588235295,0.00823529411764706,0.015,241964,162906,276923.0769230769
0.013176470588235295,0.008588235294117647,0.006,253366,213558,272432.4324324324
0.013176470588235295,0.008588235294117647,0.009,247938,192762,272432.4324324324
0.013176470588235295,0.008588235294117647,0.012,243286,175670,272432.4324324324
0.013176470588235295,0.008588235294117647,0.015,239393,161301,272432.4324324324
0.013176470588235295,0.008941176470588235,0.006,250786,210893,268085.10638297873
0.013176470588235295,0.008941176470588235,0.009,245173,190573,268085.10638297873
0.013176470588235295,0.008941176470588235,0.012,241466,173850,268085.10638297873
0.013176470588235295,0.008941176470588235,0.015,238189,159790,268085.10638297873
0.013176470588235295,0.009294117647058824,0.006,248059,208251,263874.3455497382
0.013176470588235295,0.009294117647058824,0.009,243086,188461,263874.3455497382
0.013176470588235295,0.009294117647058824,0.012,239697,172038,263874.3455497382
0.013176470588235295,0.009294117647058824,0.015,236101,158283,263874.3455497382
0.013176470588235295,0.009647058823529411,0.006,244995,205725,259793.8144329897
0.013176470588235295,0.009647058823529411,0.009,240836,186389,259793.8144329897
0.013176470588235295,0.009647058823529411,0.012,237692,170329,259793.8144329897
0.013176470588235295,0.009647058823529411,0.015,234424,156768,259793.8144329897
0.013176470588235295,0.01,0.006,242169,203284,255837.56345177663
0.013176470588235295,0.01,0.009,239315,184353,255837.56345177663
0.013176470588235295,0.01,0.012,235377,168570,255837.56345177663
0.013176470588235295,0.01,0.015,233134,155292,255837.56345177663
0.013176470588235295,0.010352941176470589,0.006,240035,200809,251999.99999999994
0.013176470588235295,0.010352941176470589,0.009,237962,182335,251999.99999999994
0.013176470588235295,0.010352941176470589,0.012,234242,166943,251999.99999999994
0.013176470588235295,0.010352941176470589,0.015,232966,153902,251999.99999999994
0.013176470588235295,0.010705882352941176,0.006,237811,198501,248275.86206896548
0.013176470588235295,0.010705882352941176,0.009,234924,180324,248275.86206896548
0.013176470588235295,0.010705882352941176,0.012,231859,165306,248275.86206896548
0.013176470588235295,0.010705882352941176,0.015,229047,152547,248275.86206896548
0.013176470588235295,0.011058823529411765,0.006,236404,196142,244660.1941747573
0.013176470588235295,0.011058823529411765,0.009,232199,178387,244660.1941747573
0.013176470588235295,0.011058823529411765,0.012,231364,163643,244660.1941747573
0.013176470588235295,0.011058823529411765,0.015,227689,151118,244660.1941747573
0.013176470588235295,0.011411764705882354,0.006,233471,193912,241148.32535885167
0.013176470588235295,0.011411764705882354,0.009,231272,176592,241148.32535885167
0.013176470588235295,0.011411764705882354,0.012,229263,162036,241148.32535885167
0.013176470588235295,0.011411764705882354,0.015,226354,149832,241148.32535885167
0.013176470588235295,0.011764705882352941,0.006,230923,191671,237735.84905660374
0.013176470588235295,0.011764705882352941,0.009,229623,174719,237735.84905660374
0.013176470588235295,0.011764705882352941,0.012,226985,160503,237735.84905660374
0.013176470588235295,0.011764705882352941,0.015,226616,148469,237735.84905660374
0.013176470588235295,0.01211764705882353,0.006,228702,189540,234418.60465116275
0.013176470588235295,0.01211764705882353,0.009,226023,172942,234418.60465116275
0.013176470588235295,0.01211764705882353,0.012,224784,158966,234418.60465116275
0.013176470588235295,0.01211764705882353,0.015,222483,147203,234418.60465116275
0.013176470588235295,0.012470588235294119,0.006,226390,187341,231192.66055045868
0.013176470588235295,0.012470588235294119,0.009,225046,171137,231192.66055045868
0.013176470588235295,0.012470588235294119,0.012,223793,157518,231192.66055045868
0.013176470588235295,0.012470588235294119,0.015,220866,145929,231192.66055045868
0.013176470588235295,0.012823529411764706,0.006,223600,185327,228054.2986425339
0.013176470588235295,0.012823529411764706,0.009,222643,169387,228054.2986425339
0.013176470588235295,0.012823529411764706,0.012,221141,156078,228054.2986425339
0.013176470588235295,0.012823529411764706,0.015,219335,144666,228054.2986425339
0.013176470588235295,0.013176470588235295,0.006,221645,183326,225000.0
0.013176470588235295,0.013176470588235295,0.009,219881,167759,225000.0
0.013176470588235295,0.013176470588235295,0.012,217642,154655,225000.0
0.013176470588235295,0.013176470588235295,0.015,216643,143447,225000.0
0.013176470588235295,0.013529411764705884,0.006,214724,181332,222026.4317180617
0.013176470588235295,0.013529411764705884,0.009,216034,166039,222026.4317180617
0.013176470588235295,0.013529411764705884,0.012,214407,153212,222026.4317180617
0.013176470588235295,0.013529411764705884,0.015,212913,142221,222026.4317180617
0.013176470588235295,0.01388235294117647,0.006,212564,179338,219130.43478260867
0.013176470588235295,0.01388235294117647,0.009,212363,164457,219130.43478260867
0.013176470588235295,0.01388235294117647,0.012,213425,151794,219130.43478260867
0.013176470588235295,0.01388235294117647,0.015,209390,140992,219130.43478260867
0.013176470588235295,0.01423529411764706,0.006,211238,177514,216309.01287553646
0.013176470588235295,0.01423529411764706,0.009,209416,162906,216309.01287553646
0.013176470588235295,0.01423529411764706,0.012,209904,150494,216309.01287553646
0.013176470588235295,0.01423529411764706,0.015,205119,139861,216309.01287553646
0.013176470588235295,0.014588235294117648,0.006,209270,175670,213559.32203389826
0.013176470588235295,0.014588235294117648,0.009,205539,161301,213559.32203389826
0.013176470588235295,0.014588235294117648,0.012,206854,149110,213559.32203389826
0.013176470588235295,0.014588235294117648,0.015,205282,138704,213559.32203389826
0.013176470588235295,0.014941176470588236,0.006,202802,173850,210878.6610878661
0.013176470588235295,0.014941176470588236,0.009,206003,159790,210878.6610878661
0.013176470588235295,0.014941176470588236,0.012,204099,147784,210878.6610878661
0.013176470588235295,0.014941176470588236,0.015,201316,137518,210878.6610878661
0.013176470588235295,0.015294117647058824,0.006,201631,172038,208264.46280991737
0.013176470588235295,0.015294117647058824,0.009,199462,158283,208264.46280991737
0.013176470588235295,0.015294117647058824,0.012,198930,146570,208264.46280991737
0.013176470588235295,0.015294117647058824,0.015,199598,136453,208264.46280991737
0.013176470588235295,0.015647058823529413,0.006,200155,170329,205714.2857142857
0.013176470588235295,0.015647058823529413,0.009,199053,156768,205714.2857142857
0.013176470588235295,0.015647058823529413,0.012,195820,145279,205714.2857142857
0.013176470588235295,0.015647058823529413,0.015,196082,135326,205714.2857142857
0.013176470588235295,0.016,0.006,198136,168570,203225.8064516129
0.013176470588235295,0.016,0.009,196062,155292,203225.8064516129
0.013176470588235295,0.016,0.012,196624,143973,203225.8064516129
0.013176470588235295,0.016,0.015,191553,134276,203225.8064516129
0.013529411764705884,0.004,0.006,297011,258828,347315.43624161073
0.013529411764705884,0.004,0.009,284127,229534,347315.43624161073
0.013529411764705884,0.004,0.012,274992,206204,347315.43624161073
0.013529411764705884,0.004,0.015,267811,187207,347315.43624161073
0.013529411764705884,0.004352941176470588,0.006,293381,254956,340460.5263157895
0.013529411764705884,0.004352941176470588,0.009,281041,226524,340460.5263157895
0.013529411764705884,0.004352941176470588,0.012,272189,203802,340460.5263157895
0.013529411764705884,0.004352941176470588,0.015,265929,185214,340460.5263157895
0.013529411764705884,0.004705882352941177,0.006,289886,251272,333870.96774193546
0.013529411764705884,0.004705882352941177,0.009,278193,223606,333870.96774193546
0.013529411764705884,0.004705882352941177,0.012,269906,201418,333870.96774193546
0.013529411764705884,0.004705882352941177,0.015,263502,183250,333870.96774193546
0.013529411764705884,0.005058823529411765,0.006,286438,247605,327531.64556962025
0.013529411764705884,0.005058823529411765,0.009,275609,220760,327531.64556962025
0.013529411764705884,0.005058823529411765,0.012,267416,199086,327531.64556962025
0.013529411764705884,0.005058823529411765,0.015,260993,181249,327531.64556962025
0.013529411764705884,0.005411764705882353,0.006,283211,244143,321428.5714285714
0.013529411764705884,0.005411764705882353,0.009,273019,217936,321428.5714285714
0.013529411764705884,0.005411764705882353,0.012,265267,196748,321428.5714285714
0.013529411764705884,0.005411764705882353,0.015,258975,179387,321428.5714285714
0.013529411764705884,0.005764705882352941,0.006,279837,240791,315548.78048780485
0.013529411764705884,0.005764705882352941,0.009,269852,215249,315548.78048780485
0.013529411764705884,0.005764705882352941,0.012,262564,194567,315548.78048780485
0.013529411764705884,0.005764705882352941,0.015,256314,177524,315548.78048780485
0.013529411764705884,0.00611764705882353,0.006,276621,237448,309880.23952095804
0.013529411764705884,0.00611764705882353,0.009,267383,212600,309880.23952095804
0.013529411764705884,0.00611764705882353,0.012,260148,192367,309880.23952095804
0.013529411764705884,0.00611764705882353,0.015,254499,175728,309880.23952095804
0.013529411764705884,0.006470588235294118,0.006,273519,234229,304411.7647058824
0.013529411764705884,0.006470588235294118,0.009,264621,209974,304411.7647058824
0.013529411764705884,0.006470588235294118,0.012,258281,190324,304411.7647058824
0.013529411764705884,0.006470588235294118,0.015,252843,173985,304411.7647058824
0.013529411764705884,0.006823529411764706,0.006,270399,231106,299132.9479768786
0.013529411764705884,0.006823529411764706,0.009,261969,207451,299132.9479768786
0.013529411764705884,0.006823529411764706,0.012,256115,188248,299132.9479768786
0.013529411764705884,0.006823529411764706,0.015,251171,172271,299132.9479768786
0.013529411764705884,0.007176470588235295,0.006,267477,228020,294034.09090909094
0.013529411764705884,0.007176470588235295,0.009,259827,204953,294034.09090909094
0.013529411764705884,0.007176470588235295,0.012,253749,186157,294034.09090909094
0.013529411764705884,0.007176470588235295,0.015,249257,170568,294034.09090909094
0.013529411764705884,0.0075294117647058826,0.006,264171,225005,289106.1452513967
0.013529411764705884,0.0075294117647058826,0.009,257055,202621,289106.1452513967
0.013529411764705884,0.0075294117647058826,0.012,251145,184216,289106.1452513967
0.013529411764705884,0.0075294117647058826,0.015,247030,168901,289106.1452513967
0.013529411764705884,0.00788235294117647,0.006,261544,222170,284340.65934065933
0.013529411764705884,0.00788235294117647,0.009,254486,200256,284340.65934065933
0.013529411764705884,0.00788235294117647,0.012,249366,182244,284340.65934065933
0.013529411764705884,0.00788235294117647,0.015,245718,167234,284340.65934065933
0.013529411764705884,0.00823529411764706,0.006,258678,219290,279729.7297297297
0.013529411764705884,0.00823529411764706,0.009,252050,197909,279729.7297297297
0.013529411764705884,0.00823529411764706,0.012,247281,180376,279729.7297297297
0.013529411764705884,0.00823529411764706,0.015,243838,165657,279729.7297297297
0.013529411764705884,0.008588235294117647,0.006,255517,216539,275265.9574468085
0.013529411764705884,0.008588235294117647,0.009,250026,195637,275265.9574468085
0.013529411764705884,0.008588235294117647,0.012,245291,178431,275265.9574468085
0.013529411764705884,0.008588235294117647,0.015,241872,164081,275265.9574468085
0.013529411764705884,0.008941176470588235,0.006,252830,213877,270942.40837696334
0.013529411764705884,0.008941176470588235,0.009,247270,193434,270942.40837696334
0.013529411764705884,0.008941176470588235,0.012,243271,176614,270942.40837696334
0.013529411764705884,0.008941176470588235,0.015,239204,162511,270942.40837696334
0.013529411764705884,0.009294117647058824,0.006,249983,211298,266752.57731958764
0.013529411764705884,0.009294117647058824,0.009,245252,191338,266752.57731958764
0.013529411764705884,0.009294117647058824,0.012,240715,174850,266752.57731958764
0.013529411764705884,0.009294117647058824,0.015,237748,161017,266752.57731958764
0.013529411764705884,0.009647058823529411,0.006,247761,208650,262690.35532994923
0.013529411764705884,0.009647058823529411,0.009,243245,189283,262690.35532994923
0.013529411764705884,0.009647058823529411,0.012,238789,173132,262690.35532994923
0.013529411764705884,0.009647058823529411,0.015,235413,159527,262690.35532994923
0.013529411764705884,0.01,0.006,244683,206204,258750.0
0.013529411764705884,0.01,0.009,240613,187207,258750.0
0.013529411764705884,0.01,0.012,236737,171407,258750.0
0.013529411764705884,0.01,0.015,233837,158025,258750.0
0.013529411764705884,0.010352941176470589,0.006,241993,203802,254926.10837438423
0.013529411764705884,0.010352941176470589,0.009,238592,185214,254926.10837438423
0.013529411764705884,0.010352941176470589,0.012,235123,169645,254926.10837438423
0.013529411764705884,0.010352941176470589,0.015,232663,156625,254926.10837438423
0.013529411764705884,0.010705882352941176,0.006,239688,201418,251213.59223300972
0.013529411764705884,0.010705882352941176,0.009,235964,183250,251213.59223300972
0.013529411764705884,0.010705882352941176,0.012,235013,168078,251213.59223300972
0.013529411764705884,0.010705882352941176,0.015,231512,155221,251213.59223300972
0.013529411764705884,0.011058823529411765,0.006,237871,199086,247607.6555023924
0.013529411764705884,0.011058823529411765,0.009,234609,181249,247607.6555023924
0.013529411764705884,0.011058823529411765,0.012,231772,166457,247607.6555023924
0.013529411764705884,0.011058823529411765,0.015,229825,153841,247607.6555023924
0.013529411764705884,0.011411764705882354,0.006,235586,196748,244103.77358490566
0.013529411764705884,0.011411764705882354,0.009,232537,179387,244103.77358490566
0.013529411764705884,0.011411764705882354,0.012,230453,164865,244103.77358490566
0.013529411764705884,0.011411764705882354,0.015,227928,152479,244103.77358490566
0.013529411764705884,0.011764705882352941,0.006,233617,194567,240697.67441860464
0.013529411764705884,0.011764705882352941,0.009,231874,177524,240697.67441860464
0.013529411764705884,0.011764705882352941,0.012,228187,163299,240697.67441860464
0.013529411764705884,0.011764705882352941,0.015,226843,151135,240697.67441860464
0.013529411764705884,0.01211764705882353,0.006,230990,192367,237385.3211009174
0.013529411764705884,0.01211764705882353,0.009,228595,175728,237385.3211009174
0.013529411764705884,0.01211764705882353,0.012,227959,161727,237385.3211009174
0.013529411764705884,0.01211764705882353,0.015,226652,149802,237385.3211009174
0.013529411764705884,0.012470588235294119,0.006,228484,190324,234162.89592760178
0.013529411764705884,0.012470588235294119,0.009,227374,173985,234162.89592760178
0.013529411764705884,0.012470588235294119,0.012,224097,160266,234162.89592760178
0.013529411764705884,0.012470588235294119,0.015,223847,148535,234162.89592760178
0.013529411764705884,0.012823529411764706,0.006,226535,188248,231026.7857142857
0.013529411764705884,0.012823529411764706,0.009,225077,172271,231026.7857142857
0.013529411764705884,0.012823529411764706,0.012,223581,158752,231026.7857142857
0.013529411764705884,0.012823529411764706,0.015,222466,147275,231026.7857142857
0.013529411764705884,0.013176470588235295,0.006,223842,186157,227973.56828193835
0.013529411764705884,0.013176470588235295,0.009,222568,170568,227973.56828193835
0.013529411764705884,0.013176470588235295,0.012,221742,157329,227973.56828193835
0.013529411764705884,0.013176470588235295,0.015,220036,146033,227973.56828193835
0.013529411764705884,0.013529411764705884,0.006,220934,184216,225000.0
0.013529411764705884,0.013529411764705884,0.009,219231,168901,225000.0
0.013529411764705884,0.013529411764705884,0.012,217858,155906,225000.0
0.013529411764705884,0.013529411764705884,0.015,217000,144751,225000.0
0.013529411764705884,0.01388235294117647,0.006,217293,182244,222103.0042918455
0.013529411764705884,0.01388235294117647,0.009,217009,167234,222103.0042918455
0.013529411764705884,0.01388235294117647,0.012,215689,154507,222103.0042918455
0.013529411764705884,0.01388235294117647,0.015,212847,143580,222103.0042918455
0.013529411764705884,0.01423529411764706,0.006,212083,180376,219279.66101694913
0.013529411764705884,0.01423529411764706,0.009,211906,165657,219279.66101694913
0.013529411764705884,0.01423529411764706,0.012,213676,153144,219279.66101694913
0.013529411764705884,0.01423529411764706,0.015,210253,142420,219279.66101694913
0.013529411764705884,0.014588235294117648,0.006,211343,178431,216527.19665271966
0.013529411764705884,0.014588235294117648,0.009,211242,164081,216527.19665271966
0.013529411764705884,0.014588235294117648,0.012,206348,151795,216527.19665271966
0.013529411764705884,0.014588235294117648,0.015,207913,141232,216527.19665271966
0.013529411764705884,0.014941176470588236,0.006,207265,176614,213842.97520661156
0.013529411764705884,0.014941176470588236,0.009,206942,162511,213842.97520661156
0.013529411764705884,0.014941176470588236,0.012,205122,150418,213842.97520661156
0.013529411764705884,0.014941176470588236,0.015,203957,140111,213842.97520661156
0.013529411764705884,0.015294117647058824,0.006,202639,174850,211224.48979591837
0.013529411764705884,0.015294117647058824,0.009,203743,161017,211224.48979591837
0.013529411764705884,0.015294117647058824,0.012,202416,149110,211224.48979591837
0.013529411764705884,0.015294117647058824,0.015,200786,138966,211224.48979591837
0.013529411764705884,0.015647058823529413,0.006,202711,173132,208669.35483870967
0.013529411764705884,0.015647058823529413,0.009,200121,159527,208669.35483870967
0.013529411764705884,0.015647058823529413,0.012,198525,147889,208669.35483870967
0.013529411764705884,0.015647058823529413,0.015,196257,137873,208669.35483870967
0.013529411764705884,0.016,0.006,200199,171407,206175.29880478085
0.013529411764705884,0.016,0.009,196709,158025,206175.29880478085
0.013529411764705884,0.016,0.012,198435,146646,206175.29880478085
0.013529411764705884,0.016,0.015,197304,136701,206175.29880478085
0.01388235294117647,0.004,0.006,298751,261600,349342.10526315786
0.01388235294117647,0.004,0.009,285769,232414,349342.10526315786
0.01388235294117647,0.004,0.012,276401,209051,349342.10526315786
0.01388235294117647,0.004,0.015,269432,190036,349342.10526315786
0.01388235294117647,0.004352941176470588,0.006,295295,257783,342580.6451612903
0.01388235294117647,0.004352941176470588,0.009,282766,229461,342580.6451612903
0.01388235294117647,0.004352941176470588,0.012,274115,206608,342580.6451612903
0.01388235294117647,0.004352941176470588,0.015,266687,188031,342580.6451612903
0.01388235294117647,0.004705882352941177,0.006,291773,254112,336075.9493670885
0.01388235294117647,0.004705882352941177,0.009,280006,226513,336075.9493670885
0.01388235294117647,0.004705882352941177,0.012,271230,204233,336075.9493670885
0.01388235294117647,0.004705882352941177,0.015,264922,186037,336075.9493670885
0.01388235294117647,0.005058823529411765,0.006,288478,250491,329813.6645962733
0.01388235294117647,0.005058823529411765,0.009,277275,223638,329813.6645962733
0.01388235294117647,0.005058823529411765,0.012,269038,201928,329813.6645962733
0.01388235294117647,0.005058823529411765,0.015,262741,184135,329813.6645962733
0.01388235294117647,0.005411764705882353,0.006,285186,247023,323780.48780487804
0.01388235294117647,0.005411764705882353,0.009,274641,220812,323780.48780487804
0.01388235294117647,0.005411764705882353,0.012,266934,199657,323780.48780487804
0.01388235294117647,0.005411764705882353,0.015,260913,182136,323780.48780487804
0.01388235294117647,0.005764705882352941,0.006,281814,243574,317964.07185628737
0.01388235294117647,0.005764705882352941,0.009,271662,218111,317964.07185628737
0.01388235294117647,0.005764705882352941,0.012,264677,197421,317964.07185628737
0.01388235294117647,0.005764705882352941,0.015,258796,180283,317964.07185628737
0.01388235294117647,0.00611764705882353,0.006,278689,240294,312352.94117647054
0.01388235294117647,0.00611764705882353,0.009,269091,215479,312352.94117647054
0.01388235294117647,0.00611764705882353,0.012,261826,195283,312352.94117647054
0.01388235294117647,0.00611764705882353,0.015,256379,178548,312352.94117647054
0.01388235294117647,0.006470588235294118,0.006,275466,237138,306936.4161849711
0.01388235294117647,0.006470588235294118,0.009,266794,212898,306936.4161849711
0.01388235294117647,0.006470588235294118,0.012,260207,193123,306936.4161849711
0.01388235294117647,0.006470588235294118,0.015,254836,176769,306936.4161849711
0.01388235294117647,0.006823529411764706,0.006,272279,233971,301704.54545454547
0.01388235294117647,0.006823529411764706,0.009,264048,210297,301704.54545454547
0.01388235294117647,0.006823529411764706,0.012,257225,191017,301704.54545454547
0.01388235294117647,0.006823529411764706,0.015,252828,174975,301704.54545454547
0.01388235294117647,0.007176470588235295,0.006,269383,230941,296648.04469273746
0.01388235294117647,0.007176470588235295,0.009,261239,207887,296648.04469273746
0.01388235294117647,0.007176470588235295,0.012,255489,188995,296648.04469273746
0.01388235294117647,0.007176470588235295,0.015,250682,173315,296648.04469273746
0.01388235294117647,0.0075294117647058826,0.006,266351,227955,291758.2417582417
0.01388235294117647,0.0075294117647058826,0.009,259000,205444,291758.2417582417
0.01388235294117647,0.0075294117647058826,0.012,253264,187019,291758.2417582417
0.01388235294117647,0.0075294117647058826,0.015,249132,171587,291758.2417582417
0.01388235294117647,0.00788235294117647,0.006,263759,225030,287027.02702702704
0.01388235294117647,0.00788235294117647,0.009,256849,203109,287027.02702702704
0.01388235294117647,0.00788235294117647,0.012,251061,185047,287027.02702702704
0.01388235294117647,0.00788235294117647,0.015,246775,169967,287027.02702702704
0.01388235294117647,0.00823529411764706,0.006,260792,222223,282446.8085106383
0.01388235294117647,0.00823529411764706,0.009,253989,200820,282446.8085106383
0.01388235294117647,0.00823529411764706,0.012,249005,183119,282446.8085106383
0.01388235294117647,0.00823529411764706,0.015,245331,168343,282446.8085106383
0.01388235294117647,0.008588235294117647,0.006,257851,219497,278010.4712041885
0.01388235294117647,0.008588235294117647,0.009,251744,198570,278010.4712041885
0.01388235294117647,0.008588235294117647,0.012,246797,181284,278010.4712041885
0.01388235294117647,0.008588235294117647,0.015,243163,166715,278010.4712041885
0.01388235294117647,0.008941176470588235,0.006,255328,216763,273711.3402061856
0.01388235294117647,0.008941176470588235,0.009,249434,196348,273711.3402061856
0.01388235294117647,0.008941176470588235,0.012,244823,179405,273711.3402061856
0.01388235294117647,0.008941176470588235,0.015,241352,165205,273711.3402061856
0.01388235294117647,0.009294117647058824,0.006,252539,214099,269543.1472081218
0.01388235294117647,0.009294117647058824,0.009,246913,194129,269543.1472081218
0.01388235294117647,0.009294117647058824,0.012,243041,177655,269543.1472081218
0.01388235294117647,0.009294117647058824,0.015,239591,163666,269543.1472081218
0.01388235294117647,0.009647058823529411,0.006,249748,211632,265499.99999999994
0.01388235294117647,0.009647058823529411,0.009,244235,192090,265499.99999999994
0.01388235294117647,0.009647058823529411,0.012,240725,175868,265499.99999999994
0.01388235294117647,0.009647058823529411,0.015,237706,162193,265499.99999999994
0.01388235294117647,0.01,0.006,246828,209051,261576.35467980293
0.01388235294117647,0.01,0.009,243005,190036,261576.35467980293
0.01388235294117647,0.01,0.012,239172,174094,261576.35467980293
0.01388235294117647,0.01,0.015,235896,160723,261576.35467980293
0.01388235294117647,0.010352941176470589,0.006,244597,206608,257766.99029126213
0.01388235294117647,0.010352941176470589,0.009,240892,188031,257766.99029126213
0.01388235294117647,0.010352941176470589,0.012,236541,172459,257766.99029126213
0.01388235294117647,0.010352941176470589,0.015,233783,159269,257766.99029126213
0.01388235294117647,0.010705882352941176,0.006,243067,204233,254066.98564593302
0.01388235294117647,0.010705882352941176,0.009,238505,186037,254066.98564593302
0.01388235294117647,0.010705882352941176,0.012,235019,170779,254066.98564593302
0.01388235294117647,0.010705882352941176,0.015,232274,157861,254066.98564593302
0.01388235294117647,0.011058823529411765,0.006,239968,201928,250471.69811320753
0.01388235294117647,0.011058823529411765,0.009,234869,184135,250471.69811320753
0.01388235294117647,0.011058823529411765,0.012,233521,169086,250471.69811320753
0.01388235294117647,0.011058823529411765,0.015,231261,156428,250471.69811320753
0.01388235294117647,0.011411764705882354,0.006,237108,199657,246976.74418604645
0.01388235294117647,0.011411764705882354,0.009,233554,182136,246976.74418604645
0.01388235294117647,0.011411764705882354,0.012,231411,167498,246976.74418604645
0.01388235294117647,0.011411764705882354,0.015,229405,155087,246976.74418604645
0.01388235294117647,0.011764705882352941,0.006,235613,197421,243577.98165137615
0.01388235294117647,0.011764705882352941,0.009,232185,180283,243577.98165137615
0.01388235294117647,0.011764705882352941,0.012,230303,165987,243577.98165137615
0.01388235294117647,0.011764705882352941,0.015,228532,153680,243577.98165137615
0.01388235294117647,0.01211764705882353,0.006,233732,195283,240271.4932126696
0.01388235294117647,0.01211764705882353,0.009,230707,178548,240271.4932126696
0.01388235294117647,0.01211764705882353,0.012,229962,164451,240271.4932126696
0.01388235294117647,0.01211764705882353,0.015,228483,152360,240271.4932126696
0.01388235294117647,0.012470588235294119,0.006,231093,193123,237053.57142857142
0.01388235294117647,0.012470588235294119,0.009,228259,176769,237053.57142857142
0.01388235294117647,0.012470588235294119,0.012,227500,162938,237053.57142857142
0.01388235294117647,0.012470588235294119,0.015,226248,151126,237053.57142857142
0.01388235294117647,0.012823529411764706,0.006,228304,191017,233920.70484581497
0.01388235294117647,0.012823529411764706,0.009,227030,174975,233920.70484581497
0.01388235294117647,0.012823529411764706,0.012,224856,161384,233920.70484581497
0.01388235294117647,0.012823529411764706,0.015,221403,149828,233920.70484581497
0.01388235294117647,0.013176470588235295,0.006,226264,188995,230869.56521739127
0.01388235294117647,0.013176470588235295,0.009,225165,173315,230869.56521739127
0.01388235294117647,0.013176470588235295,0.012,222183,159946,230869.56521739127
0.01388235294117647,0.013176470588235295,0.015,222503,148545,230869.56521739127
0.01388235294117647,0.013529411764705884,0.006,223354,187019,227896.9957081545
0.01388235294117647,0.013529411764705884,0.009,222165,171587,227896.9957081545
0.01388235294117647,0.013529411764705884,0.012,220386,158558,227896.9957081545
0.01388235294117647,0.013529411764705884,0.015,220694,147354,227896.9957081545
0.01388235294117647,0.01388235294117647,0.006,220871,185047,225000.0
0.01388235294117647,0.01388235294117647,0.009,220025,169967,225000.0
0.01388235294117647,0.01388235294117647,0.012,217377,157151,225000.0
0.01388235294117647,0.01388235294117647,0.015,216624,146124,225000.0
0.01388235294117647,0.01423529411764706,0.006,216685,183119,222175.73221757318
0.01388235294117647,0.01423529411764706,0.009,217627,168343,222175.73221757318
0.01388235294117647,0.01423529411764706,0.012,215925,155758,222175.73221757318
0.01388235294117647,0.01423529411764706,0.015,214904,144878,222175.73221757318
0.01388235294117647,0.014588235294117648,0.006,213294,181284,219421.48760330575
0.01388235294117647,0.014588235294117648,0.009,214031,166715,219421.48760330575
0.01388235294117647,0.014588235294117648,0.012,211954,154418,219421.48760330575
0.01388235294117647,0.014588235294117648,0.015,210786,143723,219421.48760330575
0.01388235294117647,0.014941176470588236,0.006,210837,179405,216734.693877551
0.01388235294117647,0.014941176470588236,0.009,208900,165205,216734.693877551
0.01388235294117647,0.014941176470588236,0.012,208291,153040,216734.693877551
0.01388235294117647,0.014941176470588236,0.015,209351,142596,216734.693877551
0.01388235294117647,0.015294117647058824,0.006,207630,177655,214112.90322580645
0.01388235294117647,0.015294117647058824,0.009,206309,163666,214112.90322580645
0.01388235294117647,0.015294117647058824,0.012,205991,151709,214112.90322580645
0.01388235294117647,0.015294117647058824,0.015,205726,141442,214112.90322580645
0.01388235294117647,0.015647058823529413,0.006,207510,175868,211553.78486055776
0.01388235294117647,0.015647058823529413,0.009,205100,162193,211553.78486055776
0.01388235294117647,0.015647058823529413,0.012,203399,150410,211553.78486055776
0.01388235294117647,0.015647058823529413,0.015,201670,140282,211553.78486055776
0.01388235294117647,0.016,0.006,202988,174094,209055.1181102362
0.01388235294117647,0.016,0.009,202387,160723,209055.1181102362
0.01388235294117647,0.016,0.012,199749,149204,209055.1181102362
0.01388235294117647,0.016,0.015,201546,139233,209055.1181102362
0.01423529411764706,0.004,0.006,300660,264409,351290.32258064515
0.01423529411764706,0.004,0.009,287477,235290,351290.32258064515
0.01423529411764706,0.004,0.012,277751,211936,351290.32258064515
0.01423529411764706,0.004,0.015,270522,192770,351290.32258064515
0.01423529411764706,0.004352941176470588,0.006,296830,260610,344620.2531645569
0.01423529411764706,0.004352941176470588,0.009,284642,232218,344620.2531645569
0.01423529411764706,0.004352941176470588,0.012,275187,209486,344620.2531645569
0.01423529411764706,0.004352941176470588,0.015,268432,190694,344620.2531645569
0.01423529411764706,0.004705882352941177,0.006,293686,256853,338198.7577639751
0.01423529411764706,0.004705882352941177,0.009,281784,229304,338198.7577639751
0.01423529411764706,0.004705882352941177,0.012,272897,207063,338198.7577639751
0.01423529411764706,0.004705882352941177,0.015,266248,188772,338198.7577639751
0.01423529411764706,0.005058823529411765,0.006,290149,253251,332012.1951219512
0.01423529411764706,0.005058823529411765,0.009,279048,226424,332012.1951219512
0.01423529411764706,0.005058823529411765,0.012,270613,204774,332012.1951219512
0.01423529411764706,0.005058823529411765,0.015,263876,186852,332012.1951219512
0.01423529411764706,0.005411764705882353,0.006,287037,249843,326047.90419161675
0.01423529411764706,0.005411764705882353,0.009,276027,223604,326047.90419161675
0.01423529411764706,0.005411764705882353,0.012,268390,202451,326047.90419161675
0.01423529411764706,0.005411764705882353,0.015,262023,184867,326047.90419161675
0.01423529411764706,0.005764705882352941,0.006,283662,246410,320294.1176470588
0.01423529411764706,0.005764705882352941,0.009,273304,220933,320294.1176470588
0.01423529411764706,0.005764705882352941,0.012,265912,200262,320294.1176470588
0.01423529411764706,0.005764705882352941,0.015,259720,183046,320294.1176470588
0.01423529411764706,0.00611764705882353,0.006,280603,243110,314739.88439306355
0.01423529411764706,0.00611764705882353,0.009,270884,218305,314739.88439306355
0.01423529411764706,0.00611764705882353,0.012,263916,198031,314739.88439306355
0.01423529411764706,0.00611764705882353,0.015,258037,181232,314739.88439306355
0.01423529411764706,0.006470588235294118,0.006,277406,239921,309375.0
0.01423529411764706,0.006470588235294118,0.009,268335,215692,309375.0
0.01423529411764706,0.006470588235294118,0.012,261290,195887,309375.0
0.01423529411764706,0.006470588235294118,0.015,256308,179415,309375.0
0.01423529411764706,0.006823529411764706,0.006,274455,236731,304189.9441340782
0.01423529411764706,0.006823529411764706,0.009,265839,213159,304189.9441340782
0.01423529411764706,0.006823529411764706,0.012,259250,193825,304189.9441340782
0.01423529411764706,0.006823529411764706,0.015,254216,177649,304189.9441340782
0.01423529411764706,0.007176470588235295,0.006,271395,233717,299175.82417582424
0.01423529411764706,0.007176470588235295,0.009,263359,210670,299175.82417582424
0.01423529411764706,0.007176470588235295,0.012,256967,191738,299175.82417582424
0.01423529411764706,0.007176470588235295,0.015,252202,175987,299175.82417582424
0.01423529411764706,0.0075294117647058826,0.006,268450,230729,294324.3243243244
0.01423529411764706,0.0075294117647058826,0.009,260714,208258,294324.3243243244
0.01423529411764706,0.0075294117647058826,0.012,254668,189750,294324.3243243244
0.01423529411764706,0.0075294117647058826,0.015,250366,174265,294324.3243243244
0.01423529411764706,0.00788235294117647,0.006,265325,227873,289627.6595744681
0.01423529411764706,0.00788235294117647,0.009,258381,205849,289627.6595744681
0.01423529411764706,0.00788235294117647,0.012,252674,187785,289627.6595744681
0.01423529411764706,0.00788235294117647,0.015,248481,172619,289627.6595744681
0.01423529411764706,0.00823529411764706,0.006,262729,225116,285078.5340314136
0.01423529411764706,0.00823529411764706,0.009,255876,203534,285078.5340314136
0.01423529411764706,0.00823529411764706,0.012,250534,185822,285078.5340314136
0.01423529411764706,0.00823529411764706,0.015,246345,171015,285078.5340314136
0.01423529411764706,0.008588235294117647,0.006,259919,222321,280670.1030927835
0.01423529411764706,0.008588235294117647,0.009,253563,201312,280670.1030927835
0.01423529411764706,0.008588235294117647,0.012,248795,183986,280670.1030927835
0.01423529411764706,0.008588235294117647,0.015,244968,169420,280670.1030927835
0.01423529411764706,0.008941176470588235,0.006,257519,219606,276395.93908629444
0.01423529411764706,0.008941176470588235,0.009,251202,199130,276395.93908629444
0.01423529411764706,0.008941176470588235,0.012,246646,182086,276395.93908629444
0.01423529411764706,0.008941176470588235,0.015,242510,167851,276395.93908629444
0.01423529411764706,0.009294117647058824,0.006,254463,216998,272249.99999999994
0.01423529411764706,0.009294117647058824,0.009,248912,196979,272249.99999999994
0.01423529411764706,0.009294117647058824,0.012,244528,180355,272249.99999999994
0.01423529411764706,0.009294117647058824,0.015,240912,166282,272249.99999999994
0.01423529411764706,0.009647058823529411,0.006,251844,214393,268226.6009852216
0.01423529411764706,0.009647058823529411,0.009,246668,194822,268226.6009852216
0.01423529411764706,0.009647058823529411,0.012,242561,178551,268226.6009852216
0.01423529411764706,0.009647058823529411,0.015,239277,164778,268226.6009852216
0.01423529411764706,0.01,0.006,249055,211936,264320.3883495146
0.01423529411764706,0.01,0.009,244595,192770,264320.3883495146
0.01423529411764706,0.01,0.012,240323,176771,264320.3883495146
0.01423529411764706,0.01,0.015,237536,163315,264320.3883495146
0.01423529411764706,0.010352941176470589,0.006,246715,209486,260526.31578947365
0.01423529411764706,0.010352941176470589,0.009,242485,190694,260526.31578947365
0.01423529411764706,0.010352941176470589,0.012,238557,175103,260526.31578947365
0.01423529411764706,0.010352941176470589,0.015,235771,161854,260526.31578947365
0.01423529411764706,0.010705882352941176,0.006,243586,207063,256839.6226415094
0.01423529411764706,0.010705882352941176,0.009,239900,188772,256839.6226415094
0.01423529411764706,0.010705882352941176,0.012,236593,173445,256839.6226415094
0.01423529411764706,0.010705882352941176,0.015,234056,160392,256839.6226415094
0.01423529411764706,0.011058823529411765,0.006,240955,204774,253255.81395348837
0.01423529411764706,0.011058823529411765,0.009,238504,186852,253255.81395348837
0.01423529411764706,0.011058823529411765,0.012,234927,171825,253255.81395348837
0.01423529411764706,0.011058823529411765,0.015,232762,159033,253255.81395348837
0.01423529411764706,0.011411764705882354,0.006,239347,202451,249770.64220183482
0.01423529411764706,0.011411764705882354,0.009,236029,184867,249770.64220183482
0.01423529411764706,0.011411764705882354,0.012,233181,170206,249770.64220183482
0.01423529411764706,0.011411764705882354,0.015,230958,157648,249770.64220183482
0.01423529411764706,0.011764705882352941,0.006,236989,200262,246380.09049773755
0.01423529411764706,0.011764705882352941,0.009,234568,183046,246380.09049773755
0.01423529411764706,0.011764705882352941,0.012,233548,168630,246380.09049773755
0.01423529411764706,0.011764705882352941,0.015,231003,156276,246380.09049773755
0.01423529411764706,0.01211764705882353,0.006,234932,198031,243080.3571428571
0.01423529411764706,0.01211764705882353,0.009,231940,181232,243080.3571428571
0.01423529411764706,0.01211764705882353,0.012,230484,167033,243080.3571428571
0.01423529411764706,0.01211764705882353,0.015,227804,154908,243080.3571428571
0.01423529411764706,0.012470588235294119,0.006,233439,195887,239867.8414096916
0.01423529411764706,0.012470588235294119,0.009,231364,179415,239867.8414096916
0.01423529411764706,0.012470588235294119,0.012,228302,165487,239867.8414096916
0.01423529411764706,0.012470588235294119,0.015,227477,153639,239867.8414096916
0.01423529411764706,0.012823529411764706,0.006,230357,193825,236739.13043478262
0.01423529411764706,0.012823529411764706,0.009,229386,177649,236739.13043478262
0.01423529411764706,0.012823529411764706,0.012,227013,164060,236739.13043478262
0.01423529411764706,0.012823529411764706,0.015,223892,152325,236739.13043478262
0.01423529411764706,0.013176470588235295,0.006,228724,191738,233690.98712446349
0.01423529411764706,0.013176470588235295,0.009,227340,175987,233690.98712446349
0.01423529411764706,0.013176470588235295,0.012,224200,162589,233690.98712446349
0.01423529411764706,0.013176470588235295,0.015,223128,151094,233690.98712446349
0.01423529411764706,0.013529411764705884,0.006,225820,189750,230720.33898305087
0.01423529411764706,0.013529411764705884,0.009,225043,174265,230720.33898305087
0.01423529411764706,0.013529411764705884,0.012,223070,161145,230720.33898305087
0.01423529411764706,0.013529411764705884,0.015,220463,149829,230720.33898305087
0.01423529411764706,0.01388235294117647,0.006,223105,187785,227824.26778242682
0.01423529411764706,0.01388235294117647,0.009,222113,172619,227824.26778242682
0.01423529411764706,0.01388235294117647,0.012,221754,159675,227824.26778242682
0.01423529411764706,0.01388235294117647,0.015,219098,148615,227824.26778242682
0.01423529411764706,0.01423529411764706,0.006,221305,185822,224999.99999999997
0.01423529411764706,0.01423529411764706,0.009,220508,171015,224999.99999999997
0.01423529411764706,0.01423529411764706,0.012,217542,158338,224999.99999999997
0.01423529411764706,0.01423529411764706,0.015,216980,147418,224999.99999999997
0.01423529411764706,0.014588235294117648,0.006,217754,183986,222244.89795918367
0.01423529411764706,0.014588235294117648,0.009,217232,169420,222244.89795918367
0.01423529411764706,0.014588235294117648,0.012,216466,156998,222244.89795918367
0.01423529411764706,0.014588235294117648,0.015,213894,146219,222244.89795918367
0.01423529411764706,0.014941176470588236,0.006,211721,182086,219556.45161290324
0.01423529411764706,0.014941176470588236,0.009,213869,167851,219556.45161290324
0.01423529411764706,0.014941176470588236,0.012,211595,155581,219556.45161290324
0.01423529411764706,0.014941176470588236,0.015,211772,144984,219556.45161290324
0.01423529411764706,0.015294117647058824,0.006,209976,180355,216932.27091633467
0.01423529411764706,0.015294117647058824,0.009,209175,166282,216932.27091633467
0.01423529411764706,0.015294117647058824,0.012,209278,154297,216932.27091633467
0.01423529411764706,0.015294117647058824,0.015,208109,143848,216932.27091633467
0.01423529411764706,0.015647058823529413,0.006,209778,178551,214370.07874015748
0.01423529411764706,0.015647058823529413,0.009,209635,164778,214370.07874015748
0.01423529411764706,0.015647058823529413,0.012,205581,152934,214370.07874015748
0.01423529411764706,0.015647058823529413,0.015,207856,142774,214370.07874015748
0.01423529411764706,0.016,0.006,205623,176771,211867.70428015562
0.01423529411764706,0.016,0.009,204835,163315,211867.70428015562
0.01423529411764706,0.016,0.012,202775,151720,211867.70428015562
0.01423529411764706,0.016,0.015,202333,141629,211867.70428015562
0.014588235294117648,0.004,0.006,302333,266997,353164.55696202535
0.014588235294117648,0.004,0.009,289092,238009,353164.55696202535
0.014588235294117648,0.004,0.012,279395,214673,353164.55696202535
0.014588235294117648,0.004,0.015,271739,195437,353164.55696202535
0.014588235294117648,0.004352941176470588,0.006,298927,263209,346583.85093167704
0.014588235294117648,0.004352941176470588,0.009,286244,234997,346583.85093167704
0.014588235294117648,0.004352941176470588,0.012,276771,212219,346583.85093167704
0.014588235294117648,0.004352941176470588,0.015,269786,193474,346583.85093167704
0.014588235294117648,0.004705882352941177,0.006,295348,259603,340243.9024390244
0.014588235294117648,0.004705882352941177,0.009,283461,232058,340243.9024390244
0.014588235294117648,0.004705882352941177,0.012,274554,209848,340243.9024390244
0.014588235294117648,0.004705882352941177,0.015,267754,191489,340243.9024390244
0.014588235294117648,0.005058823529411765,0.006,292040,256047,334131.7365269461
0.014588235294117648,0.005058823529411765,0.009,280746,229153,334131.7365269461
0.014588235294117648,0.005058823529411765,0.012,272143,207458,334131.7365269461
0.014588235294117648,0.005058823529411765,0.015,265820,189513,334131.7365269461
0.014588235294117648,0.005411764705882353,0.006,288789,252529,328235.2941176471
0.014588235294117648,0.005411764705882353,0.009,277888,226360,328235.2941176471
0.014588235294117648,0.005411764705882353,0.012,269924,205179,328235.2941176471
0.014588235294117648,0.005411764705882353,0.015,263012,187540,328235.2941176471
0.014588235294117648,0.005764705882352941,0.006,285614,249148,322543.35260115605
0.014588235294117648,0.005764705882352941,0.009,274964,223713,322543.35260115605
0.014588235294117648,0.005764705882352941,0.012,267630,202972,322543.35260115605
0.014588235294117648,0.005764705882352941,0.015,261331,185682,322543.35260115605
0.014588235294117648,0.00611764705882353,0.006,282353,245851,317045.45454545453
0.014588235294117648,0.00611764705882353,0.009,272513,221034,317045.45454545453
0.014588235294117648,0.00611764705882353,0.012,265130,200752,317045.45454545453
0.014588235294117648,0.00611764705882353,0.015,259808,183886,317045.45454545453
0.014588235294117648,0.006470588235294118,0.006,279437,242652,311731.843575419
0.014588235294117648,0.006470588235294118,0.009,269915,218427,311731.843575419
0.014588235294117648,0.006470588235294118,0.012,263240,198561,311731.843575419
0.014588235294117648,0.006470588235294118,0.015,256918,182060,311731.843575419
0.014588235294117648,0.006823529411764706,0.006,276050,239505,306593.40659340663
0.014588235294117648,0.006823529411764706,0.009,267424,215923,306593.40659340663
0.014588235294117648,0.006823529411764706,0.012,260892,196528,306593.40659340663
0.014588235294117648,0.006823529411764706,0.015,255327,180328,306593.40659340663
0.014588235294117648,0.007176470588235295,0.006,273275,236437,301621.62162162166
0.014588235294117648,0.007176470588235295,0.009,264998,213398,301621.62162162166
0.014588235294117648,0.007176470588235295,0.012,258920,194435,301621.62162162166
0.014588235294117648,0.007176470588235295,0.015,253465,178602,301621.62162162166
0.014588235294117648,0.0075294117647058826,0.006,270527,233484,296808.5106382979
0.014588235294117648,0.0075294117647058826,0.009,262452,210966,296808.5106382979
0.014588235294117648,0.0075294117647058826,0.012,256640,192396,296808.5106382979
0.014588235294117648,0.0075294117647058826,0.015,251601,176922,296808.5106382979
0.014588235294117648,0.00788235294117647,0.006,267658,230651,292146.59685863875
0.014588235294117648,0.00788235294117647,0.009,260283,208646,292146.59685863875
0.014588235294117648,0.00788235294117647,0.012,254422,190444,292146.59685863875
0.014588235294117648,0.00788235294117647,0.015,249473,175190,292146.59685863875
0.014588235294117648,0.00823529411764706,0.006,264865,227835,287628.86597938143
0.014588235294117648,0.00823529411764706,0.009,257533,206288,287628.86597938143
0.014588235294117648,0.00823529411764706,0.012,252062,188577,287628.86597938143
0.014588235294117648,0.00823529411764706,0.015,248440,173617,287628.86597938143
0.014588235294117648,0.008588235294117647,0.006,262178,225009,283248.730964467
0.014588235294117648,0.008588235294117647,0.009,255384,204076,283248.730964467
0.014588235294117648,0.008588235294117647,0.012,250482,186619,283248.730964467
0.014588235294117648,0.008588235294117647,0.015,246210,171938,283248.730964467
0.014588235294117648,0.008941176470588235,0.006,259018,222303,279000.00000000006
0.014588235294117648,0.008941176470588235,0.009,253279,201808,279000.00000000006
0.014588235294117648,0.008941176470588235,0.012,248219,184828,279000.00000000006
0.014588235294117648,0.008941176470588235,0.015,244065,170440,279000.00000000006
0.014588235294117648,0.009294117647058824,0.006,256354,219724,274876.8472906404
0.014588235294117648,0.009294117647058824,0.009,250601,199678,274876.8472906404
0.014588235294117648,0.009294117647058824,0.012,246410,182984,274876.8472906404
0.014588235294117648,0.009294117647058824,0.015,242102,168882,274876.8472906404
0.014588235294117648,0.009647058823529411,0.006,253790,217184,270873.7864077669
0.014588235294117648,0.009647058823529411,0.009,248118,197574,270873.7864077669
0.014588235294117648,0.009647058823529411,0.012,244636,181228,270873.7864077669
0.014588235294117648,0.009647058823529411,0.015,240927,167347,270873.7864077669
0.014588235294117648,0.01,0.006,251087,214673,266985.6459330144
0.014588235294117648,0.01,0.009,246264,195437,266985.6459330144
0.014588235294117648,0.01,0.012,242537,179432,266985.6459330144
0.014588235294117648,0.01,0.015,238600,165820,266985.6459330144
0.014588235294117648,0.010352941176470589,0.006,248516,212219,263207.5471698113
0.014588235294117648,0.010352941176470589,0.009,244137,193474,263207.5471698113
0.014588235294117648,0.010352941176470589,0.012,240063,177695,263207.5471698113
0.014588235294117648,0.010352941176470589,0.015,237183,164409,263207.5471698113
0.014588235294117648,0.010705882352941176,0.006,246504,209848,259534.88372093026
0.014588235294117648,0.010705882352941176,0.009,241814,191489,259534.88372093026
0.014588235294117648,0.010705882352941176,0.012,238137,176071,259534.88372093026
0.014588235294117648,0.010705882352941176,0.015,235762,162932,259534.88372093026
0.014588235294117648,0.011058823529411765,0.006,243933,207458,255963.3027522936
0.014588235294117648,0.011058823529411765,0.009,239466,189513,255963.3027522936
0.014588235294117648,0.011058823529411765,0.012,236503,174413,255963.3027522936
0.014588235294117648,0.011058823529411765,0.015,233498,161492,255963.3027522936
0.014588235294117648,0.011411764705882354,0.006,240582,205179,252488.6877828054
0.014588235294117648,0.011411764705882354,0.009,237636,187540,252488.6877828054
0.014588235294117648,0.011411764705882354,0.012,235326,172788,252488.6877828054
0.014588235294117648,0.011411764705882354,0.015,232416,160112,252488.6877828054
0.014588235294117648,0.011764705882352941,0.006,238995,202972,249107.14285714287
0.014588235294117648,0.011764705882352941,0.009,235692,185682,249107.14285714287
0.014588235294117648,0.011764705882352941,0.012,234366,171229,249107.14285714287
0.014588235294117648,0.011764705882352941,0.015,231715,158747,249107.14285714287
0.014588235294117648,0.01211764705882353,0.006,237605,200752,245814.97797356825
0.014588235294117648,0.01211764705882353,0.009,233135,183886,245814.97797356825
0.014588235294117648,0.01211764705882353,0.012,232357,169653,245814.97797356825
0.014588235294117648,0.01211764705882353,0.015,228129,157441,245814.97797356825
0.014588235294117648,0.012470588235294119,0.006,234876,198561,242608.6956521739
0.014588235294117648,0.012470588235294119,0.009,233409,182060,242608.6956521739
0.014588235294117648,0.012470588235294119,0.012,229680,168107,242608.6956521739
0.014588235294117648,0.012470588235294119,0.015,227390,156102,242608.6956521739
0.014588235294117648,0.012823529411764706,0.006,232937,196528,239484.9785407725
0.014588235294117648,0.012823529411764706,0.009,230090,180328,239484.9785407725
0.014588235294117648,0.012823529411764706,0.012,229438,166599,239484.9785407725
0.014588235294117648,0.012823529411764706,0.015,225762,154800,239484.9785407725
0.014588235294117648,0.013176470588235295,0.006,230595,194435,236440.6779661017
0.014588235294117648,0.013176470588235295,0.009,228042,178602,236440.6779661017
0.014588235294117648,0.013176470588235295,0.012,226077,165083,236440.6779661017
0.014588235294117648,0.013176470588235295,0.015,225974,153504,236440.6779661017
0.014588235294117648,0.013529411764705884,0.006,228588,192396,233472.80334728034
0.014588235294117648,0.013529411764705884,0.009,226237,176922,233472.80334728034
0.014588235294117648,0.013529411764705884,0.012,224437,163646,233472.80334728034
0.014588235294117648,0.013529411764705884,0.015,222780,152237,233472.80334728034
0.014588235294117648,0.01388235294117647,0.006,226488,190444,230578.51239669425
0.014588235294117648,0.01388235294117647,0.009,224674,175190,230578.51239669425
0.014588235294117648,0.01388235294117647,0.012,222471,162264,230578.51239669425
0.014588235294117648,0.01388235294117647,0.015,221350,151053,230578.51239669425
0.014588235294117648,0.01423529411764706,0.006,223952,188577,227755.10204081633
0.014588235294117648,0.01423529411764706,0.009,222497,173617,227755.10204081633
0.014588235294117648,0.01423529411764706,0.012,221337,160859,227755.10204081633
0.014588235294117648,0.01423529411764706,0.015,220944,149844,227755.10204081633
0.014588235294117648,0.014588235294117648,0.006,221224,186619,225000.0
0.014588235294117648,0.014588235294117648,0.009,220332,171938,225000.0
0.014588235294117648,0.014588235294117648,0.012,218782,159470,225000.0
0.014588235294117648,0.014588235294117648,0.015,217671,148644,225000.0
0.014588235294117648,0.014941176470588236,0.006,218579,184828,222310.75697211156
0.014588235294117648,0.014941176470588236,0.009,214255,170440,222310.75697211156
0.014588235294117648,0.014941176470588236,0.012,214791,158051,222310.75697211156
0.014588235294117648,0.014941176470588236,0.015,214662,147438,222310.75697211156
0.014588235294117648,0.015294117647058824,0.006,214892,182984,219685.03937007874
0.014588235294117648,0.015294117647058824,0.009,214407,168882,219685.03937007874
0.014588235294117648,0.015294117647058824,0.012,210976,156746,219685.03937007874
0.014588235294117648,0.015294117647058824,0.015,212995,146298,219685.03937007874
0.014588235294117648,0.015647058823529413,0.006,214379,181228,217120.62256809336
0.014588235294117648,0.015647058823529413,0.009,211411,167347,217120.62256809336
0.014588235294117648,0.015647058823529413,0.012,209285,155480,217120.62256809336
0.014588235294117648,0.015647058823529413,0.015,209342,145169,217120.62256809336
0.014588235294117648,0.016,0.006,210288,179432,214615.3846153846
0.014588235294117648,0.016,0.009,205973,165820,214615.3846153846
0.014588235294117648,0.016,0.012,204437,154191,214615.3846153846
0.014588235294117648,0.016,0.015,206947,144002,214615.3846153846
0.014941176470588236,0.004,0.006,304080,269580,354968.9440993789
0.014941176470588236,0.004,0.009,290613,240701,354968.9440993789
0.014941176470588236,0.004,0.012,280789,217329,354968.9440993789
0.014941176470588236,0.004,0.015,273111,198086,354968.9440993789
0.014941176470588236,0.004352941176470588,0.006,300509,265860,348475.60975609755
0.014941176470588236,0.004352941176470588,0.009,287866,237676,348475.60975609755
0.014941176470588236,0.004352941176470588,0.012,278380,214866,348475.60975609755
0.014941176470588236,0.004352941176470588,0.015,271210,196082,348475.60975609755
0.014941176470588236,0.004705882352941177,0.006,297105,262202,342215.56886227545
0.014941176470588236,0.004705882352941177,0.009,285102,234732,342215.56886227545
0.014941176470588236,0.004705882352941177,0.012,275732,212490,342215.56886227545
0.014941176470588236,0.004705882352941177,0.015,269064,194092,342215.56886227545
0.014941176470588236,0.005058823529411765,0.006,293844,258609,336176.4705882353
0.014941176470588236,0.005058823529411765,0.009,281955,231897,336176.4705882353
0.014941176470588236,0.005058823529411765,0.012,273430,210118,336176.4705882353
0.014941176470588236,0.005058823529411765,0.015,267078,192100,336176.4705882353
0.014941176470588236,0.005411764705882353,0.006,290605,255134,330346.82080924854
0.014941176470588236,0.005411764705882353,0.009,279395,229126,330346.82080924854
0.014941176470588236,0.005411764705882353,0.012,271414,207820,330346.82080924854
0.014941176470588236,0.005411764705882353,0.015,264812,190196,330346.82080924854
0.014941176470588236,0.005764705882352941,0.006,287422,251820,324715.90909090906
0.014941176470588236,0.005764705882352941,0.009,276907,226387,324715.90909090906
0.014941176470588236,0.005764705882352941,0.012,268945,205556,324715.90909090906
0.014941176470588236,0.005764705882352941,0.015,263048,188345,324715.90909090906
0.014941176470588236,0.00611764705882353,0.006,284183,248496,319273.74301675975
0.014941176470588236,0.00611764705882353,0.009,274288,223752,319273.74301675975
0.014941176470588236,0.00611764705882353,0.012,266333,203363,319273.74301675975
0.014941176470588236,0.00611764705882353,0.015,261056,186516,319273.74301675975
0.014941176470588236,0.006470588235294118,0.006,281276,245350,314010.98901098897
0.014941176470588236,0.006470588235294118,0.009,271836,221148,314010.98901098897
0.014941176470588236,0.006470588235294118,0.012,264404,201263,314010.98901098897
0.014941176470588236,0.006470588235294118,0.015,259118,184697,314010.98901098897
0.014941176470588236,0.006823529411764706,0.006,278238,242168,308918.91891891893
0.014941176470588236,0.006823529411764706,0.009,269205,218542,308918.91891891893
0.014941176470588236,0.006823529411764706,0.012,262342,199184,308918.91891891893
0.014941176470588236,0.006823529411764706,0.015,257072,182933,308918.91891891893
0.014941176470588236,0.007176470588235295,0.006,275272,239141,303989.3617021277
0.014941176470588236,0.007176470588235295,0.009,266815,216097,303989.3617021277
0.014941176470588236,0.007176470588235295,0.012,260320,197098,303989.3617021277
0.014941176470588236,0.007176470588235295,0.015,255246,181200,303989.3617021277
0.014941176470588236,0.0075294117647058826,0.006,272320,236181,299214.6596858638
0.014941176470588236,0.0075294117647058826,0.009,264358,213630,299214.6596858638
0.014941176470588236,0.0075294117647058826,0.012,258068,195080,299214.6596858638
0.014941176470588236,0.0075294117647058826,0.015,253420,179482,299214.6596858638
0.014941176470588236,0.00788235294117647,0.006,269525,233291,294587.6288659794
0.014941176470588236,0.00788235294117647,0.009,261787,211313,294587.6288659794
0.014941176470588236,0.00788235294117647,0.012,255970,193123,294587.6288659794
0.014941176470588236,0.00788235294117647,0.015,251325,177811,294587.6288659794
0.014941176470588236,0.00823529411764706,0.006,266367,230493,290101.52284263953
0.014941176470588236,0.00823529411764706,0.009,259463,208996,290101.52284263953
0.014941176470588236,0.00823529411764706,0.012,254172,191173,290101.52284263953
0.014941176470588236,0.00823529411764706,0.015,249695,176175,290101.52284263953
0.014941176470588236,0.008588235294117647,0.006,263973,227681,285750.0
0.014941176470588236,0.008588235294117647,0.009,257106,206712,285750.0
0.014941176470588236,0.008588235294117647,0.012,251896,189297,285750.0
0.014941176470588236,0.008588235294117647,0.015,247778,174558,285750.0
0.014941176470588236,0.008941176470588235,0.006,261054,224990,281527.09359605913
0.014941176470588236,0.008941176470588235,0.009,254643,204526,281527.09359605913
0.014941176470588236,0.008941176470588235,0.012,249924,187420,281527.09359605913
0.014941176470588236,0.008941176470588235,0.015,245961,172894,281527.09359605913
0.014941176470588236,0.009294117647058824,0.006,258538,222399,277427.18446601933
0.014941176470588236,0.009294117647058824,0.009,252486,202338,277427.18446601933
0.014941176470588236,0.009294117647058824,0.012,247892,185579,277427.18446601933
0.014941176470588236,0.009294117647058824,0.015,244163,171397,277427.18446601933
0.014941176470588236,0.009647058823529411,0.006,255666,219881,273444.976076555
0.014941176470588236,0.009647058823529411,0.009,250524,200239,273444.976076555
0.014941176470588236,0.009647058823529411,0.012,245721,183819,273444.976076555
0.014941176470588236,0.009647058823529411,0.015,242336,169879,273444.976076555
0.014941176470588236,0.01,0.006,253012,217329,269575.4716981132
0.014941176470588236,0.01,0.009,248197,198086,269575.4716981132
0.014941176470588236,0.01,0.012,243843,182063,269575.4716981132
0.014941176470588236,0.01,0.015,240899,168391,269575.4716981132
0.014941176470588236,0.010352941176470589,0.006,250487,214866,265813.95348837203
0.014941176470588236,0.010352941176470589,0.009,245547,196082,265813.95348837203
0.014941176470588236,0.010352941176470589,0.012,241626,180314,265813.95348837203
0.014941176470588236,0.010352941176470589,0.015,239373,166896,265813.95348837203
0.014941176470588236,0.010705882352941176,0.006,247876,212490,262155.9633027523
0.014941176470588236,0.010705882352941176,0.009,243548,194092,262155.9633027523
0.014941176470588236,0.010705882352941176,0.012,240211,178626,262155.9633027523
0.014941176470588236,0.010705882352941176,0.015,237503,165462,262155.9633027523
0.014941176470588236,0.011058823529411765,0.006,245626,210118,258597.28506787328
0.014941176470588236,0.011058823529411765,0.009,241948,192100,258597.28506787328
0.014941176470588236,0.011058823529411765,0.012,238781,176911,258597.28506787328
0.014941176470588236,0.011058823529411765,0.015,235179,163966,258597.28506787328
0.014941176470588236,0.011411764705882354,0.006,243338,207820,255133.92857142852
0.014941176470588236,0.011411764705882354,0.009,239764,190196,255133.92857142852
0.014941176470588236,0.011411764705882354,0.012,237229,175316,255133.92857142852
0.014941176470588236,0.011411764705882354,0.015,234383,162605,255133.92857142852
0.014941176470588236,0.011764705882352941,0.006,240755,205556,251762.11453744496
0.014941176470588236,0.011764705882352941,0.009,236905,188345,251762.11453744496
0.014941176470588236,0.011764705882352941,0.012,232963,173762,251762.11453744496
0.014941176470588236,0.011764705882352941,0.015,232411,161255,251762.11453744496
0.014941176470588236,0.01211764705882353,0.006,239000,203363,248478.26086956516
0.014941176470588236,0.01211764705882353,0.009,236278,186516,248478.26086956516
0.014941176470588236,0.01211764705882353,0.012,233140,172136,248478.26086956516
0.014941176470588236,0.01211764705882353,0.015,229728,159912,248478.26086956516
0.014941176470588236,0.012470588235294119,0.006,236723,201263,245278.9699570815
0.014941176470588236,0.012470588235294119,0.009,234437,184697,245278.9699570815
0.014941176470588236,0.012470588235294119,0.012,231515,170650,245278.9699570815
0.014941176470588236,0.012470588235294119,0.015,231543,158554,245278.9699570815
0.014941176470588236,0.012823529411764706,0.006,235521,199184,242161.01694915252
0.014941176470588236,0.012823529411764706,0.009,231778,182933,242161.01694915252
0.014941176470588236,0.012823529411764706,0.012,230846,169114,242161.01694915252
0.014941176470588236,0.012823529411764706,0.015,229020,157258,242161.01694915252
0.014941176470588236,0.013176470588235295,0.006,233365,197098,239121.33891213386
0.014941176470588236,0.013176470588235295,0.009,231058,181200,239121.33891213386
0.014941176470588236,0.013176470588235295,0.012,228912,167630,239121.33891213386
0.014941176470588236,0.013176470588235295,0.015,226793,155984,239121.33891213386
0.014941176470588236,0.013529411764705884,0.006,230869,195080,236157.02479338844
0.014941176470588236,0.013529411764705884,0.009,229324,179482,236157.02479338844
0.014941176470588236,0.013529411764705884,0.012,227752,166165,236157.02479338844
0.014941176470588236,0.013529411764705884,0.015,226399,154666,236157.02479338844
0.014941176470588236,0.01388235294117647,0.006,228460,193123,233265.306122449
0.014941176470588236,0.01388235294117647,0.009,227128,177811,233265.306122449
0.014941176470588236,0.01388235294117647,0.012,223886,164751,233265.306122449
0.014941176470588236,0.01388235294117647,0.015,223740,153458,233265.306122449
0.014941176470588236,0.01423529411764706,0.006,224573,191173,230443.54838709676
0.014941176470588236,0.01423529411764706,0.009,224806,176175,230443.54838709676
0.014941176470588236,0.01423529411764706,0.012,222907,163293,230443.54838709676
0.014941176470588236,0.01423529411764706,0.015,221846,152241,230443.54838709676
0.014941176470588236,0.014588235294117648,0.006,224006,189297,227689.24302788844
0.014941176470588236,0.014588235294117648,0.009,222691,174558,227689.24302788844
0.014941176470588236,0.014588235294117648,0.012,221834,161944,227689.24302788844
0.014941176470588236,0.014588235294117648,0.015,220662,151002,227689.24302788844
0.014941176470588236,0.014941176470588236,0.006,221469,187420,225000.0
0.014941176470588236,0.014941176470588236,0.009,219695,172894,225000.0
0.014941176470588236,0.014941176470588236,0.012,219274,160528,225000.0
0.014941176470588236,0.014941176470588236,0.015,218379,149843,225000.0
0.014941176470588236,0.015294117647058824,0.006,218088,185579,222373.54085603112
0.014941176470588236,0.015294117647058824,0.009,217159,171397,222373.54085603112
0.014941176470588236,0.015294117647058824,0.012,215734,159252,222373.54085603112
0.014941176470588236,0.015294117647058824,0.015,214179,148609,222373.54085603112
0.014941176470588236,0.015647058823529413,0.006,214667,183819,219807.69230769228
0.014941176470588236,0.015647058823529413,0.009,214869,169879,219807.69230769228
0.014941176470588236,0.015647058823529413,0.012,212187,157873,219807.69230769228
0.014941176470588236,0.015647058823529413,0.015,210422,147482,219807.69230769228
0.014941176470588236,0.016,0.006,210584,182063,217300.38022813684
0.014941176470588236,0.016,0.009,208466,168391,217300.38022813684
0.014941176470588236,0.016,0.012,208706,156623,217300.38022813684
0.014941176470588236,0.016,0.015,208482,146408,217300.38022813684
0.015294117647058824,0.004,0.006,305713,272149,356707.31707317074
0.015294117647058824,0.004,0.009,292203,243302,356707.31707317074
0.015294117647058824,0.004,0.012,282004,219983,356707.31707317074
0.015294117647058824,0.004,0.015,274437,200736,356707.31707317074
0.015294117647058824,0.004352941176470588,0.006,302311,268386,350299.40119760484
0.015294117647058824,0.004352941176470588,0.009,289478,240255,350299.40119760484
0.015294117647058824,0.004352941176470588,0.012,279619,217458,350299.40119760484
0.015294117647058824,0.004352941176470588,0.015,272482,198679,350299.40119760484
0.015294117647058824,0.004705882352941177,0.006,298903,264770,344117.6470588235
0.015294117647058824,0.004705882352941177,0.009,286665,237382,344117.6470588235
0.015294117647058824,0.004705882352941177,0.012,277489,215106,344117.6470588235
0.015294117647058824,0.004705882352941177,0.015,270102,196703,344117.6470588235
0.015294117647058824,0.005058823529411765,0.006,295481,261154,338150.2890173411
0.015294117647058824,0.005058823529411765,0.009,283931,234541,338150.2890173411
0.015294117647058824,0.005058823529411765,0.012,275280,212794,338150.2890173411
0.015294117647058824,0.005058823529411765,0.015,268621,194675,338150.2890173411
0.015294117647058824,0.005411764705882353,0.006,292246,257769,332386.36363636365
0.015294117647058824,0.005411764705882353,0.009,281194,231695,332386.36363636365
0.015294117647058824,0.005411764705882353,0.012,272894,210420,332386.36363636365
0.015294117647058824,0.005411764705882353,0.015,265953,192802,332386.36363636365
0.015294117647058824,0.005764705882352941,0.006,289183,254429,326815.6424581005
0.015294117647058824,0.005764705882352941,0.009,278517,229020,326815.6424581005
0.015294117647058824,0.005764705882352941,0.012,270259,208169,326815.6424581005
0.015294117647058824,0.005764705882352941,0.015,264204,190927,326815.6424581005
0.015294117647058824,0.00611764705882353,0.006,286088,251069,321428.5714285714
0.015294117647058824,0.00611764705882353,0.009,275997,226321,321428.5714285714
0.015294117647058824,0.00611764705882353,0.012,268489,206036,321428.5714285714
0.015294117647058824,0.00611764705882353,0.015,262488,189014,321428.5714285714
0.015294117647058824,0.006470588235294118,0.006,282906,247879,316216.2162162163
0.015294117647058824,0.006470588235294118,0.009,273506,223735,316216.2162162163
0.015294117647058824,0.006470588235294118,0.012,266216,203820,316216.2162162163
0.015294117647058824,0.006470588235294118,0.015,260458,187252,316216.2162162163
0.015294117647058824,0.006823529411764706,0.006,279971,244786,311170.2127659575
0.015294117647058824,0.006823529411764706,0.009,270748,221188,311170.2127659575
0.015294117647058824,0.006823529411764706,0.012,263838,201714,311170.2127659575
0.015294117647058824,0.006823529411764706,0.015,258750,185475,311170.2127659575
0.015294117647058824,0.007176470588235295,0.006,277033,241729,306282.72251308896
0.015294117647058824,0.007176470588235295,0.009,268411,218729,306282.72251308896
0.015294117647058824,0.007176470588235295,0.012,261965,199645,306282.72251308896
0.015294117647058824,0.007176470588235295,0.015,256667,183662,306282.72251308896
0.015294117647058824,0.0075294117647058826,0.006,274138,238851,301546.3917525773
0.015294117647058824,0.0075294117647058826,0.009,265706,216283,301546.3917525773
0.015294117647058824,0.0075294117647058826,0.012,259462,197697,301546.3917525773
0.015294117647058824,0.0075294117647058826,0.015,254893,181991,301546.3917525773
0.015294117647058824,0.00788235294117647,0.006,271292,235892,296954.3147208122
0.015294117647058824,0.00788235294117647,0.009,263816,213920,296954.3147208122
0.015294117647058824,0.00788235294117647,0.012,257526,195704,296954.3147208122
0.015294117647058824,0.00788235294117647,0.015,252635,180336,296954.3147208122
0.015294117647058824,0.00823529411764706,0.006,268394,233138,292500.0
0.015294117647058824,0.00823529411764706,0.009,261100,211603,292500.0
0.015294117647058824,0.00823529411764706,0.012,255580,193752,292500.0
0.015294117647058824,0.00823529411764706,0.015,250785,178682,292500.0
0.015294117647058824,0.008588235294117647,0.006,265895,230363,288177.3399014778
0.015294117647058824,0.008588235294117647,0.009,259043,209364,288177.3399014778
0.015294117647058824,0.008588235294117647,0.012,253661,191785,288177.3399014778
0.015294117647058824,0.008588235294117647,0.015,249332,177052,288177.3399014778
0.015294117647058824,0.008941176470588235,0.006,263164,227657,283980.5825242718
0.015294117647058824,0.008941176470588235,0.009,256780,207121,283980.5825242718
0.015294117647058824,0.008941176470588235,0.012,251739,189926,283980.5825242718
0.015294117647058824,0.008941176470588235,0.015,247139,175422,283980.5825242718
0.015294117647058824,0.009294117647058824,0.006,260427,225000,279904.3062200957
0.015294117647058824,0.009294117647058824,0.009,254288,204974,279904.3062200957
0.015294117647058824,0.009294117647058824,0.012,249593,188137,279904.3062200957
0.015294117647058824,0.009294117647058824,0.015,245726,173850,279904.3062200957
0.015294117647058824,0.009647058823529411,0.006,257780,222502,275943.3962264151
0.015294117647058824,0.009647058823529411,0.009,251987,202797,275943.3962264151
0.015294117647058824,0.009647058823529411,0.012,247747,186347,275943.3962264151
0.015294117647058824,0.009647058823529411,0.015,243265,172369,275943.3962264151
0.015294117647058824,0.01,0.006,255132,219983,272093.023255814
0.015294117647058824,0.01,0.009,249904,200736,272093.023255814
0.015294117647058824,0.01,0.012,245487,184558,272093.023255814
0.015294117647058824,0.01,0.015,242244,170808,272093.023255814
0.015294117647058824,0.010352941176470589,0.006,252731,217458,268348.62385321106
0.015294117647058824,0.010352941176470589,0.009,247688,198679,268348.62385321106
0.015294117647058824,0.010352941176470589,0.012,243587,182862,268348.62385321106
0.015294117647058824,0.010352941176470589,0.015,239881,169312,268348.62385321106
0.015294117647058824,0.010705882352941176,0.006,250322,215106,264705.8823529412
0.015294117647058824,0.010705882352941176,0.009,245229,196703,264705.8823529412
0.015294117647058824,0.010705882352941176,0.012,241723,181167,264705.8823529412
0.015294117647058824,0.010705882352941176,0.015,238159,167840,264705.8823529412
0.015294117647058824,0.011058823529411765,0.006,247404,212794,261160.71428571435
0.015294117647058824,0.011058823529411765,0.009,242981,194675,261160.71428571435
0.015294117647058824,0.011058823529411765,0.012,239981,179473,261160.71428571435
0.015294117647058824,0.011058823529411765,0.015,237176,166424,261160.71428571435
0.015294117647058824,0.011411764705882354,0.006,245192,210420,257709.25110132166
0.015294117647058824,0.011411764705882354,0.009,240963,192802,257709.25110132166
0.015294117647058824,0.011411764705882354,0.012,238622,177831,257709.25110132166
0.015294117647058824,0.011411764705882354,0.015,235019,165071,257709.25110132166
0.015294117647058824,0.011764705882352941,0.006,243438,208169,254347.82608695654
0.015294117647058824,0.011764705882352941,0.009,239455,190927,254347.82608695654
0.015294117647058824,0.011764705882352941,0.012,236147,176190,254347.82608695654
0.015294117647058824,0.011764705882352941,0.015,234220,163619,254347.82608695654
0.015294117647058824,0.01211764705882353,0.006,240754,206036,251072.96137339054
0.015294117647058824,0.01211764705882353,0.009,237103,189014,251072.96137339054
0.015294117647058824,0.01211764705882353,0.012,234668,174679,251072.96137339054
0.015294117647058824,0.01211764705882353,0.015,232627,162319,251072.96137339054
0.015294117647058824,0.012470588235294119,0.006,238566,203820,247881.35593220338
0.015294117647058824,0.012470588235294119,0.009,237690,187252,247881.35593220338
0.015294117647058824,0.012470588235294119,0.012,233855,173099,247881.35593220338
0.015294117647058824,0.012470588235294119,0.015,230647,160937,247881.35593220338
0.015294117647058824,0.012823529411764706,0.006,236771,201714,244769.87447698743
0.015294117647058824,0.012823529411764706,0.009,235400,185475,244769.87447698743
0.015294117647058824,0.012823529411764706,0.012,232122,171583,244769.87447698743
0.015294117647058824,0.012823529411764706,0.015,229833,159668,244769.87447698743
0.015294117647058824,0.013176470588235295,0.006,234340,199645,241735.53719008266
0.015294117647058824,0.013176470588235295,0.009,232289,183662,241735.53719008266
0.015294117647058824,0.013176470588235295,0.012,229472,170095,241735.53719008266
0.015294117647058824,0.013176470588235295,0.015,227719,158337,241735.53719008266
0.015294117647058824,0.013529411764705884,0.006,232390,197697,238775.51020408163
0.015294117647058824,0.013529411764705884,0.009,230970,181991,238775.51020408163
0.015294117647058824,0.013529411764705884,0.012,228675,168632,238775.51020408163
0.015294117647058824,0.013529411764705884,0.015,225605,157097,238775.51020408163
0.015294117647058824,0.01388235294117647,0.006,230670,195704,235887.09677419357
0.015294117647058824,0.01388235294117647,0.009,227284,180336,235887.09677419357
0.015294117647058824,0.01388235294117647,0.012,227237,167155,235887.09677419357
0.015294117647058824,0.01388235294117647,0.015,225218,155833,235887.09677419357
0.015294117647058824,0.01423529411764706,0.006,228648,193752,233067.72908366533
0.015294117647058824,0.01423529411764706,0.009,226009,178682,233067.72908366533
0.015294117647058824,0.01423529411764706,0.012,225098,165751,233067.72908366533
0.015294117647058824,0.01423529411764706,0.015,224649,154535,233067.72908366533
0.015294117647058824,0.014588235294117648,0.006,226090,191785,230314.96062992126
0.015294117647058824,0.014588235294117648,0.009,224325,177052,230314.96062992126
0.015294117647058824,0.014588235294117648,0.012,223299,164380,230314.96062992126
0.015294117647058824,0.014588235294117648,0.015,222800,153334,230314.96062992126
0.015294117647058824,0.014941176470588236,0.006,223630,189926,227626.45914396888
0.015294117647058824,0.014941176470588236,0.009,222162,175422,227626.45914396888
0.015294117647058824,0.014941176470588236,0.012,221007,163004,227626.45914396888
0.015294117647058824,0.014941176470588236,0.015,219899,152193,227626.45914396888
0.015294117647058824,0.015294117647058824,0.006,220494,188137,225000.0
0.015294117647058824,0.015294117647058824,0.009,220079,173850,225000.0
0.015294117647058824,0.015294117647058824,0.012,217478,161628,225000.0
0.015294117647058824,0.015294117647058824,0.015,217633,150995,225000.0
0.015294117647058824,0.015647058823529413,0.006,216776,186347,222433.46007604562
0.015294117647058824,0.015647058823529413,0.009,217441,172369,222433.46007604562
0.015294117647058824,0.015647058823529413,0.012,216062,160245,222433.46007604562
0.015294117647058824,0.015647058823529413,0.015,215193,149783,222433.46007604562
0.015294117647058824,0.016,0.006,216289,184558,219924.81203007518
0.015294117647058824,0.016,0.009,214935,170808,219924.81203007518
0.015294117647058824,0.016,0.012,213635,159001,219924.81203007518
0.015294117647058824,0.016,0.015,211957,148709,219924.81203007518
0.015647058823529413,0.004,0.006,307320,274548,358383.23353293416
0.015647058823529413,0.004,0.009,293641,245785,358383.23353293416
0.015647058823529413,0.004,0.012,283616,222512,358383.23353293416
0.015647058823529413,0.004,0.015,275808,203251,358383.23353293416
0.015647058823529413,0.004352941176470588,0.006,303908,270882,352058.82352941175
0.015647058823529413,0.004352941176470588,0.009,290910,242869,352058.82352941175
0.015647058823529413,0.004352941176470588,0.012,281431,220028,352058.82352941175
0.015647058823529413,0.004352941176470588,0.015,273835,201239,352058.82352941175
0.015647058823529413,0.004705882352941177,0.006,300479,267256,345953.75722543354
0.015647058823529413,0.004705882352941177,0.009,288217,239952,345953.75722543354
0.015647058823529413,0.004705882352941177,0.012,278902,217692,345953.75722543354
0.015647058823529413,0.004705882352941177,0.015,271638,199167,345953.75722543354
0.015647058823529413,0.005058823529411765,0.006,297284,263692,340056.81818181823
0.015647058823529413,0.005058823529411765,0.009,285275,237024,340056.81818181823
0.015647058823529413,0.005058823529411765,0.012,276719,215331,340056.81818181823
0.015647058823529413,0.005058823529411765,0.015,269579,197211,340056.81818181823
0.015647058823529413,0.005411764705882353,0.006,294055,260298,334357.54189944133
0.015647058823529413,0.005411764705882353,0.009,282866,234306,334357.54189944133
0.015647058823529413,0.005411764705882353,0.012,274331,213059,334357.54189944133
0.015647058823529413,0.005411764705882353,0.015,267691,195323,334357.54189944133
0.015647058823529413,0.005764705882352941,0.006,290844,256878,328846.1538461538
0.015647058823529413,0.005764705882352941,0.009,280138,231528,328846.1538461538
0.015647058823529413,0.005764705882352941,0.012,271927,210786,328846.1538461538
0.015647058823529413,0.005764705882352941,0.015,265319,193367,328846.1538461538
0.015647058823529413,0.00611764705882353,0.006,287869,253667,323513.5135135135
0.015647058823529413,0.00611764705882353,0.009,277516,228915,323513.5135135135
0.015647058823529413,0.00611764705882353,0.012,269636,208608,323513.5135135135
0.015647058823529413,0.00611764705882353,0.015,263984,191583,323513.5135135135
0.015647058823529413,0.006470588235294118,0.006,284758,250406,318351.06382978725
0.015647058823529413,0.006470588235294118,0.009,274989,226315,318351.06382978725
0.015647058823529413,0.006470588235294118,0.012,267393,206368,318351.06382978725
0.015647058823529413,0.006470588235294118,0.015,261869,189736,318351.06382978725
0.015647058823529413,0.006823529411764706,0.006,281775,247378,313350.78534031415
0.015647058823529413,0.006823529411764706,0.009,272517,223777,313350.78534031415
0.015647058823529413,0.006823529411764706,0.012,265395,204318,313350.78534031415
0.015647058823529413,0.006823529411764706,0.015,259782,187960,313350.78534031415
0.015647058823529413,0.007176470588235295,0.006,278958,244306,308505.1546391753
0.015647058823529413,0.007176470588235295,0.009,270045,221285,308505.1546391753
0.015647058823529413,0.007176470588235295,0.012,262985,202224,308505.1546391753
0.015647058823529413,0.007176470588235295,0.015,257852,186214,308505.1546391753
0.015647058823529413,0.0075294117647058826,0.006,276018,241317,303807.10659898474
0.015647058823529413,0.0075294117647058826,0.009,267357,218896,303807.10659898474
0.015647058823529413,0.0075294117647058826,0.012,260911,200151,303807.10659898474
0.015647058823529413,0.0075294117647058826,0.015,256165,184496,303807.10659898474
0.015647058823529413,0.00788235294117647,0.006,272996,238523,299250.0
0.015647058823529413,0.00788235294117647,0.009,265340,216454,299250.0
0.015647058823529413,0.00788235294117647,0.012,259021,198228,299250.0
0.015647058823529413,0.00788235294117647,0.015,254458,182803,299250.0
0.015647058823529413,0.00823529411764706,0.006,270343,235640,294827.5862068965
0.015647058823529413,0.00823529411764706,0.009,262682,214199,294827.5862068965
0.015647058823529413,0.00823529411764706,0.012,257044,196212,294827.5862068965
0.015647058823529413,0.00823529411764706,0.015,252265,181075,294827.5862068965
0.015647058823529413,0.008588235294117647,0.006,267506,232946,290533.98058252427
0.015647058823529413,0.008588235294117647,0.009,260633,211875,290533.98058252427
0.015647058823529413,0.008588235294117647,0.012,254908,194357,290533.98058252427
0.015647058823529413,0.008588235294117647,0.015,250121,179462,290533.98058252427
0.015647058823529413,0.008941176470588235,0.006,264736,230261,286363.63636363635
0.015647058823529413,0.008941176470588235,0.009,257977,209672,286363.63636363635
0.015647058823529413,0.008941176470588235,0.012,252632,192442,286363.63636363635
0.015647058823529413,0.008941176470588235,0.015,248889,177907,286363.63636363635
0.015647058823529413,0.009294117647058824,0.006,262298,227628,282311.320754717
0.015647058823529413,0.009294117647058824,0.009,256086,207505,282311.320754717
0.015647058823529413,0.009294117647058824,0.012,250736,190663,282311.320754717
0.015647058823529413,0.009294117647058824,0.015,247030,176338,282311.320754717
0.015647058823529413,0.009647058823529411,0.006,259411,225072,278372.0930232558
0.015647058823529413,0.009647058823529411,0.009,253908,205293,278372.0930232558
0.015647058823529413,0.009647058823529411,0.012,248808,188858,278372.0930232558
0.015647058823529413,0.009647058823529411,0.015,245589,174756,278372.0930232558
0.015647058823529413,0.01,0.006,257019,222512,274541.2844036697
0.015647058823529413,0.01,0.009,251820,203251,274541.2844036697
0.015647058823529413,0.01,0.012,247184,187036,274541.2844036697
0.015647058823529413,0.01,0.015,243115,173256,274541.2844036697
0.015647058823529413,0.010352941176470589,0.006,254402,220028,270814.479638009
0.015647058823529413,0.010352941176470589,0.009,248733,201239,270814.479638009
0.015647058823529413,0.010352941176470589,0.012,245301,185344,270814.479638009
0.015647058823529413,0.010352941176470589,0.015,242134,171784,270814.479638009
0.015647058823529413,0.010705882352941176,0.006,252267,217692,267187.5
0.015647058823529413,0.010705882352941176,0.009,247291,199167,267187.5
0.015647058823529413,0.010705882352941176,0.012,242935,183650,267187.5
0.015647058823529413,0.010705882352941176,0.015,239882,170321,267187.5
0.015647058823529413,0.011058823529411765,0.006,249658,215331,263656.38766519824
0.015647058823529413,0.011058823529411765,0.009,245043,197211,263656.38766519824
0.015647058823529413,0.011058823529411765,0.012,241641,181957,263656.38766519824
0.015647058823529413,0.011058823529411765,0.015,238190,168879,263656.38766519824
0.015647058823529413,0.011411764705882354,0.006,247375,213059,260217.39130434787
0.015647058823529413,0.011411764705882354,0.009,243241,195323,260217.39130434787
0.015647058823529413,0.011411764705882354,0.012,239576,180322,260217.39130434787
0.015647058823529413,0.011411764705882354,0.015,236940,167391,260217.39130434787
0.015647058823529413,0.011764705882352941,0.006,244917,210786,256866.95278969954
0.015647058823529413,0.011764705882352941,0.009,240891,193367,256866.95278969954
0.015647058823529413,0.011764705882352941,0.012,237624,178646,256866.95278969954
0.015647058823529413,0.011764705882352941,0.015,234911,166075,256866.95278969954
0.015647058823529413,0.01211764705882353,0.006,241977,208608,253601.6949152542
0.015647058823529413,0.01211764705882353,0.009,238797,191583,253601.6949152542
0.015647058823529413,0.01211764705882353,0.012,235489,177101,253601.6949152542
0.015647058823529413,0.01211764705882353,0.015,234023,164629,253601.6949152542
0.015647058823529413,0.012470588235294119,0.006,240965,206368,250418.410041841
0.015647058823529413,0.012470588235294119,0.009,236836,189736,250418.410041841
0.015647058823529413,0.012470588235294119,0.012,234441,175505,250418.410041841
0.015647058823529413,0.012470588235294119,0.015,231598,163345,250418.410041841
0.015647058823529413,0.012823529411764706,0.006,238069,204318,247314.04958677685
0.015647058823529413,0.012823529411764706,0.009,235378,187960,247314.04958677685
0.015647058823529413,0.012823529411764706,0.012,232447,174037,247314.04958677685
0.015647058823529413,0.012823529411764706,0.015,230117,162026,247314.04958677685
0.015647058823529413,0.013176470588235295,0.006,235683,202224,244285.7142857143
0.015647058823529413,0.013176470588235295,0.009,234868,186214,244285.7142857143
0.015647058823529413,0.013176470588235295,0.012,231924,172530,244285.7142857143
0.015647058823529413,0.013176470588235295,0.015,229327,160728,244285.7142857143
0.015647058823529413,0.013529411764705884,0.006,234559,200151,241330.64516129033
0.015647058823529413,0.013529411764705884,0.009,231407,184496,241330.64516129033
0.015647058823529413,0.013529411764705884,0.012,230785,171027,241330.64516129033
0.015647058823529413,0.013529411764705884,0.015,227655,159388,241330.64516129033
0.015647058823529413,0.01388235294117647,0.006,232956,198228,238446.21513944224
0.015647058823529413,0.01388235294117647,0.009,230247,182803,238446.21513944224
0.015647058823529413,0.01388235294117647,0.012,228145,169543,238446.21513944224
0.015647058823529413,0.01388235294117647,0.015,226418,158171,238446.21513944224
0.015647058823529413,0.01423529411764706,0.006,230757,196212,235629.9212598425
0.015647058823529413,0.01423529411764706,0.009,228747,181075,235629.9212598425
0.015647058823529413,0.01423529411764706,0.012,226506,168170,235629.9212598425
0.015647058823529413,0.01423529411764706,0.015,225369,156924,235629.9212598425
0.015647058823529413,0.014588235294117648,0.006,227807,194357,232879.3774319066
0.015647058823529413,0.014588235294117648,0.009,226878,179462,232879.3774319066
0.015647058823529413,0.014588235294117648,0.012,225002,166740,232879.3774319066
0.015647058823529413,0.014588235294117648,0.015,224154,155655,232879.3774319066
0.015647058823529413,0.014941176470588236,0.006,224502,192442,230192.3076923077
0.015647058823529413,0.014941176470588236,0.009,224411,177907,230192.3076923077
0.015647058823529413,0.014941176470588236,0.012,223152,165368,230192.3076923077
0.015647058823529413,0.014941176470588236,0.015,222899,154488,230192.3076923077
0.015647058823529413,0.015294117647058824,0.006,223934,190663,227566.53992395438
0.015647058823529413,0.015294117647058824,0.009,222616,176338,227566.53992395438
0.015647058823529413,0.015294117647058824,0.012,221351,163947,227566.53992395438
0.015647058823529413,0.015294117647058824,0.015,220408,153307,227566.53992395438
0.015647058823529413,0.015647058823529413,0.006,221951,188858,225000.0
0.015647058823529413,0.015647058823529413,0.009,219112,174756,225000.0
0.015647058823529413,0.015647058823529413,0.012,218443,162659,225000.0
0.015647058823529413,0.015647058823529413,0.015,218214,152093,225000.0
0.015647058823529413,0.016,0.006,218769,187036,222490.70631970261
0.015647058823529413,0.016,0.009,216210,173256,222490.70631970261
0.015647058823529413,0.016,0.012,215934,161299,222490.70631970261
0.015647058823529413,0.016,0.015,215120,150994,222490.70631970261
0.016,0.004,0.006,308878,277002,360000.0
0.016,0.004,0.009,295300,248297,360000.0
0.016,0.004,0.012,284954,225045,360000.0
0.016,0.004,0.015,277245,205741,360000.0
0.016,0.004352941176470588,0.006,305415,273254,353757.225433526
0.016,0.004352941176470588,0.009,292441,245335,353757.225433526
0.016,0.004352941176470588,0.012,282740,222534,353757.225433526
0.016,0.004352941176470588,0.015,274842,203711,353757.225433526
0.016,0.004705882352941177,0.006,302193,269605,347727.2727272727
0.016,0.004705882352941177,0.009,289715,242437,347727.2727272727
0.016,0.004705882352941177,0.012,280159,220187,347727.2727272727
0.016,0.004705882352941177,0.015,273028,201689,347727.2727272727
0.016,0.005058823529411765,0.006,298956,266095,341899.44134078216
0.016,0.005058823529411765,0.009,286998,239555,341899.44134078216
0.016,0.005058823529411765,0.012,277740,217852,341899.44134078216
0.016,0.005058823529411765,0.015,271114,199720,341899.44134078216
0.016,0.005411764705882353,0.006,295792,262672,336263.73626373627
0.016,0.005411764705882353,0.009,284233,236828,336263.73626373627
0.016,0.005411764705882353,0.012,275657,215480,336263.73626373627
0.016,0.005411764705882353,0.015,269152,197724,336263.73626373627
0.016,0.005764705882352941,0.006,292705,259325,330810.81081081077
0.016,0.005764705882352941,0.009,281717,234033,330810.81081081077
0.016,0.005764705882352941,0.012,273500,213234,330810.81081081077
0.016,0.005764705882352941,0.015,266932,195854,330810.81081081077
0.016,0.00611764705882353,0.006,289536,256105,325531.91489361704
0.016,0.00611764705882353,0.009,278928,231406,325531.91489361704
0.016,0.00611764705882353,0.012,270848,211101,325531.91489361704
0.016,0.00611764705882353,0.015,265002,194037,325531.91489361704
0.016,0.006470588235294118,0.006,286548,252911,320418.8481675393
0.016,0.006470588235294118,0.009,276753,228827,320418.8481675393
0.016,0.006470588235294118,0.012,269105,208941,320418.8481675393
0.016,0.006470588235294118,0.015,262999,192133,320418.8481675393
0.016,0.006823529411764706,0.006,283481,249823,315463.9175257732
0.016,0.006823529411764706,0.009,274064,226286,315463.9175257732
0.016,0.006823529411764706,0.012,266948,206765,315463.9175257732
0.016,0.006823529411764706,0.015,261334,190386,315463.9175257732
0.016,0.007176470588235295,0.006,280613,246819,310659.8984771574
0.016,0.007176470588235295,0.009,271766,223820,310659.8984771574
0.016,0.007176470588235295,0.012,264540,204710,310659.8984771574
0.016,0.007176470588235295,0.015,259221,188656,310659.8984771574
0.016,0.0075294117647058826,0.006,277828,243834,306000.0
0.016,0.0075294117647058826,0.009,269322,221400,306000.0
0.016,0.0075294117647058826,0.012,262757,202711,306000.0
0.016,0.0075294117647058826,0.015,257106,186929,306000.0
0.016,0.00788235294117647,0.006,274915,240950,301477.8325123153
0.016,0.00788235294117647,0.009,267125,219023,301477.8325123153
0.016,0.00788235294117647,0.012,260450,200719,301477.8325123153
0.016,0.00788235294117647,0.015,255653,185231,301477.8325123153
0.016,0.00823529411764706,0.006,272356,238204,297087.3786407767
0.016,0.00823529411764706,0.009,264570,216635,297087.3786407767
0.016,0.00823529411764706,0.012,258495,198736,297087.3786407767
0.016,0.00823529411764706,0.015,253722,183565,297087.3786407767
0.016,0.008588235294117647,0.006,269530,235434,292822.966507177
0.016,0.008588235294117647,0.009,262152,214414,292822.966507177
0.016,0.008588235294117647,0.012,255904,196847,292822.966507177
0.016,0.008588235294117647,0.015,251937,181851,292822.966507177
0.016,0.008941176470588235,0.006,266740,232732,288679.24528301886
0.016,0.008941176470588235,0.009,259793,212155,288679.24528301886
0.016,0.008941176470588235,0.012,254922,194963,288679.24528301886
0.016,0.008941176470588235,0.015,249873,180245,288679.24528301886
0.016,0.009294117647058824,0.006,264006,230132,284651.16279069765
0.016,0.009294117647058824,0.009,257838,210018,284651.16279069765
0.016,0.009294117647058824,0.012,252699,193075,284651.16279069765
0.016,0.009294117647058824,0.015,248792,178739,284651.16279069765
0.016,0.009647058823529411,0.006,261547,227529,280733.94495412847
0.016,0.009647058823529411,0.009,255693,207810,280733.94495412847
0.016,0.009647058823529411,0.012,250324,191252,280733.94495412847
0.016,0.009647058823529411,0.015,246844,177156,280733.94495412847
0.016,0.01,0.006,259057,225045,276923.07692307694
0.016,0.01,0.009,253067,205741,276923.07692307694
0.016,0.01,0.012,248591,189482,276923.07692307694
0.016,0.01,0.015,244888,175663,276923.07692307694
0.016,0.010352941176470589,0.006,256502,222534,273214.2857142857
0.016,0.010352941176470589,0.009,250992,203711,273214.2857142857
0.016,0.010352941176470589,0.012,246616,187776,273214.2857142857
0.016,0.010352941176470589,0.015,243096,174158,273214.2857142857
0.016,0.010705882352941176,0.006,254056,220187,269603.5242290749
0.016,0.010705882352941176,0.009,248737,201689,269603.5242290749
0.016,0.010705882352941176,0.012,244979,186032,269603.5242290749
0.016,0.010705882352941176,0.015,241836,172653,269603.5242290749
0.016,0.011058823529411765,0.006,251338,217852,266086.9565217392
0.016,0.011058823529411765,0.009,246622,199720,266086.9565217392
0.016,0.011058823529411765,0.012,242533,184381,266086.9565217392
0.016,0.011058823529411765,0.015,240169,171183,266086.9565217392
0.016,0.011411764705882354,0.006,249415,215480,262660.94420600863
0.016,0.011411764705882354,0.009,244779,197724,262660.94420600863
0.016,0.011411764705882354,0.012,240829,182737,262660.94420600863
0.016,0.011411764705882354,0.015,238246,169812,262660.94420600863
0.016,0.011764705882352941,0.006,246477,213234,259322.03389830512
0.016,0.011764705882352941,0.009,242795,195854,259322.03389830512
0.016,0.011764705882352941,0.012,238901,181105,259322.03389830512
0.016,0.011764705882352941,0.015,236764,168415,259322.03389830512
0.016,0.01211764705882353,0.006,243592,211101,256066.94560669456
0.016,0.01211764705882353,0.009,240873,194037,256066.94560669456
0.016,0.01211764705882353,0.012,238158,179449,256066.94560669456
0.016,0.01211764705882353,0.015,235482,167035,256066.94560669456
0.016,0.012470588235294119,0.006,241809,208941,252892.56198347104
0.016,0.012470588235294119,0.009,239553,192133,252892.56198347104
0.016,0.012470588235294119,0.012,235414,177897,252892.56198347104
0.016,0.012470588235294119,0.015,233935,165612,252892.56198347104
0.016,0.012823529411764706,0.006,240430,206765,249795.91836734695
0.016,0.012823529411764706,0.009,236671,190386,249795.91836734695
0.016,0.012823529411764706,0.012,234970,176368,249795.91836734695
0.016,0.012823529411764706,0.015,232509,164272,249795.91836734695
0.016,0.013176470588235295,0.006,238092,204710,246774.19354838715
0.016,0.013176470588235295,0.009,235500,188656,246774.19354838715
0.016,0.013176470588235295,0.012,233621,174909,246774.19354838715
0.016,0.013176470588235295,0.015,232051,163003,246774.19354838715
0.016,0.013529411764705884,0.006,236253,202711,243824.70119521912
0.016,0.013529411764705884,0.009,232703,186929,243824.70119521912
0.016,0.013529411764705884,0.012,232666,173389,243824.70119521912
0.016,0.013529411764705884,0.015,230295,161711,243824.70119521912
0.016,0.01388235294117647,0.006,234353,200719,240944.8818897638
0.016,0.01388235294117647,0.009,232623,185231,240944.8818897638
0.016,0.01388235294117647,0.012,230535,171913,240944.8818897638
0.016,0.01388235294117647,0.015,228628,160467,240944.8818897638
0.016,0.01423529411764706,0.006,231679,198736,238132.29571984435
0.016,0.01423529411764706,0.009,229518,183565,238132.29571984435
0.016,0.01423529411764706,0.012,228895,170485,238132.29571984435
0.016,0.01423529411764706,0.015,227570,159231,238132.29571984435
0.016,0.014588235294117648,0.006,230698,196847,235384.61538461538
0.016,0.014588235294117648,0.009,228424,181851,235384.61538461538
0.016,0.014588235294117648,0.012,225715,169114,235384.61538461538
0.016,0.014588235294117648,0.015,225314,157968,235384.61538461538
0.016,0.014941176470588236,0.006,228515,194963,232699.6197718631
0.016,0.014941176470588236,0.009,226428,180245,232699.6197718631
0.016,0.014941176470588236,0.012,224888,167671,232699.6197718631
0.016,0.014941176470588236,0.015,223736,156733,232699.6197718631
0.016,0.015294117647058824,0.006,225111,193075,230075.18796992482
0.016,0.015294117647058824,0.009,224982,178739,230075.18796992482
0.016,0.015294117647058824,0.012,223675,166333,230075.18796992482
0.016,0.015294117647058824,0.015,222522,155563,230075.18796992482
0.016,0.015647058823529413,0.006,223108,191252,227509.2936802974
0.016,0.015647058823529413,0.009,222153,177156,227509.2936802974
0.016,0.015647058823529413,0.012,221934,165005,227509.2936802974
0.016,0.015647058823529413,0.015,220835,154351,227509.2936802974
0.016,0.016,0.006,219493,189482,225000.0
0.016,0.016,0.009,218917,175663,225000.0
0.016,0.016,0.012,218495,163677,225000.0
0.016,0.016,0.015,217335,153238,225000.0
