wasted_computation_no_offload,wasted_computation_offload,charge_rate,discharge_rate,AI_computation,offload,no_offload,best_offload
321245,85491,0.004,0.004,0.006,199216,128759,225000.0
344209,80440,0.004,0.004,0.009,197072,105797,225000.0
359886,77072,0.004,0.004,0.012,195968,90121,225000.0
371720,72654,0.004,0.004,0.015,196184,78289,225000.0
325078,105167,0.004,0.004413793103448276,0.006,189613,124930,213934.4262295082
346535,88197,0.004,0.004413793103448276,0.009,191378,103472,213934.4262295082
361691,91540,0.004,0.004413793103448276,0.012,188069,88317,213934.4262295082
373047,86935,0.004,0.004413793103448276,0.015,188474,76956,213934.4262295082
328493,133887,0.004,0.004827586206896552,0.006,177461,121512,203906.25000000003
349043,114767,0.004,0.004827586206896552,0.009,179531,100957,203906.25000000003
363554,116793,0.004,0.004827586206896552,0.012,176550,86455,203906.25000000003
374396,105370,0.004,0.004827586206896552,0.015,179342,75610,203906.25000000003
331721,143556,0.004,0.005241379310344827,0.006,171349,118284,194776.1194029851
351385,129317,0.004,0.005241379310344827,0.009,172002,98624,194776.1194029851
365174,139215,0.004,0.005241379310344827,0.012,166245,84834,194776.1194029851
375739,126656,0.004,0.005241379310344827,0.015,169281,74261,194776.1194029851
334880,162632,0.004,0.005655172413793104,0.006,162805,115127,186428.57142857142
353535,150999,0.004,0.005655172413793104,0.009,162355,96474,186428.57142857142
366826,135974,0.004,0.005655172413793104,0.012,165403,83182,186428.57142857142
376930,127423,0.004,0.005655172413793104,0.015,167244,73078,186428.57142857142
337868,175295,0.004,0.006068965517241379,0.006,156113,112137,178767.12328767127
355705,163689,0.004,0.006068965517241379,0.009,155834,94301,178767.12328767127
368313,163020,0.004,0.006068965517241379,0.012,153753,81695,178767.12328767127
378120,156111,0.004,0.006068965517241379,0.015,154827,71888,178767.12328767127
340801,183723,0.004,0.006482758620689655,0.006,150892,109208,171710.52631578947
357534,178086,0.004,0.006482758620689655,0.009,149050,92472,171710.52631578947
370034,173750,0.004,0.006482758620689655,0.012,148109,79972,171710.52631578947
379351,164044,0.004,0.006482758620689655,0.015,150306,70658,171710.52631578947
343577,199142,0.004,0.006896551724137931,0.006,144176,106429,165189.87341772154
359605,183028,0.004,0.006896551724137931,0.009,145319,90404,165189.87341772154
371271,180402,0.004,0.006896551724137931,0.012,144138,78737,165189.87341772154
380423,161771,0.004,0.006896551724137931,0.015,149619,69585,165189.87341772154
346103,205333,0.004,0.007310344827586207,0.006,140038,103899,159146.34146341463
361289,196373,0.004,0.007310344827586207,0.009,139240,88716,159146.34146341463
372701,186636,0.004,0.007310344827586207,0.012,140333,77304,159146.34146341463
381496,188607,0.004,0.007310344827586207,0.015,138361,68511,159146.34146341463
348337,201465,0.004,0.007724137931034483,0.006,138709,101670,153529.4117647059
363064,206395,0.004,0.007724137931034483,0.009,134123,86941,153529.4117647059
374202,197733,0.004,0.007724137931034483,0.012,134917,75801,153529.4117647059
382556,191349,0.004,0.007724137931034483,0.015,136077,67451,153529.4117647059
350676,216284,0.004,0.008137931034482758,0.006,132567,99330,148295.45454545456
364715,208636,0.004,0.008137931034482758,0.009,131745,85288,148295.45454545456
375371,204516,0.004,0.008137931034482758,0.012,131118,74635,148295.45454545456
383766,199305,0.004,0.008137931034482758,0.015,131759,66241,148295.45454545456
352816,231256,0.004,0.008551724137931035,0.006,126579,97191,143406.59340659343
366373,227467,0.004,0.008551724137931035,0.009,124445,83630,143406.59340659343
376596,225633,0.004,0.008551724137931035,0.012,122861,73407,143406.59340659343
384644,208131,0.004,0.008551724137931035,0.015,127399,65365,143406.59340659343
355092,237071,0.004,0.00896551724137931,0.006,123135,94917,138829.78723404257
367912,233338,0.004,0.00896551724137931,0.009,120899,82094,138829.78723404257
377839,227673,0.004,0.00896551724137931,0.012,120757,72166,138829.78723404257
385723,217493,0.004,0.00896551724137931,0.015,122992,64283,138829.78723404257
357197,232699,0.004,0.009379310344827585,0.006,122253,92805,134536.08247422683
369652,237425,0.004,0.009379310344827585,0.009,118240,80357,134536.08247422683
379140,236876,0.004,0.009379310344827585,0.012,116463,70862,134536.08247422683
386544,211356,0.004,0.009379310344827585,0.015,123845,63465,134536.08247422683
358965,248986,0.004,0.009793103448275862,0.006,116422,91040,130500.0
370893,246418,0.004,0.009793103448275862,0.009,114156,79114,130500.0
380248,237327,0.004,0.009793103448275862,0.012,114970,69761,130500.0
387442,239183,0.004,0.009793103448275862,0.015,113164,62567,130500.0
360856,254930,0.004,0.010206896551724139,0.006,113404,89146,126699.02912621362
372326,247558,0.004,0.010206896551724139,0.009,112502,77677,126699.02912621362
381290,247211,0.004,0.010206896551724139,0.012,110595,68719,126699.02912621362
388268,238578,0.004,0.010206896551724139,0.015,112301,61740,126699.02912621362
362778,264751,0.004,0.010620689655172414,0.006,109384,87231,123113.20754716982
373727,257129,0.004,0.010620689655172414,0.009,108423,76279,123113.20754716982
382367,255511,0.004,0.010620689655172414,0.012,107003,67642,123113.20754716982
389165,252271,0.004,0.010620689655172414,0.015,106745,60842,123113.20754716982
364352,257933,0.004,0.011034482758620689,0.006,109129,85654,119724.77064220185
375053,262634,0.004,0.011034482758620689,0.009,105355,74953,119724.77064220185
383463,254928,0.004,0.011034482758620689,0.012,106026,66538,119724.77064220185
389975,257663,0.004,0.011034482758620689,0.015,103857,60033,119724.77064220185
365993,279074,0.004,0.011448275862068966,0.006,102995,84015,116517.85714285714
376264,265021,0.004,0.011448275862068966,0.009,103612,73739,116517.85714285714
384306,260531,0.004,0.011448275862068966,0.012,103141,65700,116517.85714285714
390831,263021,0.004,0.011448275862068966,0.015,101223,59177,116517.85714285714
367600,277724,0.004,0.01186206896551724,0.006,101713,82408,113478.26086956522
377585,275501,0.004,0.01186206896551724,0.009,99525,72424,113478.26086956522
385331,277298,0.004,0.01186206896551724,0.012,97024,64677,113478.26086956522
391628,264572,0.004,0.01186206896551724,0.015,99759,58381,113478.26086956522
369210,272345,0.004,0.012275862068965518,0.006,101386,80799,110593.22033898305
378738,275485,0.004,0.012275862068965518,0.009,98254,71269,110593.22033898305
386322,276443,0.004,0.012275862068965518,0.012,96318,63687,110593.22033898305
392443,272028,0.004,0.012275862068965518,0.015,96451,57558,110593.22033898305
370752,235887,0.004,0.012689655172413793,0.006,107429,79252,107851.23966942151
379839,281630,0.004,0.012689655172413793,0.009,95554,70168,107851.23966942151
387192,269172,0.004,0.012689655172413793,0.012,97400,62811,107851.23966942151
393216,275291,0.004,0.012689655172413793,0.015,94626,56793,107851.23966942151
371979,283597,0.004,0.01310344827586207,0.006,96010,78028,105241.93548387098
380928,280548,0.004,0.01310344827586207,0.009,94594,69078,105241.93548387098
388182,276667,0.004,0.01310344827586207,0.012,94365,61827,105241.93548387098
393858,282195,0.004,0.01310344827586207,0.015,91607,56150,105241.93548387098
373377,295351,0.004,0.013517241379310345,0.006,92214,76630,102755.90551181104
382081,290483,0.004,0.013517241379310345,0.009,91021,67927,102755.90551181104
389097,285726,0.004,0.013517241379310345,0.012,90652,60909,102755.90551181104
394584,287646,0.004,0.013517241379310345,0.015,88984,55424,102755.90551181104
374759,290657,0.004,0.01393103448275862,0.006,91890,75241,100384.61538461539
383119,292279,0.004,0.01393103448275862,0.009,89428,66888,100384.61538461539
389797,284078,0.004,0.01393103448275862,0.012,90245,60210,100384.61538461539
395418,283702,0.004,0.01393103448275862,0.015,89499,54591,100384.61538461539
375980,303379,0.004,0.014344827586206896,0.006,88099,74026,98120.30075187972
384105,298789,0.004,0.014344827586206896,0.009,86844,65900,98120.30075187972
390683,285949,0.004,0.014344827586206896,0.012,88940,59317,98120.30075187972
395922,289015,0.004,0.014344827586206896,0.015,87083,54084,98120.30075187972
377180,287662,0.004,0.014758620689655172,0.006,90246,72828,95955.8823529412
385223,274373,0.004,0.014758620689655172,0.009,91916,64786,95955.8823529412
391492,299624,0.004,0.014758620689655172,0.012,84309,58517,95955.8823529412
396656,297858,0.004,0.014758620689655172,0.015,83532,53353,95955.8823529412
378583,297046,0.004,0.015172413793103448,0.006,87105,71426,93884.89208633095
385992,264007,0.004,0.015172413793103448,0.009,93354,64014,93884.89208633095
392177,304403,0.004,0.015172413793103448,0.012,82007,57830,93884.89208633095
397267,291831,0.004,0.015172413793103448,0.015,84779,52736,93884.89208633095
379615,310430,0.004,0.015586206896551724,0.006,83501,70394,91901.40845070424
386990,306674,0.004,0.015586206896551724,0.009,82002,63016,91901.40845070424
392918,306953,0.004,0.015586206896551724,0.012,80553,57091,91901.40845070424
397928,303148,0.004,0.015586206896551724,0.015,80532,52081,91901.40845070424
380845,270881,0.004,0.016,0.006,89792,69161,90000.0
387997,271360,0.004,0.016,0.009,89661,62012,90000.0
393711,271061,0.004,0.016,0.012,89702,56298,90000.0
398507,310366,0.004,0.016,0.015,77868,51501,90000.0
312260,63822,0.004413793103448276,0.004,0.006,210846,137741,236065.57377049178
335855,59012,0.004413793103448276,0.004,0.009,208319,114153,236065.57377049178
352767,62624,0.004413793103448276,0.004,0.012,204535,97242,236065.57377049178
365240,63317,0.004413793103448276,0.004,0.015,202578,84769,236065.57377049178
315959,96840,0.004413793103448276,0.004413793103448276,0.006,197082,134048,225000.0
338444,77432,0.004413793103448276,0.004413793103448276,0.009,198985,111563,225000.0
354554,79836,0.004413793103448276,0.004413793103448276,0.012,195684,95453,225000.0
366543,74989,0.004413793103448276,0.004413793103448276,0.015,195892,83464,225000.0
319563,107214,0.004413793103448276,0.004827586206896552,0.006,190193,130441,214925.37313432834
341126,96500,0.004413793103448276,0.004827586206896552,0.009,189646,108874,214925.37313432834
356423,84299,0.004413793103448276,0.004827586206896552,0.012,191685,93583,214925.37313432834
368082,85569,0.004413793103448276,0.004827586206896552,0.015,189831,81927,214925.37313432834
323012,137245,0.004413793103448276,0.005241379310344827,0.006,178271,126992,205714.28571428574
343624,115102,0.004413793103448276,0.005241379310344827,0.009,180635,106381,205714.28571428574
358210,118689,0.004413793103448276,0.005241379310344827,0.012,177067,91796,205714.28571428574
369374,109522,0.004413793103448276,0.005241379310344827,0.015,178661,80634,205714.28571428574
326315,140879,0.004413793103448276,0.005655172413793104,0.006,173859,123693,197260.27397260274
345849,128505,0.004413793103448276,0.005655172413793104,0.009,173814,104151,197260.27397260274
359945,140417,0.004413793103448276,0.005655172413793104,0.012,167117,90061,197260.27397260274
370714,113836,0.004413793103448276,0.005655172413793104,0.015,175236,79288,197260.27397260274
329392,147114,0.004413793103448276,0.006068965517241379,0.006,169245,120610,189473.68421052632
347988,142399,0.004413793103448276,0.006068965517241379,0.009,166855,102014,189473.68421052632
361538,141438,0.004413793103448276,0.006068965517241379,0.012,164801,88467,189473.68421052632
372133,133583,0.004413793103448276,0.006068965517241379,0.015,166210,77876,189473.68421052632
332348,164341,0.004413793103448276,0.006482758620689655,0.006,161566,117657,182278.48101265822
350241,163195,0.004413793103448276,0.006482758620689655,0.009,157972,99768,182278.48101265822
363230,164756,0.004413793103448276,0.006482758620689655,0.012,154829,86770,182278.48101265822
373386,148500,0.004413793103448276,0.006482758620689655,0.015,159024,76622,182278.48101265822
335200,173183,0.004413793103448276,0.006896551724137931,0.006,156245,114808,175609.75609756098
352131,156371,0.004413793103448276,0.006896551724137931,0.009,157839,97875,175609.75609756098
364721,161895,0.004413793103448276,0.006896551724137931,0.012,154005,85287,175609.75609756098
374579,156490,0.004413793103448276,0.006896551724137931,0.015,154406,75430,175609.75609756098
338029,187174,0.004413793103448276,0.007310344827586207,0.006,150240,111977,169411.76470588235
354056,183125,0.004413793103448276,0.007310344827586207,0.009,147470,95947,169411.76470588235
366301,171763,0.004413793103448276,0.007310344827586207,0.012,148921,83708,169411.76470588235
375758,180557,0.004413793103448276,0.007310344827586207,0.015,144383,74251,169411.76470588235
340403,195347,0.004413793103448276,0.007724137931034483,0.006,145526,109604,163636.36363636365
356023,193404,0.004413793103448276,0.007724137931034483,0.009,142414,93977,163636.36363636365
367617,188019,0.004413793103448276,0.007724137931034483,0.012,141769,82390,163636.36363636365
376848,182061,0.004413793103448276,0.007724137931034483,0.015,142407,73152,163636.36363636365
342843,201556,0.004413793103448276,0.008137931034482758,0.006,141499,107162,158241.75824175822
357928,201885,0.004413793103448276,0.008137931034482758,0.009,138039,92076,158241.75824175822
369187,186416,0.004413793103448276,0.008137931034482758,0.012,140733,80822,158241.75824175822
377872,188630,0.004413793103448276,0.008137931034482758,0.015,138733,72135,158241.75824175822
345173,212444,0.004413793103448276,0.008551724137931035,0.006,136532,104832,153191.48936170214
359657,213151,0.004413793103448276,0.008551724137931035,0.009,132837,90347,153191.48936170214
370368,202932,0.004413793103448276,0.008551724137931035,0.012,133841,79637,153191.48936170214
378934,192264,0.004413793103448276,0.008551724137931035,0.015,136051,71073,153191.48936170214
347490,223098,0.004413793103448276,0.00896551724137931,0.006,131878,102510,148453.6082474227
361215,214108,0.004413793103448276,0.00896551724137931,0.009,130871,88785,148453.6082474227
371663,212296,0.004413793103448276,0.00896551724137931,0.012,129398,78344,148453.6082474227
380049,208458,0.004413793103448276,0.00896551724137931,0.015,129155,69960,148453.6082474227
349572,226163,0.004413793103448276,0.009379310344827585,0.006,129154,100433,144000.0
362835,221221,0.004413793103448276,0.009379310344827585,0.009,127197,87174,144000.0
372942,224349,0.004413793103448276,0.009379310344827585,0.012,124093,77065,144000.0
381038,202958,0.004413793103448276,0.009379310344827585,0.015,129896,68971,144000.0
351564,237249,0.004413793103448276,0.009793103448275862,0.006,124557,98441,139805.82524271842
364352,232670,0.004413793103448276,0.009793103448275862,0.009,122358,85656,139805.82524271842
374131,223494,0.004413793103448276,0.009793103448275862,0.012,122889,75877,139805.82524271842
381927,219863,0.004413793103448276,0.009793103448275862,0.015,122938,68079,139805.82524271842
353632,239193,0.004413793103448276,0.010206896551724139,0.006,122028,96376,135849.05660377358
365993,229642,0.004413793103448276,0.010206896551724139,0.009,121526,84014,135849.05660377358
375314,230325,0.004413793103448276,0.010206896551724139,0.012,119505,74694,135849.05660377358
382856,227482,0.004413793103448276,0.010206896551724139,0.015,119245,67152,135849.05660377358
355501,248380,0.004413793103448276,0.010620689655172414,0.006,118307,94505,132110.09174311926
367285,242391,0.004413793103448276,0.010620689655172414,0.009,116708,82723,132110.09174311926
376485,238663,0.004413793103448276,0.010620689655172414,0.012,115759,73521,132110.09174311926
383824,232656,0.004413793103448276,0.010620689655172414,0.015,116365,66182,132110.09174311926
357408,249572,0.004413793103448276,0.011034482758620689,0.006,116058,92601,128571.42857142858
368843,245805,0.004413793103448276,0.011034482758620689,0.009,114131,81163,128571.42857142858
377577,241872,0.004413793103448276,0.011034482758620689,0.012,113501,72431,128571.42857142858
384688,244182,0.004413793103448276,0.011034482758620689,0.015,111559,65319,128571.42857142858
359079,256331,0.004413793103448276,0.011448275862068966,0.006,112801,90926,125217.39130434781
370048,261858,0.004413793103448276,0.011448275862068966,0.009,108607,79960,125217.39130434781
378794,256236,0.004413793103448276,0.011448275862068966,0.012,108103,71215,125217.39130434781
385586,243998,0.004413793103448276,0.011448275862068966,0.015,110551,64422,125217.39130434781
360747,218375,0.004413793103448276,0.01186206896551724,0.006,119329,89258,122033.89830508473
371329,246992,0.004413793103448276,0.01186206896551724,0.009,111227,78674,122033.89830508473
379671,251907,0.004413793103448276,0.01186206896551724,0.012,108263,70336,122033.89830508473
386432,252865,0.004413793103448276,0.01186206896551724,0.015,106707,63573,122033.89830508473
362460,260008,0.004413793103448276,0.012275862068965518,0.006,108819,87549,119008.26446280991
372777,268471,0.004413793103448276,0.012275862068965518,0.009,104183,77231,119008.26446280991
380723,255651,0.004413793103448276,0.012275862068965518,0.012,106059,69283,119008.26446280991
387262,252857,0.004413793103448276,0.012275862068965518,0.015,105711,62740,119008.26446280991
364074,275343,0.004413793103448276,0.012689655172413793,0.006,104181,85927,116129.03225806453
373947,273321,0.004413793103448276,0.012689655172413793,0.009,101853,76062,116129.03225806453
381807,251906,0.004413793103448276,0.012689655172413793,0.012,105985,68195,116129.03225806453
388145,259636,0.004413793103448276,0.012689655172413793,0.015,102656,61855,116129.03225806453
365453,285734,0.004413793103448276,0.01310344827586207,0.006,100737,84554,113385.82677165353
375140,271342,0.004413793103448276,0.01310344827586207,0.009,101059,74869,113385.82677165353
382653,267152,0.004413793103448276,0.01310344827586207,0.012,100616,67355,113385.82677165353
388886,269125,0.004413793103448276,0.01310344827586207,0.015,98725,61121,113385.82677165353
367008,280284,0.004413793103448276,0.013517241379310345,0.006,100412,83001,110769.23076923078
376242,285030,0.004413793103448276,0.013517241379310345,0.009,96369,73767,110769.23076923078
383722,274604,0.004413793103448276,0.013517241379310345,0.012,97365,66284,110769.23076923078
389655,273912,0.004413793103448276,0.013517241379310345,0.015,96390,60354,110769.23076923078
368316,281292,0.004413793103448276,0.01393103448275862,0.006,98696,81691,108270.67669172933
377292,278137,0.004413793103448276,0.01393103448275862,0.009,97109,72711,108270.67669172933
384521,272809,0.004413793103448276,0.01393103448275862,0.012,96926,65488,108270.67669172933
390335,276425,0.004413793103448276,0.01393103448275862,0.015,94734,59672,108270.67669172933
369864,299100,0.004413793103448276,0.014344827586206896,0.006,94118,80145,105882.35294117646
378374,289786,0.004413793103448276,0.014344827586206896,0.009,93052,71634,105882.35294117646
385409,287171,0.004413793103448276,0.014344827586206896,0.012,92085,64591,105882.35294117646
391107,239682,0.004413793103448276,0.014344827586206896,0.015,105341,58900,105882.35294117646
371016,268716,0.004413793103448276,0.014758620689655172,0.006,98654,78991,103597.12230215827
379453,267370,0.004413793103448276,0.014758620689655172,0.009,97471,70555,103597.12230215827
386364,284296,0.004413793103448276,0.014758620689655172,0.012,92014,63642,103597.12230215827
391883,282296,0.004413793103448276,0.014758620689655172,0.015,91405,58117,103597.12230215827
372308,290705,0.004413793103448276,0.015172413793103448,0.006,93129,77700,101408.45070422534
380604,248124,0.004413793103448276,0.015172413793103448,0.009,101195,69402,101408.45070422534
387049,289304,0.004413793103448276,0.015172413793103448,0.012,89648,62959,101408.45070422534
392530,287033,0.004413793103448276,0.015172413793103448,0.015,89226,57478,101408.45070422534
373518,298150,0.004413793103448276,0.015586206896551724,0.006,90573,76489,99310.3448275862
381472,294025,0.004413793103448276,0.015586206896551724,0.009,89162,68535,99310.3448275862
387900,290029,0.004413793103448276,0.015586206896551724,0.012,88705,62108,99310.3448275862
393160,289528,0.004413793103448276,0.015586206896551724,0.015,87678,56848,99310.3448275862
374741,309840,0.004413793103448276,0.016,0.006,87019,75264,97297.2972972973
382447,277796,0.004413793103448276,0.016,0.009,91978,67562,97297.2972972973
388761,298786,0.004413793103448276,0.016,0.012,85414,61248,97297.2972972973
393879,292969,0.004413793103448276,0.016,0.015,86085,56130,97297.2972972973
303366,66755,0.004827586206896552,0.004,0.006,214574,146638,246093.75
328077,58629,0.004827586206896552,0.004,0.009,212163,121925,246093.75
345702,47664,0.004827586206896552,0.004,0.012,213098,104298,246093.75
358768,61393,0.004827586206896552,0.004,0.015,205904,91240,246093.75
307309,77919,0.004827586206896552,0.004413793103448276,0.006,207225,142695,235074.62686567166
330941,61571,0.004827586206896552,0.004413793103448276,0.009,207871,119068,235074.62686567166
347794,68648,0.004827586206896552,0.004413793103448276,0.012,202848,102209,235074.62686567166
360274,62136,0.004827586206896552,0.004413793103448276,0.015,203412,89730,235074.62686567166
311121,92060,0.004827586206896552,0.004827586206896552,0.006,199338,138881,225000.0
333470,86661,0.004827586206896552,0.004827586206896552,0.009,196710,116538,225000.0
349760,74399,0.004827586206896552,0.004827586206896552,0.012,198303,100246,225000.0
361872,80543,0.004827586206896552,0.004827586206896552,0.015,194352,88137,225000.0
314666,108259,0.004827586206896552,0.005241379310344827,0.006,191375,135341,215753.42465753423
336028,99870,0.004827586206896552,0.005241379310344827,0.009,189615,113980,215753.42465753423
351638,96661,0.004827586206896552,0.005241379310344827,0.012,188079,98370,215753.42465753423
363284,90999,0.004827586206896552,0.005241379310344827,0.015,188434,86722,215753.42465753423
318125,131766,0.004827586206896552,0.005655172413793104,0.006,181521,131883,207236.84210526312
338584,115982,0.004827586206896552,0.005655172413793104,0.009,181764,111421,207236.84210526312
353250,113733,0.004827586206896552,0.005655172413793104,0.012,179862,96754,207236.84210526312
364637,101406,0.004827586206896552,0.005655172413793104,0.015,182662,85370,207236.84210526312
321305,142635,0.004827586206896552,0.006068965517241379,0.006,175459,128702,199367.08860759495
340851,125978,0.004827586206896552,0.006068965517241379,0.009,175917,109158,199367.08860759495
354999,123320,0.004827586206896552,0.006068965517241379,0.012,174434,95004,199367.08860759495
366047,121383,0.004827586206896552,0.006068965517241379,0.015,173529,83956,199367.08860759495
324404,155048,0.004827586206896552,0.006482758620689655,0.006,168893,125603,192073.1707317073
343123,145233,0.004827586206896552,0.006482758620689655,0.009,167600,106883,192073.1707317073
356857,135017,0.004827586206896552,0.006482758620689655,0.012,168466,93152,192073.1707317073
367371,129923,0.004827586206896552,0.006482758620689655,0.015,168629,82635,192073.1707317073
327431,161061,0.004827586206896552,0.006896551724137931,0.006,164565,122578,185294.1176470588
345091,158909,0.004827586206896552,0.006896551724137931,0.009,161056,104916,185294.1176470588
358314,150319,0.004827586206896552,0.006896551724137931,0.012,161384,91694,185294.1176470588
368652,151642,0.004827586206896552,0.006896551724137931,0.015,159103,81351,185294.1176470588
330132,181196,0.004827586206896552,0.007310344827586207,0.006,156625,119873,178977.2727272727
347148,163272,0.004827586206896552,0.007310344827586207,0.009,157630,102859,178977.2727272727
359957,160546,0.004827586206896552,0.007310344827586207,0.012,155996,90051,178977.2727272727
369845,153695,0.004827586206896552,0.007310344827586207,0.015,156891,80163,178977.2727272727
332786,191346,0.004827586206896552,0.007724137931034483,0.006,151728,117221,173076.9230769231
349078,181886,0.004827586206896552,0.007724137931034483,0.009,149912,100924,173076.9230769231
361418,178240,0.004827586206896552,0.007724137931034483,0.012,148438,88589,173076.9230769231
371105,164805,0.004827586206896552,0.007724137931034483,0.015,151394,78901,173076.9230769231
335360,188477,0.004827586206896552,0.008137931034482758,0.006,149805,114647,167553.1914893617
351027,182192,0.004827586206896552,0.008137931034482758,0.009,147986,98979,167553.1914893617
363066,183378,0.004827586206896552,0.008137931034482758,0.012,145113,86940,167553.1914893617
372392,180323,0.004827586206896552,0.008137931034482758,0.015,144521,77614,167553.1914893617
337809,200074,0.004827586206896552,0.008551724137931035,0.006,144727,112196,162371.13402061857
352862,195791,0.004827586206896552,0.008551724137931035,0.009,141928,97144,162371.13402061857
364342,192365,0.004827586206896552,0.008551724137931035,0.012,140666,85664,162371.13402061857
373529,181304,0.004827586206896552,0.008551724137931035,0.015,142893,76480,162371.13402061857
340303,206196,0.004827586206896552,0.00896551724137931,0.006,140907,109699,157500.0
354608,192533,0.004827586206896552,0.00896551724137931,0.009,140990,95399,157500.0
365709,204061,0.004827586206896552,0.00896551724137931,0.012,135436,84299,157500.0
374501,190793,0.004827586206896552,0.00896551724137931,0.015,138155,75508,157500.0
342408,214065,0.004827586206896552,0.009379310344827585,0.006,136899,107597,152912.62135922333
356293,206403,0.004827586206896552,0.009379310344827585,0.009,135406,93714,152912.62135922333
367034,206978,0.004827586206896552,0.009379310344827585,0.012,132964,82971,152912.62135922333
375618,199918,0.004827586206896552,0.009379310344827585,0.015,133801,74391,152912.62135922333
344510,225133,0.004827586206896552,0.009793103448275862,0.006,132058,105494,148584.90566037735
357957,212370,0.004827586206896552,0.009793103448275862,0.009,132008,92051,148584.90566037735
368322,209503,0.004827586206896552,0.009793103448275862,0.012,130813,81683,148584.90566037735
376559,212069,0.004827586206896552,0.009793103448275862,0.015,128511,73449,148584.90566037735
346788,234998,0.004827586206896552,0.010206896551724139,0.006,127998,103214,144495.4128440367
359633,217893,0.004827586206896552,0.010206896551724139,0.009,128837,90374,144495.4128440367
369605,220614,0.004827586206896552,0.010206896551724139,0.012,125948,80404,144495.4128440367
377735,211654,0.004827586206896552,0.010206896551724139,0.015,127410,72268,144495.4128440367
348753,229680,0.004827586206896552,0.010620689655172414,0.006,127286,101256,140625.00000000003
361184,231046,0.004827586206896552,0.010620689655172414,0.009,123734,88819,140625.00000000003
370937,230915,0.004827586206896552,0.010620689655172414,0.012,121511,79069,140625.00000000003
378550,229244,0.004827586206896552,0.010620689655172414,0.015,120573,71459,140625.00000000003
350719,244109,0.004827586206896552,0.011034482758620689,0.006,122162,99284,136956.52173913043
362562,240915,0.004827586206896552,0.011034482758620689,0.009,119650,87444,136956.52173913043
372089,227614,0.004827586206896552,0.011034482758620689,0.012,121375,77913,136956.52173913043
379535,229221,0.004827586206896552,0.011034482758620689,0.015,119430,70468,136956.52173913043
352443,258935,0.004827586206896552,0.011448275862068966,0.006,117379,97557,133474.57627118647
363981,243702,0.004827586206896552,0.011448275862068966,0.009,117572,86027,133474.57627118647
373107,226358,0.004827586206896552,0.011448275862068966,0.012,120460,76901,133474.57627118647
380475,226461,0.004827586206896552,0.011448275862068966,0.015,119171,69533,133474.57627118647
354128,254177,0.004827586206896552,0.01186206896551724,0.006,116633,95877,130165.28925619833
365323,251941,0.004827586206896552,0.01186206896551724,0.009,113854,84682,130165.28925619833
374348,242912,0.004827586206896552,0.01186206896551724,0.012,114286,75661,130165.28925619833
381411,236162,0.004827586206896552,0.01186206896551724,0.015,115123,68596,130165.28925619833
355906,255631,0.004827586206896552,0.012275862068965518,0.006,114779,94100,127016.12903225805
366738,250904,0.004827586206896552,0.012275862068965518,0.009,112789,83262,127016.12903225805
375400,264782,0.004827586206896552,0.012275862068965518,0.012,106775,74602,127016.12903225805
382319,246878,0.004827586206896552,0.012275862068965518,0.015,110580,67690,127016.12903225805
357595,253335,0.004827586206896552,0.012689655172413793,0.006,113575,92414,124015.74803149607
368024,261339,0.004827586206896552,0.012689655172413793,0.009,108839,81978,124015.74803149607
376349,259115,0.004827586206896552,0.012689655172413793,0.012,107387,73659,124015.74803149607
383234,240612,0.004827586206896552,0.012689655172413793,0.015,111682,66768,124015.74803149607
359136,273105,0.004827586206896552,0.01310344827586207,0.006,108049,90867,121153.84615384616
369227,261949,0.004827586206896552,0.01310344827586207,0.009,107504,80781,121153.84615384616
377367,255278,0.004827586206896552,0.01310344827586207,0.012,107427,72638,121153.84615384616
383961,257809,0.004827586206896552,0.01310344827586207,0.015,105322,66046,121153.84615384616
360687,270551,0.004827586206896552,0.013517241379310345,0.006,107030,89320,118421.05263157896
370551,270257,0.004827586206896552,0.013517241379310345,0.009,104104,79458,118421.05263157896
378348,253867,0.004827586206896552,0.013517241379310345,0.012,106706,71660,118421.05263157896
384855,263656,0.004827586206896552,0.013517241379310345,0.015,102661,65154,118421.05263157896
362138,283480,0.004827586206896552,0.01393103448275862,0.006,102881,87869,115808.82352941178
371689,273967,0.004827586206896552,0.01393103448275862,0.009,101988,78317,115808.82352941178
379310,269263,0.004827586206896552,0.01393103448275862,0.012,101378,70695,115808.82352941178
385559,266121,0.004827586206896552,0.01393103448275862,0.015,100914,64444,115808.82352941178
363781,270784,0.004827586206896552,0.014344827586206896,0.006,104113,86225,113309.35251798562
372943,278900,0.004827586206896552,0.014344827586206896,0.009,99768,77066,113309.35251798562
380325,274106,0.004827586206896552,0.014344827586206896,0.012,99021,69684,113309.35251798562
386425,268047,0.004827586206896552,0.014344827586206896,0.015,99578,63584,113309.35251798562
365047,230496,0.004827586206896552,0.014758620689655172,0.006,110550,84961,110915.49295774648
374010,277386,0.004827586206896552,0.014758620689655172,0.009,99033,75999,110915.49295774648
381292,277332,0.004827586206896552,0.014758620689655172,0.012,97273,68717,110915.49295774648
387101,275860,0.004827586206896552,0.014758620689655172,0.015,96369,62902,110915.49295774648
366369,289948,0.004827586206896552,0.015172413793103448,0.006,97811,83636,108620.6896551724
375045,258887,0.004827586206896552,0.015172413793103448,0.009,102419,74961,108620.6896551724
382010,284888,0.004827586206896552,0.015172413793103448,0.012,94308,67998,108620.6896551724
388006,274786,0.004827586206896552,0.015172413793103448,0.015,95898,62000,108620.6896551724
367680,285186,0.004827586206896552,0.015586206896551724,0.006,97347,82325,106418.91891891892
376064,290226,0.004827586206896552,0.015586206896551724,0.009,93929,73939,106418.91891891892
382946,286108,0.004827586206896552,0.015586206896551724,0.012,93100,67061,106418.91891891892
388602,276055,0.004827586206896552,0.015586206896551724,0.015,94684,61406,106418.91891891892
369046,280784,0.004827586206896552,0.016,0.006,96998,80963,104304.6357615894
377086,284935,0.004827586206896552,0.016,0.009,94073,72921,104304.6357615894
383811,279910,0.004827586206896552,0.016,0.012,93961,66198,104304.6357615894
389379,288029,0.004827586206896552,0.016,0.015,90378,60630,104304.6357615894
295127,47721,0.005241379310344827,0.004,0.006,224645,154877,255223.8805970149
320591,46054,0.005241379310344827,0.004,0.009,219858,129411,255223.8805970149
339036,47024,0.005241379310344827,0.004,0.012,216247,110970,255223.8805970149
352589,48740,0.005241379310344827,0.004,0.015,213289,97414,255223.8805970149
299212,63167,0.005241379310344827,0.004413793103448276,0.006,216114,150792,244285.7142857143
323618,71552,0.005241379310344827,0.004413793103448276,0.009,208355,126383,244285.7142857143
341108,56180,0.005241379310344827,0.004413793103448276,0.012,210360,108901,244285.7142857143
354317,56871,0.005241379310344827,0.004413793103448276,0.015,208019,95692,244285.7142857143
303096,70697,0.005241379310344827,0.004827586206896552,0.006,209835,146909,234246.57534246575
326369,70891,0.005241379310344827,0.004827586206896552,0.009,205469,123634,234246.57534246575
343190,74854,0.005241379310344827,0.004827586206896552,0.012,201217,106813,234246.57534246575
355853,65760,0.005241379310344827,0.004827586206896552,0.015,202470,94154,234246.57534246575
306942,78973,0.005241379310344827,0.005241379310344827,0.006,203936,143064,225000.0
328847,100495,0.005241379310344827,0.005241379310344827,0.009,193190,121156,225000.0
345137,79946,0.005241379310344827,0.005241379310344827,0.012,197038,104864,225000.0
357339,77634,0.005241379310344827,0.005241379310344827,0.015,196109,92664,225000.0
310299,101779,0.005241379310344827,0.005655172413793104,0.006,194183,139707,216455.69620253163
331366,110076,0.005241379310344827,0.005655172413793104,0.009,187309,118639,216455.69620253163
346895,101385,0.005241379310344827,0.005655172413793104,0.012,187255,103113,216455.69620253163
358935,95620,0.005241379310344827,0.005655172413793104,0.015,187505,91065,216455.69620253163
313740,131777,0.005241379310344827,0.006068965517241379,0.006,182942,136265,208536.58536585365
333849,124005,0.005241379310344827,0.006068965517241379,0.009,180525,116151,208536.58536585365
348696,115276,0.005241379310344827,0.006068965517241379,0.012,180401,101308,208536.58536585365
360386,105695,0.005241379310344827,0.006068965517241379,0.015,181947,89614,208536.58536585365
316823,137870,0.005241379310344827,0.006482758620689655,0.006,178188,133182,201176.4705882353
336106,131594,0.005241379310344827,0.006482758620689655,0.009,175518,113901,201176.4705882353
350486,118592,0.005241379310344827,0.006482758620689655,0.012,177271,99521,201176.4705882353
361647,107245,0.005241379310344827,0.006482758620689655,0.015,179638,88360,201176.4705882353
319888,153215,0.005241379310344827,0.006896551724137931,0.006,171350,130115,194318.18181818182
338334,143455,0.005241379310344827,0.006896551724137931,0.009,169567,111671,194318.18181818182
352280,129751,0.005241379310344827,0.006896551724137931,0.012,171343,97729,194318.18181818182
363129,123603,0.005241379310344827,0.006896551724137931,0.015,171998,86872,194318.18181818182
322792,157837,0.005241379310344827,0.007310344827586207,0.006,167493,127215,187912.08791208788
340463,152173,0.005241379310344827,0.007310344827586207,0.009,164694,109544,187912.08791208788
353842,146770,0.005241379310344827,0.007310344827586207,0.012,163925,96165,187912.08791208788
364300,131429,0.005241379310344827,0.007310344827586207,0.015,167636,85707,187912.08791208788
325553,170634,0.005241379310344827,0.007724137931034483,0.006,161403,124454,181914.89361702127
342572,162360,0.005241379310344827,0.007724137931034483,0.009,159548,107436,181914.89361702127
355605,161246,0.005241379310344827,0.007724137931034483,0.012,157371,94401,181914.89361702127
365590,149115,0.005241379310344827,0.007724137931034483,0.015,159702,84417,181914.89361702127
328212,186398,0.005241379310344827,0.008137931034482758,0.006,155009,121793,176288.6597938144
344522,176592,0.005241379310344827,0.008137931034482758,0.009,153391,105483,176288.6597938144
357037,158985,0.005241379310344827,0.008137931034482758,0.012,156325,92972,176288.6597938144
366826,153302,0.005241379310344827,0.008137931034482758,0.015,156800,83176,176288.6597938144
330914,189034,0.005241379310344827,0.008551724137931035,0.006,151904,119091,171000.0
346480,179851,0.005241379310344827,0.008551724137931035,0.009,150597,103528,171000.0
358486,172151,0.005241379310344827,0.008551724137931035,0.012,150534,91521,171000.0
368044,163273,0.005241379310344827,0.008551724137931035,0.015,151970,81956,171000.0
333184,194860,0.005241379310344827,0.00896551724137931,0.006,148196,116821,166019.41747572817
348441,189482,0.005241379310344827,0.00896551724137931,0.009,145963,101565,166019.41747572817
359915,181882,0.005241379310344827,0.00896551724137931,0.012,145746,90090,166019.41747572817
369219,175524,0.005241379310344827,0.00896551724137931,0.015,146261,80790,166019.41747572817
335500,209737,0.005241379310344827,0.009379310344827585,0.006,142509,114507,161320.75471698112
350045,197224,0.005241379310344827,0.009379310344827585,0.009,141988,99962,161320.75471698112
361341,187744,0.005241379310344827,0.009379310344827585,0.012,142359,88665,161320.75471698112
370322,194224,0.005241379310344827,0.009379310344827585,0.015,138703,79686,161320.75471698112
337910,210224,0.005241379310344827,0.009793103448275862,0.006,140248,112090,156880.73394495412
351781,211399,0.005241379310344827,0.009793103448275862,0.009,136370,98225,156880.73394495412
362699,199609,0.005241379310344827,0.009793103448275862,0.012,137240,87306,156880.73394495412
371415,196818,0.005241379310344827,0.009793103448275862,0.015,136499,78590,156880.73394495412
340114,221560,0.005241379310344827,0.010206896551724139,0.006,135854,109890,152678.57142857142
353605,218085,0.005241379310344827,0.010206896551724139,0.009,132886,96401,152678.57142857142
364070,199173,0.005241379310344827,0.010206896551724139,0.012,135939,85939,152678.57142857142
372494,202300,0.005241379310344827,0.010206896551724139,0.015,133441,77512,152678.57142857142
342153,234073,0.005241379310344827,0.010620689655172414,0.006,130979,107856,148695.65217391308
355032,216951,0.005241379310344827,0.010620689655172414,0.009,131532,94975,148695.65217391308
365335,208857,0.005241379310344827,0.010620689655172414,0.012,131704,84674,148695.65217391308
373514,214687,0.005241379310344827,0.010620689655172414,0.015,128190,76491,148695.65217391308
344042,230940,0.005241379310344827,0.011034482758620689,0.006,129969,105964,144915.25423728817
356624,232851,0.005241379310344827,0.011034482758620689,0.009,125697,93379,144915.25423728817
366548,224139,0.005241379310344827,0.011034482758620689,0.012,125690,83453,144915.25423728817
374547,213089,0.005241379310344827,0.011034482758620689,0.015,127641,75461,144915.25423728817
345951,230614,0.005241379310344827,0.011448275862068966,0.006,127867,104056,141322.31404958677
358151,232172,0.005241379310344827,0.011448275862068966,0.009,124314,91849,141322.31404958677
367723,227853,0.005241379310344827,0.011448275862068966,0.012,123251,82282,141322.31404958677
375600,215629,0.005241379310344827,0.011448275862068966,0.015,125575,74409,141322.31404958677
347842,232948,0.005241379310344827,0.01186206896551724,0.006,125665,102163,137903.22580645158
359721,238318,0.005241379310344827,0.01186206896551724,0.009,121239,90285,137903.22580645158
368864,227251,0.005241379310344827,0.01186206896551724,0.012,122280,81144,137903.22580645158
376474,225065,0.005241379310344827,0.01186206896551724,0.015,121525,73529,137903.22580645158
349710,248724,0.005241379310344827,0.012275862068965518,0.006,120817,100299,134645.6692913386
361134,245165,0.005241379310344827,0.012275862068965518,0.009,118156,88872,134645.6692913386
370006,230764,0.005241379310344827,0.012275862068965518,0.012,120010,80002,134645.6692913386
377404,242914,0.005241379310344827,0.012275862068965518,0.015,114765,72603,134645.6692913386
351349,246860,0.005241379310344827,0.012689655172413793,0.006,119388,98654,131538.46153846156
362397,250699,0.005241379310344827,0.012689655172413793,0.009,115409,87603,131538.46153846156
371219,250508,0.005241379310344827,0.012689655172413793,0.012,113233,78781,131538.46153846156
378366,242121,0.005241379310344827,0.012689655172413793,0.015,114172,71643,131538.46153846156
353033,257300,0.005241379310344827,0.01310344827586207,0.006,115609,96972,128571.42857142857
363660,250955,0.005241379310344827,0.01310344827586207,0.009,114075,86347,128571.42857142857
372343,246590,0.005241379310344827,0.01310344827586207,0.012,113311,77664,128571.42857142857
379332,237964,0.005241379310344827,0.01310344827586207,0.015,114394,70674,128571.42857142857
354623,262523,0.005241379310344827,0.013517241379310345,0.006,113014,95382,125735.29411764705
365029,253984,0.005241379310344827,0.013517241379310345,0.009,111986,84980,125735.29411764705
373307,255572,0.005241379310344827,0.013517241379310345,0.012,109628,76693,125735.29411764705
380076,249969,0.005241379310344827,0.013517241379310345,0.015,109747,69931,125735.29411764705
356353,263821,0.005241379310344827,0.01393103448275862,0.006,111419,93656,123021.58273381295
366208,261869,0.005241379310344827,0.01393103448275862,0.009,108808,83797,123021.58273381295
374245,258273,0.005241379310344827,0.01393103448275862,0.012,107783,75760,123021.58273381295
381018,252843,0.005241379310344827,0.01393103448275862,0.015,108012,68991,123021.58273381295
357741,266628,0.005241379310344827,0.014344827586206896,0.006,109582,92266,120422.5352112676
367445,264141,0.005241379310344827,0.014344827586206896,0.009,107127,82556,120422.5352112676
375253,261534,0.005241379310344827,0.014344827586206896,0.012,105941,74754,120422.5352112676
381775,255738,0.005241379310344827,0.014344827586206896,0.015,106123,68234,120422.5352112676
359227,268395,0.005241379310344827,0.014758620689655172,0.006,107601,90779,117931.03448275861
368666,271816,0.005241379310344827,0.014758620689655172,0.009,104189,81343,117931.03448275861
376236,267030,0.005241379310344827,0.014758620689655172,0.012,103286,73769,117931.03448275861
382680,262904,0.005241379310344827,0.014758620689655172,0.015,103203,67326,117931.03448275861
360649,268452,0.005241379310344827,0.015172413793103448,0.006,106409,89357,115540.54054054052
369791,276230,0.005241379310344827,0.015172413793103448,0.009,102104,80218,115540.54054054052
377214,272258,0.005241379310344827,0.015172413793103448,0.012,100919,72795,115540.54054054052
383469,264843,0.005241379310344827,0.015172413793103448,0.015,101770,66538,115540.54054054052
362011,272665,0.005241379310344827,0.015586206896551724,0.006,104093,87994,113245.03311258278
370879,277776,0.005241379310344827,0.015586206896551724,0.009,100461,79127,113245.03311258278
378063,275925,0.005241379310344827,0.015586206896551724,0.012,99016,71945,113245.03311258278
384108,270227,0.005241379310344827,0.015586206896551724,0.015,99257,65900,113245.03311258278
363337,266535,0.005241379310344827,0.016,0.006,103971,86670,111038.96103896102
371941,250929,0.005241379310344827,0.016,0.009,105724,78064,111038.96103896102
378995,283440,0.005241379310344827,0.016,0.012,96234,71013,111038.96103896102
384880,277708,0.005241379310344827,0.016,0.015,96281,65128,111038.96103896102
287375,45326,0.005655172413793104,0.004,0.006,229588,162628,263571.4285714285
313653,39180,0.005655172413793104,0.004,0.009,225567,136350,263571.4285714285
332403,40002,0.005655172413793104,0.004,0.012,221640,117602,263571.4285714285
346718,38142,0.005655172413793104,0.004,0.015,219759,103288,263571.4285714285
291514,50436,0.005655172413793104,0.004413793103448276,0.006,223800,158490,252739.7260273973
316611,47561,0.005655172413793104,0.004413793103448276,0.009,219616,133395,252739.7260273973
334604,45664,0.005655172413793104,0.004413793103448276,0.012,216926,115402,252739.7260273973
348496,49726,0.005655172413793104,0.004413793103448276,0.015,213122,101504,252739.7260273973
295496,61345,0.005655172413793104,0.004827586206896552,0.006,216847,154509,242763.15789473685
319435,67240,0.005655172413793104,0.004827586206896552,0.009,210041,130567,242763.15789473685
336824,52265,0.005655172413793104,0.004827586206896552,0.012,212081,113185,242763.15789473685
350142,54557,0.005655172413793104,0.004827586206896552,0.015,209176,99867,242763.15789473685
299420,80732,0.005655172413793104,0.005241379310344827,0.006,207861,150580,233544.30379746837
321969,80730,0.005655172413793104,0.005241379310344827,0.009,202982,128037,233544.30379746837
338917,76485,0.005655172413793104,0.005241379310344827,0.012,201213,111091,233544.30379746837
351660,74368,0.005655172413793104,0.005241379310344827,0.015,199777,98347,233544.30379746837
302919,90725,0.005655172413793104,0.005655172413793104,0.006,201554,147088,225000.0
324705,85261,0.005655172413793104,0.005655172413793104,0.009,198746,125304,225000.0
340727,78219,0.005655172413793104,0.005655172413793104,0.012,198286,109277,225000.0
353203,77539,0.005655172413793104,0.005655172413793104,0.015,196625,96802,225000.0
306315,117683,0.005655172413793104,0.006068965517241379,0.006,191177,143690,217058.82352941178
327176,97186,0.005655172413793104,0.006068965517241379,0.009,192235,122824,217058.82352941178
342612,102171,0.005655172413793104,0.006068965517241379,0.012,187933,107394,217058.82352941178
354725,88845,0.005655172413793104,0.006068965517241379,0.015,190615,95283,217058.82352941178
309601,111559,0.005655172413793104,0.006482758620689655,0.006,189507,140401,209659.0909090909
329563,115536,0.005655172413793104,0.006482758620689655,0.009,184239,120437,209659.0909090909
344505,108298,0.005655172413793104,0.006482758620689655,0.012,183803,105501,209659.0909090909
356299,110692,0.005655172413793104,0.006482758620689655,0.015,180994,93707,209659.0909090909
312725,129490,0.005655172413793104,0.006896551724137931,0.006,181912,137280,202747.25274725276
331843,126051,0.005655172413793104,0.006896551724137931,0.009,178553,118160,202747.25274725276
346397,119677,0.005655172413793104,0.006896551724137931,0.012,177977,103604,202747.25274725276
357579,109876,0.005655172413793104,0.006896551724137931,0.015,179567,92429,202747.25274725276
315720,145878,0.005655172413793104,0.007310344827586207,0.006,174802,134284,196276.59574468085
334212,145900,0.005655172413793104,0.007310344827586207,0.009,170318,115791,196276.59574468085
347993,131446,0.005655172413793104,0.007310344827586207,0.012,172109,102014,196276.59574468085
359037,134165,0.005655172413793104,0.007310344827586207,0.015,169337,90964,196276.59574468085
318616,160998,0.005655172413793104,0.007724137931034483,0.006,168495,131391,190206.1855670103
336273,153257,0.005655172413793104,0.007724137931034483,0.009,165964,113736,190206.1855670103
349655,145404,0.005655172413793104,0.007724137931034483,0.012,165652,100352,190206.1855670103
360278,132543,0.005655172413793104,0.007724137931034483,0.015,168256,89728,190206.1855670103
321503,173158,0.005655172413793104,0.008137931034482758,0.006,163075,128500,184500.0
338278,167933,0.005655172413793104,0.008137931034482758,0.009,159760,111727,184500.0
351234,160420,0.005655172413793104,0.008137931034482758,0.012,159119,98771,184500.0
361611,149387,0.005655172413793104,0.008137931034482758,0.015,160888,88398,184500.0
324021,168555,0.005655172413793104,0.008551724137931035,0.006,161474,125987,179126.21359223302
340264,169963,0.005655172413793104,0.008551724137931035,0.009,157192,109742,179126.21359223302
352835,157111,0.005655172413793104,0.008551724137931035,0.012,158403,97173,179126.21359223302
362927,161492,0.005655172413793104,0.008551724137931035,0.015,155249,87076,179126.21359223302
326661,190892,0.005655172413793104,0.00896551724137931,0.006,154010,123345,174056.60377358494
342330,182958,0.005655172413793104,0.00896551724137931,0.009,151618,107676,174056.60377358494
354348,164015,0.005655172413793104,0.00896551724137931,0.012,154560,95658,174056.60377358494
364089,161045,0.005655172413793104,0.00896551724137931,0.015,154031,85920,174056.60377358494
328998,193119,0.005655172413793104,0.009379310344827585,0.006,151108,121011,169266.0550458716
344001,189895,0.005655172413793104,0.009379310344827585,0.009,147767,106007,169266.0550458716
355928,179705,0.005655172413793104,0.009379310344827585,0.012,148175,94075,169266.0550458716
365254,161175,0.005655172413793104,0.009379310344827585,0.015,152504,84755,169266.0550458716
331278,207697,0.005655172413793104,0.009793103448275862,0.006,145705,118729,164732.14285714284
345840,195421,0.005655172413793104,0.009793103448275862,0.009,144428,104167,164732.14285714284
357185,183779,0.005655172413793104,0.009793103448275862,0.012,145380,92822,164732.14285714284
366364,170038,0.005655172413793104,0.009793103448275862,0.015,148223,83644,164732.14285714284
333512,201741,0.005655172413793104,0.010206896551724139,0.006,144692,116493,160434.78260869565
347575,193889,0.005655172413793104,0.010206896551724139,0.009,143199,102432,160434.78260869565
358600,191491,0.005655172413793104,0.010206896551724139,0.012,141536,91405,160434.78260869565
367531,188619,0.005655172413793104,0.010206896551724139,0.015,140801,82478,160434.78260869565
335678,214301,0.005655172413793104,0.010620689655172414,0.006,139918,114327,156355.93220338985
349223,213737,0.005655172413793104,0.010620689655172414,0.009,136105,100784,156355.93220338985
360024,193370,0.005655172413793104,0.010620689655172414,0.012,139445,89976,156355.93220338985
368614,202057,0.005655172413793104,0.010620689655172414,0.015,135246,81395,156355.93220338985
337817,222675,0.005655172413793104,0.011034482758620689,0.006,136076,112191,152479.33884297524
350998,214093,0.005655172413793104,0.011034482758620689,0.009,134377,99010,152479.33884297524
361366,215501,0.005655172413793104,0.011034482758620689,0.012,131490,88642,152479.33884297524
369747,202587,0.005655172413793104,0.011034482758620689,0.015,133807,80255,152479.33884297524
339737,227150,0.005655172413793104,0.011448275862068966,0.006,133241,110269,148790.32258064515
352451,227413,0.005655172413793104,0.011448275862068966,0.009,129379,97555,148790.32258064515
362508,210203,0.005655172413793104,0.011448275862068966,0.012,131742,87497,148790.32258064515
370727,214796,0.005655172413793104,0.011448275862068966,0.015,128758,79273,148790.32258064515
341719,236431,0.005655172413793104,0.01186206896551724,0.006,129370,108286,145275.5905511811
353973,226215,0.005655172413793104,0.01186206896551724,0.009,128295,96033,145275.5905511811
363707,214744,0.005655172413793104,0.01186206896551724,0.012,129091,86300,145275.5905511811
371696,217491,0.005655172413793104,0.01186206896551724,0.015,126700,78310,145275.5905511811
343710,237435,0.005655172413793104,0.012275862068965518,0.006,127546,106299,141923.07692307694
355441,233142,0.005655172413793104,0.012275862068965518,0.009,125048,94564,141923.07692307694
364881,233851,0.005655172413793104,0.012275862068965518,0.012,122359,85127,141923.07692307694
372753,222211,0.005655172413793104,0.012275862068965518,0.015,124172,77256,141923.07692307694
345362,239475,0.005655172413793104,0.012689655172413793,0.006,125467,104645,138721.80451127823
356937,233247,0.005655172413793104,0.012689655172413793,0.009,123534,93072,138721.80451127823
366050,233233,0.005655172413793104,0.012689655172413793,0.012,121468,83954,138721.80451127823
373603,228272,0.005655172413793104,0.012689655172413793,0.015,121189,76405,138721.80451127823
347240,248042,0.005655172413793104,0.01310344827586207,0.006,122000,102769,135661.76470588235
358272,240789,0.005655172413793104,0.01310344827586207,0.009,120421,91731,135661.76470588235
367208,232263,0.005655172413793104,0.01310344827586207,0.012,120411,82801,135661.76470588235
374552,239200,0.005655172413793104,0.01310344827586207,0.015,116892,75455,135661.76470588235
348841,253430,0.005655172413793104,0.013517241379310345,0.006,119408,101164,132733.8129496403
359683,245444,0.005655172413793104,0.013517241379310345,0.009,117890,90320,132733.8129496403
368277,240355,0.005655172413793104,0.013517241379310345,0.012,117078,81731,132733.8129496403
375443,238548,0.005655172413793104,0.013517241379310345,0.015,116058,74565,132733.8129496403
350427,250652,0.005655172413793104,0.01393103448275862,0.006,118482,99576,129929.57746478874
360923,255692,0.005655172413793104,0.01393103448275862,0.009,114141,89083,129929.57746478874
369389,247780,0.005655172413793104,0.01393103448275862,0.012,113992,80617,129929.57746478874
376359,243489,0.005655172413793104,0.01393103448275862,0.015,113629,73649,129929.57746478874
352112,254930,0.005655172413793104,0.014344827586206896,0.006,116142,97888,127241.37931034484
362249,248826,0.005655172413793104,0.014344827586206896,0.009,114597,87751,127241.37931034484
370427,247487,0.005655172413793104,0.014344827586206896,0.012,112973,79578,127241.37931034484
377249,246892,0.005655172413793104,0.014344827586206896,0.015,111733,72760,127241.37931034484
353682,262216,0.005655172413793104,0.014758620689655172,0.006,113032,96318,124662.16216216217
363435,259776,0.005655172413793104,0.014758620689655172,0.009,110758,86573,124662.16216216217
371559,256115,0.005655172413793104,0.014758620689655172,0.012,109577,78446,124662.16216216217
378082,256495,0.005655172413793104,0.014758620689655172,0.015,107917,71924,124662.16216216217
355080,268777,0.005655172413793104,0.015172413793103448,0.006,110534,94923,122185.43046357617
364661,266504,0.005655172413793104,0.015172413793103448,0.009,108031,85348,122185.43046357617
372471,260945,0.005655172413793104,0.015172413793103448,0.012,107293,77529,122185.43046357617
378935,248557,0.005655172413793104,0.015172413793103448,0.015,109412,71073,122185.43046357617
356504,274409,0.005655172413793104,0.015586206896551724,0.006,108033,93503,119805.19480519481
365803,269403,0.005655172413793104,0.015586206896551724,0.009,106253,84205,119805.19480519481
373415,267588,0.005655172413793104,0.015586206896551724,0.012,104527,76594,119805.19480519481
379733,259520,0.005655172413793104,0.015586206896551724,0.015,105255,70269,119805.19480519481
357931,267002,0.005655172413793104,0.016,0.006,108120,92075,117515.92356687896
366923,268321,0.005655172413793104,0.016,0.009,105310,83084,117515.92356687896
374406,265605,0.005655172413793104,0.016,0.012,103990,75603,117515.92356687896
380512,267990,0.005655172413793104,0.016,0.015,102004,69495,117515.92356687896
279920,35945,0.006068965517241379,0.004,0.006,236230,170084,271232.87671232875
306685,37796,0.006068965517241379,0.004,0.009,229358,143318,271232.87671232875
326262,33305,0.006068965517241379,0.004,0.012,226776,123747,271232.87671232875
340984,40240,0.006068965517241379,0.004,0.015,221349,109023,271232.87671232875
284221,57071,0.006068965517241379,0.004413793103448276,0.006,226234,165780,260526.31578947365
309722,39964,0.006068965517241379,0.004413793103448276,0.009,225288,140282,260526.31578947365
328434,43820,0.006068965517241379,0.004413793103448276,0.012,220383,121573,260526.31578947365
342809,44585,0.006068965517241379,0.004413793103448276,0.015,217479,107191,260526.31578947365
288244,60289,0.006068965517241379,0.004827586206896552,0.006,221340,161761,250632.9113924051
312677,53870,0.006068965517241379,0.004827586206896552,0.009,217741,137331,250632.9113924051
330621,49569,0.006068965517241379,0.004827586206896552,0.012,215765,119386,250632.9113924051
344602,48143,0.006068965517241379,0.004827586206896552,0.015,213944,105404,250632.9113924051
292292,74413,0.006068965517241379,0.005241379310344827,0.006,213841,157713,241463.41463414635
315474,61678,0.006068965517241379,0.005241379310344827,0.009,212282,134528,241463.41463414635
332766,62725,0.006068965517241379,0.005241379310344827,0.012,208788,117238,241463.41463414635
346238,56708,0.006068965517241379,0.005241379310344827,0.015,208683,103771,241463.41463414635
295887,83869,0.006068965517241379,0.005655172413793104,0.006,207570,154121,232941.17647058822
318196,71964,0.006068965517241379,0.005655172413793104,0.009,206115,131812,232941.17647058822
334878,63239,0.006068965517241379,0.005655172413793104,0.012,206152,115125,232941.17647058822
347874,66629,0.006068965517241379,0.005655172413793104,0.015,203119,102132,232941.17647058822
299329,104759,0.006068965517241379,0.006068965517241379,0.006,198987,150676,225000.0
320722,87886,0.006068965517241379,0.006068965517241379,0.009,198690,129282,225000.0
336900,78388,0.006068965517241379,0.006068965517241379,0.012,198750,113102,225000.0
349424,81907,0.006068965517241379,0.006068965517241379,0.015,195634,100578,225000.0
302679,107989,0.006068965517241379,0.006482758620689655,0.006,194823,147325,217582.41758241755
323161,107745,0.006068965517241379,0.006482758620689655,0.009,189953,126843,217582.41758241755
338693,90051,0.006068965517241379,0.006482758620689655,0.012,192734,111310,217582.41758241755
350813,97156,0.006068965517241379,0.006482758620689655,0.015,188311,99190,217582.41758241755
306061,133454,0.006068965517241379,0.006896551724137931,0.006,185408,143945,210638.29787234042
325587,115009,0.006068965517241379,0.006896551724137931,0.009,185359,124418,210638.29787234042
340672,107618,0.006068965517241379,0.006896551724137931,0.012,184837,109331,210638.29787234042
352316,108507,0.006068965517241379,0.006896551724137931,0.015,182646,97684,210638.29787234042
309123,142828,0.006068965517241379,0.007310344827586207,0.006,180232,140883,204123.71134020618
327870,120197,0.006068965517241379,0.007310344827586207,0.009,181529,122137,204123.71134020618
342340,127304,0.006068965517241379,0.007310344827586207,0.012,176483,107668,204123.71134020618
353710,107964,0.006068965517241379,0.007310344827586207,0.015,181012,96295,204123.71134020618
311932,143317,0.006068965517241379,0.007724137931034483,0.006,177094,138072,197999.99999999994
330105,135577,0.006068965517241379,0.007724137931034483,0.009,174830,119898,197999.99999999994
344054,131121,0.006068965517241379,0.007724137931034483,0.012,173420,105951,197999.99999999994
355087,131436,0.006068965517241379,0.007724137931034483,0.015,171253,94916,197999.99999999994
314762,160494,0.006068965517241379,0.008137931034482758,0.006,170274,135243,192233.0097087379
332292,144966,0.006068965517241379,0.008137931034482758,0.009,169861,117708,192233.0097087379
345731,136854,0.006068965517241379,0.008137931034482758,0.012,169630,104274,192233.0097087379
356578,136242,0.006068965517241379,0.008137931034482758,0.015,167999,93426,192233.0097087379
317476,171006,0.006068965517241379,0.008551724137931035,0.006,165301,132528,186792.45283018865
334274,162702,0.006068965517241379,0.008551724137931035,0.009,162852,115733,186792.45283018865
347353,152389,0.006068965517241379,0.008551724137931035,0.012,163022,102653,186792.45283018865
357744,142882,0.006068965517241379,0.008551724137931035,0.015,164196,92264,186792.45283018865
320234,180927,0.006068965517241379,0.00896551724137931,0.006,160593,129770,181651.37614678897
336293,167378,0.006068965517241379,0.00896551724137931,0.009,159572,113712,181651.37614678897
348910,159011,0.006068965517241379,0.00896551724137931,0.012,159224,101093,181651.37614678897
359011,163056,0.006068965517241379,0.00896551724137931,0.015,155969,90994,181651.37614678897
322740,174727,0.006068965517241379,0.009379310344827585,0.006,159498,127266,176785.7142857143
338189,175223,0.006068965517241379,0.009379310344827585,0.009,155370,111818,176785.7142857143
350419,172379,0.006068965517241379,0.009379310344827585,0.012,153490,99588,176785.7142857143
360255,164370,0.006068965517241379,0.009379310344827585,0.015,154177,89752,176785.7142857143
325070,190953,0.006068965517241379,0.009793103448275862,0.006,153803,124939,172173.91304347824
340090,183950,0.006068965517241379,0.009793103448275862,0.009,151315,109916,172173.91304347824
351916,170067,0.006068965517241379,0.009793103448275862,0.012,152542,98091,172173.91304347824
361462,171790,0.006068965517241379,0.009793103448275862,0.015,150392,88544,172173.91304347824
327451,199019,0.006068965517241379,0.010206896551724139,0.006,149670,122551,167796.6101694915
342019,199806,0.006068965517241379,0.010206896551724139,0.009,145186,107987,167796.6101694915
353377,183389,0.006068965517241379,0.010206896551724139,0.012,147022,96626,167796.6101694915
362671,181713,0.006068965517241379,0.010206896551724139,0.015,145808,87338,167796.6101694915
329708,201420,0.006068965517241379,0.010620689655172414,0.006,146974,120296,163636.36363636362
343633,193690,0.006068965517241379,0.010620689655172414,0.009,145055,106372,163636.36363636362
354749,193520,0.006068965517241379,0.010620689655172414,0.012,142596,95259,163636.36363636362
363765,174109,0.006068965517241379,0.010620689655172414,0.015,146873,86243,163636.36363636362
331714,209006,0.006068965517241379,0.011034482758620689,0.006,143563,118293,159677.41935483873
345312,206047,0.006068965517241379,0.011034482758620689,0.009,140231,104695,159677.41935483873
356107,195625,0.006068965517241379,0.011034482758620689,0.012,140631,93899,159677.41935483873
364900,198591,0.006068965517241379,0.011034482758620689,0.015,137796,85101,159677.41935483873
333940,217273,0.006068965517241379,0.011448275862068966,0.006,139691,116066,155905.51181102358
346938,214905,0.006068965517241379,0.011448275862068966,0.009,136304,103069,155905.51181102358
357379,201082,0.006068965517241379,0.011448275862068966,0.012,137614,92627,155905.51181102358
366026,205489,0.006068965517241379,0.011448275862068966,0.015,134420,83974,155905.51181102358
335769,226981,0.006068965517241379,0.01186206896551724,0.006,135965,114235,152307.69230769228
348549,223370,0.006068965517241379,0.01186206896551724,0.009,132699,101459,152307.69230769228
358695,210049,0.006068965517241379,0.01186206896551724,0.012,133683,91308,152307.69230769228
367020,204550,0.006068965517241379,0.01186206896551724,0.015,133673,82988,152307.69230769228
337743,229695,0.006068965517241379,0.012275862068965518,0.006,133443,112262,148872.18045112782
350196,214344,0.006068965517241379,0.012275862068965518,0.009,133416,99810,148872.18045112782
360063,220718,0.006068965517241379,0.012275862068965518,0.012,129301,89943,148872.18045112782
368116,214788,0.006068965517241379,0.012275862068965518,0.015,129249,81893,148872.18045112782
339626,231445,0.006068965517241379,0.012689655172413793,0.006,131246,110377,145588.23529411768
351514,229745,0.006068965517241379,0.012689655172413793,0.009,128035,98492,145588.23529411768
361235,219985,0.006068965517241379,0.012689655172413793,0.012,128222,88765,145588.23529411768
369063,218133,0.006068965517241379,0.012689655172413793,0.015,127159,80943,145588.23529411768
341480,236990,0.006068965517241379,0.01310344827586207,0.006,128623,108529,142446.04316546762
353009,231949,0.006068965517241379,0.01310344827586207,0.009,126120,96999,142446.04316546762
362325,234636,0.006068965517241379,0.01310344827586207,0.012,122926,87683,142446.04316546762
370039,226097,0.006068965517241379,0.01310344827586207,0.015,123608,79967,142446.04316546762
343197,240182,0.006068965517241379,0.013517241379310345,0.006,126161,106808,139436.61971830984
354524,235584,0.006068965517241379,0.013517241379310345,0.009,123808,95481,139436.61971830984
363446,230522,0.006068965517241379,0.013517241379310345,0.012,122875,86558,139436.61971830984
370988,223970,0.006068965517241379,0.013517241379310345,0.015,123248,79017,139436.61971830984
344865,255081,0.006068965517241379,0.01393103448275862,0.006,121767,105142,136551.72413793104
355874,243822,0.006068965517241379,0.01393103448275862,0.009,120465,94128,136551.72413793104
364594,232138,0.006068965517241379,0.01393103448275862,0.012,121385,85413,136551.72413793104
371915,240057,0.006068965517241379,0.01393103448275862,0.015,117474,78092,136551.72413793104
346502,252401,0.006068965517241379,0.014344827586206896,0.006,120615,103504,133783.7837837838
357148,250646,0.006068965517241379,0.014344827586206896,0.009,117769,92861,133783.7837837838
365697,244920,0.006068965517241379,0.014344827586206896,0.012,116773,84308,133783.7837837838
372940,234002,0.006068965517241379,0.014344827586206896,0.015,118325,77069,133783.7837837838
348111,249789,0.006068965517241379,0.014758620689655172,0.006,119714,101896,131125.82781456952
358384,255920,0.006068965517241379,0.014758620689655172,0.009,115117,91624,131125.82781456952
366721,251889,0.006068965517241379,0.014758620689655172,0.012,113770,83283,131125.82781456952
373835,244289,0.006068965517241379,0.014758620689655172,0.015,114325,76171,131125.82781456952
349688,261749,0.006068965517241379,0.015172413793103448,0.006,115915,100318,128571.42857142857
359644,257034,0.006068965517241379,0.015172413793103448,0.009,113712,90362,128571.42857142857
367761,247804,0.006068965517241379,0.015172413793103448,0.012,113759,82243,128571.42857142857
374579,246130,0.006068965517241379,0.015172413793103448,0.015,112848,75429,128571.42857142857
351265,253015,0.006068965517241379,0.015586206896551724,0.006,116216,98744,126114.64968152867
360854,262308,0.006068965517241379,0.015586206896551724,0.009,111340,89151,126114.64968152867
368911,261908,0.006068965517241379,0.015586206896551724,0.012,109001,81093,126114.64968152867
375443,248654,0.006068965517241379,0.015586206896551724,0.015,111154,74564,126114.64968152867
352765,260242,0.006068965517241379,0.016,0.006,113401,97240,123749.99999999997
362049,258092,0.006068965517241379,0.016,0.009,111157,87958,123749.99999999997
369884,262956,0.006068965517241379,0.016,0.012,107847,80118,123749.99999999997
376329,256488,0.006068965517241379,0.016,0.015,108012,73680,123749.99999999997
272952,30085,0.006482758620689655,0.004,0.006,241709,177053,278289.4736842105
300186,29623,0.006482758620689655,0.004,0.009,235070,149819,278289.4736842105
320277,32983,0.006482758620689655,0.004,0.012,229493,129732,278289.4736842105
335526,31118,0.006482758620689655,0.004,0.015,227044,114474,278289.4736842105
277234,31065,0.006482758620689655,0.004413793103448276,0.006,237018,172769,267721.5189873418
303396,38464,0.006482758620689655,0.004413793103448276,0.009,228945,146611,267721.5189873418
322649,37924,0.006482758620689655,0.004413793103448276,0.012,225059,127355,267721.5189873418
337396,34753,0.006482758620689655,0.004413793103448276,0.015,223415,112612,267721.5189873418
281471,55258,0.006482758620689655,0.004827586206896552,0.006,226531,168535,257926.82926829264
306305,48429,0.006482758620689655,0.004827586206896552,0.009,222651,143698,257926.82926829264
324775,43530,0.006482758620689655,0.004827586206896552,0.012,220563,125230,257926.82926829264
339102,44997,0.006482758620689655,0.004827586206896552,0.015,217451,110907,257926.82926829264
285291,62089,0.006482758620689655,0.005241379310344827,0.006,220963,164713,248823.5294117647
309165,48698,0.006482758620689655,0.005241379310344827,0.009,219506,140842,248823.5294117647
327000,58486,0.006482758620689655,0.005241379310344827,0.012,212914,123008,248823.5294117647
340838,55188,0.006482758620689655,0.005241379310344827,0.015,211650,109171,248823.5294117647
289050,79003,0.006482758620689655,0.005655172413793104,0.006,212923,160954,240340.9090909091
311904,66062,0.006482758620689655,0.005655172413793104,0.009,211314,138100,240340.9090909091
329054,64237,0.006482758620689655,0.005655172413793104,0.012,208618,120948,240340.9090909091
342570,62163,0.006482758620689655,0.005655172413793104,0.015,207100,107436,240340.9090909091
292653,81847,0.006482758620689655,0.006068965517241379,0.006,208755,157350,232417.58241758242
314560,73568,0.006482758620689655,0.006068965517241379,0.009,206132,135445,232417.58241758242
331242,72903,0.006482758620689655,0.006068965517241379,0.012,203386,118762,232417.58241758242
344020,59667,0.006482758620689655,0.006068965517241379,0.015,205948,105984,232417.58241758242
296073,103303,0.006482758620689655,0.006482758620689655,0.006,200010,153931,225000.0
317129,98051,0.006482758620689655,0.006482758620689655,0.009,196301,132873,225000.0
333046,87512,0.006482758620689655,0.006482758620689655,0.012,196467,116961,225000.0
345684,76265,0.006482758620689655,0.006482758620689655,0.015,198167,104324,225000.0
299372,115085,0.006482758620689655,0.006896551724137931,0.006,194085,150632,218041.23711340205
319711,107542,0.006482758620689655,0.006896551724137931,0.009,191036,130294,218041.23711340205
335008,96728,0.006482758620689655,0.006896551724137931,0.012,191260,115000,218041.23711340205
347104,87172,0.006482758620689655,0.006896551724137931,0.015,192543,102902,218041.23711340205
302589,119176,0.006482758620689655,0.007310344827586207,0.006,189899,147411,211500.0
321935,122418,0.006482758620689655,0.007310344827586207,0.009,184332,128069,211500.0
336834,110101,0.006482758620689655,0.007310344827586207,0.012,184974,113171,211500.0
348698,111056,0.006482758620689655,0.007310344827586207,0.015,182552,101311,211500.0
305548,131415,0.006482758620689655,0.007724137931034483,0.006,184112,144456,205339.8058252427
324219,128042,0.006482758620689655,0.007724137931034483,0.009,180460,125784,205339.8058252427
338618,114816,0.006482758620689655,0.007724137931034483,0.012,181508,111389,205339.8058252427
350064,115461,0.006482758620689655,0.007724137931034483,0.015,179321,99941,205339.8058252427
308584,153677,0.006482758620689655,0.008137931034482758,0.006,176159,141422,199528.30188679247
326427,136786,0.006482758620689655,0.008137931034482758,0.009,175770,123578,199528.30188679247
340325,132191,0.006482758620689655,0.008137931034482758,0.012,174046,109679,199528.30188679247
351461,127370,0.006482758620689655,0.008137931034482758,0.015,173693,98546,199528.30188679247
311230,153135,0.006482758620689655,0.008551724137931035,0.006,173787,138775,194036.6972477064
328556,144367,0.006482758620689655,0.008551724137931035,0.009,171342,121451,194036.6972477064
342003,138814,0.006482758620689655,0.008551724137931035,0.012,170151,108004,194036.6972477064
352833,138554,0.006482758620689655,0.008551724137931035,0.015,168353,97167,194036.6972477064
313928,161458,0.006482758620689655,0.00896551724137931,0.006,169128,136080,188839.2857142857
330696,161104,0.006482758620689655,0.00896551724137931,0.009,164903,119304,188839.2857142857
343665,142518,0.006482758620689655,0.00896551724137931,0.012,167267,106341,188839.2857142857
354129,140705,0.006482758620689655,0.00896551724137931,0.015,166131,95874,188839.2857142857
316600,172080,0.006482758620689655,0.009379310344827585,0.006,164522,133407,183913.04347826086
332619,169992,0.006482758620689655,0.009379310344827585,0.009,160342,117389,183913.04347826086
345234,159444,0.006482758620689655,0.009379310344827585,0.012,160370,104773,183913.04347826086
355430,155706,0.006482758620689655,0.009379310344827585,0.015,159605,94577,183913.04347826086
318970,185969,0.006482758620689655,0.009793103448275862,0.006,158985,131036,179237.28813559323
334510,179261,0.006482758620689655,0.009793103448275862,0.009,155961,115495,179237.28813559323
346858,162018,0.006482758620689655,0.009793103448275862,0.012,158022,103151,179237.28813559323
356668,161127,0.006482758620689655,0.009793103448275862,0.015,156528,93335,179237.28813559323
321381,183625,0.006482758620689655,0.010206896551724139,0.006,157172,128621,174793.38842975209
336346,180393,0.006482758620689655,0.010206896551724139,0.009,153908,113656,174793.38842975209
348257,167199,0.006482758620689655,0.010206896551724139,0.012,154985,101750,174793.38842975209
357896,162364,0.006482758620689655,0.010206896551724139,0.015,154709,92109,174793.38842975209
323682,187653,0.006482758620689655,0.010620689655172414,0.006,154123,126319,170564.51612903227
338291,180304,0.006482758620689655,0.010620689655172414,0.009,152027,111718,170564.51612903227
349798,186961,0.006482758620689655,0.010620689655172414,0.012,147555,100209,170564.51612903227
359064,178665,0.006482758620689655,0.010620689655172414,0.015,148082,90943,170564.51612903227
325988,196871,0.006482758620689655,0.011034482758620689,0.006,150191,124013,166535.4330708662
339985,191493,0.006482758620689655,0.011034482758620689,0.009,147410,110024,166535.4330708662
351168,198499,0.006482758620689655,0.011034482758620689,0.012,142717,98841,166535.4330708662
360350,178708,0.006482758620689655,0.011034482758620689,0.015,146761,89656,166535.4330708662
328011,203092,0.006482758620689655,0.011448275862068966,0.006,146968,121996,162692.30769230766
341614,191817,0.006482758620689655,0.011448275862068966,0.009,145773,108391,162692.30769230766
352480,190342,0.006482758620689655,0.011448275862068966,0.012,143726,97528,162692.30769230766
361425,192488,0.006482758620689655,0.011448275862068966,0.015,141209,88584,162692.30769230766
330116,209764,0.006482758620689655,0.01186206896551724,0.006,143644,119892,159022.55639097744
343271,201936,0.006482758620689655,0.01186206896551724,0.009,141548,106737,159022.55639097744
353830,197926,0.006482758620689655,0.01186206896551724,0.012,140123,96178,159022.55639097744
362454,202777,0.006482758620689655,0.01186206896551724,0.015,136920,87551,159022.55639097744
332099,223700,0.006482758620689655,0.012275862068965518,0.006,139013,117904,155514.70588235295
344968,216841,0.006482758620689655,0.012275862068965518,0.009,136364,105035,155514.70588235295
355107,204561,0.006482758620689655,0.012275862068965518,0.012,136961,94898,155514.70588235295
363527,207757,0.006482758620689655,0.012275862068965518,0.015,134151,86480,155514.70588235295
334077,216448,0.006482758620689655,0.012689655172413793,0.006,138453,115931,152158.273381295
346396,219145,0.006482758620689655,0.012689655172413793,0.009,134283,103610,152158.273381295
356369,197778,0.006482758620689655,0.012689655172413793,0.012,137551,93639,152158.273381295
364592,212351,0.006482758620689655,0.012689655172413793,0.015,131665,85414,152158.273381295
335918,231300,0.006482758620689655,0.01310344827586207,0.006,133909,114087,148943.66197183097
347897,220099,0.006482758620689655,0.01310344827586207,0.009,132583,102109,148943.66197183097
357588,212803,0.006482758620689655,0.01310344827586207,0.012,131980,92418,148943.66197183097
365613,210621,0.006482758620689655,0.01310344827586207,0.015,130963,84393,148943.66197183097
337697,232874,0.006482758620689655,0.013517241379310345,0.006,131819,112307,145862.06896551725
349328,219120,0.006482758620689655,0.013517241379310345,0.009,131341,100676,145862.06896551725
358892,220224,0.006482758620689655,0.013517241379310345,0.012,128888,91116,145862.06896551725
366617,216440,0.006482758620689655,0.013517241379310345,0.015,128297,83391,145862.06896551725
339501,242709,0.006482758620689655,0.01393103448275862,0.006,128209,110502,142905.40540540538
350752,230594,0.006482758620689655,0.01393103448275862,0.009,127247,99255,142905.40540540538
359956,221681,0.006482758620689655,0.01393103448275862,0.012,127182,90050,142905.40540540538
367583,226620,0.006482758620689655,0.01393103448275862,0.015,124134,82425,142905.40540540538
341188,245098,0.006482758620689655,0.014344827586206896,0.006,126260,108815,140066.2251655629
352104,236671,0.006482758620689655,0.014344827586206896,0.009,124513,97902,140066.2251655629
361068,240112,0.006482758620689655,0.014344827586206896,0.012,121177,88939,140066.2251655629
368506,223386,0.006482758620689655,0.014344827586206896,0.015,124099,81497,140066.2251655629
342827,247597,0.006482758620689655,0.014758620689655172,0.006,124228,107180,137337.66233766233
353567,240530,0.006482758620689655,0.014758620689655172,0.009,122289,96442,137337.66233766233
362186,227827,0.006482758620689655,0.014758620689655172,0.012,123246,87817,137337.66233766233
369426,230486,0.006482758620689655,0.014758620689655172,0.015,121020,80577,137337.66233766233
344446,251417,0.006482758620689655,0.015172413793103448,0.006,122036,105559,134713.37579617836
354878,243932,0.006482758620689655,0.015172413793103448,0.009,120121,95124,134713.37579617836
363357,244331,0.006482758620689655,0.015172413793103448,0.012,117790,86644,134713.37579617836
370371,238215,0.006482758620689655,0.015172413793103448,0.015,117751,79631,134713.37579617836
346106,250429,0.006482758620689655,0.015586206896551724,0.006,120563,103896,132187.5
356017,248329,0.006482758620689655,0.015586206896551724,0.009,117878,93991,132187.5
364392,244775,0.006482758620689655,0.015586206896551724,0.012,116594,85608,132187.5
371366,241694,0.006482758620689655,0.015586206896551724,0.015,115859,78640,132187.5
347548,259303,0.006482758620689655,0.016,0.006,117835,102457,129754.60122699385
357375,256804,0.006482758620689655,0.016,0.009,114783,92626,129754.60122699385
365457,249503,0.006482758620689655,0.016,0.012,114286,84549,129754.60122699385
372209,218270,0.006482758620689655,0.016,0.015,121700,77792,129754.60122699385
266223,21744,0.006896551724137931,0.004,0.006,247614,183782,284810.12658227846
293932,21218,0.006896551724137931,0.004,0.009,240731,156073,284810.12658227846
314380,25052,0.006896551724137931,0.004,0.012,234832,135625,284810.12658227846
330091,27261,0.006896551724137931,0.004,0.015,230732,119914,284810.12658227846
270703,31726,0.006896551724137931,0.004413793103448276,0.006,240633,179297,274390.243902439
297235,28524,0.006896551724137931,0.004413793103448276,0.009,235067,152771,274390.243902439
316792,29761,0.006896551724137931,0.004413793103448276,0.012,230500,133213,274390.243902439
331977,29738,0.006896551724137931,0.004413793103448276,0.015,227495,118030,274390.243902439
274924,42654,0.006896551724137931,0.004827586206896552,0.006,233687,175076,264705.88235294115
300140,48068,0.006896551724137931,0.004827586206896552,0.009,225959,149865,264705.88235294115
319109,37613,0.006896551724137931,0.004827586206896552,0.012,225194,130896,264705.88235294115
333801,45237,0.006896551724137931,0.004827586206896552,0.015,219634,116206,264705.88235294115
278937,59594,0.006896551724137931,0.005241379310344827,0.006,225565,171069,255681.8181818182
303227,52907,0.006896551724137931,0.005241379310344827,0.009,221350,146774,255681.8181818182
321431,48570,0.006896551724137931,0.005241379310344827,0.012,218938,128578,255681.8181818182
335578,46975,0.006896551724137931,0.005241379310344827,0.015,216899,114427,255681.8181818182
282729,57413,0.006896551724137931,0.005655172413793104,0.006,222293,167271,247252.74725274724
306051,59239,0.006896551724137931,0.005655172413793104,0.009,216449,143955,247252.74725274724
323515,54327,0.006896551724137931,0.005655172413793104,0.012,214638,126492,247252.74725274724
337325,58253,0.006896551724137931,0.005655172413793104,0.015,210739,112683,247252.74725274724
286274,72315,0.006896551724137931,0.006068965517241379,0.006,215020,163731,239361.70212765958
308629,75112,0.006896551724137931,0.006068965517241379,0.009,209009,141373,239361.70212765958
325694,67588,0.006896551724137931,0.006068965517241379,0.012,207958,124315,239361.70212765958
338965,57711,0.006896551724137931,0.006068965517241379,0.015,208992,111042,239361.70212765958
289743,84658,0.006896551724137931,0.006482758620689655,0.006,208535,160261,231958.76288659792
311303,77818,0.006896551724137931,0.006482758620689655,0.009,205458,138705,231958.76288659792
327652,65090,0.006896551724137931,0.006482758620689655,0.012,206400,122350,231958.76288659792
340568,78133,0.006896551724137931,0.006482758620689655,0.015,199944,109435,231958.76288659792
293105,104072,0.006896551724137931,0.006896551724137931,0.006,200627,156901,225000.0
313896,97082,0.006896551724137931,0.006896551724137931,0.009,197239,136110,225000.0
329612,88349,0.006896551724137931,0.006896551724137931,0.012,196699,120390,225000.0
342150,81947,0.006896551724137931,0.006896551724137931,0.015,196729,107853,225000.0
296465,109851,0.006896551724137931,0.007310344827586207,0.006,196122,153541,218446.60194174756
316164,110232,0.006896551724137931,0.007310344827586207,0.009,191139,133840,218446.60194174756
331606,100324,0.006896551724137931,0.007310344827586207,0.012,190921,118394,218446.60194174756
343778,93002,0.006896551724137931,0.007310344827586207,0.015,191096,106231,218446.60194174756
299411,124561,0.006896551724137931,0.007724137931034483,0.006,189797,150594,212264.1509433962
318662,115464,0.006896551724137931,0.007724137931034483,0.009,187183,131344,212264.1509433962
333468,118504,0.006896551724137931,0.007724137931034483,0.012,183091,116534,212264.1509433962
345176,102463,0.006896551724137931,0.007724137931034483,0.015,186209,104832,212264.1509433962
302445,140293,0.006896551724137931,0.008137931034482758,0.006,183492,147555,206422.01834862385
320801,121986,0.006896551724137931,0.008137931034482758,0.009,183178,129203,206422.01834862385
335155,121909,0.006896551724137931,0.008137931034482758,0.012,180121,114846,206422.01834862385
346638,116971,0.006896551724137931,0.008137931034482758,0.015,179682,103371,206422.01834862385
305217,149424,0.006896551724137931,0.008551724137931035,0.006,178735,144788,200892.85714285713
323078,140177,0.006896551724137931,0.008551724137931035,0.009,175955,126931,200892.85714285713
336876,134636,0.006896551724137931,0.008551724137931035,0.012,174400,113132,200892.85714285713
347994,127000,0.006896551724137931,0.008551724137931035,0.015,174646,102013,200892.85714285713
307967,158577,0.006896551724137931,0.00896551724137931,0.006,173988,142035,195652.17391304346
325071,151022,0.006896551724137931,0.00896551724137931,0.009,171011,124931,195652.17391304346
338621,133961,0.006896551724137931,0.00896551724137931,0.012,172716,111388,195652.17391304346
349390,131508,0.006896551724137931,0.00896551724137931,0.015,171636,100616,195652.17391304346
310595,167651,0.006896551724137931,0.009379310344827585,0.006,169496,139409,190677.9661016949
327216,154993,0.006896551724137931,0.009379310344827585,0.009,167804,122793,190677.9661016949
340147,150987,0.006896551724137931,0.009379310344827585,0.012,165997,109858,190677.9661016949
350737,143909,0.006896551724137931,0.009379310344827585,0.015,166027,99269,190677.9661016949
313149,178860,0.006896551724137931,0.009793103448275862,0.006,164683,136856,185950.4132231405
329209,148293,0.006896551724137931,0.009793103448275862,0.009,167571,120800,185950.4132231405
341818,154197,0.006896551724137931,0.009793103448275862,0.012,163361,108191,185950.4132231405
352019,159118,0.006896551724137931,0.009793103448275862,0.015,159663,97986,185950.4132231405
315733,181657,0.006896551724137931,0.010206896551724139,0.006,161954,134270,181451.6129032258
331044,165047,0.006896551724137931,0.010206896551724139,0.009,161328,118962,181451.6129032258
343308,163646,0.006896551724137931,0.010206896551724139,0.012,158952,106697,181451.6129032258
353319,152897,0.006896551724137931,0.010206896551724139,0.015,160226,96681,181451.6129032258
318072,186390,0.006896551724137931,0.010620689655172414,0.006,158488,131929,177165.35433070868
332895,183415,0.006896551724137931,0.010620689655172414,0.009,154659,117110,177165.35433070868
344835,168339,0.006896551724137931,0.010620689655172414,0.012,156004,105165,177165.35433070868
354574,176902,0.006896551724137931,0.010620689655172414,0.015,151269,95435,177165.35433070868
320242,198705,0.006896551724137931,0.011034482758620689,0.006,154059,129763,173076.92307692312
334712,188578,0.006896551724137931,0.011034482758620689,0.009,151733,115291,173076.92307692312
346366,173101,0.006896551724137931,0.011034482758620689,0.012,152976,103642,173076.92307692312
355707,174790,0.006896551724137931,0.011034482758620689,0.015,150600,94298,173076.92307692312
322446,194406,0.006896551724137931,0.011448275862068966,0.006,152581,127558,169172.93233082705
336416,200622,0.006896551724137931,0.011448275862068966,0.009,147110,113586,169172.93233082705
347786,180908,0.006896551724137931,0.011448275862068966,0.012,149442,102222,169172.93233082705
356865,189421,0.006896551724137931,0.011448275862068966,0.015,144767,93142,169172.93233082705
324710,204962,0.006896551724137931,0.01186206896551724,0.006,148648,125296,165441.17647058822
338138,197829,0.006896551724137931,0.01186206896551724,0.009,145984,111867,165441.17647058822
349120,195315,0.006896551724137931,0.01186206896551724,0.012,143850,100880,165441.17647058822
358001,186116,0.006896551724137931,0.01186206896551724,0.015,144596,92006,165441.17647058822
326645,214657,0.006896551724137931,0.012275862068965518,0.006,144771,123359,161870.5035971223
339884,201719,0.006896551724137931,0.012275862068965518,0.009,143414,110125,161870.5035971223
350412,201474,0.006896551724137931,0.012275862068965518,0.012,140767,99596,161870.5035971223
359095,189921,0.006896551724137931,0.012275862068965518,0.015,142234,90910,161870.5035971223
328681,213996,0.006896551724137931,0.012689655172413793,0.006,142926,121319,158450.70422535215
341376,202356,0.006896551724137931,0.012689655172413793,0.009,141806,108631,158450.70422535215
351718,204694,0.006896551724137931,0.012689655172413793,0.012,138498,98282,158450.70422535215
360208,199549,0.006896551724137931,0.012689655172413793,0.015,138196,89799,158450.70422535215
330677,224429,0.006896551724137931,0.01310344827586207,0.006,139178,119331,155172.41379310345
342917,210456,0.006896551724137931,0.01310344827586207,0.009,138179,107090,155172.41379310345
353006,206681,0.006896551724137931,0.01310344827586207,0.012,136634,96996,155172.41379310345
361244,208522,0.006896551724137931,0.01310344827586207,0.015,134370,88761,155172.41379310345
332468,232153,0.006896551724137931,0.013517241379310345,0.006,135824,117540,152027.027027027
344432,222334,0.006896551724137931,0.013517241379310345,0.009,133933,105571,152027.027027027
354196,217290,0.006896551724137931,0.013517241379310345,0.012,132655,95811,152027.027027027
362312,207675,0.006896551724137931,0.013517241379310345,0.015,133430,87695,152027.027027027
334278,231655,0.006896551724137931,0.01393103448275862,0.006,134307,115730,149006.6225165563
345898,219088,0.006896551724137931,0.01393103448275862,0.009,133371,104107,149006.6225165563
355417,224479,0.006896551724137931,0.01393103448275862,0.012,129358,94586,149006.6225165563
363338,213762,0.006896551724137931,0.01393103448275862,0.015,130554,86667,149006.6225165563
336114,228630,0.006896551724137931,0.014344827586206896,0.006,133303,113895,146103.8961038961
347324,219758,0.006896551724137931,0.014344827586206896,0.009,131743,102682,146103.8961038961
356697,227301,0.006896551724137931,0.014344827586206896,0.012,127567,93311,146103.8961038961
364289,220800,0.006896551724137931,0.014344827586206896,0.015,127498,85717,146103.8961038961
337754,229825,0.006896551724137931,0.014758620689655172,0.006,131221,112246,143312.10191082803
348726,231714,0.006896551724137931,0.014758620689655172,0.009,127713,101282,143312.10191082803
357832,231061,0.006896551724137931,0.014758620689655172,0.012,125365,92177,143312.10191082803
365276,217071,0.006896551724137931,0.014758620689655172,0.015,127455,84727,143312.10191082803
339372,243937,0.006896551724137931,0.015172413793103448,0.006,127257,110633,140625.0
350036,234359,0.006896551724137931,0.015172413793103448,0.009,125759,99971,140625.0
358861,229047,0.006896551724137931,0.015172413793103448,0.012,124745,91147,140625.0
366235,233577,0.006896551724137931,0.015172413793103448,0.015,121828,83773,140625.0
340974,241416,0.006896551724137931,0.015586206896551724,0.006,126315,109032,138036.80981595092
351375,239965,0.006896551724137931,0.015586206896551724,0.009,123168,98633,138036.80981595092
360050,235976,0.006896551724137931,0.015586206896551724,0.012,121780,89959,138036.80981595092
367212,236995,0.006896551724137931,0.015586206896551724,0.015,119800,82788,138036.80981595092
342614,250175,0.006896551724137931,0.016,0.006,123152,107395,135542.16867469877
352643,244885,0.006896551724137931,0.016,0.009,120915,97364,135542.16867469877
361041,243623,0.006896551724137931,0.016,0.012,118885,88968,135542.16867469877
368113,240232,0.006896551724137931,0.016,0.015,117892,81887,135542.16867469877
259871,19749,0.007310344827586207,0.004,0.006,251742,190130,290853.65853658534
287927,17113,0.007310344827586207,0.004,0.009,245011,162077,290853.65853658534
308831,23357,0.007310344827586207,0.004,0.012,237897,141171,290853.65853658534
324926,23374,0.007310344827586207,0.004,0.015,234277,125082,290853.65853658534
264408,31178,0.007310344827586207,0.004413793103448276,0.006,244420,185592,280588.23529411765
291197,29437,0.007310344827586207,0.004413793103448276,0.009,237852,158808,280588.23529411765
311273,29248,0.007310344827586207,0.004413793103448276,0.012,233128,138729,280588.23529411765
326841,29358,0.007310344827586207,0.004413793103448276,0.015,229755,123166,280588.23529411765
268662,38937,0.007310344827586207,0.004827586206896552,0.006,238326,181339,271022.72727272724
294272,40057,0.007310344827586207,0.004827586206896552,0.009,231397,155730,271022.72727272724
313615,34873,0.007310344827586207,0.004827586206896552,0.012,228648,136391,271022.72727272724
328754,32901,0.007310344827586207,0.004827586206896552,0.015,226286,121254,271022.72727272724
272708,49038,0.007310344827586207,0.005241379310344827,0.006,231773,177292,262087.91208791215
297360,39153,0.007310344827586207,0.005241379310344827,0.009,228496,152640,262087.91208791215
315938,41649,0.007310344827586207,0.005241379310344827,0.012,223789,134067,262087.91208791215
330663,42450,0.007310344827586207,0.005241379310344827,0.015,220728,119343,262087.91208791215
276442,55519,0.007310344827586207,0.005655172413793104,0.006,226435,173561,253723.40425531915
300213,52984,0.007310344827586207,0.005655172413793104,0.009,221402,149787,253723.40425531915
318155,50788,0.007310344827586207,0.005655172413793104,0.012,218375,131847,253723.40425531915
332277,46682,0.007310344827586207,0.005655172413793104,0.015,217119,117729,253723.40425531915
280146,75564,0.007310344827586207,0.006068965517241379,0.006,218048,169858,245876.28865979382
303067,63776,0.007310344827586207,0.006068965517241379,0.009,215316,146937,245876.28865979382
320434,54981,0.007310344827586207,0.006068965517241379,0.012,214617,129572,245876.28865979382
334020,56877,0.007310344827586207,0.006068965517241379,0.015,211513,115984,245876.28865979382
283816,90510,0.007310344827586207,0.006482758620689655,0.006,210949,166190,238500.00000000003
305616,73449,0.007310344827586207,0.006482758620689655,0.009,209844,144386,238500.00000000003
322496,67568,0.007310344827586207,0.006482758620689655,0.012,208230,127511,238500.00000000003
335687,65599,0.007310344827586207,0.006482758620689655,0.015,206507,114318,238500.00000000003
287125,92988,0.007310344827586207,0.006896551724137931,0.006,207234,162880,231553.39805825244
308283,92856,0.007310344827586207,0.006896551724137931,0.009,201683,141718,231553.39805825244
324381,80767,0.007310344827586207,0.006896551724137931,0.012,201822,125625,231553.39805825244
337408,76165,0.007310344827586207,0.006896551724137931,0.015,201014,112600,231553.39805825244
290528,104904,0.007310344827586207,0.007310344827586207,0.006,201130,159477,224999.99999999997
310767,101349,0.007310344827586207,0.007310344827586207,0.009,196755,139239,224999.99999999997
326348,89264,0.007310344827586207,0.007310344827586207,0.012,197095,123659,224999.99999999997
338879,86195,0.007310344827586207,0.007310344827586207,0.015,195799,111127,224999.99999999997
293596,115015,0.007310344827586207,0.007724137931034483,0.006,195984,156411,218807.33944954126
313081,115955,0.007310344827586207,0.007724137931034483,0.009,190473,136927,218807.33944954126
328254,92744,0.007310344827586207,0.007724137931034483,0.012,193864,121751,218807.33944954126
340411,100981,0.007310344827586207,0.007724137931034483,0.015,189030,109594,218807.33944954126
296674,121488,0.007310344827586207,0.008137931034482758,0.006,191598,153330,212946.42857142855
315346,113716,0.007310344827586207,0.008137931034482758,0.009,188589,134660,212946.42857142855
330092,115038,0.007310344827586207,0.008137931034482758,0.012,185026,119913,212946.42857142855
341992,108788,0.007310344827586207,0.008137931034482758,0.015,184819,108016,212946.42857142855
299536,135343,0.007310344827586207,0.008551724137931035,0.006,185804,150464,207391.3043478261
317630,123814,0.007310344827586207,0.008551724137931035,0.009,183660,132377,207391.3043478261
331868,117957,0.007310344827586207,0.008551724137931035,0.012,182226,118137,207391.3043478261
343321,110923,0.007310344827586207,0.008551724137931035,0.015,182443,106686,207391.3043478261
302238,156277,0.007310344827586207,0.00896551724137931,0.006,178674,147765,202118.6440677966
319773,143103,0.007310344827586207,0.00896551724137931,0.009,176391,130229,202118.6440677966
333571,124762,0.007310344827586207,0.00896551724137931,0.012,178322,116433,202118.6440677966
344761,120239,0.007310344827586207,0.00896551724137931,0.015,177809,105244,202118.6440677966
305059,156472,0.007310344827586207,0.009379310344827585,0.006,175848,144947,197107.43801652893
321876,148556,0.007310344827586207,0.009379310344827585,0.009,172895,128126,197107.43801652893
335370,137146,0.007310344827586207,0.009379310344827585,0.012,172950,114639,197107.43801652893
346130,124876,0.007310344827586207,0.009379310344827585,0.015,174682,103872,197107.43801652893
307633,160004,0.007310344827586207,0.009793103448275862,0.006,172705,142375,192338.70967741933
323982,156660,0.007310344827586207,0.009793103448275862,0.009,168733,126027,192338.70967741933
336909,148645,0.007310344827586207,0.009793103448275862,0.012,167785,113096,192338.70967741933
347488,143223,0.007310344827586207,0.009793103448275862,0.015,167260,102520,192338.70967741933
310039,169338,0.007310344827586207,0.010206896551724139,0.006,168261,139966,187795.2755905512
325974,168297,0.007310344827586207,0.010206896551724139,0.009,163884,124026,187795.2755905512
338462,151621,0.007310344827586207,0.010206896551724139,0.012,165227,111544,187795.2755905512
348784,150318,0.007310344827586207,0.010206896551724139,0.015,163619,101224,187795.2755905512
312472,179308,0.007310344827586207,0.010620689655172414,0.006,163905,137535,183461.53846153847
327802,174312,0.007310344827586207,0.010620689655172414,0.009,160491,122200,183461.53846153847
340001,162030,0.007310344827586207,0.010620689655172414,0.012,160668,110003,183461.53846153847
350103,154244,0.007310344827586207,0.010620689655172414,0.015,161004,99897,183461.53846153847
314808,185003,0.007310344827586207,0.011034482758620689,0.006,160682,135199,179323.3082706767
329678,178625,0.007310344827586207,0.011034482758620689,0.009,157587,120330,179323.3082706767
341568,175479,0.007310344827586207,0.011034482758620689,0.012,155247,108441,179323.3082706767
351403,159625,0.007310344827586207,0.011034482758620689,0.015,157902,98602,179323.3082706767
317063,193007,0.007310344827586207,0.011448275862068966,0.006,157022,132942,175367.64705882352
331426,178721,0.007310344827586207,0.011448275862068966,0.009,155801,118579,175367.64705882352
343105,174298,0.007310344827586207,0.011448275862068966,0.012,154097,106902,175367.64705882352
352508,177930,0.007310344827586207,0.011448275862068966,0.015,150906,97500,175367.64705882352
319365,190103,0.007310344827586207,0.01186206896551724,0.006,155507,130641,171582.73381294962
333284,192277,0.007310344827586207,0.01186206896551724,0.009,150661,116719,171582.73381294962
344534,181308,0.007310344827586207,0.01186206896551724,0.012,150764,105472,171582.73381294962
353752,184466,0.007310344827586207,0.01186206896551724,0.015,147614,96257,171582.73381294962
321358,200788,0.007310344827586207,0.012275862068965518,0.006,151303,128646,167957.74647887322
334860,193881,0.007310344827586207,0.012275862068965518,0.009,148699,115145,167957.74647887322
345852,177573,0.007310344827586207,0.012275862068965518,0.012,150221,104157,167957.74647887322
354934,171436,0.007310344827586207,0.012275862068965518,0.015,150455,95073,167957.74647887322
323392,207878,0.007310344827586207,0.012689655172413793,0.006,148101,126610,164482.75862068968
336520,200738,0.007310344827586207,0.012689655172413793,0.009,145530,113482,164482.75862068968
347122,195302,0.007310344827586207,0.012689655172413793,0.012,143982,102885,164482.75862068968
356066,194015,0.007310344827586207,0.012689655172413793,0.015,142437,93940,164482.75862068968
325476,213676,0.007310344827586207,0.01310344827586207,0.006,145152,124524,161148.64864864864
338077,200175,0.007310344827586207,0.01310344827586207,0.009,143911,111927,161148.64864864864
348449,197765,0.007310344827586207,0.01310344827586207,0.012,141979,101556,161148.64864864864
357082,181831,0.007310344827586207,0.01310344827586207,0.015,144838,92927,161148.64864864864
327423,216351,0.007310344827586207,0.013517241379310345,0.006,142898,122579,157947.01986754965
339752,209678,0.007310344827586207,0.013517241379310345,0.009,140264,110253,157947.01986754965
349732,205223,0.007310344827586207,0.013517241379310345,0.012,138718,100275,157947.01986754965
358123,199237,0.007310344827586207,0.013517241379310345,0.015,138587,91884,157947.01986754965
329225,225120,0.007310344827586207,0.01393103448275862,0.006,139396,120775,154870.1298701299
341155,205698,0.007310344827586207,0.01393103448275862,0.009,139669,108852,154870.1298701299
350987,205070,0.007310344827586207,0.01393103448275862,0.012,137417,99018,154870.1298701299
359154,210806,0.007310344827586207,0.01393103448275862,0.015,133968,90850,154870.1298701299
330954,230720,0.007310344827586207,0.014344827586206896,0.006,136620,119053,151910.8280254777
342637,220083,0.007310344827586207,0.014344827586206896,0.009,134901,107369,151910.8280254777
352173,214345,0.007310344827586207,0.014344827586206896,0.012,133909,97834,151910.8280254777
360265,211085,0.007310344827586207,0.014344827586206896,0.015,132823,89735,151910.8280254777
332736,220484,0.007310344827586207,0.014758620689655172,0.006,136897,117269,149062.50000000003
344059,222337,0.007310344827586207,0.014758620689655172,0.009,133049,105946,149062.50000000003
353388,214434,0.007310344827586207,0.014758620689655172,0.012,132559,96619,149062.50000000003
361314,214697,0.007310344827586207,0.014758620689655172,0.015,130678,88693,149062.50000000003
334458,237290,0.007310344827586207,0.015172413793103448,0.006,132379,115543,146319.01840490798
345453,230802,0.007310344827586207,0.015172413793103448,0.009,129928,104554,146319.01840490798
354548,221741,0.007310344827586207,0.015172413793103448,0.012,129464,95455,146319.01840490798
362192,218448,0.007310344827586207,0.015172413793103448,0.015,128631,87814,146319.01840490798
336137,238447,0.007310344827586207,0.015586206896551724,0.006,130443,113867,143674.69879518074
346920,230615,0.007310344827586207,0.015586206896551724,0.009,128520,103086,143674.69879518074
355691,233311,0.007310344827586207,0.015586206896551724,0.012,125473,94315,143674.69879518074
363252,228333,0.007310344827586207,0.015586206896551724,0.015,124836,86754,143674.69879518074
337684,238375,0.007310344827586207,0.016,0.006,129076,112323,141124.26035502958
348136,236798,0.007310344827586207,0.016,0.009,125865,101869,141124.26035502958
356764,227255,0.007310344827586207,0.016,0.012,125910,93243,141124.26035502958
364178,233877,0.007310344827586207,0.016,0.015,122259,85830,141124.26035502958
253838,19808,0.007724137931034483,0.004,0.006,255154,196164,296470.5882352941
282270,18078,0.007724137931034483,0.004,0.009,247552,167735,296470.5882352941
303412,20396,0.007724137931034483,0.004,0.012,241420,146592,296470.5882352941
319889,22167,0.007724137931034483,0.004,0.015,236894,130119,296470.5882352941
258244,27796,0.007724137931034483,0.004413793103448276,0.006,248679,191758,286363.63636363635
285466,27736,0.007724137931034483,0.004413793103448276,0.009,241232,164535,286363.63636363635
305919,26307,0.007724137931034483,0.004413793103448276,0.012,236629,144085,286363.63636363635
321890,22328,0.007724137931034483,0.004413793103448276,0.015,234427,128118,286363.63636363635
262598,29468,0.007724137931034483,0.004827586206896552,0.006,244155,187406,276923.07692307694
288765,31224,0.007724137931034483,0.004827586206896552,0.009,236893,161238,276923.07692307694
308455,34615,0.007724137931034483,0.004827586206896552,0.012,231281,141551,276923.07692307694
323890,32286,0.007724137931034483,0.004827586206896552,0.015,228614,126116,276923.07692307694
266768,33096,0.007724137931034483,0.005241379310344827,0.006,239201,183237,268085.1063829788
291801,29991,0.007724137931034483,0.005241379310344827,0.009,234121,158205,268085.1063829788
310708,37887,0.007724137931034483,0.005241379310344827,0.012,227574,139294,268085.1063829788
325640,36390,0.007724137931034483,0.005241379310344827,0.015,225039,124362,268085.1063829788
270540,51834,0.007724137931034483,0.005655172413793104,0.006,230984,179461,259793.8144329897
294686,41487,0.007724137931034483,0.005655172413793104,0.009,227764,155314,259793.8144329897
312950,42740,0.007724137931034483,0.005655172413793104,0.012,223491,137053,259793.8144329897
327457,42171,0.007724137931034483,0.005655172413793104,0.015,220878,122548,259793.8144329897
274298,59956,0.007724137931034483,0.006068965517241379,0.006,225380,175703,252000.0
297543,51055,0.007724137931034483,0.006068965517241379,0.009,222066,152460,252000.0
315156,41034,0.007724137931034483,0.006068965517241379,0.012,221583,134851,252000.0
329205,47320,0.007724137931034483,0.006068965517241379,0.015,217044,120798,252000.0
277937,81254,0.007724137931034483,0.006482758620689655,0.006,216895,172065,244660.1941747573
300122,70066,0.007724137931034483,0.006482758620689655,0.009,213840,149882,244660.1941747573
317411,59715,0.007724137931034483,0.006482758620689655,0.012,213295,132591,244660.1941747573
331026,60074,0.007724137931034483,0.006482758620689655,0.015,210699,118975,244660.1941747573
281484,80798,0.007724137931034483,0.006896551724137931,0.006,213718,168519,237735.84905660377
302766,67706,0.007724137931034483,0.006896551724137931,0.009,211836,147238,237735.84905660377
319356,64210,0.007724137931034483,0.006896551724137931,0.012,209678,130651,237735.84905660377
332581,73454,0.007724137931034483,0.006896551724137931,0.015,204172,117426,237735.84905660377
284659,97796,0.007724137931034483,0.007310344827586207,0.006,206489,165345,231192.6605504587
305301,87854,0.007724137931034483,0.007310344827586207,0.009,203643,144700,231192.6605504587
321376,75416,0.007724137931034483,0.007310344827586207,0.012,203932,128628,231192.6605504587
334183,74446,0.007724137931034483,0.007310344827586207,0.015,202041,115820,231192.6605504587
287834,104679,0.007724137931034483,0.007724137931034483,0.006,201979,162169,225000.0
307865,100368,0.007724137931034483,0.007724137931034483,0.009,197719,142135,225000.0
323324,75220,0.007724137931034483,0.007724137931034483,0.012,201894,126679,225000.0
335769,79152,0.007724137931034483,0.007724137931034483,0.015,198596,114238,225000.0
290907,122479,0.007724137931034483,0.008137931034482758,0.006,195055,159097,219130.4347826087
310247,109242,0.007724137931034483,0.008137931034482758,0.009,193132,139759,219130.4347826087
325306,97219,0.007724137931034483,0.008137931034482758,0.012,193159,124700,219130.4347826087
337298,91854,0.007724137931034483,0.008137931034482758,0.015,192700,112705,219130.4347826087
293876,127583,0.007724137931034483,0.008551724137931035,0.006,191235,156125,213559.32203389832
312411,121071,0.007724137931034483,0.008551724137931035,0.009,187570,137596,213559.32203389832
327009,104466,0.007724137931034483,0.008551724137931035,0.012,189010,122996,213559.32203389832
338883,104432,0.007724137931034483,0.008551724137931035,0.015,186949,111117,213559.32203389832
296721,139820,0.007724137931034483,0.00896551724137931,0.006,185818,153282,208264.46280991737
314753,126015,0.007724137931034483,0.00896551724137931,0.009,184119,135253,208264.46280991737
328789,125452,0.007724137931034483,0.00896551724137931,0.012,180869,121216,208264.46280991737
340263,114260,0.007724137931034483,0.00896551724137931,0.015,182050,109743,208264.46280991737
299602,140221,0.007724137931034483,0.009379310344827585,0.006,183175,150404,203225.80645161294
316824,135538,0.007724137931034483,0.009379310344827585,0.009,179519,133184,203225.80645161294
330482,132568,0.007724137931034483,0.009379310344827585,0.012,177043,119521,203225.80645161294
341770,128129,0.007724137931034483,0.009379310344827585,0.015,176082,108236,203225.80645161294
302226,158997,0.007724137931034483,0.009793103448275862,0.006,176790,147774,198425.19685039372
318821,138624,0.007724137931034483,0.009793103448275862,0.009,176532,131182,198425.19685039372
332292,131620,0.007724137931034483,0.009793103448275862,0.012,175498,117711,198425.19685039372
343055,135722,0.007724137931034483,0.009793103448275862,0.015,172074,106952,198425.19685039372
304811,161138,0.007724137931034483,0.010206896551724139,0.006,173892,145192,193846.15384615384
320973,155016,0.007724137931034483,0.010206896551724139,0.009,170500,129028,193846.15384615384
333917,135651,0.007724137931034483,0.010206896551724139,0.012,172611,116089,193846.15384615384
344394,139437,0.007724137931034483,0.010206896551724139,0.015,169415,105608,193846.15384615384
307180,174718,0.007724137931034483,0.010620689655172414,0.006,168858,142821,189473.68421052632
322858,158471,0.007724137931034483,0.010620689655172414,0.009,167700,127148,189473.68421052632
335434,158658,0.007724137931034483,0.010620689655172414,0.012,164407,114571,189473.68421052632
345722,154813,0.007724137931034483,0.010620689655172414,0.015,163302,104279,189473.68421052632
309607,183172,0.007724137931034483,0.011034482758620689,0.006,165050,140401,185294.11764705883
324734,160833,0.007724137931034483,0.011034482758620689,0.009,165215,125271,185294.11764705883
336941,154249,0.007724137931034483,0.011034482758620689,0.012,164116,113064,185294.11764705883
346979,164553,0.007724137931034483,0.011034482758620689,0.015,158816,103023,185294.11764705883
311921,188818,0.007724137931034483,0.011448275862068966,0.006,161523,138088,181294.96402877697
326661,178864,0.007724137931034483,0.011448275862068966,0.009,159005,123346,181294.96402877697
338442,163095,0.007724137931034483,0.011448275862068966,0.012,160008,111565,181294.96402877697
348300,166477,0.007724137931034483,0.011448275862068966,0.015,156908,101709,181294.96402877697
314085,184559,0.007724137931034483,0.01186206896551724,0.006,160223,135920,177464.78873239434
328319,190792,0.007724137931034483,0.01186206896551724,0.009,154262,121688,177464.78873239434
339919,172560,0.007724137931034483,0.01186206896551724,0.012,155894,110089,177464.78873239434
349466,170532,0.007724137931034483,0.01186206896551724,0.015,154411,100535,177464.78873239434
316221,193781,0.007724137931034483,0.012275862068965518,0.006,156588,133786,173793.10344827586
330194,191318,0.007724137931034483,0.012275862068965518,0.009,152521,119812,173793.10344827586
341321,181008,0.007724137931034483,0.012275862068965518,0.012,152223,108684,173793.10344827586
350699,182770,0.007724137931034483,0.012275862068965518,0.015,149445,99310,173793.10344827586
318375,186828,0.007724137931034483,0.012689655172413793,0.006,155730,131625,170270.27027027027
331770,183007,0.007724137931034483,0.012689655172413793,0.009,152822,118235,170270.27027027027
342686,186468,0.007724137931034483,0.012689655172413793,0.012,149311,107321,170270.27027027027
351793,180182,0.007724137931034483,0.012689655172413793,0.015,149002,98214,170270.27027027027
320474,204266,0.007724137931034483,0.01310344827586207,0.006,150784,129527,166887.41721854307
333421,195577,0.007724137931034483,0.01310344827586207,0.009,148385,116586,166887.41721854307
344085,195252,0.007724137931034483,0.01310344827586207,0.012,145557,105918,166887.41721854307
352978,184191,0.007724137931034483,0.01310344827586207,0.015,146555,97022,166887.41721854307
322411,213423,0.007724137931034483,0.013517241379310345,0.006,147055,127589,163636.36363636365
334975,206792,0.007724137931034483,0.013517241379310345,0.009,144107,115029,163636.36363636365
345398,199896,0.007724137931034483,0.013517241379310345,0.012,142999,104610,163636.36363636365
354135,191953,0.007724137931034483,0.013517241379310345,0.015,143223,95874,163636.36363636365
324235,220236,0.007724137931034483,0.01393103448275862,0.006,144161,125767,160509.5541401274
336636,208587,0.007724137931034483,0.01393103448275862,0.009,142185,113364,160509.5541401274
346721,202633,0.007724137931034483,0.01393103448275862,0.012,140944,103288,160509.5541401274
355121,205846,0.007724137931034483,0.01393103448275862,0.015,137933,94884,160509.5541401274
326102,214516,0.007724137931034483,0.014344827586206896,0.006,143414,123903,157500.0
338046,211006,0.007724137931034483,0.014344827586206896,0.009,140232,111961,157500.0
347927,200257,0.007724137931034483,0.014344827586206896,0.012,140383,102080,157500.0
356202,200958,0.007724137931034483,0.014344827586206896,0.015,138253,93806,157500.0
328022,229028,0.007724137931034483,0.014758620689655172,0.006,139024,121982,154601.22699386504
339539,214552,0.007724137931034483,0.014758620689655172,0.009,137961,110467,154601.22699386504
349166,210265,0.007724137931034483,0.014758620689655172,0.012,136502,100842,154601.22699386504
357226,209608,0.007724137931034483,0.014758620689655172,0.015,134668,92780,154601.22699386504
329650,221491,0.007724137931034483,0.015172413793103448,0.006,138926,120355,151807.22891566265
340942,213969,0.007724137931034483,0.015172413793103448,0.009,136818,109063,151807.22891566265
350340,217712,0.007724137931034483,0.015172413793103448,0.012,133306,99667,151807.22891566265
358214,217684,0.007724137931034483,0.015172413793103448,0.015,131393,91790,151807.22891566265
331359,230356,0.007724137931034483,0.015586206896551724,0.006,135553,118648,149112.42603550295
342476,222070,0.007724137931034483,0.015586206896551724,0.009,133572,107530,149112.42603550295
351616,225153,0.007724137931034483,0.015586206896551724,0.012,130370,98390,149112.42603550295
359234,221064,0.007724137931034483,0.015586206896551724,0.015,129361,90774,149112.42603550295
332971,239215,0.007724137931034483,0.016,0.006,132683,117036,146511.62790697673
343732,233203,0.007724137931034483,0.016,0.009,129936,106273,146511.62790697673
352647,224767,0.007724137931034483,0.016,0.012,129234,97358,146511.62790697673
360200,224448,0.007724137931034483,0.016,0.015,127479,89805,146511.62790697673
248134,13472,0.008137931034482758,0.004,0.006,260034,201868,301704.5454545454
276757,18123,0.008137931034482758,0.004,0.009,250326,173243,301704.5454545454
298203,15669,0.008137931034482758,0.004,0.012,245299,151801,301704.5454545454
314988,20046,0.008137931034482758,0.004,0.015,239666,135016,301704.5454545454
252640,20158,0.008137931034482758,0.004413793103448276,0.006,254111,197362,291758.2417582417
280010,23715,0.008137931034482758,0.004413793103448276,0.009,245260,169995,291758.2417582417
300759,22292,0.008137931034482758,0.004413793103448276,0.012,240399,149245,291758.2417582417
317021,23682,0.008137931034482758,0.004413793103448276,0.015,236058,132984,291758.2417582417
256823,29946,0.008137931034482758,0.004827586206896552,0.006,247435,193178,282446.8085106383
283193,24444,0.008137931034482758,0.004827586206896552,0.009,241727,166810,282446.8085106383
303270,26941,0.008137931034482758,0.004827586206896552,0.012,236154,146733,282446.8085106383
319083,28409,0.008137931034482758,0.004827586206896552,0.015,232137,130923,282446.8085106383
260934,42343,0.008137931034482758,0.005241379310344827,0.006,240492,189070,273711.34020618553
286272,30793,0.008137931034482758,0.005241379310344827,0.009,236774,163731,273711.34020618553
305632,29041,0.008137931034482758,0.005241379310344827,0.012,232903,144373,273711.34020618553
320879,33486,0.008137931034482758,0.005241379310344827,0.015,228173,129123,273711.34020618553
264933,44899,0.008137931034482758,0.005655172413793104,0.006,236067,185069,265499.99999999994
289344,39367,0.008137931034482758,0.005655172413793104,0.009,231266,160662,265499.99999999994
307943,38804,0.008137931034482758,0.005655172413793104,0.012,227247,142063,265499.99999999994
322802,37256,0.008137931034482758,0.005655172413793104,0.015,224700,127207,265499.99999999994
268710,52640,0.008137931034482758,0.006068965517241379,0.006,230596,181291,257766.99029126213
292138,43855,0.008137931034482758,0.006068965517241379,0.009,227016,157867,257766.99029126213
310274,48723,0.008137931034482758,0.006068965517241379,0.012,221610,139734,257766.99029126213
324670,43591,0.008137931034482758,0.006068965517241379,0.015,220460,125335,257766.99029126213
272334,67743,0.008137931034482758,0.006482758620689655,0.006,223515,177667,250471.69811320753
294880,51721,0.008137931034482758,0.006482758620689655,0.009,221961,155121,250471.69811320753
312398,54430,0.008137931034482758,0.006482758620689655,0.012,217428,137610,250471.69811320753
326307,49646,0.008137931034482758,0.006482758620689655,0.015,216351,123696,250471.69811320753
275924,76540,0.008137931034482758,0.006896551724137931,0.006,218209,174076,243577.98165137615
297544,69284,0.008137931034482758,0.006896551724137931,0.009,214453,152461,243577.98165137615
314484,61504,0.008137931034482758,0.006896551724137931,0.012,212974,135522,243577.98165137615
328012,56591,0.008137931034482758,0.006896551724137931,0.015,212045,121993,243577.98165137615
279291,94982,0.008137931034482758,0.007310344827586207,0.006,210783,170711,237053.5714285714
300136,75616,0.008137931034482758,0.007310344827586207,0.009,210044,149869,237053.5714285714
316518,71299,0.008137931034482758,0.007310344827586207,0.012,207763,133487,237053.5714285714
329670,64718,0.008137931034482758,0.007310344827586207,0.015,207536,120335,237053.5714285714
282476,100582,0.008137931034482758,0.007724137931034483,0.006,206629,167524,230869.5652173913
302642,89940,0.008137931034482758,0.007724137931034483,0.009,203643,147363,230869.5652173913
318496,83833,0.008137931034482758,0.007724137931034483,0.012,201814,131511,230869.5652173913
331367,72138,0.008137931034482758,0.007724137931034483,0.015,203206,118642,230869.5652173913
285526,100225,0.008137931034482758,0.008137931034482758,0.006,203612,164477,225000.0
305023,101822,0.008137931034482758,0.008137931034482758,0.009,198006,144981,225000.0
320417,86635,0.008137931034482758,0.008137931034482758,0.012,198890,129589,225000.0
332971,88809,0.008137931034482758,0.008137931034482758,0.015,195981,117035,225000.0
288556,113951,0.008137931034482758,0.008551724137931035,0.006,197767,161450,219421.48760330578
307471,109467,0.008137931034482758,0.008551724137931035,0.009,193818,142536,219421.48760330578
322293,97044,0.008137931034482758,0.008551724137931035,0.012,193888,127714,219421.48760330578
334383,84344,0.008137931034482758,0.008551724137931035,0.015,195703,115622,219421.48760330578
291397,131192,0.008137931034482758,0.00896551724137931,0.006,191462,158606,214112.90322580645
309640,122926,0.008137931034482758,0.00896551724137931,0.009,188086,140364,214112.90322580645
324115,108425,0.008137931034482758,0.00896551724137931,0.012,188618,125892,214112.90322580645
335868,107519,0.008137931034482758,0.00896551724137931,0.015,186539,114134,214112.90322580645
294317,142815,0.008137931034482758,0.009379310344827585,0.006,186397,155684,209055.11811023622
311817,127396,0.008137931034482758,0.009379310344827585,0.009,184710,138188,209055.11811023622
325877,121298,0.008137931034482758,0.009379310344827585,0.012,183020,124128,209055.11811023622
337428,117855,0.008137931034482758,0.009379310344827585,0.015,181611,112578,209055.11811023622
296981,138957,0.008137931034482758,0.009793103448275862,0.006,184550,153019,204230.76923076922
314063,139262,0.008137931034482758,0.009793103448275862,0.009,179655,135940,204230.76923076922
327564,124449,0.008137931034482758,0.009793103448275862,0.012,180317,122441,204230.76923076922
338747,125125,0.008137931034482758,0.009793103448275862,0.015,177865,111259,204230.76923076922
299618,149124,0.008137931034482758,0.010206896551724139,0.006,180071,150388,199624.06015037594
316017,147462,0.008137931034482758,0.010206896551724139,0.009,175558,133985,199624.06015037594
329234,135971,0.008137931034482758,0.010206896551724139,0.012,175305,120772,199624.06015037594
340109,135513,0.008137931034482758,0.010206896551724139,0.015,173149,109898,199624.06015037594
302005,165576,0.008137931034482758,0.010620689655172414,0.006,174265,148002,195220.5882352941
318023,149289,0.008137931034482758,0.010620689655172414,0.009,172995,131979,195220.5882352941
330899,154286,0.008137931034482758,0.010620689655172414,0.012,168467,119108,195220.5882352941
341574,147875,0.008137931034482758,0.010620689655172414,0.015,167822,108432,195220.5882352941
304536,165997,0.008137931034482758,0.011034482758620689,0.006,171933,145472,191007.1942446043
320043,160580,0.008137931034482758,0.011034482758620689,0.009,168309,129961,191007.1942446043
332563,148169,0.008137931034482758,0.011034482758620689,0.012,168543,117444,191007.1942446043
342779,149315,0.008137931034482758,0.011034482758620689,0.015,165909,107223,191007.1942446043
306799,161756,0.008137931034482758,0.011448275862068966,0.006,170510,143206,186971.83098591544
321930,168323,0.008137931034482758,0.011448275862068966,0.009,164700,128076,186971.83098591544
333978,158080,0.008137931034482758,0.011448275862068966,0.012,164232,116026,186971.83098591544
344100,151434,0.008137931034482758,0.011448275862068966,0.015,163952,105909,186971.83098591544
309096,179246,0.008137931034482758,0.01186206896551724,0.006,165012,140906,183103.44827586203
323665,172598,0.008137931034482758,0.01186206896551724,0.009,161957,126340,183103.44827586203
335613,166807,0.008137931034482758,0.01186206896551724,0.012,160304,114393,183103.44827586203
345293,153464,0.008137931034482758,0.01186206896551724,0.015,161971,104711,183103.44827586203
311408,190852,0.008137931034482758,0.012275862068965518,0.006,160703,138598,179391.89189189184
325482,175524,0.008137931034482758,0.012275862068965518,0.009,159489,124518,179391.89189189184
336939,175052,0.008137931034482758,0.012275862068965518,0.012,156600,113067,179391.89189189184
346642,174572,0.008137931034482758,0.012275862068965518,0.015,154390,103364,179391.89189189184
313495,195127,0.008137931034482758,0.012689655172413793,0.006,158096,136514,175827.81456953642
327281,176149,0.008137931034482758,0.012689655172413793,0.009,157714,122725,175827.81456953642
338449,178328,0.008137931034482758,0.012689655172413793,0.012,154201,111551,175827.81456953642
347741,174752,0.008137931034482758,0.012689655172413793,0.015,153012,102264,175827.81456953642
315560,204291,0.008137931034482758,0.01310344827586207,0.006,154494,134449,172402.5974025974
328924,187132,0.008137931034482758,0.01310344827586207,0.009,153459,121085,172402.5974025974
339776,184511,0.008137931034482758,0.01310344827586207,0.012,151076,110231,172402.5974025974
348875,180149,0.008137931034482758,0.01310344827586207,0.015,150244,101129,172402.5974025974
317625,204696,0.008137931034482758,0.013517241379310345,0.006,152537,132381,169108.28025477706
330515,197136,0.008137931034482758,0.013517241379310345,0.009,149683,119491,169108.28025477706
341138,188398,0.008137931034482758,0.013517241379310345,0.012,148790,108867,169108.28025477706
350028,183637,0.008137931034482758,0.013517241379310345,0.015,148016,99975,169108.28025477706
319486,209321,0.008137931034482758,0.01393103448275862,0.006,149717,130517,165937.5
332072,201320,0.008137931034482758,0.01393103448275862,0.009,147125,117933,165937.5
342446,186378,0.008137931034482758,0.01393103448275862,0.012,148027,107561,165937.5
351258,188334,0.008137931034482758,0.01393103448275862,0.015,145423,98751,165937.5
321364,215163,0.008137931034482758,0.014344827586206896,0.006,147030,128641,162883.43558282207
333731,196015,0.008137931034482758,0.014344827586206896,0.009,146677,116275,162883.43558282207
343742,207369,0.008137931034482758,0.014344827586206896,0.012,141213,106265,162883.43558282207
352246,194470,0.008137931034482758,0.014344827586206896,0.015,142493,97757,162883.43558282207
323259,220827,0.008137931034482758,0.014758620689655172,0.006,144195,126741,159939.75903614456
335245,209351,0.008137931034482758,0.014758620689655172,0.009,142379,114762,159939.75903614456
345082,208307,0.008137931034482758,0.014758620689655172,0.012,139751,104927,159939.75903614456
353411,208912,0.008137931034482758,0.014758620689655172,0.015,137355,96598,159939.75903614456
325048,219508,0.008137931034482758,0.015172413793103448,0.006,142783,124961,157100.5917159763
336710,217150,0.008137931034482758,0.015172413793103448,0.009,139199,113296,157100.5917159763
346242,211587,0.008137931034482758,0.015172413793103448,0.012,137674,103764,157100.5917159763
354369,206896,0.008137931034482758,0.015172413793103448,0.015,136934,95633,157100.5917159763
326820,224111,0.008137931034482758,0.015586206896551724,0.006,140215,123187,154360.46511627905
338053,214980,0.008137931034482758,0.015586206896551724,0.009,138400,111955,154360.46511627905
347442,215641,0.008137931034482758,0.015586206896551724,0.012,135418,102561,154360.46511627905
355360,213710,0.008137931034482758,0.015586206896551724,0.015,133866,94645,154360.46511627905
328530,230901,0.008137931034482758,0.016,0.006,137465,121476,151714.28571428568
339425,222669,0.008137931034482758,0.016,0.009,135326,110577,151714.28571428568
348666,215244,0.008137931034482758,0.016,0.012,134350,101343,151714.28571428568
356475,219999,0.008137931034482758,0.016,0.015,131204,93528,151714.28571428568
242578,13873,0.008551724137931035,0.004,0.006,263215,207422,306593.4065934066
271410,12630,0.008551724137931035,0.004,0.009,254611,178590,306593.4065934066
293182,16091,0.008551724137931035,0.004,0.012,247440,156822,306593.4065934066
310333,19326,0.008551724137931035,0.004,0.015,241955,139667,306593.4065934066
247065,17722,0.008551724137931035,0.004413793103448276,0.006,257898,202935,296808.5106382979
274804,21908,0.008551724137931035,0.004413793103448276,0.009,248484,175202,296808.5106382979
295760,17071,0.008551724137931035,0.004413793103448276,0.012,244379,154242,296808.5106382979
312309,20946,0.008551724137931035,0.004413793103448276,0.015,239061,137693,296808.5106382979
251355,21283,0.008551724137931035,0.004827586206896552,0.006,252861,198650,287628.8659793815
278018,20572,0.008551724137931035,0.004827586206896552,0.009,245576,171988,287628.8659793815
298289,26063,0.008551724137931035,0.004827586206896552,0.012,238826,151712,287628.8659793815
314334,25268,0.008551724137931035,0.004827586206896552,0.015,235284,135671,287628.8659793815
255564,27851,0.008551724137931035,0.005241379310344827,0.006,247211,194436,279000.0
281211,30675,0.008551724137931035,0.005241379310344827,0.009,239556,168793,279000.0
300768,31432,0.008551724137931035,0.005241379310344827,0.012,234449,149240,279000.0
316347,30525,0.008551724137931035,0.005241379310344827,0.015,231231,133653,279000.0
259549,38587,0.008551724137931035,0.005655172413793104,0.006,240867,190457,270873.7864077669
284089,36871,0.008551724137931035,0.005655172413793104,0.009,234703,165915,270873.7864077669
303098,42169,0.008551724137931035,0.005655172413793104,0.012,228557,146906,270873.7864077669
318193,34824,0.008551724137931035,0.005655172413793104,0.015,227633,131814,270873.7864077669
263347,52469,0.008551724137931035,0.006068965517241379,0.006,233949,186653,263207.5471698113
287124,46126,0.008551724137931035,0.006068965517241379,0.009,229188,162878,263207.5471698113
305453,40783,0.008551724137931035,0.006068965517241379,0.012,226504,144547,263207.5471698113
320122,42289,0.008551724137931035,0.006068965517241379,0.015,223005,129884,263207.5471698113
267009,66070,0.008551724137931035,0.006482758620689655,0.006,227431,182992,255963.3027522936
289926,57489,0.008551724137931035,0.006482758620689655,0.009,223238,160076,255963.3027522936
307592,49782,0.008551724137931035,0.006482758620689655,0.012,221363,142411,255963.3027522936
321911,47338,0.008551724137931035,0.006482758620689655,0.015,219346,128095,255963.3027522936
270600,64180,0.008551724137931035,0.006896551724137931,0.006,224481,179406,249107.14285714284
292572,62646,0.008551724137931035,0.006896551724137931,0.009,219021,157436,249107.14285714284
309735,54320,0.008551724137931035,0.006896551724137931,0.012,217645,140269,249107.14285714284
323562,51602,0.008551724137931035,0.006896551724137931,0.015,215889,126445,249107.14285714284
274013,85975,0.008551724137931035,0.007310344827586207,0.006,216345,175993,242608.6956521739
295128,75948,0.008551724137931035,0.007310344827586207,0.009,212842,154877,242608.6956521739
311788,59068,0.008551724137931035,0.007310344827586207,0.012,213989,138216,242608.6956521739
325328,55261,0.008551724137931035,0.007310344827586207,0.015,212768,124681,242608.6956521739
277196,95395,0.008551724137931035,0.007724137931034483,0.006,211282,172806,236440.67796610174
297697,76616,0.008551724137931035,0.007724137931034483,0.009,210015,152310,236440.67796610174
313859,81849,0.008551724137931035,0.007724137931034483,0.012,205020,136149,236440.67796610174
326918,68481,0.008551724137931035,0.007724137931034483,0.015,206584,123085,236440.67796610174
280440,99026,0.008551724137931035,0.008137931034482758,0.006,207391,169565,230578.51239669425
300129,94800,0.008551724137931035,0.008137931034482758,0.009,202873,149878,230578.51239669425
315812,84962,0.008551724137931035,0.008137931034482758,0.012,202037,134194,230578.51239669425
328542,74782,0.008551724137931035,0.008137931034482758,0.015,202756,121458,230578.51239669425
283394,106185,0.008551724137931035,0.008551724137931035,0.006,202972,166607,225000.0
302570,103210,0.008551724137931035,0.008551724137931035,0.009,198277,147430,225000.0
317703,77986,0.008551724137931035,0.008551724137931035,0.012,201956,132301,225000.0
330179,79597,0.008551724137931035,0.008551724137931035,0.015,199397,119824,225000.0
286402,119875,0.008551724137931035,0.00896551724137931,0.006,197261,163604,219685.03937007874
304864,103293,0.008551724137931035,0.00896551724137931,0.009,196026,145144,219685.03937007874
319569,104476,0.008551724137931035,0.00896551724137931,0.012,192305,130436,219685.03937007874
331608,103945,0.008551724137931035,0.00896551724137931,0.015,189953,118399,219685.03937007874
289132,123243,0.008551724137931035,0.009379310344827585,0.006,193817,160870,214615.38461538465
307156,121734,0.008551724137931035,0.009379310344827585,0.009,189119,142850,214615.38461538465
321372,108545,0.008551724137931035,0.009379310344827585,0.012,189342,128633,214615.38461538465
333093,102002,0.008551724137931035,0.009379310344827585,0.015,188904,116911,214615.38461538465
291942,137542,0.008551724137931035,0.009793103448275862,0.006,188463,158064,209774.4360902256
309279,126022,0.008551724137931035,0.009793103448275862,0.009,185920,140729,209774.4360902256
323121,117425,0.008551724137931035,0.009793103448275862,0.012,184901,126886,209774.4360902256
334629,119736,0.008551724137931035,0.009793103448275862,0.015,181777,115373,209774.4360902256
294605,137887,0.008551724137931035,0.010206896551724139,0.006,185964,155400,205147.0588235294
311307,141036,0.008551724137931035,0.010206896551724139,0.009,180237,138698,205147.0588235294
324827,138292,0.008551724137931035,0.010206896551724139,0.012,177279,125177,205147.0588235294
335958,115152,0.008551724137931035,0.010206896551724139,0.015,181631,114044,205147.0588235294
297046,152052,0.008551724137931035,0.010620689655172414,0.006,180655,152959,200719.42446043168
313405,149007,0.008551724137931035,0.010620689655172414,0.009,176306,136604,200719.42446043168
326468,123945,0.008551724137931035,0.010620689655172414,0.012,179485,123538,200719.42446043168
337334,136844,0.008551724137931035,0.010620689655172414,0.015,173529,112671,200719.42446043168
299627,161597,0.008551724137931035,0.011034482758620689,0.006,176355,150379,196478.87323943665
315423,148341,0.008551724137931035,0.011034482758620689,0.009,174506,134582,196478.87323943665
328126,147015,0.008551724137931035,0.011034482758620689,0.012,171552,121876,196478.87323943665
338781,138691,0.008551724137931035,0.011034482758620689,0.015,171560,111222,196478.87323943665
301913,164071,0.008551724137931035,0.011448275862068966,0.006,173712,148091,192413.79310344823
317243,156529,0.008551724137931035,0.011448275862068966,0.009,170649,132762,192413.79310344823
329686,150464,0.008551724137931035,0.011448275862068966,0.012,168853,120319,192413.79310344823
340003,136277,0.008551724137931035,0.011448275862068966,0.015,170821,110003,192413.79310344823
304234,171144,0.008551724137931035,0.01186206896551724,0.006,170252,145770,188513.51351351352
319081,158746,0.008551724137931035,0.01186206896551724,0.009,168266,130924,188513.51351351352
331226,155014,0.008551724137931035,0.01186206896551724,0.012,166183,118779,188513.51351351352
341296,144694,0.008551724137931035,0.01186206896551724,0.015,166915,108706,188513.51351351352
306469,185817,0.008551724137931035,0.012275862068965518,0.006,165331,143536,184768.2119205298
320967,172534,0.008551724137931035,0.012275862068965518,0.009,163332,129033,184768.2119205298
332745,165011,0.008551724137931035,0.012275862068965518,0.012,161896,117263,184768.2119205298
342605,168791,0.008551724137931035,0.012275862068965518,0.015,158483,107404,184768.2119205298
308648,173451,0.008551724137931035,0.012689655172413793,0.006,165494,141355,181168.83116883118
322757,182765,0.008551724137931035,0.012689655172413793,0.009,159211,127243,181168.83116883118
334178,168548,0.008551724137931035,0.012689655172413793,0.012,159560,115828,181168.83116883118
343768,167122,0.008551724137931035,0.012689655172413793,0.015,157639,106237,181168.83116883118
310765,188107,0.008551724137931035,0.01310344827586207,0.006,160893,139241,177707.00636942673
324514,184047,0.008551724137931035,0.01310344827586207,0.009,157285,125491,177707.00636942673
335657,180144,0.008551724137931035,0.01310344827586207,0.012,154928,114343,177707.00636942673
344957,179012,0.008551724137931035,0.01310344827586207,0.015,152930,105046,177707.00636942673
312831,197347,0.008551724137931035,0.013517241379310345,0.006,157343,137174,174375.00000000003
326139,195325,0.008551724137931035,0.013517241379310345,0.009,153152,123861,174375.00000000003
336967,182299,0.008551724137931035,0.013517241379310345,0.012,153020,113037,174375.00000000003
346130,179331,0.008551724137931035,0.013517241379310345,0.015,151568,103877,174375.00000000003
314927,195106,0.008551724137931035,0.01393103448275862,0.006,155902,135079,171165.64417177916
327767,195918,0.008551724137931035,0.01393103448275862,0.009,151435,122242,171165.64417177916
338424,183200,0.008551724137931035,0.01393103448275862,0.012,151386,111584,171165.64417177916
347383,187412,0.008551724137931035,0.01393103448275862,0.015,148137,102623,171165.64417177916
316760,204982,0.008551724137931035,0.014344827586206896,0.006,152375,133247,168072.2891566265
329273,196498,0.008551724137931035,0.014344827586206896,0.009,149766,120734,168072.2891566265
339680,190733,0.008551724137931035,0.014344827586206896,0.012,148252,110321,168072.2891566265
348413,186404,0.008551724137931035,0.014344827586206896,0.015,147207,101593,168072.2891566265
318751,203215,0.008551724137931035,0.014758620689655172,0.006,150905,131252,165088.75739644974
330937,206024,0.008551724137931035,0.014758620689655172,0.009,146052,119069,165088.75739644974
341002,191085,0.008551724137931035,0.014758620689655172,0.012,146750,109007,165088.75739644974
349535,187746,0.008551724137931035,0.014758620689655172,0.015,145758,100465,165088.75739644974
320533,215550,0.008551724137931035,0.015172413793103448,0.006,147052,129476,162209.30232558138
332348,205850,0.008551724137931035,0.015172413793103448,0.009,144652,117659,162209.30232558138
342206,209327,0.008551724137931035,0.015172413793103448,0.012,140875,107801,162209.30232558138
350625,192321,0.008551724137931035,0.015172413793103448,0.015,143390,99384,162209.30232558138
322255,212423,0.008551724137931035,0.015586206896551724,0.006,145921,127750,159428.57142857142
333799,212986,0.008551724137931035,0.015586206896551724,0.009,141734,116208,159428.57142857142
343452,204290,0.008551724137931035,0.015586206896551724,0.012,141053,106550,159428.57142857142
351630,198430,0.008551724137931035,0.015586206896551724,0.015,140597,98375,159428.57142857142
323991,220611,0.008551724137931035,0.016,0.006,142866,126014,156741.57303370786
335274,217672,0.008551724137931035,0.016,0.009,139368,114734,156741.57303370786
344706,214904,0.008551724137931035,0.016,0.012,137069,105303,156741.57303370786
352640,207503,0.008551724137931035,0.016,0.015,136914,97367,156741.57303370786
237292,11579,0.00896551724137931,0.004,0.006,266904,212711,311170.21276595746
266362,12667,0.00896551724137931,0.004,0.009,257151,183639,311170.21276595746
288392,15015,0.00896551724137931,0.004,0.012,250080,161608,311170.21276595746
305670,15338,0.00896551724137931,0.004,0.015,245395,144334,311170.21276595746
241752,15314,0.00896551724137931,0.004413793103448276,0.006,261600,208248,301546.3917525773
269710,14943,0.00896551724137931,0.004413793103448276,0.009,253077,180295,301546.3917525773
290956,18329,0.00896551724137931,0.004413793103448276,0.012,246280,159046,301546.3917525773
307796,18525,0.00896551724137931,0.004413793103448276,0.015,241886,142211,301546.3917525773
246152,21679,0.00896551724137931,0.004827586206896552,0.006,255869,203854,292500.0
273007,22297,0.00896551724137931,0.004827586206896552,0.009,247749,176999,292500.0
293527,18502,0.00896551724137931,0.004827586206896552,0.012,243517,156478,292500.0
309843,22493,0.00896551724137931,0.004827586206896552,0.015,238257,140160,292500.0
250238,27485,0.00896551724137931,0.005241379310344827,0.006,250493,199762,283980.58252427186
276111,25185,0.00896551724137931,0.005241379310344827,0.009,243698,173891,283980.58252427186
296006,26730,0.00896551724137931,0.005241379310344827,0.012,238258,154001,283980.58252427186
311822,24492,0.00896551724137931,0.005241379310344827,0.015,235295,138185,283980.58252427186
254283,43578,0.00896551724137931,0.005655172413793104,0.006,242982,195718,275943.3962264151
279128,28729,0.00896551724137931,0.005655172413793104,0.009,239672,170877,275943.3962264151
298379,30271,0.00896551724137931,0.005655172413793104,0.012,234608,151626,275943.3962264151
313749,27247,0.00896551724137931,0.005655172413793104,0.015,232246,136253,275943.3962264151
258120,42792,0.00896551724137931,0.006068965517241379,0.006,239464,191881,268348.62385321106
282057,34311,0.00896551724137931,0.006068965517241379,0.009,235216,167948,268348.62385321106
300784,37077,0.00896551724137931,0.006068965517241379,0.012,230022,149222,268348.62385321106
315719,38511,0.00896551724137931,0.006068965517241379,0.015,226346,134286,268348.62385321106
261900,57278,0.00896551724137931,0.006482758620689655,0.006,232604,188106,261160.7142857143
284895,48260,0.00896551724137931,0.006482758620689655,0.009,228440,165109,261160.7142857143
302942,42386,0.00896551724137931,0.006482758620689655,0.012,225996,147062,261160.7142857143
317538,41704,0.00896551724137931,0.006482758620689655,0.015,223186,132468,261160.7142857143
265445,69464,0.00896551724137931,0.006896551724137931,0.006,226533,184555,254347.82608695654
287763,58310,0.00896551724137931,0.006896551724137931,0.009,223041,162240,254347.82608695654
305136,49526,0.00896551724137931,0.006896551724137931,0.012,221558,144868,254347.82608695654
319215,46089,0.00896551724137931,0.006896551724137931,0.015,219805,130790,254347.82608695654
268793,75497,0.00896551724137931,0.007310344827586207,0.006,222067,181209,247881.35593220333
290371,60891,0.00896551724137931,0.007310344827586207,0.009,219642,159629,247881.35593220333
307360,59908,0.00896551724137931,0.007310344827586207,0.012,216182,142646,247881.35593220333
321023,51875,0.00896551724137931,0.007310344827586207,0.015,215930,128986,247881.35593220333
272102,83488,0.00896551724137931,0.007724137931034483,0.006,217069,177901,241735.53719008263
292872,68154,0.00896551724137931,0.007724137931034483,0.009,215085,157133,241735.53719008263
309369,62003,0.00896551724137931,0.007724137931034483,0.012,213354,140640,241735.53719008263
322612,67413,0.00896551724137931,0.007724137931034483,0.015,209070,127391,241735.53719008263
275289,82928,0.00896551724137931,0.008137931034482758,0.006,214056,174715,235887.09677419355
295400,80053,0.00896551724137931,0.008137931034482758,0.009,209626,154603,235887.09677419355
311420,78759,0.00896551724137931,0.008137931034482758,0.012,206239,138583,235887.09677419355
324277,68481,0.00896551724137931,0.008137931034482758,0.015,206882,125728,235887.09677419355
278426,106976,0.00896551724137931,0.008551724137931035,0.006,206311,171579,230314.9606299213
297817,94953,0.00896551724137931,0.008551724137931035,0.009,203417,152184,230314.9606299213
313360,74229,0.00896551724137931,0.008551724137931035,0.012,205600,136645,230314.9606299213
325881,79613,0.00896551724137931,0.008551724137931035,0.015,201552,124122,230314.9606299213
281326,104228,0.00896551724137931,0.00896551724137931,0.006,203852,168677,225000.0
300229,111184,0.00896551724137931,0.00896551724137931,0.009,197000,149777,225000.0
315211,96349,0.00896551724137931,0.00896551724137931,0.012,197158,134789,225000.0
327534,93836,0.00896551724137931,0.00896551724137931,0.015,195351,122468,225000.0
284321,130672,0.00896551724137931,0.009379310344827585,0.006,195846,165680,219924.8120300752
302465,108717,0.00896551724137931,0.009379310344827585,0.009,195363,147544,219924.8120300752
316987,104471,0.00896551724137931,0.009379310344827585,0.012,192964,133015,219924.8120300752
329017,98587,0.00896551724137931,0.009379310344827585,0.015,192190,120991,219924.8120300752
286974,127041,0.00896551724137931,0.009793103448275862,0.006,194118,163029,215073.5294117647
304677,124035,0.00896551724137931,0.009793103448275862,0.009,189373,145330,215073.5294117647
318755,113597,0.00896551724137931,0.009793103448275862,0.012,188486,131249,215073.5294117647
330443,106333,0.00896551724137931,0.009793103448275862,0.015,188168,119562,215073.5294117647
289700,142528,0.00896551724137931,0.010206896551724139,0.006,188370,160308,210431.654676259
306792,130494,0.00896551724137931,0.010206896551724139,0.009,185782,143216,210431.654676259
320514,122490,0.00896551724137931,0.010206896551724139,0.012,184285,129490,210431.654676259
331892,117610,0.00896551724137931,0.010206896551724139,0.015,183161,118115,210431.654676259
292265,151066,0.00896551724137931,0.010620689655172414,0.006,184325,157737,205985.91549295778
308898,133728,0.00896551724137931,0.010620689655172414,0.009,182825,141103,205985.91549295778
322226,126116,0.00896551724137931,0.010620689655172414,0.012,181555,127777,205985.91549295778
333329,128997,0.00896551724137931,0.010620689655172414,0.015,178146,116671,205985.91549295778
294734,155068,0.00896551724137931,0.011034482758620689,0.006,181292,155272,201724.1379310345
310846,133801,0.00896551724137931,0.011034482758620689,0.009,180926,139162,201724.1379310345
323863,134097,0.00896551724137931,0.011034482758620689,0.012,177557,126139,201724.1379310345
334677,132366,0.00896551724137931,0.011034482758620689,0.015,175747,115328,201724.1379310345
297236,157667,0.00896551724137931,0.011448275862068966,0.006,178377,152773,197635.1351351351
312749,146143,0.00896551724137931,0.011448275862068966,0.009,176000,137255,197635.1351351351
325559,153037,0.00896551724137931,0.011448275862068966,0.012,170858,124450,197635.1351351351
336069,141815,0.00896551724137931,0.011448275862068966,0.015,171505,113931,197635.1351351351
299555,163897,0.00896551724137931,0.01186206896551724,0.006,175023,150450,193708.60927152316
314776,160106,0.00896551724137931,0.01186206896551724,0.009,170959,135226,193708.60927152316
327047,154165,0.00896551724137931,0.01186206896551724,0.012,168934,122958,193708.60927152316
337430,148886,0.00896551724137931,0.01186206896551724,0.015,168008,112578,193708.60927152316
301827,177099,0.00896551724137931,0.012275862068965518,0.006,170507,148177,189935.0649350649
316635,162954,0.00896551724137931,0.012275862068965518,0.009,168370,133371,189935.0649350649
328667,158007,0.00896551724137931,0.012275862068965518,0.012,166437,121335,189935.0649350649
338631,152423,0.00896551724137931,0.012275862068965518,0.015,165622,111375,189935.0649350649
304043,178077,0.00896551724137931,0.012689655172413793,0.006,168153,145962,186305.73248407643
318441,172397,0.00896551724137931,0.012689655172413793,0.009,164499,131562,186305.73248407643
330126,164794,0.00896551724137931,0.012689655172413793,0.012,163082,119874,186305.73248407643
339891,159515,0.00896551724137931,0.012689655172413793,0.015,162146,110114,186305.73248407643
306215,188538,0.00896551724137931,0.01310344827586207,0.006,164328,143792,182812.5
320087,176399,0.00896551724137931,0.01310344827586207,0.009,161934,129917,182812.5
331507,166887,0.00896551724137931,0.01310344827586207,0.012,161130,118500,182812.5
341209,166563,0.00896551724137931,0.01310344827586207,0.015,158853,108797,182812.5
308395,188184,0.00896551724137931,0.013517241379310345,0.006,162456,141608,179447.8527607362
321813,183945,0.00896551724137931,0.013517241379310345,0.009,158706,128195,179447.8527607362
332975,167458,0.00896551724137931,0.013517241379310345,0.012,159520,117033,179447.8527607362
342301,169249,0.00896551724137931,0.013517241379310345,0.015,156898,107706,179447.8527607362
310323,199345,0.00896551724137931,0.01393103448275862,0.006,158613,139681,176204.81927710844
323551,189492,0.00896551724137931,0.01393103448275862,0.009,155727,126455,176204.81927710844
334335,185251,0.00896551724137931,0.01393103448275862,0.012,153460,115670,176204.81927710844
343578,182201,0.00896551724137931,0.01393103448275862,0.015,151952,106431,176204.81927710844
312395,200140,0.00896551724137931,0.014344827586206896,0.006,156508,137607,173076.9230769231
325077,188683,0.00896551724137931,0.014344827586206896,0.009,154365,124927,173076.9230769231
335706,187199,0.00896551724137931,0.014344827586206896,0.012,151771,114302,173076.9230769231
344647,184078,0.00896551724137931,0.014344827586206896,0.015,150231,105358,173076.9230769231
314231,200951,0.00896551724137931,0.014758620689655172,0.006,154544,135777,170058.13953488372
326644,196189,0.00896551724137931,0.014758620689655172,0.009,151331,123360,170058.13953488372
337018,190673,0.00896551724137931,0.014758620689655172,0.012,149529,112987,170058.13953488372
345780,186514,0.00896551724137931,0.014758620689655172,0.015,148430,104222,170058.13953488372
316074,198788,0.00896551724137931,0.015172413793103448,0.006,153168,133931,167142.85714285713
328198,206395,0.00896551724137931,0.015172413793103448,0.009,147640,121807,167142.85714285713
338408,198615,0.00896551724137931,0.015172413793103448,0.012,146287,111597,167142.85714285713
346857,185137,0.00896551724137931,0.015172413793103448,0.015,147614,103150,167142.85714285713
317893,213945,0.00896551724137931,0.015586206896551724,0.006,149126,132112,164325.8426966292
329725,203830,0.00896551724137931,0.015586206896551724,0.009,146750,120283,164325.8426966292
339639,196799,0.00896551724137931,0.015586206896551724,0.012,145452,110361,164325.8426966292
347978,205771,0.00896551724137931,0.015586206896551724,0.015,140895,102031,164325.8426966292
319652,214645,0.00896551724137931,0.016,0.006,147285,130353,161602.20994475135
331198,214543,0.00896551724137931,0.016,0.009,142977,118802,161602.20994475135
340810,210406,0.00896551724137931,0.016,0.012,140841,109195,161602.20994475135
349009,200835,0.00896551724137931,0.016,0.015,141175,100998,161602.20994475135
232119,10810,0.009379310344827585,0.004,0.006,269952,217884,315463.91752577317
261347,12217,0.009379310344827585,0.004,0.009,259763,188658,315463.91752577317
283618,12334,0.009379310344827585,0.004,0.012,253096,166386,315463.91752577317
301215,14926,0.009379310344827585,0.004,0.015,247415,148790,315463.91752577317
236686,13144,0.009379310344827585,0.004413793103448276,0.006,265067,213317,305999.99999999994
264745,14816,0.009379310344827585,0.004413793103448276,0.009,255733,185259,305999.99999999994
286391,13513,0.009379310344827585,0.004413793103448276,0.012,250013,163615,305999.99999999994
303455,15939,0.009379310344827585,0.004413793103448276,0.015,244714,146547,305999.99999999994
241109,14971,0.009379310344827585,0.004827586206896552,0.006,260444,208896,297087.3786407767
268102,19605,0.009379310344827585,0.004827586206896552,0.009,251143,181903,297087.3786407767
288871,17958,0.009379310344827585,0.004827586206896552,0.012,245875,161133,297087.3786407767
305423,23229,0.009379310344827585,0.004827586206896552,0.015,239924,144581,297087.3786407767
245217,25926,0.009379310344827585,0.005241379310344827,0.006,253894,204786,288679.2452830188
271268,22162,0.009379310344827585,0.005241379310344827,0.009,247227,178734,288679.2452830188
291375,22235,0.009379310344827585,0.005241379310344827,0.012,241923,158628,288679.2452830188
307467,28464,0.009379310344827585,0.005241379310344827,0.015,236000,142536,288679.2452830188
249248,32329,0.009379310344827585,0.005655172413793104,0.006,248673,200753,280733.9449541284
274422,28987,0.009379310344827585,0.005655172413793104,0.009,242236,175582,280733.9449541284
293845,29969,0.009379310344827585,0.005655172413793104,0.012,236958,156157,280733.9449541284
309432,26675,0.009379310344827585,0.005655172413793104,0.015,234364,140573,280733.9449541284
253159,42281,0.009379310344827585,0.006068965517241379,0.006,242677,196845,273214.2857142857
277369,32988,0.009379310344827585,0.006068965517241379,0.009,238182,172637,273214.2857142857
296162,32091,0.009379310344827585,0.006068965517241379,0.012,233800,153843,273214.2857142857
311335,38135,0.009379310344827585,0.006068965517241379,0.015,228474,138667,273214.2857142857
256846,52620,0.009379310344827585,0.006482758620689655,0.006,236869,193155,266086.95652173914
280267,39765,0.009379310344827585,0.006482758620689655,0.009,233457,169739,266086.95652173914
298436,45660,0.009379310344827585,0.006482758620689655,0.012,227347,151566,266086.95652173914
313176,39382,0.009379310344827585,0.006482758620689655,0.015,226041,136830,266086.95652173914
260443,56690,0.009379310344827585,0.006896551724137931,0.006,232559,189562,259322.03389830506
283000,48786,0.009379310344827585,0.006896551724137931,0.009,228301,167005,259322.03389830506
300651,40043,0.009379310344827585,0.006896551724137931,0.012,226664,149352,259322.03389830506
314968,40595,0.009379310344827585,0.006896551724137931,0.015,223646,135036,259322.03389830506
263935,66940,0.009379310344827585,0.007310344827586207,0.006,227020,186065,252892.56198347104
285644,56067,0.009379310344827585,0.007310344827586207,0.009,223652,164361,252892.56198347104
302875,52785,0.009379310344827585,0.007310344827586207,0.012,220642,147133,252892.56198347104
316758,51430,0.009379310344827585,0.007310344827586207,0.015,218126,133247,252892.56198347104
267236,83460,0.009379310344827585,0.007724137931034483,0.006,220310,182769,246774.19354838703
288281,55014,0.009379310344827585,0.007724137931034483,0.009,221300,161725,246774.19354838703
305012,58612,0.009379310344827585,0.007724137931034483,0.012,216689,144994,246774.19354838703
318504,56097,0.009379310344827585,0.007724137931034483,0.015,214720,131504,246774.19354838703
270452,89798,0.009379310344827585,0.008137931034482758,0.006,216008,179549,240944.88188976378
290822,77718,0.009379310344827585,0.008137931034482758,0.009,212946,159186,240944.88188976378
306940,57922,0.009379310344827585,0.008137931034482758,0.012,214674,143066,240944.88188976378
320186,66824,0.009379310344827585,0.008137931034482758,0.015,209524,129821,240944.88188976378
273567,100540,0.009379310344827585,0.008551724137931035,0.006,210850,176435,235384.6153846154
293314,86546,0.009379310344827585,0.008551724137931035,0.009,208199,156688,235384.6153846154
308902,81615,0.009379310344827585,0.008551724137931035,0.012,205849,141101,235384.6153846154
321787,72408,0.009379310344827585,0.008551724137931035,0.015,205927,128216,235384.6153846154
276541,105789,0.009379310344827585,0.00896551724137931,0.006,206959,173462,230075.1879699248
295664,91376,0.009379310344827585,0.00896551724137931,0.009,204645,154342,230075.1879699248
310845,84982,0.009379310344827585,0.00896551724137931,0.012,202925,139156,230075.1879699248
323391,75240,0.009379310344827585,0.00896551724137931,0.015,203326,126611,230075.1879699248
279441,114331,0.009379310344827585,0.009379310344827585,0.006,202582,170563,225000.0
297939,106940,0.009379310344827585,0.009379310344827585,0.009,198537,152066,225000.0
312795,92187,0.009379310344827585,0.009379310344827585,0.012,198825,137214,225000.0
324909,88817,0.009379310344827585,0.009379310344827585,0.015,197359,125095,225000.0
282340,123489,0.009379310344827585,0.009793103448275862,0.006,198213,167666,220143.88489208632
300197,110950,0.009379310344827585,0.009793103448275862,0.009,195379,149809,220143.88489208632
314641,111112,0.009379310344827585,0.009793103448275862,0.012,191692,135362,220143.88489208632
326437,93115,0.009379310344827585,0.009793103448275862,0.015,194443,123568,220143.88489208632
284960,130909,0.009379310344827585,0.010206896551724139,0.006,194149,165043,215492.95774647887
302283,115368,0.009379310344827585,0.010206896551724139,0.009,192197,147721,215492.95774647887
316306,115424,0.009379310344827585,0.010206896551724139,0.012,188753,133701,215492.95774647887
327974,107365,0.009379310344827585,0.010206896551724139,0.015,188552,122031,215492.95774647887
287678,139060,0.009379310344827585,0.010620689655172414,0.006,190092,162328,211034.48275862067
304395,129043,0.009379310344827585,0.010620689655172414,0.009,186831,145609,211034.48275862067
318054,123760,0.009379310344827585,0.010620689655172414,0.012,184710,131951,211034.48275862067
329362,110567,0.009379310344827585,0.010620689655172414,0.015,185938,120645,211034.48275862067
290193,150438,0.009379310344827585,0.011034482758620689,0.006,185468,159814,206756.75675675675
306474,140372,0.009379310344827585,0.011034482758620689,0.009,182294,143526,206756.75675675675
319772,134609,0.009379310344827585,0.011034482758620689,0.012,180048,130228,206756.75675675675
330818,124040,0.009379310344827585,0.011034482758620689,0.015,180445,119182,206756.75675675675
292635,149968,0.009379310344827585,0.011448275862068966,0.006,183379,157370,202649.00662251652
308452,146400,0.009379310344827585,0.011448275862068966,0.009,178929,141555,202649.00662251652
321461,135801,0.009379310344827585,0.011448275862068966,0.012,178016,128547,202649.00662251652
332147,128984,0.009379310344827585,0.011448275862068966,0.015,177522,117858,202649.00662251652
294996,158093,0.009379310344827585,0.01186206896551724,0.006,179416,155009,198701.29870129869
310368,145069,0.009379310344827585,0.01186206896551724,0.009,177280,139636,198701.29870129869
322944,141614,0.009379310344827585,0.01186206896551724,0.012,174830,127061,198701.29870129869
333493,137878,0.009379310344827585,0.01186206896551724,0.015,173507,116512,198701.29870129869
297310,163801,0.009379310344827585,0.012275862068965518,0.006,176353,152694,194904.45859872608
312252,158734,0.009379310344827585,0.012275862068965518,0.009,172244,137752,194904.45859872608
324572,145099,0.009379310344827585,0.012275862068965518,0.012,172355,125428,194904.45859872608
334886,145150,0.009379310344827585,0.012275862068965518,0.015,169951,115123,194904.45859872608
299573,170719,0.009379310344827585,0.012689655172413793,0.006,173047,150432,191250.0
314108,160795,0.009379310344827585,0.012689655172413793,0.009,170141,135899,191250.0
326037,158527,0.009379310344827585,0.012689655172413793,0.012,167285,123968,191250.0
336126,151826,0.009379310344827585,0.012689655172413793,0.015,166722,113874,191250.0
301845,186488,0.009379310344827585,0.01310344827586207,0.006,167985,148161,187730.06134969322
315892,175649,0.009379310344827585,0.01310344827586207,0.009,164988,134113,187730.06134969322
327562,165107,0.009379310344827585,0.01310344827586207,0.012,164170,122443,187730.06134969322
337349,156127,0.009379310344827585,0.01310344827586207,0.015,164196,112656,187730.06134969322
303862,184159,0.009379310344827585,0.013517241379310345,0.006,166594,146139,184337.34939759035
317631,179513,0.009379310344827585,0.013517241379310345,0.009,162524,132374,184337.34939759035
329064,164250,0.009379310344827585,0.013517241379310345,0.012,162841,120936,184337.34939759035
338614,158898,0.009379310344827585,0.013517241379310345,0.015,162015,111386,184337.34939759035
305985,193048,0.009379310344827585,0.01393103448275862,0.006,163119,144023,181065.08875739644
319367,182761,0.009379310344827585,0.01393103448275862,0.009,160175,130642,181065.08875739644
330448,174555,0.009379310344827585,0.01393103448275862,0.012,158912,119559,181065.08875739644
339783,162127,0.009379310344827585,0.01393103448275862,0.015,159973,110222,181065.08875739644
307945,196989,0.009379310344827585,0.014344827586206896,0.006,160420,142059,177906.97674418602
320965,185084,0.009379310344827585,0.014344827586206896,0.009,158191,129040,177906.97674418602
331821,172115,0.009379310344827585,0.014344827586206896,0.012,158121,118180,177906.97674418602
340964,172471,0.009379310344827585,0.014344827586206896,0.015,155803,109041,177906.97674418602
309877,202114,0.009379310344827585,0.014758620689655172,0.006,157804,140126,174857.14285714284
322552,184793,0.009379310344827585,0.014758620689655172,0.009,156533,127454,174857.14285714284
333212,184954,0.009379310344827585,0.014758620689655172,0.012,153565,116788,174857.14285714284
342208,169589,0.009379310344827585,0.014758620689655172,0.015,155361,107796,174857.14285714284
311777,195648,0.009379310344827585,0.015172413793103448,0.006,157101,138224,171910.11235955052
324191,195678,0.009379310344827585,0.015172413793103448,0.009,152710,125818,171910.11235955052
334481,187448,0.009379310344827585,0.015172413793103448,0.012,151542,115524,171910.11235955052
343237,183582,0.009379310344827585,0.015172413793103448,0.015,150419,106768,171910.11235955052
313721,201942,0.009379310344827585,0.015586206896551724,0.006,154315,136286,169060.77348066296
325785,195470,0.009379310344827585,0.015586206896551724,0.009,151275,124220,169060.77348066296
335797,199562,0.009379310344827585,0.015586206896551724,0.012,147265,114211,169060.77348066296
344378,196106,0.009379310344827585,0.015586206896551724,0.015,145755,105631,169060.77348066296
315420,217357,0.009379310344827585,0.016,0.006,150097,134587,166304.34782608692
327155,201029,0.009379310344827585,0.016,0.009,148810,122850,166304.34782608692
337033,193624,0.009379310344827585,0.016,0.012,147569,112970,166304.34782608692
345423,201537,0.009379310344827585,0.016,0.015,143193,104584,166304.34782608692
227319,9213,0.009793103448275862,0.004,0.006,273224,222682,319500.0
256617,10386,0.009793103448275862,0.004,0.009,262755,193384,319500.0
279175,12313,0.009793103448275862,0.004,0.012,255313,170831,319500.0
296889,13045,0.009793103448275862,0.004,0.015,249979,153116,319500.0
231805,11047,0.009793103448275862,0.004413793103448276,0.006,268449,218197,310194.17475728155
260053,12172,0.009793103448275862,0.004413793103448276,0.009,258976,189948,310194.17475728155
281843,13800,0.009793103448275862,0.004413793103448276,0.012,252002,168163,310194.17475728155
299103,14064,0.009793103448275862,0.004413793103448276,0.015,247230,150897,310194.17475728155
236200,17510,0.009793103448275862,0.004827586206896552,0.006,262885,213803,301415.09433962265
263344,17625,0.009793103448275862,0.004827586206896552,0.009,254165,186659,301415.09433962265
284456,16124,0.009793103448275862,0.004827586206896552,0.012,248641,165544,301415.09433962265
301173,19346,0.009793103448275862,0.004827586206896552,0.015,243222,148832,301415.09433962265
240388,17157,0.009793103448275862,0.005241379310344827,0.006,258922,209615,293119.2660550459
266644,19635,0.009793103448275862,0.005241379310344827,0.009,250376,183356,293119.2660550459
286965,23494,0.009793103448275862,0.005241379310344827,0.012,243732,163035,293119.2660550459
303213,17937,0.009793103448275862,0.005241379310344827,0.015,241422,146791,293119.2660550459
244433,23392,0.009793103448275862,0.005655172413793104,0.006,253673,205570,285267.8571428571
269677,25737,0.009793103448275862,0.005655172413793104,0.009,245670,180324,285267.8571428571
289483,22107,0.009793103448275862,0.005655172413793104,0.012,241608,160520,285267.8571428571
305212,24898,0.009793103448275862,0.005655172413793104,0.015,236968,144790,285267.8571428571
248448,36975,0.009793103448275862,0.006068965517241379,0.006,247014,201555,277826.0869565217
272713,30582,0.009793103448275862,0.006068965517241379,0.009,241413,177292,277826.0869565217
291868,26066,0.009793103448275862,0.006068965517241379,0.012,237897,158134,277826.0869565217
307133,30277,0.009793103448275862,0.006068965517241379,0.015,233047,142870,277826.0869565217
252126,38373,0.009793103448275862,0.006482758620689655,0.006,243089,197876,270762.71186440677
275641,37347,0.009793103448275862,0.006482758620689655,0.009,236755,174359,270762.71186440677
294080,40401,0.009793103448275862,0.006482758620689655,0.012,231130,155924,270762.71186440677
309044,35135,0.009793103448275862,0.006482758620689655,0.015,229367,140961,270762.71186440677
255683,44480,0.009793103448275862,0.006896551724137931,0.006,238287,194320,264049.58677685953
278425,36862,0.009793103448275862,0.006896551724137931,0.009,234014,171582,264049.58677685953
296346,44604,0.009793103448275862,0.006896551724137931,0.012,227549,153657,264049.58677685953
310948,37193,0.009793103448275862,0.006896551724137931,0.015,226713,139060,264049.58677685953
259192,61310,0.009793103448275862,0.007310344827586207,0.006,231463,190809,257661.29032258064
281187,48257,0.009793103448275862,0.007310344827586207,0.009,228281,168813,257661.29032258064
298506,42841,0.009793103448275862,0.007310344827586207,0.012,225801,151498,257661.29032258064
312652,47986,0.009793103448275862,0.007310344827586207,0.015,221261,137351,257661.29032258064
262538,72943,0.009793103448275862,0.007724137931034483,0.006,225750,187466,251574.80314960628
283739,59843,0.009793103448275862,0.007724137931034483,0.009,222647,166264,251574.80314960628
300646,56768,0.009793103448275862,0.007724137931034483,0.012,219549,149355,251574.80314960628
314463,50458,0.009793103448275862,0.007724137931034483,0.015,218570,135545,251574.80314960628
265829,82532,0.009793103448275862,0.008137931034482758,0.006,220776,184176,245769.2307692308
286326,62415,0.009793103448275862,0.008137931034482758,0.009,219477,163679,245769.2307692308
302708,58667,0.009793103448275862,0.008137931034482758,0.012,216804,147297,245769.2307692308
316119,53635,0.009793103448275862,0.008137931034482758,0.015,215743,133885,245769.2307692308
268893,94982,0.009793103448275862,0.008551724137931035,0.006,215168,181110,240225.56390977444
288791,69324,0.009793103448275862,0.008551724137931035,0.009,215265,161214,240225.56390977444
304705,72764,0.009793103448275862,0.008551724137931035,0.012,210755,145296,240225.56390977444
317880,67643,0.009793103448275862,0.008551724137931035,0.015,209514,132123,240225.56390977444
271927,97226,0.009793103448275862,0.00896551724137931,0.006,212032,178077,234926.4705882353
291174,90865,0.009793103448275862,0.00896551724137931,0.009,207531,158831,234926.4705882353
306671,87007,0.009793103448275862,0.00896551724137931,0.012,204674,143334,234926.4705882353
319453,70690,0.009793103448275862,0.00896551724137931,0.015,206780,130547,234926.4705882353
274857,116524,0.009793103448275862,0.009379310344827585,0.006,205375,175145,229856.11510791368
293551,105831,0.009793103448275862,0.009379310344827585,0.009,201647,156449,229856.11510791368
308557,84803,0.009793103448275862,0.009379310344827585,0.012,203294,141444,229856.11510791368
320989,83035,0.009793103448275862,0.009379310344827585,0.015,201241,129016,229856.11510791368
277726,110804,0.009793103448275862,0.009793103448275862,0.006,203808,172276,225000.0
295795,103617,0.009793103448275862,0.009793103448275862,0.009,199967,154206,225000.0
310420,96378,0.009793103448275862,0.009793103448275862,0.012,198144,139584,225000.0
322533,89180,0.009793103448275862,0.009793103448275862,0.015,197762,127472,225000.0
280436,117221,0.009793103448275862,0.010206896551724139,0.006,199892,169569,220344.8275862069
297958,114513,0.009793103448275862,0.010206896551724139,0.009,195172,152045,220344.8275862069
312327,113373,0.009793103448275862,0.010206896551724139,0.012,191671,137676,220344.8275862069
324039,100551,0.009793103448275862,0.010206896551724139,0.015,192664,125966,220344.8275862069
283080,133638,0.009793103448275862,0.010620689655172414,0.006,194347,166923,215878.3783783784
300139,120099,0.009793103448275862,0.010620689655172414,0.009,191787,149869,215878.3783783784
313986,113957,0.009793103448275862,0.010620689655172414,0.012,189803,136017,215878.3783783784
325509,107452,0.009793103448275862,0.010620689655172414,0.015,189041,124496,215878.3783783784
285754,146870,0.009793103448275862,0.011034482758620689,0.006,189554,164252,211589.40397350994
302181,127227,0.009793103448275862,0.011034482758620689,0.009,188081,147824,211589.40397350994
315768,124841,0.009793103448275862,0.011034482758620689,0.012,185068,134241,211589.40397350994
326941,111712,0.009793103448275862,0.011034482758620689,0.015,186296,123066,211589.40397350994
288224,148306,0.009793103448275862,0.011448275862068966,0.006,186837,161782,207467.53246753247
304320,134883,0.009793103448275862,0.011448275862068966,0.009,184406,145683,207467.53246753247
317381,122235,0.009793103448275862,0.011448275862068966,0.012,184075,132626,207467.53246753247
328360,120560,0.009793103448275862,0.011448275862068966,0.015,182162,121647,207467.53246753247
290577,148542,0.009793103448275862,0.01186206896551724,0.006,184503,159428,203503.18471337578
306277,142732,0.009793103448275862,0.01186206896551724,0.009,180742,143729,203503.18471337578
319004,135307,0.009793103448275862,0.01186206896551724,0.012,179058,131000,203503.18471337578
329782,127093,0.009793103448275862,0.01186206896551724,0.015,178789,120227,203503.18471337578
292932,154700,0.009793103448275862,0.012275862068965518,0.006,181298,157072,199687.49999999997
308205,152126,0.009793103448275862,0.012275862068965518,0.009,176672,141798,199687.49999999997
320678,142551,0.009793103448275862,0.012275862068965518,0.012,175563,129324,199687.49999999997
331048,137040,0.009793103448275862,0.012275862068965518,0.015,174520,118959,199687.49999999997
295209,166334,0.009793103448275862,0.012689655172413793,0.006,176880,154796,196012.2699386503
309950,158254,0.009793103448275862,0.012689655172413793,0.009,173517,140052,196012.2699386503
322137,145248,0.009793103448275862,0.012689655172413793,0.012,173235,127870,196012.2699386503
332383,142359,0.009793103448275862,0.012689655172413793,0.015,171633,117622,196012.2699386503
297522,168038,0.009793103448275862,0.01310344827586207,0.006,174586,152484,192469.8795180723
311794,164799,0.009793103448275862,0.01310344827586207,0.009,170377,138210,192469.8795180723
323727,156510,0.009793103448275862,0.01310344827586207,0.012,168794,126281,192469.8795180723
333749,148179,0.009793103448275862,0.01310344827586207,0.015,168609,116253,192469.8795180723
299573,175808,0.009793103448275862,0.013517241379310345,0.006,171265,150433,189053.25443786982
313586,166220,0.009793103448275862,0.013517241379310345,0.009,168221,136416,189053.25443786982
325144,161261,0.009793103448275862,0.013517241379310345,0.012,166164,124858,189053.25443786982
334939,154685,0.009793103448275862,0.013517241379310345,0.015,165467,115069,189053.25443786982
301784,185097,0.009793103448275862,0.01393103448275862,0.006,167624,148222,185755.8139534884
315272,168069,0.009793103448275862,0.01393103448275862,0.009,166173,134732,185755.8139534884
326630,167481,0.009793103448275862,0.01393103448275862,0.012,163185,123378,185755.8139534884
336149,164827,0.009793103448275862,0.01393103448275862,0.015,161348,113854,185755.8139534884
303728,187602,0.009793103448275862,0.014344827586206896,0.006,165453,146278,182571.42857142858
316963,178602,0.009793103448275862,0.014344827586206896,0.009,162405,133042,182571.42857142858
327998,170281,0.009793103448275862,0.014344827586206896,0.012,161016,122009,182571.42857142858
337370,165873,0.009793103448275862,0.014344827586206896,0.015,159834,112633,182571.42857142858
305699,193926,0.009793103448275862,0.014758620689655172,0.006,162549,144306,179494.38202247192
318599,185526,0.009793103448275862,0.014758620689655172,0.009,159215,131404,179494.38202247192
329387,176553,0.009793103448275862,0.014758620689655172,0.012,158144,120618,179494.38202247192
338538,172228,0.009793103448275862,0.014758620689655172,0.015,156957,111470,179494.38202247192
307643,189317,0.009793103448275862,0.015172413793103448,0.006,161319,142364,176519.33701657457
320211,196696,0.009793103448275862,0.015172413793103448,0.009,155514,129796,176519.33701657457
330804,185283,0.009793103448275862,0.015172413793103448,0.012,154706,119205,176519.33701657457
339681,177622,0.009793103448275862,0.015172413793103448,0.015,154298,110326,176519.33701657457
309502,192438,0.009793103448275862,0.015586206896551724,0.006,159184,140503,173641.3043478261
321827,188788,0.009793103448275862,0.015586206896551724,0.009,155670,128181,173641.3043478261
332040,186204,0.009793103448275862,0.015586206896551724,0.012,153142,117964,173641.3043478261
340819,172022,0.009793103448275862,0.015586206896551724,0.015,154662,109186,173641.3043478261
311323,199305,0.009793103448275862,0.016,0.006,156382,138684,170855.614973262
323264,195090,0.009793103448275862,0.016,0.009,152831,126741,170855.614973262
333346,189366,0.009793103448275862,0.016,0.012,151041,116659,170855.614973262
341927,189120,0.009793103448275862,0.016,0.015,148886,108076,170855.614973262
222581,5836,0.010206896551724139,0.004,0.006,276807,227420,323300.9708737864
251984,10852,0.010206896551724139,0.004,0.009,265076,198019,323300.9708737864
274744,11804,0.010206896551724139,0.004,0.012,257488,175256,323300.9708737864
292672,13049,0.010206896551724139,0.004,0.015,251839,157331,323300.9708737864
227255,10474,0.010206896551724139,0.004413793103448276,0.006,271381,222749,314150.9433962264
255505,9186,0.010206896551724139,0.004413793103448276,0.009,262139,194500,314150.9433962264
277453,12419,0.010206896551724139,0.004413793103448276,0.012,254602,172553,314150.9433962264
294964,14766,0.010206896551724139,0.004413793103448276,0.015,248885,155037,314150.9433962264
231597,11072,0.010206896551724139,0.004827586206896552,0.006,267095,218404,305504.58715596335
258878,12296,0.010206896551724139,0.004827586206896552,0.009,258041,191122,305504.58715596335
280034,11958,0.010206896551724139,0.004827586206896552,0.012,252042,169970,305504.58715596335
297027,16679,0.010206896551724139,0.004827586206896552,0.015,245991,152978,305504.58715596335
235791,15394,0.010206896551724139,0.005241379310344827,0.006,262177,214208,297321.4285714286
262099,15804,0.010206896551724139,0.005241379310344827,0.009,253880,187905,297321.4285714286
282589,18985,0.010206896551724139,0.005241379310344827,0.012,247268,167415,297321.4285714286
299086,19805,0.010206896551724139,0.005241379310344827,0.015,242709,150918,297321.4285714286
239798,29499,0.010206896551724139,0.005655172413793104,0.006,255250,210204,289565.2173913043
265184,23120,0.010206896551724139,0.005655172413793104,0.009,248800,184820,289565.2173913043
285090,22587,0.010206896551724139,0.005655172413793104,0.012,243611,164910,289565.2173913043
301153,24278,0.010206896551724139,0.005655172413793104,0.015,239059,148847,289565.2173913043
243837,33720,0.010206896551724139,0.006068965517241379,0.006,250518,206165,282203.3898305085
268282,27652,0.010206896551724139,0.006068965517241379,0.009,244684,181718,282203.3898305085
287601,22899,0.010206896551724139,0.006068965517241379,0.012,240990,162403,282203.3898305085
303179,27110,0.010206896551724139,0.006068965517241379,0.015,235998,146824,282203.3898305085
247598,37434,0.010206896551724139,0.006482758620689655,0.006,246171,202405,275206.611570248
271195,31316,0.010206896551724139,0.006482758620689655,0.009,240738,178805,275206.611570248
289837,36269,0.010206896551724139,0.006482758620689655,0.012,234593,160167,275206.611570248
305105,31841,0.010206896551724139,0.006482758620689655,0.015,232403,144899,275206.611570248
251119,47473,0.010206896551724139,0.006896551724137931,0.006,240597,198880,268548.3870967742
273962,40587,0.010206896551724139,0.006896551724137931,0.009,235634,176040,268548.3870967742
292120,32972,0.010206896551724139,0.006896551724137931,0.012,233200,157885,268548.3870967742
306886,33650,0.010206896551724139,0.006896551724137931,0.015,229771,143117,268548.3870967742
254690,55215,0.010206896551724139,0.007310344827586207,0.006,235584,195310,262204.7244094488
276723,48627,0.010206896551724139,0.007310344827586207,0.009,230748,173278,262204.7244094488
294339,42506,0.010206896551724139,0.007310344827586207,0.012,228099,155667,262204.7244094488
308727,40386,0.010206896551724139,0.007310344827586207,0.015,225663,141281,262204.7244094488
258041,65475,0.010206896551724139,0.007724137931034483,0.006,230423,191963,256153.84615384613
279370,61227,0.010206896551724139,0.007724137931034483,0.009,224999,170633,256153.84615384613
296479,49800,0.010206896551724139,0.007724137931034483,0.012,223814,153522,256153.84615384613
310499,53017,0.010206896551724139,0.007724137931034483,0.015,219803,139501,256153.84615384613
261333,76140,0.010206896551724139,0.008137931034482758,0.006,225192,188673,250375.93984962406
281958,60710,0.010206896551724139,0.008137931034482758,0.009,222581,168043,250375.93984962406
298561,54414,0.010206896551724139,0.008137931034482758,0.012,220317,151444,250375.93984962406
312269,51780,0.010206896551724139,0.008137931034482758,0.015,218299,137739,250375.93984962406
264402,87270,0.010206896551724139,0.008551724137931035,0.006,219846,185600,244852.94117647057
284487,72088,0.010206896551724139,0.008551724137931035,0.009,217284,165515,244852.94117647057
300638,69915,0.010206896551724139,0.008551724137931035,0.012,213815,149363,244852.94117647057
313892,63752,0.010206896551724139,0.008551724137931035,0.015,212728,136113,244852.94117647057
267452,95191,0.010206896551724139,0.00896551724137931,0.006,215349,182551,239568.345323741
286920,78908,0.010206896551724139,0.00896551724137931,0.009,213140,163082,239568.345323741
302646,73089,0.010206896551724139,0.00896551724137931,0.012,210878,147354,239568.345323741
315623,65831,0.010206896551724139,0.00896551724137931,0.015,210270,134383,239568.345323741
270437,101552,0.010206896551724139,0.009379310344827585,0.006,211429,179564,234507.04225352113
289255,91456,0.010206896551724139,0.009379310344827585,0.009,207857,160748,234507.04225352113
304522,86617,0.010206896551724139,0.009379310344827585,0.012,205170,145482,234507.04225352113
317170,74204,0.010206896551724139,0.009379310344827585,0.015,205978,132839,234507.04225352113
273296,100649,0.010206896551724139,0.009793103448275862,0.006,208931,176706,229655.1724137931
291565,104801,0.010206896551724139,0.009793103448275862,0.009,202424,158440,229655.1724137931
306499,86694,0.010206896551724139,0.009793103448275862,0.012,203163,143507,229655.1724137931
318715,79730,0.010206896551724139,0.009793103448275862,0.015,202654,131289,229655.1724137931
276032,121606,0.010206896551724139,0.010206896551724139,0.006,202251,173972,225000.0
293824,107948,0.010206896551724139,0.010206896551724139,0.009,199579,156178,225000.0
308239,100323,0.010206896551724139,0.010206896551724139,0.012,197587,141764,225000.0
320347,98240,0.010206896551724139,0.010206896551724139,0.015,195454,129659,225000.0
278719,134084,0.010206896551724139,0.010620689655172414,0.006,197474,171285,220529.80132450332
295956,112500,0.010206896551724139,0.010620689655172414,0.009,196387,154049,220529.80132450332
310027,103008,0.010206896551724139,0.010620689655172414,0.012,195048,139975,220529.80132450332
321752,104982,0.010206896551724139,0.010620689655172414,0.015,191913,128253,220529.80132450332
281429,133633,0.010206896551724139,0.011034482758620689,0.006,195070,168576,216233.76623376628
298152,123690,0.010206896551724139,0.011034482758620689,0.009,191644,151850,216233.76623376628
311766,113019,0.010206896551724139,0.011034482758620689,0.012,190679,138241,216233.76623376628
323214,110011,0.010206896551724139,0.011034482758620689,0.015,188818,126791,216233.76623376628
283841,138638,0.010206896551724139,0.011448275862068966,0.006,191916,166163,212101.91082802543
300180,127657,0.010206896551724139,0.011448275862068966,0.009,188829,149820,212101.91082802543
313467,118227,0.010206896551724139,0.011448275862068966,0.012,187500,136540,212101.91082802543
324676,113436,0.010206896551724139,0.011448275862068966,0.015,186332,125332,212101.91082802543
286403,135931,0.010206896551724139,0.01186206896551724,0.006,190102,163600,208124.99999999997
302165,136767,0.010206896551724139,0.01186206896551724,0.009,184853,147835,208124.99999999997
315134,128326,0.010206896551724139,0.01186206896551724,0.012,183187,134872,208124.99999999997
326125,123975,0.010206896551724139,0.01186206896551724,0.015,181825,123876,208124.99999999997
288733,140837,0.010206896551724139,0.012275862068965518,0.006,186800,161267,204294.47852760734
304037,145486,0.010206896551724139,0.012275862068965518,0.009,181017,145964,204294.47852760734
316783,132165,0.010206896551724139,0.012275862068965518,0.012,180644,133225,204294.47852760734
327417,126838,0.010206896551724139,0.012275862068965518,0.015,179611,122587,204294.47852760734
290976,156201,0.010206896551724139,0.012689655172413793,0.006,181933,159029,200602.40963855427
305949,151761,0.010206896551724139,0.012689655172413793,0.009,177820,144056,200602.40963855427
318322,140368,0.010206896551724139,0.012689655172413793,0.012,176926,131680,200602.40963855427
328840,136307,0.010206896551724139,0.012689655172413793,0.015,175515,121166,200602.40963855427
293252,159531,0.010206896551724139,0.01310344827586207,0.006,179343,156755,197041.42011834317
307773,149982,0.010206896551724139,0.01310344827586207,0.009,176308,142229,197041.42011834317
319869,140421,0.010206896551724139,0.01310344827586207,0.012,175404,130135,197041.42011834317
330039,141060,0.010206896551724139,0.01310344827586207,0.015,172832,119967,197041.42011834317
295407,160792,0.010206896551724139,0.013517241379310345,0.006,177038,154594,193604.65116279072
309648,158252,0.010206896551724139,0.013517241379310345,0.009,172722,140359,193604.65116279072
321388,151281,0.010206896551724139,0.013517241379310345,0.012,171033,128615,193604.65116279072
331350,145669,0.010206896551724139,0.013517241379310345,0.015,170175,118653,193604.65116279072
297640,175076,0.010206896551724139,0.01393103448275862,0.006,172559,152365,190285.7142857143
311392,163638,0.010206896551724139,0.01393103448275862,0.009,169987,138608,190285.7142857143
322873,160610,0.010206896551724139,0.01393103448275862,0.012,167356,127130,190285.7142857143
332599,156099,0.010206896551724139,0.01393103448275862,0.015,165970,117406,190285.7142857143
299663,183834,0.010206896551724139,0.014344827586206896,0.006,169302,150345,187078.65168539324
313104,162669,0.010206896551724139,0.014344827586206896,0.009,168480,136896,187078.65168539324
324295,162689,0.010206896551724139,0.014344827586206896,0.012,165414,125709,187078.65168539324
333858,159141,0.010206896551724139,0.014344827586206896,0.015,163933,116149,187078.65168539324
301682,177301,0.010206896551724139,0.014758620689655172,0.006,168451,148326,183977.9005524862
314730,178820,0.010206896551724139,0.014758620689655172,0.009,163419,135273,183977.9005524862
325684,173877,0.010206896551724139,0.014758620689655172,0.012,161286,124319,183977.9005524862
335010,170485,0.010206896551724139,0.014758620689655172,0.015,159600,114992,183977.9005524862
303665,191826,0.010206896551724139,0.015172413793103448,0.006,164199,146337,180978.2608695652
316349,180588,0.010206896551724139,0.015172413793103448,0.009,161545,133655,180978.2608695652
327156,179334,0.010206896551724139,0.015172413793103448,0.012,158496,122846,180978.2608695652
336270,180591,0.010206896551724139,0.015172413793103448,0.015,155669,113737,180978.2608695652
305460,187420,0.010206896551724139,0.015586206896551724,0.006,163075,144544,178074.86631016043
318030,176267,0.010206896551724139,0.015586206896551724,0.009,160885,131976,178074.86631016043
328423,182273,0.010206896551724139,0.015586206896551724,0.012,156533,121582,178074.86631016043
337341,170223,0.010206896551724139,0.015586206896551724,0.015,157268,112665,178074.86631016043
307324,192402,0.010206896551724139,0.016,0.006,160635,142682,175263.15789473683
319502,188651,0.010206896551724139,0.016,0.009,156867,130501,175263.15789473683
329824,182103,0.010206896551724139,0.016,0.012,155206,120182,175263.15789473683
338529,186169,0.010206896551724139,0.016,0.015,151837,111480,175263.15789473683
218117,6913,0.010620689655172414,0.004,0.006,279260,231883,326886.7924528302
247576,8115,0.010620689655172414,0.004,0.009,268157,202425,326886.7924528302
270475,9739,0.010620689655172414,0.004,0.012,260227,179525,326886.7924528302
288613,11033,0.010620689655172414,0.004,0.015,254332,161389,326886.7924528302
222748,5246,0.010620689655172414,0.004413793103448276,0.006,275333,227252,317889.90825688076
251167,9543,0.010620689655172414,0.004413793103448276,0.009,264423,198833,317889.90825688076
273160,14688,0.010620689655172414,0.004413793103448276,0.012,256004,176843,317889.90825688076
290867,12161,0.010620689655172414,0.004413793103448276,0.015,251655,159140,317889.90825688076
227109,11515,0.010620689655172414,0.004827586206896552,0.006,269786,222893,309375.0
254432,11225,0.010620689655172414,0.004827586206896552,0.009,260769,195571,309375.0
275809,14230,0.010620689655172414,0.004827586206896552,0.012,253449,174194,309375.0
292970,15701,0.010620689655172414,0.004827586206896552,0.015,248181,157034,309375.0
231392,16479,0.010620689655172414,0.005241379310344827,0.006,264645,218611,301304.347826087
257704,15554,0.010620689655172414,0.005241379310344827,0.009,256364,192297,301304.347826087
278470,14889,0.010620689655172414,0.005241379310344827,0.012,250577,171536,301304.347826087
295076,16611,0.010620689655172414,0.005241379310344827,0.015,245591,154927,301304.347826087
235416,19936,0.010620689655172414,0.005655172413793104,0.006,260089,214586,293644.0677966102
260943,17507,0.010620689655172414,0.005655172413793104,0.009,252737,189058,293644.0677966102
280978,20623,0.010620689655172414,0.005655172413793104,0.012,246263,169022,293644.0677966102
297121,22698,0.010620689655172414,0.005655172413793104,0.015,241419,152884,293644.0677966102
239322,21892,0.010620689655172414,0.006068965517241379,0.006,255946,210679,286363.63636363635
263891,21991,0.010620689655172414,0.006068965517241379,0.009,248564,186110,286363.63636363635
283363,26057,0.010620689655172414,0.006068965517241379,0.012,242158,166639,286363.63636363635
299117,24287,0.010620689655172414,0.006068965517241379,0.015,238806,150887,286363.63636363635
243161,36381,0.010620689655172414,0.006482758620689655,0.006,249269,206840,279435.48387096776
266943,34076,0.010620689655172414,0.006482758620689655,0.009,242579,183060,279435.48387096776
285713,30035,0.010620689655172414,0.006482758620689655,0.012,238542,164288,279435.48387096776
301067,26169,0.010620689655172414,0.006482758620689655,0.015,236068,148938,279435.48387096776
246705,29865,0.010620689655172414,0.006896551724137931,0.006,247190,203298,272834.6456692914
269698,35439,0.010620689655172414,0.006896551724137931,0.009,239408,180306,272834.6456692914
288016,33454,0.010620689655172414,0.006896551724137931,0.012,235232,161989,272834.6456692914
302966,34442,0.010620689655172414,0.006896551724137931,0.015,231447,147041,272834.6456692914
250211,50161,0.010620689655172414,0.007310344827586207,0.006,239576,199792,266538.4615384615
272468,39091,0.010620689655172414,0.007310344827586207,0.009,235682,177536,266538.4615384615
290343,42799,0.010620689655172414,0.007310344827586207,0.012,230230,159662,266538.4615384615
304878,37364,0.010620689655172414,0.007310344827586207,0.015,228502,145122,266538.4615384615
253651,61744,0.010620689655172414,0.007724137931034483,0.006,234048,196350,260526.31578947365
275155,44067,0.010620689655172414,0.007724137931034483,0.009,231827,174848,260526.31578947365
292483,46431,0.010620689655172414,0.007724137931034483,0.012,226947,157520,260526.31578947365
306703,40024,0.010620689655172414,0.007724137931034483,0.015,225739,143303,260526.31578947365
256977,64073,0.010620689655172414,0.008137931034482758,0.006,230443,193023,254779.4117647059
277859,61590,0.010620689655172414,0.008137931034482758,0.009,224904,172143,254779.4117647059
294637,47961,0.010620689655172414,0.008137931034482758,0.012,224296,155363,254779.4117647059
308423,46950,0.010620689655172414,0.008137931034482758,0.015,221694,141585,254779.4117647059
260150,77411,0.010620689655172414,0.008551724137931035,0.006,224760,189851,249280.57553956835
280285,71236,0.010620689655172414,0.008551724137931035,0.009,220079,169719,249280.57553956835
296631,56778,0.010620689655172414,0.008551724137931035,0.012,219687,153374,249280.57553956835
310105,58187,0.010620689655172414,0.008551724137931035,0.015,216423,139897,249280.57553956835
263167,76458,0.010620689655172414,0.00896551724137931,0.006,222186,186834,244014.08450704222
282749,75193,0.010620689655172414,0.00896551724137931,0.009,216702,167256,244014.08450704222
298641,68329,0.010620689655172414,0.00896551724137931,0.012,214431,151361,244014.08450704222
311760,62927,0.010620689655172414,0.00896551724137931,0.015,213172,138244,244014.08450704222
266145,92237,0.010620689655172414,0.009379310344827585,0.006,216199,183856,238965.51724137933
285121,81370,0.010620689655172414,0.009379310344827585,0.009,212883,164881,238965.51724137933
300592,76374,0.010620689655172414,0.009379310344827585,0.012,210208,149413,238965.51724137933
313404,68151,0.010620689655172414,0.009379310344827585,0.015,209833,136600,238965.51724137933
269047,97683,0.010620689655172414,0.009793103448275862,0.006,212541,180958,234121.6216216216
287505,91702,0.010620689655172414,0.009793103448275862,0.009,208159,162501,234121.6216216216
302529,85239,0.010620689655172414,0.009793103448275862,0.012,205924,147471,234121.6216216216
314981,69887,0.010620689655172414,0.009793103448275862,0.015,207568,135020,234121.6216216216
271777,109866,0.010620689655172414,0.010206896551724139,0.006,207636,178227,229470.1986754967
289776,95843,0.010620689655172414,0.010206896551724139,0.009,205030,160224,229470.1986754967
304418,94295,0.010620689655172414,0.010206896551724139,0.012,201604,145589,229470.1986754967
316643,81710,0.010620689655172414,0.010206896551724139,0.015,202385,133363,229470.1986754967
274519,119775,0.010620689655172414,0.010620689655172414,0.006,203226,175486,225000.0
291967,100881,0.010620689655172414,0.010620689655172414,0.009,201708,158033,225000.0
306167,97524,0.010620689655172414,0.010620689655172414,0.012,198912,143838,225000.0
318055,87673,0.010620689655172414,0.010620689655172414,0.015,199082,131950,225000.0
277203,132673,0.010620689655172414,0.011034482758620689,0.006,198420,172798,220700.63694267513
294108,111798,0.010620689655172414,0.011034482758620689,0.009,197076,155898,220700.63694267513
307971,101288,0.010620689655172414,0.011034482758620689,0.012,196145,142037,220700.63694267513
319568,100626,0.010620689655172414,0.011034482758620689,0.015,193688,130436,220700.63694267513
279667,138296,0.010620689655172414,0.011448275862068966,0.006,194972,170336,216562.49999999997
296211,127686,0.010620689655172414,0.011448275862068966,0.009,191520,153792,216562.49999999997
309747,110547,0.010620689655172414,0.011448275862068966,0.012,191894,140259,216562.49999999997
321024,109141,0.010620689655172414,0.011448275862068966,0.015,189646,128981,216562.49999999997
282135,142333,0.010620689655172414,0.01186206896551724,0.006,192043,167869,212576.6871165644
298186,122148,0.010620689655172414,0.01186206896551724,0.009,190758,151814,212576.6871165644
311396,126336,0.010620689655172414,0.01186206896551724,0.012,186141,138604,212576.6871165644
322494,116261,0.010620689655172414,0.01186206896551724,0.015,186185,127506,212576.6871165644
284541,148134,0.010620689655172414,0.012275862068965518,0.006,188807,165464,208734.9397590361
300102,142507,0.010620689655172414,0.012275862068965518,0.009,184266,149903,208734.9397590361
312983,127912,0.010620689655172414,0.012275862068965518,0.012,184123,137024,208734.9397590361
323833,124576,0.010620689655172414,0.012275862068965518,0.015,182402,126174,208734.9397590361
286978,158790,0.010620689655172414,0.012689655172413793,0.006,184559,163027,205029.58579881655
302105,149641,0.010620689655172414,0.012689655172413793,0.009,180883,147901,205029.58579881655
314692,127311,0.010620689655172414,0.012689655172413793,0.012,182546,135313,205029.58579881655
325234,130989,0.010620689655172414,0.012689655172413793,0.015,179099,124766,205029.58579881655
289145,160909,0.010620689655172414,0.01310344827586207,0.006,182189,160859,201453.488372093
303891,149217,0.010620689655172414,0.01310344827586207,0.009,179222,146112,201453.488372093
316157,144645,0.010620689655172414,0.01310344827586207,0.012,176622,133850,201453.488372093
326540,130026,0.010620689655172414,0.01310344827586207,0.015,178011,123465,201453.488372093
291445,166943,0.010620689655172414,0.013517241379310345,0.006,179115,158556,198000.0
305809,157636,0.010620689655172414,0.013517241379310345,0.009,175661,144195,198000.0
317788,147638,0.010620689655172414,0.013517241379310345,0.012,174342,132215,198000.0
327842,138015,0.010620689655172414,0.013517241379310345,0.015,174465,122163,198000.0
293562,177661,0.010620689655172414,0.01393103448275862,0.006,175303,156445,194662.92134831462
307496,160962,0.010620689655172414,0.01393103448275862,0.009,173273,142507,194662.92134831462
319198,154251,0.010620689655172414,0.01393103448275862,0.012,171234,130806,194662.92134831462
329178,151479,0.010620689655172414,0.01393103448275862,0.015,169368,120831,194662.92134831462
295623,168151,0.010620689655172414,0.014344827586206896,0.006,174927,154384,191436.46408839777
309229,170736,0.010620689655172414,0.014344827586206896,0.009,169481,140775,191436.46408839777
320652,160877,0.010620689655172414,0.014344827586206896,0.012,168224,129355,191436.46408839777
330432,152190,0.010620689655172414,0.014344827586206896,0.015,167990,119569,191436.46408839777
297710,177380,0.010620689655172414,0.014758620689655172,0.006,171544,152296,188315.21739130435
310942,170348,0.010620689655172414,0.014758620689655172,0.009,167981,139063,188315.21739130435
322095,163851,0.010620689655172414,0.014758620689655172,0.012,166005,127910,188315.21739130435
331593,160570,0.010620689655172414,0.014758620689655172,0.015,164343,118412,188315.21739130435
299713,185121,0.010620689655172414,0.015172413793103448,0.006,168412,150289,185294.1176470588
312640,177616,0.010620689655172414,0.015172413793103448,0.009,164831,137360,185294.1176470588
323561,176060,0.010620689655172414,0.015172413793103448,0.012,161804,126439,185294.1176470588
332809,164299,0.010620689655172414,0.015172413793103448,0.015,162156,117197,185294.1176470588
301544,191947,0.010620689655172414,0.015586206896551724,0.006,165450,148460,182368.42105263157
314238,178732,0.010620689655172414,0.015586206896551724,0.009,163056,135770,182368.42105263157
324902,172796,0.010620689655172414,0.015586206896551724,0.012,161152,125107,182368.42105263157
334028,169945,0.010620689655172414,0.015586206896551724,0.015,159521,115981,182368.42105263157
303442,198325,0.010620689655172414,0.016,0.006,162599,146563,179533.67875647664
315847,183766,0.010620689655172414,0.016,0.009,160588,134162,179533.67875647664
326247,179443,0.010620689655172414,0.016,0.012,158352,123753,179533.67875647664
335106,177114,0.010620689655172414,0.016,0.015,156461,114898,179533.67875647664
213915,6625,0.011034482758620689,0.004,0.006,281940,236089,330275.2293577981
243331,5966,0.011034482758620689,0.004,0.009,271054,206668,330275.2293577981
266348,8068,0.011034482758620689,0.004,0.012,262788,183658,330275.2293577981
284628,10090,0.011034482758620689,0.004,0.015,256458,165377,330275.2293577981
218456,7868,0.011034482758620689,0.004413793103448276,0.006,277396,231544,321428.5714285714
246864,9069,0.011034482758620689,0.004413793103448276,0.009,266826,203138,321428.5714285714
269070,12548,0.011034482758620689,0.004413793103448276,0.012,258649,180935,321428.5714285714
286857,13437,0.011034482758620689,0.004413793103448276,0.015,252986,163147,321428.5714285714
222878,6999,0.011034482758620689,0.004827586206896552,0.006,273401,227122,313043.47826086957
250252,9459,0.011034482758620689,0.004827586206896552,0.009,263453,199753,313043.47826086957
271716,12198,0.011034482758620689,0.004827586206896552,0.012,256012,178289,313043.47826086957
289054,16455,0.011034482758620689,0.004827586206896552,0.015,249717,160947,313043.47826086957
226984,13516,0.011034482758620689,0.005241379310344827,0.006,268026,223017,305084.74576271186
253508,12895,0.011034482758620689,0.005241379310344827,0.009,259435,196496,305084.74576271186
274424,15994,0.011034482758620689,0.005241379310344827,0.012,252302,175579,305084.74576271186
291201,18805,0.011034482758620689,0.005241379310344827,0.015,246693,158801,305084.74576271186
231090,17001,0.011034482758620689,0.005655172413793104,0.006,263406,218914,297520.66115702473
256656,17037,0.011034482758620689,0.005655172413793104,0.009,255270,193348,297520.66115702473
276892,15303,0.011034482758620689,0.005655172413793104,0.012,249947,173109,297520.66115702473
293249,21041,0.011034482758620689,0.005655172413793104,0.015,243806,156752,297520.66115702473
234995,31243,0.011034482758620689,0.006068965517241379,0.006,256734,215004,290322.58064516133
259765,18651,0.011034482758620689,0.006068965517241379,0.009,251725,190241,290322.58064516133
279311,22411,0.011034482758620689,0.006068965517241379,0.012,245313,170692,290322.58064516133
295255,17885,0.011034482758620689,0.006068965517241379,0.015,242677,154749,290322.58064516133
238871,28891,0.011034482758620689,0.006482758620689655,0.006,253533,211134,283464.56692913384
262690,25932,0.011034482758620689,0.006482758620689655,0.009,247055,187315,283464.56692913384
281793,29137,0.011034482758620689,0.006482758620689655,0.012,240956,168213,283464.56692913384
297308,25158,0.011034482758620689,0.006482758620689655,0.015,238246,152698,283464.56692913384
242507,38229,0.011034482758620689,0.006896551724137931,0.006,248239,207493,276923.07692307694
265652,34326,0.011034482758620689,0.006896551724137931,0.009,242107,184351,276923.07692307694
284060,29926,0.011034482758620689,0.006896551724137931,0.012,238334,165941,276923.07692307694
299161,29946,0.011034482758620689,0.006896551724137931,0.015,234684,150843,276923.07692307694
245938,38945,0.011034482758620689,0.007310344827586207,0.006,244790,204064,270676.6917293233
268363,43874,0.011034482758620689,0.007310344827586207,0.009,236984,181638,270676.6917293233
286298,33202,0.011034482758620689,0.007310344827586207,0.012,235125,163705,270676.6917293233
301040,32244,0.011034482758620689,0.007310344827586207,0.015,231978,148962,270676.6917293233
249376,58605,0.011034482758620689,0.007724137931034483,0.006,237632,200628,264705.88235294115
271108,44398,0.011034482758620689,0.007724137931034483,0.009,234101,178898,264705.88235294115
288501,41424,0.011034482758620689,0.007724137931034483,0.012,230521,161504,264705.88235294115
302854,40867,0.011034482758620689,0.007724137931034483,0.015,227357,147147,264705.88235294115
252651,59442,0.011034482758620689,0.008137931034482758,0.006,234194,197352,258992.80575539565
273666,54159,0.011034482758620689,0.008137931034482758,0.009,229237,176337,258992.80575539565
290657,49694,0.011034482758620689,0.008137931034482758,0.012,225954,159346,258992.80575539565
304677,46280,0.011034482758620689,0.008137931034482758,0.015,223790,145323,258992.80575539565
255883,65368,0.011034482758620689,0.008551724137931035,0.006,230029,194118,253521.12676056338
276279,67263,0.011034482758620689,0.008551724137931035,0.009,223528,173727,253521.12676056338
292821,50695,0.011034482758620689,0.008551724137931035,0.012,223568,157185,253521.12676056338
306373,54550,0.011034482758620689,0.008551724137931035,0.015,219490,143630,253521.12676056338
258994,81070,0.011034482758620689,0.00896551724137931,0.006,224147,191011,248275.86206896548
278801,64729,0.011034482758620689,0.00896551724137931,0.009,221629,171205,248275.86206896548
294727,63867,0.011034482758620689,0.00896551724137931,0.012,217911,155277,248275.86206896548
308079,54240,0.011034482758620689,0.00896551724137931,0.015,217727,141926,248275.86206896548
261991,89750,0.011034482758620689,0.009379310344827585,0.006,219721,188009,243243.24324324323
281121,77109,0.011034482758620689,0.009379310344827585,0.009,216353,168883,243243.24324324323
296746,70084,0.011034482758620689,0.009379310344827585,0.012,214174,153259,243243.24324324323
309741,56822,0.011034482758620689,0.009379310344827585,0.015,215146,140264,243243.24324324323
264941,86146,0.011034482758620689,0.009793103448275862,0.006,217599,185064,238410.59602649004
283456,81112,0.011034482758620689,0.009793103448275862,0.009,213164,166547,238410.59602649004
298706,86232,0.011034482758620689,0.009793103448275862,0.012,207835,151297,238410.59602649004
311407,73908,0.011034482758620689,0.009793103448275862,0.015,208398,138602,238410.59602649004
267664,103890,0.011034482758620689,0.010206896551724139,0.006,211590,182337,233766.23376623378
285784,89345,0.011034482758620689,0.010206896551724139,0.009,209110,164217,233766.23376623378
300622,91770,0.011034482758620689,0.010206896551724139,0.012,204528,149386,233766.23376623378
312938,80200,0.011034482758620689,0.010206896551724139,0.015,204836,137066,233766.23376623378
270408,109902,0.011034482758620689,0.010620689655172414,0.006,208078,179597,229299.3630573248
288012,102433,0.011034482758620689,0.010620689655172414,0.009,203825,161988,229299.3630573248
302501,94692,0.011034482758620689,0.010620689655172414,0.012,201897,147504,229299.3630573248
314573,84808,0.011034482758620689,0.010620689655172414,0.015,201821,135433,229299.3630573248
273112,128627,0.011034482758620689,0.011034482758620689,0.006,202265,176889,225000.0
290200,106425,0.011034482758620689,0.011034482758620689,0.009,200822,159800,225000.0
304287,101383,0.011034482758620689,0.011034482758620689,0.012,198327,145716,225000.0
316002,90917,0.011034482758620689,0.011034482758620689,0.015,198493,134000,225000.0
275604,125254,0.011034482758620689,0.011448275862068966,0.006,200311,174398,220858.89570552146
292247,115691,0.011034482758620689,0.011448275862068966,0.009,196680,157760,220858.89570552146
305947,108320,0.011034482758620689,0.011448275862068966,0.012,194751,144055,220858.89570552146
317482,105485,0.011034482758620689,0.011448275862068966,0.015,192790,132523,220858.89570552146
278103,132662,0.011034482758620689,0.01186206896551724,0.006,196721,171902,216867.46987951803
294363,121979,0.011034482758620689,0.01186206896551724,0.009,193392,155640,216867.46987951803
307752,112817,0.011034482758620689,0.01186206896551724,0.012,191812,142251,216867.46987951803
319014,104456,0.011034482758620689,0.01186206896551724,0.015,191572,130989,216867.46987951803
280624,129729,0.011034482758620689,0.012275862068965518,0.006,194986,169379,213017.7514792899
296249,131546,0.011034482758620689,0.012275862068965518,0.009,189341,153756,213017.7514792899
309372,123988,0.011034482758620689,0.012275862068965518,0.012,187427,140637,213017.7514792899
320319,110358,0.011034482758620689,0.012275862068965518,0.015,188411,129685,213017.7514792899
282881,148594,0.011034482758620689,0.012689655172413793,0.006,189513,167123,209302.32558139536
298272,132460,0.011034482758620689,0.012689655172413793,0.009,187293,151734,209302.32558139536
310950,124165,0.011034482758620689,0.012689655172413793,0.012,185729,139054,209302.32558139536
321745,128242,0.011034482758620689,0.012689655172413793,0.015,182009,128255,209302.32558139536
285270,156162,0.011034482758620689,0.01310344827586207,0.006,185941,164736,205714.2857142857
300117,145581,0.011034482758620689,0.01310344827586207,0.009,182646,149885,205714.2857142857
312636,130598,0.011034482758620689,0.01310344827586207,0.012,182454,137367,205714.2857142857
323084,128728,0.011034482758620689,0.01310344827586207,0.015,180413,126923,205714.2857142857
287413,157184,0.011034482758620689,0.013517241379310345,0.006,183754,162592,202247.19101123593
301993,150016,0.011034482758620689,0.013517241379310345,0.009,179986,148015,202247.19101123593
314105,140979,0.011034482758620689,0.013517241379310345,0.012,178393,135900,202247.19101123593
324411,136340,0.011034482758620689,0.013517241379310345,0.015,177010,125594,202247.19101123593
289581,170573,0.011034482758620689,0.01393103448275862,0.006,179446,160422,198895.0276243094
303774,155247,0.011034482758620689,0.01393103448275862,0.009,177056,146233,198895.0276243094
315639,149711,0.011034482758620689,0.01393103448275862,0.012,174723,134364,198895.0276243094
325793,140857,0.011034482758620689,0.01393103448275862,0.015,174414,124213,198895.0276243094
291695,169312,0.011034482758620689,0.014344827586206896,0.006,177665,158308,195652.17391304343
305580,171834,0.011034482758620689,0.014344827586206896,0.009,172024,144428,195652.17391304343
317138,150496,0.011034482758620689,0.014344827586206896,0.012,173058,132862,195652.17391304343
326988,141917,0.011034482758620689,0.014344827586206896,0.015,172818,123018,195652.17391304343
293777,174151,0.011034482758620689,0.014758620689655172,0.006,175072,156229,192513.36898395722
307229,170533,0.011034482758620689,0.014758620689655172,0.009,170656,142775,192513.36898395722
318621,155496,0.011034482758620689,0.014758620689655172,0.012,170504,131387,192513.36898395722
328301,157764,0.011034482758620689,0.014758620689655172,0.015,167271,121708,192513.36898395722
295800,174148,0.011034482758620689,0.015172413793103448,0.006,173162,154206,189473.6842105263
308908,169064,0.011034482758620689,0.015172413793103448,0.009,169262,141096,189473.6842105263
320073,165271,0.011034482758620689,0.015172413793103448,0.012,166673,129933,189473.6842105263
329504,152376,0.011034482758620689,0.015172413793103448,0.015,167539,120504,189473.6842105263
297742,187486,0.011034482758620689,0.015586206896551724,0.006,169300,152259,186528.49740932643
310544,173704,0.011034482758620689,0.015586206896551724,0.009,166843,139459,186528.49740932643
321440,169385,0.011034482758620689,0.015586206896551724,0.012,164295,128569,186528.49740932643
330650,165585,0.011034482758620689,0.015586206896551724,0.015,162742,119352,186528.49740932643
299648,187447,0.011034482758620689,0.016,0.006,167426,150359,183673.4693877551
312145,186396,0.011034482758620689,0.016,0.009,162768,137862,183673.4693877551
322795,170173,0.011034482758620689,0.016,0.012,162837,127205,183673.4693877551
331827,167895,0.011034482758620689,0.016,0.015,160974,118178,183673.4693877551
209820,4885,0.011448275862068966,0.004,0.006,284851,240181,333482.1428571429
239197,7045,0.011448275862068966,0.004,0.009,272965,210806,333482.1428571429
262241,8334,0.011448275862068966,0.004,0.012,264674,187763,333482.1428571429
280809,8894,0.011448275862068966,0.004,0.015,258601,169191,333482.1428571429
214332,7948,0.011448275862068966,0.004413793103448276,0.006,279865,235669,324782.6086956522
242752,9107,0.011448275862068966,0.004413793103448276,0.009,269066,207249,324782.6086956522
265062,11146,0.011448275862068966,0.004413793103448276,0.012,261022,184943,324782.6086956522
283083,10255,0.011448275862068966,0.004413793103448276,0.015,255831,166923,324782.6086956522
218677,9384,0.011448275862068966,0.004827586206896552,0.006,275521,231321,316525.4237288136
246202,9499,0.011448275862068966,0.004827586206896552,0.009,265659,203801,316525.4237288136
267826,11569,0.011448275862068966,0.004827586206896552,0.012,258252,182180,316525.4237288136
285275,14536,0.011448275862068966,0.004827586206896552,0.015,252120,164730,316525.4237288136
222891,16927,0.011448275862068966,0.005241379310344827,0.006,269874,227111,308677.68595041323
249490,10894,0.011448275862068966,0.005241379310344827,0.009,262188,200512,308677.68595041323
270466,15490,0.011448275862068966,0.005241379310344827,0.012,254426,179537,308677.68595041323
287369,15322,0.011448275862068966,0.005241379310344827,0.015,249669,162636,308677.68595041323
227001,14360,0.011448275862068966,0.005655172413793104,0.006,266697,222999,301209.67741935485
252653,17818,0.011448275862068966,0.005655172413793104,0.009,257315,197352,301209.67741935485
272907,16908,0.011448275862068966,0.005655172413793104,0.012,251413,177096,301209.67741935485
289497,19499,0.011448275862068966,0.005655172413793104,0.015,246142,160506,301209.67741935485
230871,20060,0.011448275862068966,0.006068965517241379,0.006,261692,219132,294094.4881889764
255671,20819,0.011448275862068966,0.006068965517241379,0.009,253563,194334,294094.4881889764
275459,19388,0.011448275862068966,0.006068965517241379,0.012,248220,174547,294094.4881889764
291608,22115,0.011448275862068966,0.006068965517241379,0.015,243148,158397,294094.4881889764
234640,29112,0.011448275862068966,0.006482758620689655,0.006,256362,215363,287307.6923076923
258667,24757,0.011448275862068966,0.006482758620689655,0.009,249647,191334,287307.6923076923
277908,18490,0.011448275862068966,0.006482758620689655,0.012,246040,172098,287307.6923076923
293493,22912,0.011448275862068966,0.006482758620689655,0.015,240807,156511,287307.6923076923
238400,34736,0.011448275862068966,0.006896551724137931,0.006,251642,211603,280827.06766917295
261525,27701,0.011448275862068966,0.006896551724137931,0.009,246052,188478,280827.06766917295
280191,23755,0.011448275862068966,0.006896551724137931,0.012,242170,169814,280827.06766917295
295434,31931,0.011448275862068966,0.006896551724137931,0.015,235944,154570,280827.06766917295
241936,33719,0.011448275862068966,0.007310344827586207,0.006,248576,208064,274632.3529411765
264434,32578,0.011448275862068966,0.007310344827586207,0.009,242119,185567,274632.3529411765
282451,29262,0.011448275862068966,0.007310344827586207,0.012,238293,167551,274632.3529411765
297353,30964,0.011448275862068966,0.007310344827586207,0.015,234225,152649,274632.3529411765
245264,46294,0.011448275862068966,0.007724137931034483,0.006,242863,204739,268705.035971223
267073,41273,0.011448275862068966,0.007724137931034483,0.009,237365,182930,268705.035971223
284766,42254,0.011448275862068966,0.007724137931034483,0.012,232394,165237,268705.035971223
299271,37019,0.011448275862068966,0.007724137931034483,0.015,230372,150729,268705.035971223
248588,58434,0.011448275862068966,0.008137931034482758,0.006,237361,201416,263028.1690140845
269768,47476,0.011448275862068966,0.008137931034482758,0.009,233155,180238,263028.1690140845
286839,39247,0.011448275862068966,0.008137931034482758,0.012,231005,163162,263028.1690140845
301001,41982,0.011448275862068966,0.008137931034482758,0.015,226963,149004,263028.1690140845
251818,69739,0.011448275862068966,0.008551724137931035,0.006,232150,198187,257586.20689655174
272350,52494,0.011448275862068966,0.008551724137931035,0.009,229497,177656,257586.20689655174
288955,51515,0.011448275862068966,0.008551724137931035,0.012,225443,161048,257586.20689655174
302764,44920,0.011448275862068966,0.008551724137931035,0.015,224245,147241,257586.20689655174
254922,77823,0.011448275862068966,0.00896551724137931,0.006,227740,195079,252364.86486486485
274873,66417,0.011448275862068966,0.00896551724137931,0.009,223715,175127,252364.86486486485
291095,58535,0.011448275862068966,0.00896551724137931,0.012,221452,158909,252364.86486486485
304516,55302,0.011448275862068966,0.00896551724137931,0.015,219306,145492,252364.86486486485
257901,78784,0.011448275862068966,0.009379310344827585,0.006,224646,192103,247350.99337748345
277218,69993,0.011448275862068966,0.009379310344827585,0.009,220577,172787,247350.99337748345
293007,69403,0.011448275862068966,0.009379310344827585,0.012,216515,156998,247350.99337748345
306245,53798,0.011448275862068966,0.009379310344827585,0.015,217942,143759,247350.99337748345
260817,88768,0.011448275862068966,0.009793103448275862,0.006,220004,189186,242532.46753246753
279604,71098,0.011448275862068966,0.009793103448275862,0.009,218015,170401,242532.46753246753
295020,71952,0.011448275862068966,0.009793103448275862,0.012,213879,154980,242532.46753246753
307807,67877,0.011448275862068966,0.009793103448275862,0.015,212033,142195,242532.46753246753
263741,100510,0.011448275862068966,0.010206896551724139,0.006,215282,186261,237898.08917197454
281876,90974,0.011448275862068966,0.010206896551724139,0.009,211098,168125,237898.08917197454
296973,81425,0.011448275862068966,0.010206896551724139,0.012,209381,153027,237898.08917197454
309488,68161,0.011448275862068966,0.010206896551724139,0.015,210240,140515,237898.08917197454
266387,109007,0.011448275862068966,0.010620689655172414,0.006,211089,183616,233437.50000000003
284118,94046,0.011448275862068966,0.010620689655172414,0.009,208218,165885,233437.50000000003
298740,78402,0.011448275862068966,0.010620689655172414,0.012,208300,151261,233437.50000000003
310977,83684,0.011448275862068966,0.010620689655172414,0.015,204157,139027,233437.50000000003
269062,112435,0.011448275862068966,0.011034482758620689,0.006,208079,180942,229141.10429447857
286312,105183,0.011448275862068966,0.011034482758620689,0.009,203635,163689,229141.10429447857
300600,97109,0.011448275862068966,0.011034482758620689,0.012,201615,149400,229141.10429447857
312507,88811,0.011448275862068966,0.011034482758620689,0.015,201108,137498,229141.10429447857
271653,115636,0.011448275862068966,0.011448275862068966,0.006,204897,178349,224999.99999999997
288423,114289,0.011448275862068966,0.011448275862068966,0.009,199555,161583,224999.99999999997
302320,100935,0.011448275862068966,0.011448275862068966,0.012,198838,147684,224999.99999999997
314084,96485,0.011448275862068966,0.011448275862068966,0.015,197378,135917,224999.99999999997
274152,126398,0.011448275862068966,0.01186206896551724,0.006,200677,175851,221005.9171597633
290506,113551,0.011448275862068966,0.01186206896551724,0.009,197759,159499,221005.9171597633
304145,101888,0.011448275862068966,0.01186206896551724,0.012,196977,145859,221005.9171597633
315505,98932,0.011448275862068966,0.01186206896551724,0.015,195076,134503,221005.9171597633
276650,131015,0.011448275862068966,0.012275862068965518,0.006,197684,173353,217151.16279069768
292541,120901,0.011448275862068966,0.012275862068965518,0.009,194294,157460,217151.16279069768
305788,114918,0.011448275862068966,0.012275862068965518,0.012,191943,144212,217151.16279069768
316977,102519,0.011448275862068966,0.012275862068965518,0.015,192576,133025,217151.16279069768
279007,139605,0.011448275862068966,0.012689655172413793,0.006,193855,170998,213428.57142857148
294498,128060,0.011448275862068966,0.012689655172413793,0.009,190772,155510,213428.57142857148
307481,121866,0.011448275862068966,0.012689655172413793,0.012,188544,142525,213428.57142857148
318406,117957,0.011448275862068966,0.012689655172413793,0.015,186837,131596,213428.57142857148
281319,148332,0.011448275862068966,0.01310344827586207,0.006,190323,168682,209831.4606741573
296409,142084,0.011448275862068966,0.01310344827586207,0.009,185945,153598,209831.4606741573
309057,134892,0.011448275862068966,0.01310344827586207,0.012,183656,140950,209831.4606741573
319696,126462,0.011448275862068966,0.01310344827586207,0.015,183047,130306,209831.4606741573
283632,150873,0.011448275862068966,0.013517241379310345,0.006,187700,166368,206353.591160221
298267,146535,0.011448275862068966,0.013517241379310345,0.009,183293,151734,206353.591160221
310602,131129,0.011448275862068966,0.013517241379310345,0.012,183043,139401,206353.591160221
321052,122978,0.011448275862068966,0.013517241379310345,0.015,182613,128953,206353.591160221
285851,159342,0.011448275862068966,0.01393103448275862,0.006,184341,164150,202989.13043478265
300160,145465,0.011448275862068966,0.01393103448275862,0.009,181715,149846,202989.13043478265
312176,136763,0.011448275862068966,0.01393103448275862,0.012,180179,137833,202989.13043478265
322447,136855,0.011448275862068966,0.01393103448275862,0.015,177559,127559,202989.13043478265
287936,163210,0.011448275862068966,0.014344827586206896,0.006,181739,162064,199732.6203208556
301936,154871,0.011448275862068966,0.014344827586206896,0.009,178117,148073,199732.6203208556
313656,148693,0.011448275862068966,0.014344827586206896,0.012,175749,136352,199732.6203208556
323674,146100,0.011448275862068966,0.014344827586206896,0.015,173735,126331,199732.6203208556
289985,170385,0.011448275862068966,0.014758620689655172,0.006,178688,160019,196578.94736842104
303638,168056,0.011448275862068966,0.014758620689655172,0.009,173660,146363,196578.94736842104
315148,153971,0.011448275862068966,0.014758620689655172,0.012,173116,134860,196578.94736842104
325018,148596,0.011448275862068966,0.014758620689655172,0.015,171751,124988,196578.94736842104
292094,175539,0.011448275862068966,0.015172413793103448,0.006,175875,157906,193523.31606217616
305381,165982,0.011448275862068966,0.015172413793103448,0.009,172595,144628,193523.31606217616
316560,160471,0.011448275862068966,0.015172413793103448,0.012,170208,133445,193523.31606217616
326181,149395,0.011448275862068966,0.015172413793103448,0.015,170368,123823,193523.31606217616
294078,175153,0.011448275862068966,0.015586206896551724,0.006,173971,155928,190561.22448979592
307048,168148,0.011448275862068966,0.015586206896551724,0.009,170408,142958,190561.22448979592
318003,166901,0.011448275862068966,0.015586206896551724,0.012,167312,131997,190561.22448979592
327403,157121,0.011448275862068966,0.015586206896551724,0.015,167033,122602,190561.22448979592
295922,178898,0.011448275862068966,0.016,0.006,171565,154082,187688.44221105526
308635,176172,0.011448275862068966,0.016,0.009,167437,141373,187688.44221105526
319437,171172,0.011448275862068966,0.016,0.012,164940,130569,187688.44221105526
328629,164332,0.011448275862068966,0.016,0.015,163918,121380,187688.44221105526
205781,4142,0.01186206896551724,0.004,0.006,287401,244216,336521.73913043475
235317,6805,0.01186206896551724,0.004,0.009,275200,214685,336521.73913043475
258392,7048,0.01186206896551724,0.004,0.012,266929,191609,336521.73913043475
276980,8656,0.01186206896551724,0.004,0.015,260383,173021,336521.73913043475
210375,7404,0.01186206896551724,0.004413793103448276,0.006,282532,239628,327966.1016949152
238802,7006,0.01186206896551724,0.004413793103448276,0.009,271775,211198,327966.1016949152
261195,10918,0.01186206896551724,0.004413793103448276,0.012,263010,188806,327966.1016949152
279299,9474,0.01186206896551724,0.004413793103448276,0.015,257755,170703,327966.1016949152
214657,9274,0.01186206896551724,0.004827586206896552,0.006,278030,235346,319834.71074380167
242235,9346,0.01186206896551724,0.004827586206896552,0.009,267942,207768,319834.71074380167
263908,11240,0.01186206896551724,0.004827586206896552,0.012,260276,186096,319834.71074380167
281524,11245,0.01186206896551724,0.004827586206896552,0.015,254884,168478,319834.71074380167
218894,10614,0.01186206896551724,0.005241379310344827,0.006,273800,231108,312096.7741935484
245533,13383,0.01186206896551724,0.005241379310344827,0.009,263757,204468,312096.7741935484
266568,11941,0.01186206896551724,0.005241379310344827,0.012,257424,183437,312096.7741935484
283717,15451,0.01186206896551724,0.005241379310344827,0.015,251312,166290,312096.7741935484
222951,15439,0.01186206896551724,0.005655172413793104,0.006,268994,227052,304724.4094488189
248663,16412,0.01186206896551724,0.005655172413793104,0.009,259961,201338,304724.4094488189
269149,14724,0.01186206896551724,0.005655172413793104,0.012,254101,180851,304724.4094488189
285777,17225,0.01186206896551724,0.005655172413793104,0.015,248611,164225,304724.4094488189
226915,13899,0.01186206896551724,0.006068965517241379,0.006,265593,223089,297692.3076923077
251759,15882,0.01186206896551724,0.006068965517241379,0.009,257017,198243,297692.3076923077
271698,21595,0.01186206896551724,0.006068965517241379,0.012,249583,178305,297692.3076923077
287846,17831,0.01186206896551724,0.006068965517241379,0.015,246292,162158,297692.3076923077
230710,21295,0.01186206896551724,0.006482758620689655,0.006,260431,219291,290977.44360902254
254734,19893,0.01186206896551724,0.006482758620689655,0.009,253107,195271,290977.44360902254
274030,20475,0.01186206896551724,0.006482758620689655,0.012,247475,175975,290977.44360902254
289917,23218,0.01186206896551724,0.006482758620689655,0.015,242452,160084,290977.44360902254
234314,25088,0.01186206896551724,0.006896551724137931,0.006,256315,215689,284558.8235294118
257665,23114,0.01186206896551724,0.006896551724137931,0.009,249512,192340,284558.8235294118
276428,25579,0.01186206896551724,0.006896551724137931,0.012,243662,173574,284558.8235294118
291881,21902,0.01186206896551724,0.006896551724137931,0.015,240827,158119,284558.8235294118
237902,34680,0.01186206896551724,0.007310344827586207,0.006,250967,212100,278417.2661870503
260465,30542,0.01186206896551724,0.007310344827586207,0.009,244896,189540,278417.2661870503
278697,29714,0.01186206896551724,0.007310344827586207,0.012,240129,171306,278417.2661870503
293799,27321,0.01186206896551724,0.007310344827586207,0.015,237112,156201,278417.2661870503
241288,47800,0.01186206896551724,0.007724137931034483,0.006,245138,208713,272535.21126760566
263197,30477,0.01186206896551724,0.007724137931034483,0.009,242207,186806,272535.21126760566
280937,34901,0.01186206896551724,0.007724137931034483,0.012,236432,169065,272535.21126760566
295632,33456,0.01186206896551724,0.007724137931034483,0.015,233309,154371,272535.21126760566
244648,54803,0.01186206896551724,0.008137931034482758,0.006,240795,205353,266896.5517241379
265964,44899,0.01186206896551724,0.008137931034482758,0.009,236095,184037,266896.5517241379
283128,37784,0.01186206896551724,0.008137931034482758,0.012,233394,166875,266896.5517241379
297478,37140,0.01186206896551724,0.008137931034482758,0.015,230297,152530,266896.5517241379
247822,59228,0.01186206896551724,0.008551724137931035,0.006,236901,202181,261486.4864864865
268494,52321,0.01186206896551724,0.008551724137931035,0.009,231882,181511,261486.4864864865
285296,43665,0.01186206896551724,0.008551724137931035,0.012,229701,164712,261486.4864864865
299240,40864,0.01186206896551724,0.008551724137931035,0.015,227261,150767,261486.4864864865
250950,58092,0.01186206896551724,0.00896551724137931,0.006,233967,199053,256291.39072847684
271066,56298,0.01186206896551724,0.00896551724137931,0.009,228529,178935,256291.39072847684
287380,49675,0.01186206896551724,0.00896551724137931,0.012,225915,162622,256291.39072847684
300998,46905,0.01186206896551724,0.00896551724137931,0.015,223607,149010,256291.39072847684
254066,77387,0.01186206896551724,0.009379310344827585,0.006,227615,195935,251298.7012987013
273444,69751,0.01186206896551724,0.009379310344827585,0.009,222965,176561,251298.7012987013
289437,67873,0.01186206896551724,0.009379310344827585,0.012,219084,160563,251298.7012987013
302690,48841,0.01186206896551724,0.009379310344827585,0.015,221288,147311,251298.7012987013
257004,89486,0.01186206896551724,0.009793103448275862,0.006,222769,192997,246496.8152866242
275870,73328,0.01186206896551724,0.009793103448275862,0.009,219809,174131,246496.8152866242
291400,68578,0.01186206896551724,0.009793103448275862,0.012,216839,158606,246496.8152866242
304326,60410,0.01186206896551724,0.009793103448275862,0.015,216126,145678,246496.8152866242
259821,92534,0.01186206896551724,0.010206896551724139,0.006,219388,190179,241875.0
278131,86614,0.01186206896551724,0.010206896551724139,0.009,214663,171873,241875.0
293263,61249,0.01186206896551724,0.010206896551724139,0.012,216870,156741,241875.0
305957,62281,0.01186206896551724,0.010206896551724139,0.015,213842,144051,241875.0
262550,97992,0.01186206896551724,0.010620689655172414,0.006,215781,187451,237423.31288343557
280432,86708,0.01186206896551724,0.010620689655172414,0.009,212380,169568,237423.31288343557
295168,77865,0.01186206896551724,0.010620689655172414,0.012,210575,154835,237423.31288343557
307593,67573,0.01186206896551724,0.010620689655172414,0.015,210687,142415,237423.31288343557
265235,105856,0.01186206896551724,0.011034482758620689,0.006,211909,184767,233132.53012048194
282611,105784,0.01186206896551724,0.011034482758620689,0.009,206124,167393,233132.53012048194
297062,88987,0.01186206896551724,0.011034482758620689,0.012,205893,152939,233132.53012048194
309083,79589,0.01186206896551724,0.011034482758620689,0.015,205651,140922,233132.53012048194
267872,109770,0.01186206896551724,0.011448275862068966,0.006,208888,182129,228994.08284023666
284796,106940,0.01186206896551724,0.011448275862068966,0.009,203796,165210,228994.08284023666
298773,102175,0.01186206896551724,0.011448275862068966,0.012,200742,151230,228994.08284023666
310619,90346,0.01186206896551724,0.011448275862068966,0.015,200957,139384,228994.08284023666
270363,120968,0.01186206896551724,0.01186206896551724,0.006,204579,179642,224999.99999999997
286834,112884,0.01186206896551724,0.01186206896551724,0.009,200363,163167,224999.99999999997
300515,101615,0.01186206896551724,0.01186206896551724,0.012,199194,149487,224999.99999999997
312102,101177,0.01186206896551724,0.01186206896551724,0.015,196468,137905,224999.99999999997
272841,123732,0.01186206896551724,0.012275862068965518,0.006,201625,177160,221142.8571428571
288922,117349,0.01186206896551724,0.012275862068965518,0.009,197481,161084,221142.8571428571
302245,107282,0.01186206896551724,0.012275862068965518,0.012,196083,147757,221142.8571428571
313561,99487,0.01186206896551724,0.012275862068965518,0.015,195371,136444,221142.8571428571
275270,136034,0.01186206896551724,0.012689655172413793,0.006,197323,174735,217415.73033707865
290944,130375,0.01186206896551724,0.012689655172413793,0.009,192743,159062,217415.73033707865
303923,113241,0.01186206896551724,0.012689655172413793,0.012,192991,146079,217415.73033707865
315012,103957,0.01186206896551724,0.012689655172413793,0.015,192709,134996,217415.73033707865
277550,141588,0.01186206896551724,0.01310344827586207,0.006,194360,172453,213812.15469613258
292796,133155,0.01186206896551724,0.01310344827586207,0.009,190413,157209,213812.15469613258
305546,120779,0.01186206896551724,0.01310344827586207,0.012,189458,144458,213812.15469613258
316466,117970,0.01186206896551724,0.01310344827586207,0.015,187425,133540,213812.15469613258
279827,149155,0.01186206896551724,0.013517241379310345,0.006,190841,170176,210326.08695652173
294742,135534,0.01186206896551724,0.013517241379310345,0.009,188041,155264,210326.08695652173
307144,127531,0.01186206896551724,0.013517241379310345,0.012,186140,142860,210326.08695652173
317761,125695,0.01186206896551724,0.013517241379310345,0.015,183911,132244,210326.08695652173
282041,153918,0.01186206896551724,0.01393103448275862,0.006,188053,167963,206951.87165775403
296569,139766,0.01186206896551724,0.01393103448275862,0.009,185378,153439,206951.87165775403
308720,133647,0.01186206896551724,0.01393103448275862,0.012,183144,141287,206951.87165775403
319109,131877,0.01186206896551724,0.01393103448275862,0.015,180932,130898,206951.87165775403
284206,151742,0.01186206896551724,0.014344827586206896,0.006,186484,165799,203684.2105263158
298353,148561,0.01186206896551724,0.014344827586206896,0.009,181932,151652,203684.2105263158
310246,149473,0.01186206896551724,0.014344827586206896,0.012,177815,139756,203684.2105263158
320415,134159,0.01186206896551724,0.014344827586206896,0.015,178993,129588,203684.2105263158
286394,160101,0.01186206896551724,0.014758620689655172,0.006,183063,163607,200518.1347150259
300165,156936,0.01186206896551724,0.014758620689655172,0.009,178501,149842,200518.1347150259
311821,149103,0.01186206896551724,0.014758620689655172,0.012,176559,138184,200518.1347150259
321780,141282,0.01186206896551724,0.014758620689655172,0.015,175705,128226,200518.1347150259
288354,167753,0.01186206896551724,0.015172413793103448,0.006,180031,161650,197448.97959183672
301902,153798,0.01186206896551724,0.015172413793103448,0.009,177407,148101,197448.97959183672
313205,153001,0.01186206896551724,0.015172413793103448,0.012,174213,136797,197448.97959183672
323020,150630,0.01186206896551724,0.015172413793103448,0.015,172022,126980,197448.97959183672
290375,168553,0.01186206896551724,0.015586206896551724,0.006,177890,159627,194472.36180904522
303522,165304,0.01186206896551724,0.015586206896551724,0.009,173616,146484,194472.36180904522
314690,160302,0.01186206896551724,0.015586206896551724,0.012,171013,135318,194472.36180904522
324205,147622,0.01186206896551724,0.015586206896551724,0.015,171513,125800,194472.36180904522
292307,177098,0.01186206896551724,0.016,0.006,174908,157698,191584.15841584155
305225,172822,0.01186206896551724,0.016,0.009,170564,144777,191584.15841584155
316045,159054,0.01186206896551724,0.016,0.012,170056,133960,191584.15841584155
325478,164258,0.01186206896551724,0.016,0.015,166015,124530,191584.15841584155
201929,4297,0.012275862068965518,0.004,0.006,289812,248069,339406.77966101695
231408,5553,0.012275862068965518,0.004,0.009,277636,218596,339406.77966101695
254559,7729,0.012275862068965518,0.004,0.012,268604,195444,339406.77966101695
273352,8208,0.012275862068965518,0.004,0.015,262217,176648,339406.77966101695
206461,5759,0.012275862068965518,0.004413793103448276,0.006,285234,243542,330991.7355371901
234925,7627,0.012275862068965518,0.004413793103448276,0.009,273674,215077,330991.7355371901
257462,7708,0.012275862068965518,0.004413793103448276,0.012,265917,192538,330991.7355371901
275619,9720,0.012275862068965518,0.004413793103448276,0.015,259380,174384,330991.7355371901
210865,6809,0.012275862068965518,0.004827586206896552,0.006,280997,239134,322983.87096774194
238356,8168,0.012275862068965518,0.004827586206896552,0.009,270393,211649,322983.87096774194
260145,10538,0.012275862068965518,0.004827586206896552,0.012,262355,189856,322983.87096774194
277921,10509,0.012275862068965518,0.004827586206896552,0.015,256845,172079,322983.87096774194
215090,6478,0.012275862068965518,0.005241379310344827,0.006,277126,234915,315354.33070866147
241693,9864,0.012275862068965518,0.005241379310344827,0.009,266814,208308,315354.33070866147
262780,11969,0.012275862068965518,0.005241379310344827,0.012,259323,187223,315354.33070866147
280068,14221,0.012275862068965518,0.005241379310344827,0.015,253456,169937,315354.33070866147
219059,11661,0.012275862068965518,0.005655172413793104,0.006,272226,230942,308076.92307692306
244791,11893,0.012275862068965518,0.005655172413793104,0.009,263187,205210,308076.92307692306
265453,13769,0.012275862068965518,0.005655172413793104,0.012,256214,184547,308076.92307692306
282204,15847,0.012275862068965518,0.005655172413793104,0.015,250758,167801,308076.92307692306
223057,16746,0.012275862068965518,0.006068965517241379,0.006,267482,226943,301127.8195488722
247903,18188,0.012275862068965518,0.006068965517241379,0.009,258688,202098,301127.8195488722
267920,14182,0.012275862068965518,0.006068965517241379,0.012,253596,182085,301127.8195488722
284323,17348,0.012275862068965518,0.006068965517241379,0.015,248171,165683,301127.8195488722
226808,20074,0.012275862068965518,0.006482758620689655,0.006,263204,223195,294485.2941176471
251018,18804,0.012275862068965518,0.006482758620689655,0.009,255595,198985,294485.2941176471
270367,16703,0.012275862068965518,0.006482758620689655,0.012,250480,179634,294485.2941176471
286346,18079,0.012275862068965518,0.006482758620689655,0.015,245750,163662,294485.2941176471
230557,37494,0.012275862068965518,0.006896551724137931,0.006,256383,219447,288129.49640287773
253922,23532,0.012275862068965518,0.006896551724137931,0.009,251602,196084,288129.49640287773
272763,20956,0.012275862068965518,0.006896551724137931,0.012,246866,177238,288129.49640287773
288304,25143,0.012275862068965518,0.006896551724137931,0.015,241614,161701,288129.49640287773
234094,36330,0.012275862068965518,0.007310344827586207,0.006,253247,215912,282042.25352112675
256740,28597,0.012275862068965518,0.007310344827586207,0.009,247640,193260,282042.25352112675
275049,25520,0.012275862068965518,0.007310344827586207,0.012,243269,174954,282042.25352112675
290273,25721,0.012275862068965518,0.007310344827586207,0.015,239350,159734,282042.25352112675
237507,46630,0.012275862068965518,0.007724137931034483,0.006,248138,212494,276206.8965517241
259437,32523,0.012275862068965518,0.007724137931034483,0.009,243961,190565,276206.8965517241
277311,31771,0.012275862068965518,0.007724137931034483,0.012,239253,172692,276206.8965517241
292117,31096,0.012275862068965518,0.007724137931034483,0.015,235748,157883,276206.8965517241
240779,46016,0.012275862068965518,0.008137931034482758,0.006,245064,209224,270608.1081081081
262163,35528,0.012275862068965518,0.008137931034482758,0.009,240617,187838,270608.1081081081
279603,34055,0.012275862068965518,0.008137931034482758,0.012,236483,170400,270608.1081081081
294029,39505,0.012275862068965518,0.008137931034482758,0.015,231366,155977,270608.1081081081
244011,61161,0.012275862068965518,0.008551724137931035,0.006,239070,205992,265231.7880794702
264729,53883,0.012275862068965518,0.008551724137931035,0.009,233787,185274,265231.7880794702
281689,41778,0.012275862068965518,0.008551724137931035,0.012,232170,168312,265231.7880794702
295767,44655,0.012275862068965518,0.008551724137931035,0.015,227935,154238,265231.7880794702
247173,62460,0.012275862068965518,0.00896551724137931,0.006,235936,202832,260064.93506493504
267338,55387,0.012275862068965518,0.00896551724137931,0.009,231012,182668,260064.93506493504
283814,52011,0.012275862068965518,0.00896551724137931,0.012,227382,166191,260064.93506493504
297520,45510,0.012275862068965518,0.00896551724137931,0.015,225889,152485,260064.93506493504
250175,64755,0.012275862068965518,0.009379310344827585,0.006,232606,199828,255095.5414012739
269733,58256,0.012275862068965518,0.009379310344827585,0.009,228019,180270,255095.5414012739
285799,50818,0.012275862068965518,0.009379310344827585,0.012,225613,164205,255095.5414012739
299299,50149,0.012275862068965518,0.009379310344827585,0.015,222719,150707,255095.5414012739
253129,81798,0.012275862068965518,0.009793103448275862,0.006,226875,196871,250312.5
272174,68116,0.012275862068965518,0.009793103448275862,0.009,223378,177826,250312.5
287801,58521,0.012275862068965518,0.009793103448275862,0.012,221540,162202,250312.5
300927,60708,0.012275862068965518,0.009793103448275862,0.015,217876,149078,250312.5
256046,83264,0.012275862068965518,0.010206896551724139,0.006,223789,193954,245705.52147239266
274492,77697,0.012275862068965518,0.010206896551724139,0.009,218975,175513,245705.52147239266
289827,66016,0.012275862068965518,0.010206896551724139,0.012,217633,160174,245705.52147239266
302599,62326,0.012275862068965518,0.010206896551724139,0.015,215761,147404,245705.52147239266
258810,99880,0.012275862068965518,0.010620689655172414,0.006,218343,191195,241265.06024096385
276797,83515,0.012275862068965518,0.010620689655172414,0.009,215563,173208,241265.06024096385
291729,77087,0.012275862068965518,0.010620689655172414,0.012,212890,158274,241265.06024096385
304253,66808,0.012275862068965518,0.010620689655172414,0.015,212757,145748,241265.06024096385
261492,96968,0.012275862068965518,0.011034482758620689,0.006,216319,188509,236982.2485207101
278969,93245,0.012275862068965518,0.011034482758620689,0.009,211183,171034,236982.2485207101
293559,87285,0.012275862068965518,0.011034482758620689,0.012,208507,156447,236982.2485207101
305751,71109,0.012275862068965518,0.011034482758620689,0.015,209878,144252,236982.2485207101
264088,111851,0.012275862068965518,0.011448275862068966,0.006,211305,185913,232848.83720930232
281158,98961,0.012275862068965518,0.011448275862068966,0.009,207843,168845,232848.83720930232
295315,88330,0.012275862068965518,0.011448275862068966,0.012,206344,154689,232848.83720930232
307350,85481,0.012275862068965518,0.011448275862068966,0.015,204274,142659,232848.83720930232
266696,109626,0.012275862068965518,0.01186206896551724,0.006,209240,183304,228857.14285714284
283252,102855,0.012275862068965518,0.01186206896551724,0.009,205066,166753,228857.14285714284
297082,92260,0.012275862068965518,0.01186206896551724,0.012,203680,152921,228857.14285714284
308870,90879,0.012275862068965518,0.01186206896551724,0.015,201239,141138,228857.14285714284
269158,106536,0.012275862068965518,0.012275862068965518,0.006,207316,180843,224999.99999999997
285291,105683,0.012275862068965518,0.012275862068965518,0.009,202464,164713,224999.99999999997
298825,104843,0.012275862068965518,0.012275862068965518,0.012,198816,151177,224999.99999999997
310352,98573,0.012275862068965518,0.012275862068965518,0.015,197628,139648,224999.99999999997
271591,135489,0.012275862068965518,0.012689655172413793,0.006,200245,178414,221270.71823204422
287368,114294,0.012275862068965518,0.012689655172413793,0.009,198697,162639,221270.71823204422
300500,112918,0.012275862068965518,0.012689655172413793,0.012,195125,149504,221270.71823204422
311719,100377,0.012275862068965518,0.012689655172413793,0.015,195613,138286,221270.71823204422
273892,136665,0.012275862068965518,0.01310344827586207,0.006,197879,176112,217663.04347826086
289319,122382,0.012275862068965518,0.01310344827586207,0.009,195059,160688,217663.04347826086
302231,122264,0.012275862068965518,0.01310344827586207,0.012,191181,147775,217663.04347826086
313150,113667,0.012275862068965518,0.01310344827586207,0.015,190508,136854,217663.04347826086
276183,146063,0.012275862068965518,0.013517241379310345,0.006,194217,173820,214171.1229946524
291205,129254,0.012275862068965518,0.013517241379310345,0.009,191839,158797,214171.1229946524
303816,119438,0.012275862068965518,0.013517241379310345,0.012,190282,146192,214171.1229946524
314547,115085,0.012275862068965518,0.013517241379310345,0.015,188703,135455,214171.1229946524
278432,149451,0.012275862068965518,0.01393103448275862,0.006,191571,171573,210789.47368421056
293038,136432,0.012275862068965518,0.01393103448275862,0.009,188657,156967,210789.47368421056
305436,129926,0.012275862068965518,0.01393103448275862,0.012,186242,144568,210789.47368421056
315896,119895,0.012275862068965518,0.01393103448275862,0.015,186114,134111,210789.47368421056
280687,152965,0.012275862068965518,0.014344827586206896,0.006,189026,169316,207512.95336787566
294942,141959,0.012275862068965518,0.014344827586206896,0.009,185632,155065,207512.95336787566
306914,140423,0.012275862068965518,0.014344827586206896,0.012,182171,143090,207512.95336787566
317312,134222,0.012275862068965518,0.014344827586206896,0.015,180853,132694,207512.95336787566
282719,155699,0.012275862068965518,0.014758620689655172,0.006,186658,167284,204336.73469387757
296655,149613,0.012275862068965518,0.014758620689655172,0.009,182384,153345,204336.73469387757
308433,134996,0.012275862068965518,0.014758620689655172,0.012,181990,141571,204336.73469387757
318545,132597,0.012275862068965518,0.014758620689655172,0.015,179968,131462,204336.73469387757
284803,161058,0.012275862068965518,0.015172413793103448,0.006,183888,165202,201256.2814070352
298474,155495,0.012275862068965518,0.015172413793103448,0.009,179614,151529,201256.2814070352
309922,145717,0.012275862068965518,0.015172413793103448,0.012,178071,140083,201256.2814070352
319872,137091,0.012275862068965518,0.015172413793103448,0.015,177583,130136,201256.2814070352
286812,167046,0.012275862068965518,0.015586206896551724,0.006,181091,163192,198267.3267326733
300091,156433,0.012275862068965518,0.015586206896551724,0.009,177771,149914,198267.3267326733
311359,155597,0.012275862068965518,0.015586206896551724,0.012,174413,138645,198267.3267326733
321078,144501,0.012275862068965518,0.015586206896551724,0.015,174325,128927,198267.3267326733
288785,177277,0.012275862068965518,0.016,0.006,177545,161219,195365.85365853657
301791,165007,0.012275862068965518,0.016,0.009,174511,148209,195365.85365853657
312810,163629,0.012275862068965518,0.016,0.012,171140,137193,195365.85365853657
322331,154225,0.012275862068965518,0.016,0.015,170636,127677,195365.85365853657
198334,3778,0.012689655172413793,0.004,0.006,292159,251666,342148.7603305785
227693,4944,0.012689655172413793,0.004,0.009,279838,222308,342148.7603305785
250984,6309,0.012689655172413793,0.004,0.012,270850,199020,342148.7603305785
269837,7527,0.012689655172413793,0.004,0.015,264078,180168,342148.7603305785
202742,4232,0.012689655172413793,0.004413793103448276,0.006,287949,247257,333870.9677419355
231209,8248,0.012689655172413793,0.004413793103448276,0.009,275630,218792,333870.9677419355
253819,7204,0.012689655172413793,0.004413793103448276,0.012,267874,196183,333870.9677419355
272072,8824,0.012689655172413793,0.004413793103448276,0.015,261344,177930,333870.9677419355
207149,5829,0.012689655172413793,0.004827586206896552,0.006,283553,242849,325984.25196850393
234585,8749,0.012689655172413793,0.004827586206896552,0.009,272282,215418,325984.25196850393
256513,10602,0.012689655172413793,0.004827586206896552,0.012,264186,193489,325984.25196850393
274326,10846,0.012689655172413793,0.004827586206896552,0.015,258445,175678,325984.25196850393
211387,7497,0.012689655172413793,0.005241379310344827,0.006,279317,238613,318461.5384615385
237921,7834,0.012689655172413793,0.005241379310344827,0.009,269417,212080,318461.5384615385
259225,11407,0.012689655172413793,0.005241379310344827,0.012,261382,190775,318461.5384615385
276616,11333,0.012689655172413793,0.005241379310344827,0.015,256026,173390,318461.5384615385
215389,9481,0.012689655172413793,0.005655172413793104,0.006,275035,234613,311278.1954887218
241099,12208,0.012689655172413793,0.005655172413793104,0.009,265230,208904,311278.1954887218
261748,12775,0.012689655172413793,0.005655172413793104,0.012,258391,188254,311278.1954887218
278785,15077,0.012689655172413793,0.005655172413793104,0.015,252713,171219,311278.1954887218
219270,15298,0.012689655172413793,0.006068965517241379,0.006,270287,230733,304411.7647058824
244227,10696,0.012689655172413793,0.006068965517241379,0.009,262659,205778,304411.7647058824
264288,16763,0.012689655172413793,0.006068965517241379,0.012,254835,185713,304411.7647058824
280787,15877,0.012689655172413793,0.006068965517241379,0.015,250311,169217,304411.7647058824
223151,16414,0.012689655172413793,0.006482758620689655,0.006,266446,226855,297841.726618705
247298,16010,0.012689655172413793,0.006482758620689655,0.009,258408,202702,297841.726618705
266836,19814,0.012689655172413793,0.006482758620689655,0.012,251546,183170,297841.726618705
282859,19562,0.012689655172413793,0.006482758620689655,0.015,247084,167145,297841.726618705
226777,20846,0.012689655172413793,0.006896551724137931,0.006,262110,223222,291549.2957746479
250167,21474,0.012689655172413793,0.006896551724137931,0.009,254267,199836,291549.2957746479
269241,24582,0.012689655172413793,0.006896551724137931,0.012,247786,180761,291549.2957746479
284867,19393,0.012689655172413793,0.006896551724137931,0.015,245034,165135,291549.2957746479
230331,26558,0.012689655172413793,0.007310344827586207,0.006,257656,219671,285517.2413793103
253016,21805,0.012689655172413793,0.007310344827586207,0.009,251362,196987,285517.2413793103
271515,23844,0.012689655172413793,0.007310344827586207,0.012,245683,178488,285517.2413793103
286793,24141,0.012689655172413793,0.007310344827586207,0.015,241592,163212,285517.2413793103
233750,35196,0.012689655172413793,0.007724137931034483,0.006,252854,216254,279729.7297297297
255832,23966,0.012689655172413793,0.007724137931034483,0.009,248162,194172,279729.7297297297
273775,27264,0.012689655172413793,0.007724137931034483,0.012,242462,176227,279729.7297297297
288763,25663,0.012689655172413793,0.007724137931034483,0.015,239168,161243,279729.7297297297
237072,43775,0.012689655172413793,0.008137931034482758,0.006,248103,212931,274172.1854304636
258480,39151,0.012689655172413793,0.008137931034482758,0.009,242049,191523,274172.1854304636
276017,32120,0.012689655172413793,0.008137931034482758,0.012,238884,173985,274172.1854304636
290582,33478,0.012689655172413793,0.008137931034482758,0.015,234938,159420,274172.1854304636
240365,47915,0.012689655172413793,0.008551724137931035,0.006,244152,209635,268831.16883116885
261148,42727,0.012689655172413793,0.008551724137931035,0.009,238638,188854,268831.16883116885
278155,37991,0.012689655172413793,0.008551724137931035,0.012,235136,171847,268831.16883116885
292384,34344,0.012689655172413793,0.008551724137931035,0.015,232742,157620,268831.16883116885
243480,58938,0.012689655172413793,0.00896551724137931,0.006,239254,206522,263694.26751592354
263658,56183,0.012689655172413793,0.00896551724137931,0.009,233183,186345,263694.26751592354
280332,42459,0.012689655172413793,0.00896551724137931,0.012,231885,169674,263694.26751592354
294156,39494,0.012689655172413793,0.00896551724137931,0.015,229393,155848,263694.26751592354
246491,67888,0.012689655172413793,0.009379310344827585,0.006,234835,203509,258750.0
266137,54934,0.012689655172413793,0.009379310344827585,0.009,231009,183865,258750.0
282421,50887,0.012689655172413793,0.009379310344827585,0.012,227574,167584,258750.0
295904,49348,0.012689655172413793,0.009379310344827585,0.015,224723,154100,258750.0
249454,73065,0.012689655172413793,0.009793103448275862,0.006,231015,200550,253987.7300613497
268581,66861,0.012689655172413793,0.009793103448275862,0.009,226028,181420,253987.7300613497
284431,55434,0.012689655172413793,0.009793103448275862,0.012,224440,165574,253987.7300613497
297603,54610,0.012689655172413793,0.009793103448275862,0.015,221417,152402,253987.7300613497
252348,84185,0.012689655172413793,0.010206896551724139,0.006,226318,197657,249397.5903614458
270918,66904,0.012689655172413793,0.010206896551724139,0.009,223608,179084,249397.5903614458
286386,60305,0.012689655172413793,0.010206896551724139,0.012,221147,163615,249397.5903614458
299259,56701,0.012689655172413793,0.010206896551724139,0.015,219105,150746,249397.5903614458
255141,84467,0.012689655172413793,0.010620689655172414,0.006,223588,194860,244970.41420118342
273214,83194,0.012689655172413793,0.010620689655172414,0.009,217840,176787,244970.41420118342
288295,74602,0.012689655172413793,0.010620689655172414,0.012,215664,161709,244970.41420118342
300930,64691,0.012689655172413793,0.010620689655172414,0.015,215143,149070,244970.41420118342
257819,91045,0.012689655172413793,0.011034482758620689,0.006,219997,192184,240697.67441860464
275491,90515,0.012689655172413793,0.011034482758620689,0.009,214092,174513,240697.67441860464
290098,84095,0.012689655172413793,0.011034482758620689,0.012,211327,159905,240697.67441860464
302494,65751,0.012689655172413793,0.011034482758620689,0.015,213251,147507,240697.67441860464
260502,94371,0.012689655172413793,0.011448275862068966,0.006,216914,189499,236571.42857142855
277618,97872,0.012689655172413793,0.011448275862068966,0.009,210471,172385,236571.42857142855
291952,95659,0.012689655172413793,0.011448275862068966,0.012,206655,158050,236571.42857142855
304128,82147,0.012689655172413793,0.011448275862068966,0.015,207102,145875,236571.42857142855
263109,109281,0.012689655172413793,0.01186206896551724,0.006,212041,186891,232584.26966292132
279834,96898,0.012689655172413793,0.01186206896551724,0.009,208696,170169,232584.26966292132
293770,94210,0.012689655172413793,0.01186206896551724,0.012,205278,156239,232584.26966292132
305596,78752,0.012689655172413793,0.01186206896551724,0.015,206431,144406,232584.26966292132
265619,118731,0.012689655172413793,0.012275862068965518,0.006,208047,184384,228729.28176795578
281846,108055,0.012689655172413793,0.012275862068965518,0.009,204329,168160,228729.28176795578
295513,97267,0.012689655172413793,0.012275862068965518,0.012,202722,154487,228729.28176795578
307058,94339,0.012689655172413793,0.012275862068965518,0.015,200586,142946,228729.28176795578
267976,117725,0.012689655172413793,0.012689655172413793,0.006,205950,182029,225000.00000000003
283921,105768,0.012689655172413793,0.012689655172413793,0.009,202737,166080,225000.00000000003
297173,102162,0.012689655172413793,0.012689655172413793,0.012,199838,152831,225000.00000000003
308573,97386,0.012689655172413793,0.012689655172413793,0.015,198294,141435,225000.00000000003
270324,129447,0.012689655172413793,0.01310344827586207,0.006,201908,179679,221390.37433155082
285896,126124,0.012689655172413793,0.01310344827586207,0.009,196756,164108,221390.37433155082
298908,116153,0.012689655172413793,0.01310344827586207,0.012,194830,151098,221390.37433155082
310040,105008,0.012689655172413793,0.01310344827586207,0.015,194782,139966,221390.37433155082
272636,142137,0.012689655172413793,0.013517241379310345,0.006,197731,177368,217894.73684210525
287710,133755,0.012689655172413793,0.013517241379310345,0.009,193374,162294,217894.73684210525
300557,110631,0.012689655172413793,0.013517241379310345,0.012,194537,149449,217894.73684210525
311410,111441,0.012689655172413793,0.013517241379310345,0.015,191623,138598,217894.73684210525
274930,149164,0.012689655172413793,0.01393103448275862,0.006,194359,175075,214507.77202072542
289642,133664,0.012689655172413793,0.01393103448275862,0.009,191459,160359,214507.77202072542
302106,128895,0.012689655172413793,0.01393103448275862,0.012,188674,147899,214507.77202072542
312832,111538,0.012689655172413793,0.01393103448275862,0.015,190231,137174,214507.77202072542
277111,143201,0.012689655172413793,0.014344827586206896,0.006,193269,172892,211224.48979591834
291470,141346,0.012689655172413793,0.014344827586206896,0.009,188286,158534,211224.48979591834
303682,132435,0.012689655172413793,0.014344827586206896,0.012,186267,146325,211224.48979591834
314106,123426,0.012689655172413793,0.014344827586206896,0.015,185721,135895,211224.48979591834
279253,150530,0.012689655172413793,0.014758620689655172,0.006,190032,170754,208040.20100502513
293290,147506,0.012689655172413793,0.014758620689655172,0.009,185326,156712,208040.20100502513
305280,133473,0.012689655172413793,0.014758620689655172,0.012,184484,144725,208040.20100502513
315431,129707,0.012689655172413793,0.014758620689655172,0.015,182686,134576,208040.20100502513
281346,160609,0.012689655172413793,0.015172413793103448,0.006,186617,168662,204950.49504950497
295104,143256,0.012689655172413793,0.015172413793103448,0.009,184529,154902,204950.49504950497
306785,146186,0.012689655172413793,0.015172413793103448,0.012,180145,143219,204950.49504950497
316807,137498,0.012689655172413793,0.015172413793103448,0.015,179353,133196,204950.49504950497
283372,175329,0.012689655172413793,0.015586206896551724,0.006,182556,166634,201951.21951219512
296773,150034,0.012689655172413793,0.015586206896551724,0.009,181436,153232,201951.21951219512
308173,148784,0.012689655172413793,0.015586206896551724,0.012,178061,141832,201951.21951219512
317992,137106,0.012689655172413793,0.015586206896551724,0.015,178198,132013,201951.21951219512
285352,161685,0.012689655172413793,0.016,0.006,182688,164650,199038.4615384615
298491,161325,0.012689655172413793,0.016,0.009,177719,151509,199038.4615384615
309616,154211,0.012689655172413793,0.016,0.012,175491,140389,199038.4615384615
319254,150312,0.012689655172413793,0.016,0.015,173527,130750,199038.4615384615
194710,5133,0.01310344827586207,0.004,0.006,294075,255290,344758.0645161291
224021,4502,0.01310344827586207,0.004,0.009,281918,225980,344758.0645161291
247409,6854,0.01310344827586207,0.004,0.012,272500,202591,344758.0645161291
266301,7967,0.01310344827586207,0.004,0.015,265541,183699,344758.0645161291
199207,6602,0.01310344827586207,0.004413793103448276,0.006,289700,250794,336614.1732283465
227639,6224,0.01310344827586207,0.004413793103448276,0.009,278169,222366,336614.1732283465
250167,5733,0.01310344827586207,0.004413793103448276,0.012,270131,199833,336614.1732283465
268661,8782,0.01310344827586207,0.004413793103448276,0.015,263011,181344,336614.1732283465
203610,6987,0.01310344827586207,0.004827586206896552,0.006,285632,246391,328846.1538461539
231058,7986,0.01310344827586207,0.004827586206896552,0.009,274578,218945,328846.1538461539
253004,8367,0.01310344827586207,0.004827586206896552,0.012,266604,197000,328846.1538461539
270905,9944,0.01310344827586207,0.004827586206896552,0.015,260362,179096,328846.1538461539
207775,7308,0.01310344827586207,0.005241379310344827,0.006,281706,242224,321428.5714285715
234336,8440,0.01310344827586207,0.005241379310344827,0.009,271308,215665,321428.5714285715
255613,10037,0.01310344827586207,0.005241379310344827,0.012,263569,194390,321428.5714285715
273095,10389,0.01310344827586207,0.005241379310344827,0.015,257968,176907,321428.5714285715
211796,9657,0.01310344827586207,0.005655172413793104,0.006,277449,238207,314338.2352941176
237582,9520,0.01310344827586207,0.005655172413793104,0.009,267982,212418,314338.2352941176
258327,12568,0.01310344827586207,0.005655172413793104,0.012,260304,191676,314338.2352941176
275280,13904,0.01310344827586207,0.005655172413793104,0.015,254750,174723,314338.2352941176
215681,13251,0.01310344827586207,0.006068965517241379,0.006,273070,234322,307553.9568345324
240642,12190,0.01310344827586207,0.006068965517241379,0.009,264333,209361,307553.9568345324
260855,13295,0.01310344827586207,0.006068965517241379,0.012,257650,189147,307553.9568345324
277388,15424,0.01310344827586207,0.006068965517241379,0.015,252086,172615,307553.9568345324
219560,12395,0.01310344827586207,0.006482758620689655,0.006,269630,230443,301056.33802816906
243707,14177,0.01310344827586207,0.006482758620689655,0.009,260959,206294,301056.33802816906
263285,16999,0.01310344827586207,0.006482758620689655,0.012,254169,186720,301056.33802816906
279452,16455,0.01310344827586207,0.006482758620689655,0.015,249642,170551,301056.33802816906
223162,27037,0.01310344827586207,0.006896551724137931,0.006,263401,226839,294827.5862068966
246640,20489,0.01310344827586207,0.006896551724137931,0.009,256612,203363,294827.5862068966
265754,18286,0.01310344827586207,0.006896551724137931,0.012,251404,184252,294827.5862068966
281471,19028,0.01310344827586207,0.006896551724137931,0.015,246855,168532,294827.5862068966
226761,29524,0.01310344827586207,0.007310344827586207,0.006,259595,223239,288851.35135135136
249498,22377,0.01310344827586207,0.007310344827586207,0.009,253445,200505,288851.35135135136
268026,23522,0.01310344827586207,0.007310344827586207,0.012,247668,181976,288851.35135135136
283495,21628,0.01310344827586207,0.007310344827586207,0.015,244052,166511,288851.35135135136
230123,35820,0.01310344827586207,0.007724137931034483,0.006,255203,219877,283112.58278145693
252299,27187,0.01310344827586207,0.007724137931034483,0.009,249542,197706,283112.58278145693
270334,32622,0.01310344827586207,0.007724137931034483,0.012,242960,179671,283112.58278145693
285367,25248,0.01310344827586207,0.007724137931034483,0.015,240999,164637,283112.58278145693
233558,36558,0.01310344827586207,0.008137931034482758,0.006,251852,216443,277597.40259740263
254983,32302,0.01310344827586207,0.008137931034482758,0.009,245827,195018,277597.40259740263
272635,29282,0.01310344827586207,0.008137931034482758,0.012,241615,177371,277597.40259740263
287315,31043,0.01310344827586207,0.008137931034482758,0.015,237334,162686,277597.40259740263
236804,47303,0.01310344827586207,0.008551724137931035,0.006,246827,213199,272292.99363057327
257568,38982,0.01310344827586207,0.008551724137931035,0.009,241669,192433,272292.99363057327
274805,33473,0.01310344827586207,0.008551724137931035,0.012,238333,175201,272292.99363057327
289142,34406,0.01310344827586207,0.008551724137931035,0.015,234487,160858,272292.99363057327
239867,56246,0.01310344827586207,0.00896551724137931,0.006,242158,210137,267187.5
260185,44958,0.01310344827586207,0.00896551724137931,0.009,237818,189816,267187.5
276880,41871,0.01310344827586207,0.00896551724137931,0.012,233962,173126,267187.5
290910,35781,0.01310344827586207,0.00896551724137931,0.015,232189,159091,267187.5
242953,56398,0.01310344827586207,0.009379310344827585,0.006,239274,207050,262269.9386503068
262648,60079,0.01310344827586207,0.009379310344827585,0.009,232066,187353,262269.9386503068
278968,42606,0.01310344827586207,0.009379310344827585,0.012,231725,171034,262269.9386503068
292635,43863,0.01310344827586207,0.009379310344827585,0.015,228033,157369,262269.9386503068
245913,70096,0.01310344827586207,0.009793103448275862,0.006,234106,204089,257530.1204819277
265081,64155,0.01310344827586207,0.009793103448275862,0.009,228882,184921,257530.1204819277
280974,46779,0.01310344827586207,0.009793103448275862,0.012,228561,169027,257530.1204819277
294356,51235,0.01310344827586207,0.009793103448275862,0.015,224151,155648,257530.1204819277
248813,81609,0.01310344827586207,0.010206896551724139,0.006,229359,201187,252958.57988165686
267441,69786,0.01310344827586207,0.010206896551724139,0.009,225368,182562,252958.57988165686
283020,51259,0.01310344827586207,0.010206896551724139,0.012,225495,166980,252958.57988165686
296037,49343,0.01310344827586207,0.010206896551724139,0.015,222980,153965,252958.57988165686
251553,79880,0.01310344827586207,0.010620689655172414,0.006,226977,198450,248546.511627907
269805,65015,0.01310344827586207,0.010620689655172414,0.009,224110,180195,248546.511627907
284949,66945,0.01310344827586207,0.010620689655172414,0.012,219612,165057,248546.511627907
297734,56707,0.01310344827586207,0.010620689655172414,0.015,219209,152266,248546.511627907
254296,86203,0.01310344827586207,0.011034482758620689,0.006,223305,195708,244285.71428571435
272076,85422,0.01310344827586207,0.011034482758620689,0.009,217607,177925,244285.71428571435
286853,69166,0.01310344827586207,0.011034482758620689,0.012,217097,163148,244285.71428571435
299304,64552,0.01310344827586207,0.011034482758620689,0.015,215393,150702,244285.71428571435
256976,97255,0.01310344827586207,0.011448275862068966,0.006,219075,193029,240168.5393258427
274195,83169,0.01310344827586207,0.011448275862068966,0.009,215976,175808,240168.5393258427
288690,76815,0.01310344827586207,0.011448275862068966,0.012,213406,161316,240168.5393258427
300922,71060,0.01310344827586207,0.011448275862068966,0.015,211927,149078,240168.5393258427
259540,100092,0.01310344827586207,0.01186206896551724,0.006,216170,190461,236187.8453038674
276381,91415,0.01310344827586207,0.01186206896551724,0.009,212103,173619,236187.8453038674
290448,87211,0.01310344827586207,0.01186206896551724,0.012,208984,159559,236187.8453038674
302410,73093,0.01310344827586207,0.01186206896551724,0.015,209761,147597,236187.8453038674
262032,106844,0.01310344827586207,0.012275862068965518,0.006,212712,187972,232336.95652173914
278518,93662,0.01310344827586207,0.012275862068965518,0.009,209614,171484,232336.95652173914
292258,87097,0.01310344827586207,0.012275862068965518,0.012,207266,157748,232336.95652173914
303914,83872,0.01310344827586207,0.012275862068965518,0.015,205308,146090,232336.95652173914
264469,110841,0.01310344827586207,0.012689655172413793,0.006,209740,185534,228609.62566844927
280487,108272,0.01310344827586207,0.012689655172413793,0.009,204658,169518,228609.62566844927
293946,97204,0.01310344827586207,0.012689655172413793,0.012,203144,156056,228609.62566844927
305446,92770,0.01310344827586207,0.012689655172413793,0.015,201401,144554,228609.62566844927
266858,130363,0.01310344827586207,0.01310344827586207,0.006,204380,183144,225000.0
282529,113684,0.01310344827586207,0.01310344827586207,0.009,201631,167472,225000.0
295635,107646,0.01310344827586207,0.01310344827586207,0.012,198898,154371,225000.0
306874,96507,0.01310344827586207,0.01310344827586207,0.015,198936,143129,225000.0
269176,131703,0.01310344827586207,0.013517241379310345,0.006,202048,180827,221502.59067357515
284412,125228,0.01310344827586207,0.013517241379310345,0.009,197490,165592,221502.59067357515
297328,107792,0.01310344827586207,0.013517241379310345,0.012,197302,152679,221502.59067357515
308352,104685,0.01310344827586207,0.013517241379310345,0.015,195252,141650,221502.59067357515
271484,137795,0.01310344827586207,0.01393103448275862,0.006,198893,178520,218112.2448979592
286360,121057,0.01310344827586207,0.01393103448275862,0.009,196466,163645,218112.2448979592
298959,117374,0.01310344827586207,0.01393103448275862,0.012,193416,151043,218112.2448979592
309667,109543,0.01310344827586207,0.01393103448275862,0.015,192567,140339,218112.2448979592
273671,144355,0.01310344827586207,0.014344827586206896,0.006,195799,176330,214824.1206030151
288199,134053,0.01310344827586207,0.014344827586206896,0.009,192054,161802,214824.1206030151
300524,130364,0.01310344827586207,0.014344827586206896,0.012,188952,149484,214824.1206030151
311077,117707,0.01310344827586207,0.014344827586206896,0.015,189106,138931,214824.1206030151
275893,151267,0.01310344827586207,0.014758620689655172,0.006,192786,174112,211633.66336633664
290019,138862,0.01310344827586207,0.014758620689655172,0.009,189410,159989,211633.66336633664
302033,123782,0.01310344827586207,0.014758620689655172,0.012,188915,147971,211633.66336633664
312463,128099,0.01310344827586207,0.014758620689655172,0.015,185037,137543,211633.66336633664
277919,156570,0.01310344827586207,0.015172413793103448,0.006,189865,172086,208536.58536585365
291764,143625,0.01310344827586207,0.015172413793103448,0.009,186823,158241,208536.58536585365
303570,138309,0.01310344827586207,0.015172413793103448,0.012,184062,146431,208536.58536585365
313776,127045,0.01310344827586207,0.015172413793103448,0.015,183953,136230,208536.58536585365
279966,154170,0.01310344827586207,0.015586206896551724,0.006,188416,170037,205528.84615384619
293501,148810,0.01310344827586207,0.015586206896551724,0.009,184042,156503,205528.84615384619
305047,141725,0.01310344827586207,0.015586206896551724,0.012,181906,144958,205528.84615384619
315067,127864,0.01310344827586207,0.015586206896551724,0.015,182512,134936,205528.84615384619
281979,161008,0.01310344827586207,0.016,0.006,185451,168022,202606.63507109004
295275,157324,0.01310344827586207,0.016,0.009,180840,154731,202606.63507109004
306568,141728,0.01310344827586207,0.016,0.012,180466,143438,202606.63507109004
316264,143954,0.01310344827586207,0.016,0.015,177174,133738,202606.63507109004
191331,2664,0.013517241379310345,0.004,0.006,296832,258669,347244.0944881889
220562,3853,0.013517241379310345,0.004,0.009,284023,229440,347244.0944881889
243859,4821,0.013517241379310345,0.004,0.012,274829,206142,347244.0944881889
262876,6470,0.013517241379310345,0.004,0.015,267632,187127,347244.0944881889
195753,5508,0.013517241379310345,0.004413793103448276,0.006,292134,254250,339230.76923076925
224112,5922,0.013517241379310345,0.004413793103448276,0.009,280257,225889,339230.76923076925
246785,5380,0.013517241379310345,0.004413793103448276,0.012,271961,203215,339230.76923076925
265315,8263,0.013517241379310345,0.004413793103448276,0.015,264748,184691,339230.76923076925
200057,4069,0.013517241379310345,0.004827586206896552,0.006,288446,249945,331578.94736842107
227491,6317,0.013517241379310345,0.004827586206896552,0.009,276902,222512,331578.94736842107
249518,8258,0.013517241379310345,0.004827586206896552,0.012,268497,200484,331578.94736842107
267567,8482,0.013517241379310345,0.004827586206896552,0.015,262424,182439,331578.94736842107
204269,8980,0.013517241379310345,0.005241379310344827,0.006,283600,245733,324264.7058823529
230818,6205,0.013517241379310345,0.005241379310344827,0.009,273882,219185,324264.7058823529
252230,9414,0.013517241379310345,0.005241379310344827,0.012,265591,197775,324264.7058823529
269778,10860,0.013517241379310345,0.005241379310344827,0.015,259474,180223,324264.7058823529
208274,12893,0.013517241379310345,0.005655172413793104,0.006,279033,241729,317266.1870503597
234097,9871,0.013517241379310345,0.005655172413793104,0.009,269943,215907,317266.1870503597
254802,12072,0.013517241379310345,0.005655172413793104,0.012,262258,195199,317266.1870503597
271982,11960,0.013517241379310345,0.005655172413793104,0.015,256919,178023,317266.1870503597
212227,18039,0.013517241379310345,0.006068965517241379,0.006,274485,237772,310563.38028169016
237180,10909,0.013517241379310345,0.006068965517241379,0.009,266688,212823,310563.38028169016
257366,14017,0.013517241379310345,0.006068965517241379,0.012,259235,192634,310563.38028169016
274066,13165,0.013517241379310345,0.006068965517241379,0.015,254435,175937,310563.38028169016
216036,12986,0.013517241379310345,0.006482758620689655,0.006,271746,233963,304137.9310344827
240251,14655,0.013517241379310345,0.006482758620689655,0.009,262895,209749,304137.9310344827
259875,14784,0.013517241379310345,0.006482758620689655,0.012,256588,190130,304137.9310344827
276237,13884,0.013517241379310345,0.006482758620689655,0.015,252101,173766,304137.9310344827
219718,19881,0.013517241379310345,0.006896551724137931,0.006,266999,230282,297972.97297297296
243207,14742,0.013517241379310345,0.006896551724137931,0.009,260055,206793,297972.97297297296
262322,15575,0.013517241379310345,0.006896551724137931,0.012,253976,187682,297972.97297297296
278207,17587,0.013517241379310345,0.006896551724137931,0.015,248935,171798,297972.97297297296
223193,23841,0.013517241379310345,0.007310344827586207,0.006,262990,226808,292052.9801324503
246059,19779,0.013517241379310345,0.007310344827586207,0.009,256153,203947,292052.9801324503
264647,20557,0.013517241379310345,0.007310344827586207,0.012,250324,185356,292052.9801324503
280201,23045,0.013517241379310345,0.007310344827586207,0.015,245326,169800,292052.9801324503
226696,25195,0.013517241379310345,0.007724137931034483,0.006,259407,223305,286363.63636363635
248833,24757,0.013517241379310345,0.007724137931034483,0.009,252238,201170,286363.63636363635
267038,22494,0.013517241379310345,0.007724137931034483,0.012,247490,182965,286363.63636363635
282110,24553,0.013517241379310345,0.007724137931034483,0.015,242880,167893,286363.63636363635
230050,39024,0.013517241379310345,0.008137931034482758,0.006,253744,219950,280891.7197452229
251504,27865,0.013517241379310345,0.008137931034482758,0.009,248904,198497,280891.7197452229
269203,26289,0.013517241379310345,0.008137931034482758,0.012,244261,180798,280891.7197452229
284001,26271,0.013517241379310345,0.008137931034482758,0.015,240370,166004,280891.7197452229
233300,47524,0.013517241379310345,0.008551724137931035,0.006,249293,216700,275625.0
254156,32195,0.013517241379310345,0.008551724137931035,0.009,245419,195848,275625.0
271404,29744,0.013517241379310345,0.008551724137931035,0.012,241150,178597,275625.0
285853,31993,0.013517241379310345,0.008551724137931035,0.015,236882,164151,275625.0
236428,55206,0.013517241379310345,0.00896551724137931,0.006,244985,213572,270552.14723926375
256737,42490,0.013517241379310345,0.00896551724137931,0.009,240535,193267,270552.14723926375
273586,36350,0.013517241379310345,0.00896551724137931,0.012,237329,176419,270552.14723926375
287732,36861,0.013517241379310345,0.00896551724137931,0.015,233578,162271,270552.14723926375
239429,55160,0.013517241379310345,0.009379310344827585,0.006,241940,210574,265662.6506024096
259232,51480,0.013517241379310345,0.009379310344827585,0.009,236189,190771,265662.6506024096
275635,43489,0.013517241379310345,0.009379310344827585,0.012,233400,174367,265662.6506024096
289436,37772,0.013517241379310345,0.009379310344827585,0.015,231535,160568,265662.6506024096
242422,70524,0.013517241379310345,0.009793103448275862,0.006,236609,207583,260946.74556213018
261753,55532,0.013517241379310345,0.009793103448275862,0.009,232944,188253,260946.74556213018
277679,52343,0.013517241379310345,0.009793103448275862,0.012,229126,172324,260946.74556213018
291197,50147,0.013517241379310345,0.009793103448275862,0.015,226232,158806,260946.74556213018
245334,63767,0.013517241379310345,0.010206896551724139,0.006,234879,204666,256395.3488372093
264119,62978,0.013517241379310345,0.010206896551724139,0.009,229049,185887,256395.3488372093
279676,57266,0.013517241379310345,0.010206896551724139,0.012,225844,170328,256395.3488372093
292870,53367,0.013517241379310345,0.010206896551724139,0.015,223558,157134,256395.3488372093
248137,85513,0.013517241379310345,0.010620689655172414,0.006,228683,201867,252000.0
266431,73929,0.013517241379310345,0.010620689655172414,0.009,224397,183574,252000.0
281657,62744,0.013517241379310345,0.010620689655172414,0.012,222570,168344,252000.0
294603,55024,0.013517241379310345,0.010620689655172414,0.015,221404,155403,252000.0
250868,93858,0.013517241379310345,0.011034482758620689,0.006,224756,199134,247752.80898876404
268711,73626,0.013517241379310345,0.011034482758620689,0.009,222279,181295,247752.80898876404
283532,65556,0.013517241379310345,0.011034482758620689,0.012,219953,166472,247752.80898876404
296151,63636,0.013517241379310345,0.011034482758620689,0.015,217376,153853,247752.80898876404
253510,89403,0.013517241379310345,0.011448275862068966,0.006,222872,196495,243646.40883977897
270852,91070,0.013517241379310345,0.011448275862068966,0.009,216483,179151,243646.40883977897
285395,72561,0.013517241379310345,0.011448275862068966,0.012,216382,164609,243646.40883977897
297830,70763,0.013517241379310345,0.011448275862068966,0.015,213858,152173,243646.40883977897
256150,100280,0.013517241379310345,0.01186206896551724,0.006,218753,193855,239673.9130434782
273044,82324,0.013517241379310345,0.01186206896551724,0.009,216278,176957,239673.9130434782
287305,81828,0.013517241379310345,0.01186206896551724,0.012,212280,162697,239673.9130434782
299306,68281,0.013517241379310345,0.01186206896551724,0.015,212877,150697,239673.9130434782
258649,106931,0.013517241379310345,0.012275862068965518,0.006,215182,191353,235828.87700534755
275160,87129,0.013517241379310345,0.012275862068965518,0.009,213250,174840,235828.87700534755
289003,82423,0.013517241379310345,0.012275862068965518,0.012,210433,161001,235828.87700534755
300841,77888,0.013517241379310345,0.012275862068965518,0.015,208708,149163,235828.87700534755
261147,103596,0.013517241379310345,0.012689655172413793,0.006,213370,188853,232105.26315789472
277173,103490,0.013517241379310345,0.012689655172413793,0.009,207832,172828,232105.26315789472
290826,92877,0.013517241379310345,0.012689655172413793,0.012,206218,159179,232105.26315789472
302330,90661,0.013517241379310345,0.012689655172413793,0.015,203802,147673,232105.26315789472
263537,117133,0.013517241379310345,0.01310344827586207,0.006,208984,186463,228497.40932642485
279259,109411,0.013517241379310345,0.01310344827586207,0.009,204800,170746,228497.40932642485
292497,100355,0.013517241379310345,0.01310344827586207,0.012,202778,157508,228497.40932642485
303796,90094,0.013517241379310345,0.01310344827586207,0.015,202437,146209,228497.40932642485
265824,123653,0.013517241379310345,0.013517241379310345,0.006,205874,184177,225000.0
281210,105569,0.013517241379310345,0.013517241379310345,0.009,203704,168796,225000.0
294129,109483,0.013517241379310345,0.013517241379310345,0.012,198944,155876,225000.0
305238,92352,0.013517241379310345,0.013517241379310345,0.015,200392,144767,225000.0
268094,129407,0.013517241379310345,0.01393103448275862,0.006,202858,181911,221608.040201005
283080,119222,0.013517241379310345,0.01393103448275862,0.009,199136,166922,221608.040201005
295753,113864,0.013517241379310345,0.01393103448275862,0.012,196342,154250,221608.040201005
306662,104859,0.013517241379310345,0.01393103448275862,0.015,195702,143343,221608.040201005
270336,134188,0.013517241379310345,0.014344827586206896,0.006,199896,179666,218316.8316831683
284952,126949,0.013517241379310345,0.014344827586206896,0.009,195775,165051,218316.8316831683
297381,120238,0.013517241379310345,0.014344827586206896,0.012,193322,152626,218316.8316831683
308089,106740,0.013517241379310345,0.014344827586206896,0.015,193789,141919,218316.8316831683
272563,137656,0.013517241379310345,0.014758620689655172,0.006,197461,177440,215121.95121951218
286764,135127,0.013517241379310345,0.014758620689655172,0.009,192507,163242,215121.95121951218
298936,129284,0.013517241379310345,0.014758620689655172,0.012,189641,151069,215121.95121951218
309393,115449,0.013517241379310345,0.014758620689655172,0.015,190123,140614,215121.95121951218
274628,149645,0.013517241379310345,0.015172413793103448,0.006,193606,175379,212019.23076923075
288571,134152,0.013517241379310345,0.015172413793103448,0.009,190887,161431,212019.23076923075
300472,130916,0.013517241379310345,0.015172413793103448,0.012,187887,149530,212019.23076923075
310796,115961,0.013517241379310345,0.015172413793103448,0.015,188707,139212,212019.23076923075
276741,144599,0.013517241379310345,0.015586206896551724,0.006,192365,173262,209004.73933649287
290389,145060,0.013517241379310345,0.015586206896551724,0.009,187234,159617,209004.73933649287
301956,133002,0.013517241379310345,0.015586206896551724,0.012,185929,148048,209004.73933649287
312038,122648,0.013517241379310345,0.015586206896551724,0.015,185658,137967,209004.73933649287
278769,152465,0.013517241379310345,0.016,0.006,189247,171234,206074.76635514013
292031,149533,0.013517241379310345,0.016,0.009,184629,157974,206074.76635514013
303493,146138,0.013517241379310345,0.016,0.012,181561,146507,206074.76635514013
313334,143701,0.013517241379310345,0.016,0.015,179078,136673,206074.76635514013
187946,2730,0.01393103448275862,0.004,0.006,298912,262054,349615.38461538457
217227,3593,0.01393103448275862,0.004,0.009,285990,232776,349615.38461538457
240563,5223,0.01393103448275862,0.004,0.012,276435,209437,349615.38461538457
259657,7008,0.01393103448275862,0.004,0.015,269046,190346,349615.38461538457
192488,3036,0.01393103448275862,0.004413793103448276,0.006,294707,257512,341729.32330827066
220659,5095,0.01393103448275862,0.004413793103448276,0.009,282385,229343,341729.32330827066
243395,5577,0.01393103448275862,0.004413793103448276,0.012,273635,206605,341729.32330827066
261966,6760,0.01393103448275862,0.004413793103448276,0.015,266802,188038,341729.32330827066
196805,5403,0.01393103448275862,0.004827586206896552,0.006,290369,253195,334191.1764705882
224117,6297,0.01393103448275862,0.004827586206896552,0.009,278916,225885,334191.1764705882
246132,6986,0.01393103448275862,0.004827586206896552,0.012,270578,203868,334191.1764705882
264238,8035,0.01393103448275862,0.004827586206896552,0.015,264125,185766,334191.1764705882
200968,7253,0.01393103448275862,0.005241379310344827,0.006,286145,249032,326978.417266187
227439,7260,0.01393103448275862,0.005241379310344827,0.009,275504,222559,326978.417266187
248913,9005,0.01393103448275862,0.005241379310344827,0.012,267433,201090,326978.417266187
266488,10103,0.01393103448275862,0.005241379310344827,0.015,261275,183515,326978.417266187
204965,7407,0.01393103448275862,0.005655172413793104,0.006,282377,245034,320070.42253521126
230690,8951,0.01393103448275862,0.005655172413793104,0.009,272124,219310,320070.42253521126
251467,9257,0.01393103448275862,0.005655172413793104,0.012,264837,198537,320070.42253521126
268752,11307,0.01393103448275862,0.005655172413793104,0.015,258769,181254,320070.42253521126
208836,11511,0.01393103448275862,0.006068965517241379,0.006,277936,241166,313448.275862069
233767,9392,0.01393103448275862,0.006068965517241379,0.009,269038,216236,313448.275862069
254051,12012,0.01393103448275862,0.006068965517241379,0.012,261533,195954,313448.275862069
270837,12454,0.01393103448275862,0.006068965517241379,0.015,256248,179167,313448.275862069
212652,10708,0.01393103448275862,0.006482758620689655,0.006,274511,237347,307094.5945945946
236871,11970,0.01393103448275862,0.006482758620689655,0.009,265494,213135,307094.5945945946
256602,14593,0.01393103448275862,0.006482758620689655,0.012,258487,193403,307094.5945945946
272959,13754,0.01393103448275862,0.006482758620689655,0.015,253762,177045,307094.5945945946
216303,16799,0.01393103448275862,0.006896551724137931,0.006,269966,233698,300993.37748344365
239789,14642,0.01393103448275862,0.006896551724137931,0.009,262093,210215,300993.37748344365
259009,15209,0.01393103448275862,0.006896551724137931,0.012,255906,190992,300993.37748344365
275018,19703,0.01393103448275862,0.006896551724137931,0.015,249899,174987,300993.37748344365
219854,23106,0.01393103448275862,0.007310344827586207,0.006,265440,230146,295129.87012987013
242636,17261,0.01393103448275862,0.007310344827586207,0.009,258740,207363,295129.87012987013
261382,18534,0.01393103448275862,0.007310344827586207,0.012,252645,188620,295129.87012987013
276968,17884,0.01393103448275862,0.007310344827586207,0.015,248452,173035,295129.87012987013
223283,33299,0.01393103448275862,0.007724137931034483,0.006,260363,226719,289490.4458598726
245431,28188,0.01393103448275862,0.007724137931034483,0.009,253554,204572,289490.4458598726
263704,21442,0.01393103448275862,0.007724137931034483,0.012,249641,186301,289490.4458598726
278925,21235,0.01393103448275862,0.007724137931034483,0.015,245497,171078,289490.4458598726
226655,34653,0.01393103448275862,0.008137931034482758,0.006,256920,223345,284062.5
248174,26516,0.01393103448275862,0.008137931034482758,0.009,251330,201830,284062.5
265949,25710,0.01393103448275862,0.008137931034482758,0.012,246253,184053,284062.5
280834,25491,0.01393103448275862,0.008137931034482758,0.015,242282,169167,284062.5
229829,48733,0.01393103448275862,0.008551724137931035,0.006,251350,220174,278834.35582822084
250880,29668,0.01393103448275862,0.008551724137931035,0.009,248002,199120,278834.35582822084
268197,25912,0.01393103448275862,0.008551724137931035,0.012,243959,181803,278834.35582822084
282780,29204,0.01393103448275862,0.008551724137931035,0.015,239312,167223,278834.35582822084
233063,45336,0.01393103448275862,0.00896551724137931,0.006,249053,216942,273795.1807228915
253482,43642,0.01393103448275862,0.00896551724137931,0.009,242486,196519,273795.1807228915
270305,36527,0.01393103448275862,0.00896551724137931,0.012,239124,179698,273795.1807228915
284542,33191,0.01393103448275862,0.00896551724137931,0.015,236333,165464,273795.1807228915
236053,48734,0.01393103448275862,0.009379310344827585,0.006,245456,213946,268934.91124260356
255993,47116,0.01393103448275862,0.009379310344827585,0.009,239274,194007,268934.91124260356
272406,38718,0.01393103448275862,0.009379310344827585,0.012,236491,177596,268934.91124260356
286338,36416,0.01393103448275862,0.009379310344827585,0.015,233602,163664,268934.91124260356
239027,67813,0.01393103448275862,0.009793103448275862,0.006,239490,210976,264244.1860465116
258386,47425,0.01393103448275862,0.009793103448275862,0.009,236851,191615,264244.1860465116
274469,44516,0.01393103448275862,0.009793103448275862,0.012,232957,175536,264244.1860465116
288101,41180,0.01393103448275862,0.009793103448275862,0.015,230446,161907,264244.1860465116
241957,68919,0.01393103448275862,0.010206896551724139,0.006,236625,208046,259714.2857142857
260757,59592,0.01393103448275862,0.010206896551724139,0.009,231838,189244,259714.2857142857
276559,52306,0.01393103448275862,0.010206896551724139,0.012,228999,173444,259714.2857142857
289834,47093,0.01393103448275862,0.010206896551724139,0.015,227074,160173,259714.2857142857
244781,69551,0.01393103448275862,0.010620689655172414,0.006,233715,205223,255337.07865168538
263119,61226,0.01393103448275862,0.010620689655172414,0.009,229307,186881,255337.07865168538
278495,52319,0.01393103448275862,0.010620689655172414,0.012,227062,171505,255337.07865168538
291453,51380,0.01393103448275862,0.010620689655172414,0.015,224135,158552,255337.07865168538
247494,83030,0.01393103448275862,0.011034482758620689,0.006,228956,202510,251104.97237569065
265422,74500,0.01393103448275862,0.011034482758620689,0.009,224335,184584,251104.97237569065
280380,58050,0.01393103448275862,0.011034482758620689,0.012,223776,169625,251104.97237569065
293121,58589,0.01393103448275862,0.011034482758620689,0.015,220459,156887,251104.97237569065
250162,90912,0.01393103448275862,0.011448275862068966,0.006,225176,199839,247010.86956521735
267619,78367,0.01393103448275862,0.011448275862068966,0.009,221398,182382,247010.86956521735
282274,75292,0.01393103448275862,0.011448275862068966,0.012,217704,167734,247010.86956521735
294748,64718,0.01393103448275862,0.011448275862068966,0.015,217177,155259,247010.86956521735
252829,93024,0.01393103448275862,0.01186206896551724,0.006,222276,197171,243048.12834224597
269824,85680,0.01393103448275862,0.01186206896551724,0.009,217736,180176,243048.12834224597
284097,76658,0.01393103448275862,0.01186206896551724,0.012,215587,165909,243048.12834224597
296356,65905,0.01393103448275862,0.01186206896551724,0.015,215252,153650,243048.12834224597
255290,106586,0.01393103448275862,0.012275862068965518,0.006,217844,194713,239210.52631578947
271923,87891,0.01393103448275862,0.012275862068965518,0.009,215310,178077,239210.52631578947
285950,87461,0.01393103448275862,0.012275862068965518,0.012,211191,164054,239210.52631578947
297803,79027,0.01393103448275862,0.012275862068965518,0.015,210171,152201,239210.52631578947
257759,100843,0.01393103448275862,0.012689655172413793,0.006,216420,192244,235492.22797927467
274033,105616,0.01393103448275862,0.012689655172413793,0.009,209759,175970,235492.22797927467
287625,88214,0.01393103448275862,0.012689655172413793,0.012,209316,162377,235492.22797927467
299364,79903,0.01393103448275862,0.012689655172413793,0.015,208438,150636,235492.22797927467
260180,115163,0.01393103448275862,0.01310344827586207,0.006,211827,189825,231887.7551020408
276025,102347,0.01393103448275862,0.01310344827586207,0.009,208442,173975,231887.7551020408
289360,96049,0.01393103448275862,0.01310344827586207,0.012,205698,160644,231887.7551020408
300817,86119,0.01393103448275862,0.01310344827586207,0.015,205295,149190,231887.7551020408
262602,121890,0.01393103448275862,0.013517241379310345,0.006,208606,187402,228391.95979899497
277981,110294,0.01393103448275862,0.013517241379310345,0.009,204941,172025,228391.95979899497
291033,97632,0.01393103448275862,0.013517241379310345,0.012,203684,158972,228391.95979899497
302278,97776,0.01393103448275862,0.013517241379310345,0.015,200727,147725,228391.95979899497
264806,121152,0.01393103448275862,0.01393103448275862,0.006,206616,185196,225000.0
279878,112981,0.01393103448275862,0.01393103448275862,0.009,202640,170125,225000.0
292761,108097,0.01393103448275862,0.01393103448275862,0.012,199679,157240,225000.0
303738,97673,0.01393103448275862,0.01393103448275862,0.015,199334,146270,225000.0
267116,132473,0.01393103448275862,0.014344827586206896,0.006,202867,182884,221707.31707317074
281794,124445,0.01393103448275862,0.014344827586206896,0.009,198527,168206,221707.31707317074
294301,118693,0.01393103448275862,0.014344827586206896,0.012,195616,155703,221707.31707317074
305088,99640,0.01393103448275862,0.014344827586206896,0.015,197406,144914,221707.31707317074
269233,138965,0.01393103448275862,0.014758620689655172,0.006,199718,180770,218509.61538461538
283683,129394,0.01393103448275862,0.014758620689655172,0.009,195800,166323,218509.61538461538
295884,122201,0.01393103448275862,0.014758620689655172,0.012,193374,154120,218509.61538461538
306473,112902,0.01393103448275862,0.014758620689655172,0.015,192661,143532,218509.61538461538
271390,138868,0.01393103448275862,0.015172413793103448,0.006,197832,178611,215402.84360189573
285444,124129,0.01393103448275862,0.015172413793103448,0.009,195168,164561,215402.84360189573
297463,124587,0.01393103448275862,0.015172413793103448,0.012,191261,152538,215402.84360189573
307813,121164,0.01393103448275862,0.015172413793103448,0.015,189138,142192,215402.84360189573
273494,145954,0.01393103448275862,0.015586206896551724,0.006,194670,176506,212383.17757009345
287198,134492,0.01393103448275862,0.015586206896551724,0.009,191407,162807,212383.17757009345
298961,135132,0.01393103448275862,0.015586206896551724,0.012,187411,151042,212383.17757009345
309205,126297,0.01393103448275862,0.015586206896551724,0.015,186537,140797,212383.17757009345
275467,152007,0.01393103448275862,0.016,0.006,191898,174536,209447.0046082949
288936,152377,0.01393103448275862,0.016,0.009,186338,161066,209447.0046082949
300478,139439,0.01393103448275862,0.016,0.012,185022,149522,209447.0046082949
310453,126459,0.01393103448275862,0.016,0.015,185293,139548,209447.0046082949
184775,2327,0.014344827586206896,0.004,0.006,301029,265225,351879.69924812025
213876,2776,0.014344827586206896,0.004,0.009,288028,236127,351879.69924812025
237285,4593,0.014344827586206896,0.004,0.012,278340,212715,351879.69924812025
256347,5610,0.014344827586206896,0.004,0.015,271007,193656,351879.69924812025
189194,2750,0.014344827586206896,0.004413793103448276,0.006,296898,260807,344117.6470588235
217379,4168,0.014344827586206896,0.004413793103448276,0.009,284523,232623,344117.6470588235
240095,4854,0.014344827586206896,0.004413793103448276,0.012,275547,209905,344117.6470588235
258744,6652,0.014344827586206896,0.004413793103448276,0.015,268402,191257,344117.6470588235
193495,4004,0.014344827586206896,0.004827586206896552,0.006,292785,256505,336690.6474820144
220870,4826,0.014344827586206896,0.004827586206896552,0.009,281142,229130,336690.6474820144
242886,7332,0.014344827586206896,0.004827586206896552,0.012,272190,207116,336690.6474820144
261086,8631,0.014344827586206896,0.004827586206896552,0.015,265504,188919,336690.6474820144
197617,6615,0.014344827586206896,0.005241379310344827,0.006,288331,252383,329577.4647887324
224112,5167,0.014344827586206896,0.005241379310344827,0.009,277977,225891,329577.4647887324
245618,8715,0.014344827586206896,0.005241379310344827,0.012,269246,204388,329577.4647887324
263313,9318,0.014344827586206896,0.005241379310344827,0.015,263087,186689,329577.4647887324
201710,6945,0.014344827586206896,0.005655172413793104,0.006,284607,248289,322758.6206896552
227410,9425,0.014344827586206896,0.005655172413793104,0.009,273931,222595,322758.6206896552
248241,10264,0.014344827586206896,0.005655172413793104,0.012,266307,201764,322758.6206896552
265504,10590,0.014344827586206896,0.005655172413793104,0.015,260491,184499,322758.6206896552
205533,9741,0.014344827586206896,0.006068965517241379,0.006,280446,244467,316216.2162162162
230550,9370,0.014344827586206896,0.006068965517241379,0.009,271008,219451,316216.2162162162
250826,10513,0.014344827586206896,0.006068965517241379,0.012,263686,199174,316216.2162162162
267701,13278,0.014344827586206896,0.006068965517241379,0.015,257555,182305,316216.2162162162
209364,13267,0.014344827586206896,0.006482758620689655,0.006,276220,240637,309933.77483443706
233517,15669,0.014344827586206896,0.006482758620689655,0.009,266683,216483,309933.77483443706
253329,11296,0.014344827586206896,0.006482758620689655,0.012,261057,196672,309933.77483443706
269795,13523,0.014344827586206896,0.006482758620689655,0.015,255395,180205,309933.77483443706
212980,19419,0.014344827586206896,0.006896551724137931,0.006,271678,237023,303896.1038961039
236480,12075,0.014344827586206896,0.006896551724137931,0.009,264673,213523,303896.1038961039
255823,16862,0.014344827586206896,0.006896551724137931,0.012,257213,194183,303896.1038961039
271875,13396,0.014344827586206896,0.006896551724137931,0.015,253391,178130,303896.1038961039
216584,18623,0.014344827586206896,0.007310344827586207,0.006,268498,233416,298089.1719745223
239367,18617,0.014344827586206896,0.007310344827586207,0.009,260364,210636,298089.1719745223
258172,16191,0.014344827586206896,0.007310344827586207,0.012,255065,191832,298089.1719745223
273842,18892,0.014344827586206896,0.007310344827586207,0.015,249747,176162,298089.1719745223
220017,19611,0.014344827586206896,0.007724137931034483,0.006,265108,229983,292500.0
242185,20463,0.014344827586206896,0.007724137931034483,0.009,257320,207815,292500.0
260476,22329,0.014344827586206896,0.007724137931034483,0.012,251195,189525,292500.0
275849,21377,0.014344827586206896,0.007724137931034483,0.015,247051,174151,292500.0
223290,33309,0.014344827586206896,0.008137931034482758,0.006,259478,226712,287116.5644171779
244961,28811,0.014344827586206896,0.008137931034482758,0.009,252830,205039,287116.5644171779
262750,24740,0.014344827586206896,0.008137931034482758,0.012,248324,187255,287116.5644171779
277728,24167,0.014344827586206896,0.008137931034482758,0.015,244312,172274,287116.5644171779
226624,38715,0.014344827586206896,0.008551724137931035,0.006,255538,223378,281927.71084337344
247572,30643,0.014344827586206896,0.008551724137931035,0.009,249804,202431,281927.71084337344
264988,27089,0.014344827586206896,0.008551724137931035,0.012,245484,185017,281927.71084337344
279622,27869,0.014344827586206896,0.008551724137931035,0.015,241356,170379,281927.71084337344
229767,37602,0.014344827586206896,0.00896551724137931,0.006,252762,220233,276923.07692307694
250182,35480,0.014344827586206896,0.00896551724137931,0.009,246329,199819,276923.07692307694
267192,32599,0.014344827586206896,0.00896551724137931,0.012,241948,182814,276923.07692307694
281528,29141,0.014344827586206896,0.00896551724137931,0.015,239122,168473,276923.07692307694
232791,50299,0.014344827586206896,0.009379310344827585,0.006,247674,217211,272093.023255814
252738,45873,0.014344827586206896,0.009379310344827585,0.009,241613,197262,272093.023255814
269274,35346,0.014344827586206896,0.009379310344827585,0.012,239189,180727,272093.023255814
283327,34456,0.014344827586206896,0.009379310344827585,0.015,235806,166678,272093.023255814
235748,50579,0.014344827586206896,0.009793103448275862,0.006,244785,214251,267428.5714285714
255152,50057,0.014344827586206896,0.009793103448275862,0.009,238309,194848,267428.5714285714
271323,43563,0.014344827586206896,0.009793103448275862,0.012,235067,178681,267428.5714285714
285023,39607,0.014344827586206896,0.009793103448275862,0.015,232505,164978,267428.5714285714
238641,64659,0.014344827586206896,0.010206896551724139,0.006,239634,211359,262921.34831460676
257540,49874,0.014344827586206896,0.010206896551724139,0.009,236075,192463,262921.34831460676
273427,46614,0.014344827586206896,0.010206896551724139,0.012,232268,176573,262921.34831460676
286759,46616,0.014344827586206896,0.010206896551724139,0.015,228852,163246,262921.34831460676
241492,68215,0.014344827586206896,0.010620689655172414,0.006,236431,208513,258563.53591160226
259882,52629,0.014344827586206896,0.010620689655172414,0.009,233164,190119,258563.53591160226
275376,50447,0.014344827586206896,0.010620689655172414,0.012,229372,174629,258563.53591160226
288452,49941,0.014344827586206896,0.010620689655172414,0.015,226215,161550,258563.53591160226
244268,70815,0.014344827586206896,0.011034482758620689,0.006,233285,205732,254347.82608695654
262175,73998,0.014344827586206896,0.011034482758620689,0.009,226610,187828,254347.82608695654
277326,59995,0.014344827586206896,0.011034482758620689,0.012,225175,172680,254347.82608695654
290079,48446,0.014344827586206896,0.011034482758620689,0.015,224923,159924,254347.82608695654
246900,79906,0.014344827586206896,0.011448275862068966,0.006,229428,203103,250267.3796791444
264494,73586,0.014344827586206896,0.011448275862068966,0.009,224501,185509,250267.3796791444
279210,62051,0.014344827586206896,0.011448275862068966,0.012,222839,170790,250267.3796791444
291710,66633,0.014344827586206896,0.011448275862068966,0.015,218337,158293,250267.3796791444
249598,92939,0.014344827586206896,0.01186206896551724,0.006,224910,200405,246315.7894736842
266664,80568,0.014344827586206896,0.01186206896551724,0.009,220890,183342,246315.7894736842
281012,71380,0.014344827586206896,0.01186206896551724,0.012,218768,168993,246315.7894736842
293330,61212,0.014344827586206896,0.01186206896551724,0.015,218250,156672,246315.7894736842
252060,93146,0.014344827586206896,0.012275862068965518,0.006,222335,197943,242487.04663212431
268797,81104,0.014344827586206896,0.012275862068965518,0.009,218858,181203,242487.04663212431
282804,84997,0.014344827586206896,0.012275862068965518,0.012,213689,167200,242487.04663212431
294860,69512,0.014344827586206896,0.012275862068965518,0.015,214425,155141,242487.04663212431
254614,101677,0.014344827586206896,0.012689655172413793,0.006,218679,195389,238775.51020408163
270874,93359,0.014344827586206896,0.012689655172413793,0.009,214374,179126,238775.51020408163
284578,79946,0.014344827586206896,0.012689655172413793,0.012,213168,165426,238775.51020408163
296396,74628,0.014344827586206896,0.012689655172413793,0.015,211489,153604,238775.51020408163
257001,109812,0.014344827586206896,0.01310344827586207,0.006,215260,192999,235175.87939698494
272841,95950,0.014344827586206896,0.01310344827586207,0.009,211867,177162,235175.87939698494
286380,95646,0.014344827586206896,0.01310344827586207,0.012,207797,163620,235175.87939698494
297873,81611,0.014344827586206896,0.01310344827586207,0.015,208157,152130,235175.87939698494
259307,112028,0.014344827586206896,0.013517241379310345,0.006,212658,190696,231683.1683168317
274844,108598,0.014344827586206896,0.013517241379310345,0.009,207433,175158,231683.1683168317
288092,98593,0.014344827586206896,0.013517241379310345,0.012,205436,161911,231683.1683168317
299360,93917,0.014344827586206896,0.013517241379310345,0.015,203532,150645,231683.1683168317
261688,124155,0.014344827586206896,0.01393103448275862,0.006,208607,188313,228292.68292682926
276792,106961,0.014344827586206896,0.01393103448275862,0.009,205990,173213,228292.68292682926
289760,105330,0.014344827586206896,0.01393103448275862,0.012,202247,160245,228292.68292682926
300850,95886,0.014344827586206896,0.01393103448275862,0.015,201585,149156,228292.68292682926
263894,122534,0.014344827586206896,0.014344827586206896,0.006,206744,186110,225000.0
278761,116111,0.014344827586206896,0.014344827586206896,0.009,202424,171240,225000.0
291307,112142,0.014344827586206896,0.014344827586206896,0.012,199209,158694,225000.0
302263,98265,0.014344827586206896,0.014344827586206896,0.015,199541,147744,225000.0
266053,134416,0.014344827586206896,0.014758620689655172,0.006,202886,183950,221800.94786729856
280564,124475,0.014344827586206896,0.014758620689655172,0.009,198982,169437,221800.94786729856
292915,111612,0.014344827586206896,0.014758620689655172,0.012,197782,157084,221800.94786729856
303651,106633,0.014344827586206896,0.014758620689655172,0.015,196011,146355,221800.94786729856
268202,132336,0.014344827586206896,0.015172413793103448,0.006,201242,181799,218691.5887850467
282400,123796,0.014344827586206896,0.015172413793103448,0.009,197403,167600,218691.5887850467
294550,120561,0.014344827586206896,0.015172413793103448,0.012,194226,155455,218691.5887850467
304996,112743,0.014344827586206896,0.015172413793103448,0.015,193138,145005,218691.5887850467
270290,140517,0.014344827586206896,0.015586206896551724,0.006,198122,179713,215668.20276497697
284155,137258,0.014344827586206896,0.015586206896551724,0.009,193089,165850,215668.20276497697
296079,125649,0.014344827586206896,0.015586206896551724,0.012,191613,153922,215668.20276497697
306283,113359,0.014344827586206896,0.015586206896551724,0.015,191622,143722,215668.20276497697
272348,149341,0.014344827586206896,0.016,0.006,194846,177657,212727.2727272727
285898,138143,0.014344827586206896,0.016,0.009,191371,164107,212727.2727272727
297569,133045,0.014344827586206896,0.016,0.012,188405,152431,212727.2727272727
307604,126987,0.014344827586206896,0.016,0.015,186954,142400,212727.2727272727
181670,2490,0.014758620689655172,0.004,0.006,303042,268331,354044.1176470588
210706,3173,0.014758620689655172,0.004,0.009,289791,239297,354044.1176470588
234007,4498,0.014758620689655172,0.004,0.012,279999,215994,354044.1176470588
253242,5111,0.014758620689655172,0.004,0.015,272669,196762,354044.1176470588
186095,4089,0.014758620689655172,0.004413793103448276,0.006,298710,263902,346402.87769784173
214196,3514,0.014758620689655172,0.004413793103448276,0.009,286507,235807,346402.87769784173
236919,5657,0.014758620689655172,0.004413793103448276,0.012,276987,213084,346402.87769784173
255589,6115,0.014758620689655172,0.004413793103448276,0.015,270079,194415,346402.87769784173
190425,4343,0.014758620689655172,0.004827586206896552,0.006,294753,259577,339084.5070422535
217645,4484,0.014758620689655172,0.004827586206896552,0.009,283087,232356,339084.5070422535
239729,5959,0.014758620689655172,0.004827586206896552,0.012,274251,210275,339084.5070422535
257958,7611,0.014758620689655172,0.004827586206896552,0.015,267370,192047,339084.5070422535
194534,7262,0.014758620689655172,0.005241379310344827,0.006,290361,255463,332068.96551724133
220969,7619,0.014758620689655172,0.005241379310344827,0.009,279288,229036,332068.96551724133
242453,8458,0.014758620689655172,0.005241379310344827,0.012,271017,207550,332068.96551724133
260185,8259,0.014758620689655172,0.005241379310344827,0.015,264949,189818,332068.96551724133
198504,6557,0.014758620689655172,0.005655172413793104,0.006,286774,251496,325337.8378378378
224167,6744,0.014758620689655172,0.005655172413793104,0.009,276474,225833,325337.8378378378
245124,7524,0.014758620689655172,0.005655172413793104,0.012,268728,204880,325337.8378378378
262442,9551,0.014758620689655172,0.005655172413793104,0.015,262381,187559,325337.8378378378
202404,7826,0.014758620689655172,0.006068965517241379,0.006,282908,247599,318874.1721854305
227283,8465,0.014758620689655172,0.006068965517241379,0.009,273146,222720,318874.1721854305
247656,9102,0.014758620689655172,0.006068965517241379,0.012,265825,202349,318874.1721854305
264641,11300,0.014758620689655172,0.006068965517241379,0.015,259724,185359,318874.1721854305
206185,12611,0.014758620689655172,0.006482758620689655,0.006,278593,243819,312662.33766233764
230360,11233,0.014758620689655172,0.006482758620689655,0.009,269602,219644,312662.33766233764
250182,11284,0.014758620689655172,0.006482758620689655,0.012,262798,199819,312662.33766233764
266691,12595,0.014758620689655172,0.006482758620689655,0.015,257273,183312,312662.33766233764
209811,16956,0.014758620689655172,0.006896551724137931,0.006,274307,240191,306687.89808917197
233337,13471,0.014758620689655172,0.006896551724137931,0.009,266270,216666,306687.89808917197
252606,13093,0.014758620689655172,0.006896551724137931,0.012,259929,197397,306687.89808917197
268778,14598,0.014758620689655172,0.006896551724137931,0.015,254570,181227,306687.89808917197
213334,16720,0.014758620689655172,0.007310344827586207,0.006,271034,236669,300937.5
236177,13921,0.014758620689655172,0.007310344827586207,0.009,263408,213826,300937.5
255012,16463,0.014758620689655172,0.007310344827586207,0.012,256770,194990,300937.5
270788,15920,0.014758620689655172,0.007310344827586207,0.015,252187,179216,300937.5
216759,20359,0.014758620689655172,0.007724137931034483,0.006,267185,233244,295398.7730061349
239065,19136,0.014758620689655172,0.007724137931034483,0.009,259545,210938,295398.7730061349
257419,20090,0.014758620689655172,0.007724137931034483,0.012,253477,192584,295398.7730061349
272815,21449,0.014758620689655172,0.007724137931034483,0.015,248591,177186,295398.7730061349
220167,21574,0.014758620689655172,0.008137931034482758,0.006,263808,229837,290060.24096385535
241722,18727,0.014758620689655172,0.008137931034482758,0.009,257026,208281,290060.24096385535
259669,23189,0.014758620689655172,0.008137931034482758,0.012,250502,190331,290060.24096385535
274692,23595,0.014758620689655172,0.008137931034482758,0.015,246089,175309,290060.24096385535
223349,33905,0.014758620689655172,0.008551724137931035,0.006,258518,226648,284911.2426035503
244440,27479,0.014758620689655172,0.008551724137931035,0.009,252500,205564,284911.2426035503
261860,22691,0.014758620689655172,0.008551724137931035,0.012,248451,188142,284911.2426035503
276590,26979,0.014758620689655172,0.008551724137931035,0.015,243168,173414,284911.2426035503
226526,40504,0.014758620689655172,0.00896551724137931,0.006,254526,223477,279941.8604651162
246991,31271,0.014758620689655172,0.00896551724137931,0.009,249233,203009,279941.8604651162
264108,26756,0.014758620689655172,0.00896551724137931,0.012,245234,185896,279941.8604651162
278491,32297,0.014758620689655172,0.00896551724137931,0.015,239788,171516,279941.8604651162
229650,48594,0.014758620689655172,0.009379310344827585,0.006,250155,220352,275142.8571428571
249528,37085,0.014758620689655172,0.009379310344827585,0.009,245539,200472,275142.8571428571
266245,36880,0.014758620689655172,0.009379310344827585,0.012,240616,183756,275142.8571428571
280256,33138,0.014758620689655172,0.009379310344827585,0.015,237808,169749,275142.8571428571
232608,45384,0.014758620689655172,0.009793103448275862,0.006,247981,217392,270505.6179775281
251992,41946,0.014758620689655172,0.009793103448275862,0.009,242039,198009,270505.6179775281
268246,38982,0.014758620689655172,0.009793103448275862,0.012,238041,181757,270505.6179775281
282041,33228,0.014758620689655172,0.009793103448275862,0.015,235958,167964,270505.6179775281
235535,58010,0.014758620689655172,0.010206896551724139,0.006,243124,214465,266022.0994475138
254405,48080,0.014758620689655172,0.010206896551724139,0.009,238490,195599,266022.0994475138
270368,46969,0.014758620689655172,0.010206896551724139,0.012,234101,179635,266022.0994475138
283839,42524,0.014758620689655172,0.010206896551724139,0.015,231653,166161,266022.0994475138
238291,63155,0.014758620689655172,0.010620689655172414,0.006,239579,211713,261684.78260869565
256771,49036,0.014758620689655172,0.010620689655172414,0.009,235989,193234,261684.78260869565
272276,47051,0.014758620689655172,0.010620689655172414,0.012,232063,177727,261684.78260869565
285489,46538,0.014758620689655172,0.010620689655172414,0.015,228776,164516,261684.78260869565
241066,73072,0.014758620689655172,0.011034482758620689,0.006,235444,208934,257486.6310160428
259089,53184,0.014758620689655172,0.011034482758620689,0.009,232957,190913,257486.6310160428
274297,49206,0.014758620689655172,0.011034482758620689,0.012,229657,175706,257486.6310160428
287142,53557,0.014758620689655172,0.011034482758620689,0.015,225220,162862,257486.6310160428
243724,74141,0.014758620689655172,0.011448275862068966,0.006,232656,206279,253421.0526315789
261303,64163,0.014758620689655172,0.011448275862068966,0.009,228556,188700,253421.0526315789
276187,62319,0.014758620689655172,0.011448275862068966,0.012,224565,173814,253421.0526315789
288829,54160,0.014758620689655172,0.011448275862068966,0.015,223427,161171,253421.0526315789
246381,91839,0.014758620689655172,0.01186206896551724,0.006,227332,203623,249481.86528497408
263495,71342,0.014758620689655172,0.01186206896551724,0.009,224878,186508,249481.86528497408
278015,63806,0.014758620689655172,0.01186206896551724,0.012,222398,171991,249481.86528497408
290403,52885,0.014758620689655172,0.01186206896551724,0.015,222151,159602,249481.86528497408
248917,98059,0.014758620689655172,0.012275862068965518,0.006,223973,201082,245663.26530612243
265689,76667,0.014758620689655172,0.012275862068965518,0.009,221782,184316,245663.26530612243
279808,78108,0.014758620689655172,0.012275862068965518,0.012,217248,170196,245663.26530612243
292029,70592,0.014758620689655172,0.012275862068965518,0.015,215824,157975,245663.26530612243
251415,101479,0.014758620689655172,0.012689655172413793,0.006,221120,198586,241959.7989949749
267749,90878,0.014758620689655172,0.012689655172413793,0.009,216940,182251,241959.7989949749
281592,76200,0.014758620689655172,0.012689655172413793,0.012,215958,168411,241959.7989949749
293497,72719,0.014758620689655172,0.012689655172413793,0.015,213797,156506,241959.7989949749
253806,105540,0.014758620689655172,0.01310344827586207,0.006,218217,196197,238366.33663366333
269777,95296,0.014758620689655172,0.01310344827586207,0.009,214112,180226,238366.33663366333
283403,90802,0.014758620689655172,0.01310344827586207,0.012,210858,166597,238366.33663366333
295039,90870,0.014758620689655172,0.01310344827586207,0.015,207536,154961,238366.33663366333
256257,112926,0.014758620689655172,0.013517241379310345,0.006,214891,193747,234878.04878048776
271791,103938,0.014758620689655172,0.013517241379310345,0.009,210570,178210,234878.04878048776
285056,90184,0.014758620689655172,0.013517241379310345,0.012,209368,164947,234878.04878048776
296516,82537,0.014758620689655172,0.013517241379310345,0.015,208214,153492,234878.04878048776
258491,124005,0.014758620689655172,0.01393103448275862,0.006,211068,191512,231490.3846153846
273770,107666,0.014758620689655172,0.01393103448275862,0.009,208017,176236,231490.3846153846
286758,92668,0.014758620689655172,0.01393103448275862,0.012,207129,163242,231490.3846153846
297980,88362,0.014758620689655172,0.01393103448275862,0.015,205237,152028,231490.3846153846
260752,125654,0.014758620689655172,0.014344827586206896,0.006,208673,189249,228199.0521327014
275654,112814,0.014758620689655172,0.014344827586206896,0.009,205174,174349,228199.0521327014
288433,103747,0.014758620689655172,0.014344827586206896,0.012,203050,161573,228199.0521327014
299368,91516,0.014758620689655172,0.014344827586206896,0.015,203008,150633,228199.0521327014
262953,128346,0.014758620689655172,0.014758620689655172,0.006,206344,187049,225000.0
277521,118790,0.014758620689655172,0.014758620689655172,0.009,202306,172483,225000.0
290016,109020,0.014758620689655172,0.014758620689655172,0.012,200259,159984,225000.0
300840,105796,0.014758620689655172,0.014758620689655172,0.015,197934,149166,225000.0
265147,134860,0.014758620689655172,0.015172413793103448,0.006,203401,184860,221889.40092165893
279356,123228,0.014758620689655172,0.015172413793103448,0.009,199692,170647,221889.40092165893
291572,114798,0.014758620689655172,0.015172413793103448,0.012,197383,158433,221889.40092165893
302152,108884,0.014758620689655172,0.015172413793103448,0.015,195835,147852,221889.40092165893
267235,150069,0.014758620689655172,0.015586206896551724,0.006,199106,182770,218863.63636363632
281164,136280,0.014758620689655172,0.015586206896551724,0.009,195450,168838,218863.63636363632
293164,120582,0.014758620689655172,0.015586206896551724,0.012,194634,156843,218863.63636363632
303493,118836,0.014758620689655172,0.015586206896551724,0.015,191995,146511,218863.63636363632
269275,148648,0.014758620689655172,0.016,0.006,197439,180728,215919.2825112107
282966,135189,0.014758620689655172,0.016,0.009,194060,167034,215919.2825112107
294691,126851,0.014758620689655172,0.016,0.012,191849,155315,215919.2825112107
304822,127493,0.014758620689655172,0.016,0.015,188559,145183,215919.2825112107
178700,2120,0.015172413793103448,0.004,0.006,304998,271300,356115.1079136691
207593,3439,0.015172413793103448,0.004,0.009,291489,242410,356115.1079136691
230921,4301,0.015172413793103448,0.004,0.012,281650,219078,356115.1079136691
250169,4475,0.015172413793103448,0.004,0.015,274323,199834,356115.1079136691
183078,3013,0.015172413793103448,0.004413793103448276,0.006,300821,266923,348591.54929577466
211164,3785,0.015172413793103448,0.004413793103448276,0.009,288193,238836,348591.54929577466
233826,5222,0.015172413793103448,0.004413793103448276,0.012,278732,216175,348591.54929577466
252607,5665,0.015172413793103448,0.004413793103448276,0.015,271686,197396,348591.54929577466
187384,3025,0.015172413793103448,0.004827586206896552,0.006,296971,262616,341379.3103448276
214562,3936,0.015172413793103448,0.004827586206896552,0.009,285043,235438,341379.3103448276
236598,5149,0.015172413793103448,0.004827586206896552,0.012,276145,213406,341379.3103448276
254900,5882,0.015172413793103448,0.004827586206896552,0.015,269365,195105,341379.3103448276
191458,3602,0.015172413793103448,0.005241379310344827,0.006,293054,258542,334459.4594594595
217815,5355,0.015172413793103448,0.005241379310344827,0.009,281661,232187,334459.4594594595
239338,7114,0.015172413793103448,0.005241379310344827,0.012,273001,210664,334459.4594594595
257150,8470,0.015172413793103448,0.005241379310344827,0.015,266400,192851,334459.4594594595
195449,6116,0.015172413793103448,0.005655172413793104,0.006,288934,254553,327814.56953642383
221052,5877,0.015172413793103448,0.005655172413793104,0.009,278503,228950,327814.56953642383
242036,6900,0.015172413793103448,0.005655172413793104,0.012,270558,207964,327814.56953642383
259454,9186,0.015172413793103448,0.005655172413793104,0.015,264000,190547,327814.56953642383
199303,6956,0.015172413793103448,0.006068965517241379,0.006,285143,250700,321428.5714285714
224239,6561,0.015172413793103448,0.006068965517241379,0.009,275428,225764,321428.5714285714
244582,10598,0.015172413793103448,0.006068965517241379,0.012,267131,205423,321428.5714285714
261578,10009,0.015172413793103448,0.006068965517241379,0.015,261660,188424,321428.5714285714
203035,7807,0.015172413793103448,0.006482758620689655,0.006,281456,246968,315286.6242038217
227241,10335,0.015172413793103448,0.006482758620689655,0.009,271717,222757,315286.6242038217
247135,10426,0.015172413793103448,0.006482758620689655,0.012,264712,202871,315286.6242038217
263711,12280,0.015172413793103448,0.006482758620689655,0.015,258851,186291,315286.6242038217
206713,10766,0.015172413793103448,0.006896551724137931,0.006,277569,243289,309375.0
230192,12339,0.015172413793103448,0.006896551724137931,0.009,268369,219807,309375.0
249543,12735,0.015172413793103448,0.006896551724137931,0.012,261716,200457,309375.0
265760,13061,0.015172413793103448,0.006896551724137931,0.015,256605,184243,309375.0
210215,16328,0.015172413793103448,0.007310344827586207,0.006,273208,239787,303680.981595092
233106,15548,0.015172413793103448,0.007310344827586207,0.009,264973,216895,303680.981595092
252017,15146,0.015172413793103448,0.007310344827586207,0.012,258793,197983,303680.981595092
267854,14390,0.015172413793103448,0.007310344827586207,0.015,254175,182146,303680.981595092
213709,16542,0.015172413793103448,0.007724137931034483,0.006,270040,236292,298192.7710843373
235882,18965,0.015172413793103448,0.007724137931034483,0.009,261574,214117,298192.7710843373
254290,18944,0.015172413793103448,0.007724137931034483,0.012,255531,195713,298192.7710843373
269862,19186,0.015172413793103448,0.007724137931034483,0.015,250813,180141,298192.7710843373
217056,27142,0.015172413793103448,0.008137931034482758,0.006,265026,232944,292899.40828402364
238652,19583,0.015172413793103448,0.008137931034482758,0.009,258776,211349,292899.40828402364
256599,22371,0.015172413793103448,0.008137931034482758,0.012,252429,193403,292899.40828402364
271771,21129,0.015172413793103448,0.008137931034482758,0.015,248323,178229,292899.40828402364
220254,33995,0.015172413793103448,0.008551724137931035,0.006,260727,229747,287790.69767441857
241308,22843,0.015172413793103448,0.008551724137931035,0.009,255475,208696,287790.69767441857
258839,22882,0.015172413793103448,0.008551724137931035,0.012,250106,191166,287790.69767441857
273633,21644,0.015172413793103448,0.008551724137931035,0.015,246254,176370,287790.69767441857
223465,37910,0.015172413793103448,0.00896551724137931,0.006,257117,226535,282857.1428571429
243900,30795,0.015172413793103448,0.00896551724137931,0.009,251245,206100,282857.1428571429
261020,31229,0.015172413793103448,0.00896551724137931,0.012,245863,188982,282857.1428571429
275518,25351,0.015172413793103448,0.00896551724137931,0.015,243347,174487,282857.1428571429
226479,45114,0.015172413793103448,0.009379310344827585,0.006,253096,223518,278089.88764044945
246460,31504,0.015172413793103448,0.009379310344827585,0.009,248739,203544,278089.88764044945
263170,26068,0.015172413793103448,0.009379310344827585,0.012,245027,186835,278089.88764044945
277343,28020,0.015172413793103448,0.009379310344827585,0.015,240795,172662,278089.88764044945
229450,51239,0.015172413793103448,0.009793103448275862,0.006,249237,220553,273480.6629834254
248958,43212,0.015172413793103448,0.009793103448275862,0.009,243784,201044,273480.6629834254
265266,35618,0.015172413793103448,0.009793103448275862,0.012,240622,184735,273480.6629834254
279182,34900,0.015172413793103448,0.009793103448275862,0.015,237069,170824,273480.6629834254
232349,60334,0.015172413793103448,0.010206896551724139,0.006,245010,217654,269021.73913043475
251337,46177,0.015172413793103448,0.010206896551724139,0.009,240900,198664,269021.73913043475
267365,43038,0.015172413793103448,0.010206896551724139,0.012,236780,182638,269021.73913043475
280880,34121,0.015172413793103448,0.010206896551724139,0.015,235548,169125,269021.73913043475
235190,63484,0.015172413793103448,0.010620689655172414,0.006,241865,214808,264705.8823529412
253701,49707,0.015172413793103448,0.010620689655172414,0.009,237865,196302,264705.8823529412
269311,51664,0.015172413793103448,0.010620689655172414,0.012,232791,180694,264705.8823529412
282644,44758,0.015172413793103448,0.010620689655172414,0.015,230903,167356,264705.8823529412
237974,75553,0.015172413793103448,0.011034482758620689,0.006,237351,212030,260526.31578947377
256022,63269,0.015172413793103448,0.011034482758620689,0.009,232843,193981,260526.31578947377
271322,54269,0.015172413793103448,0.011034482758620689,0.012,230277,178684,260526.31578947377
284322,49303,0.015172413793103448,0.011034482758620689,0.015,228036,165684,260526.31578947377
240666,73817,0.015172413793103448,0.011448275862068966,0.006,234951,209336,256476.68393782384
258334,69133,0.015172413793103448,0.011448275862068966,0.009,229635,191666,256476.68393782384
273164,60310,0.015172413793103448,0.011448275862068966,0.012,226913,176836,256476.68393782384
285908,53627,0.015172413793103448,0.011448275862068966,0.015,225229,164096,256476.68393782384
243264,80070,0.015172413793103448,0.01186206896551724,0.006,231589,206739,252551.02040816328
260505,70523,0.015172413793103448,0.01186206896551724,0.009,227222,189496,252551.02040816328
275046,65588,0.015172413793103448,0.01186206896551724,0.012,223823,174959,252551.02040816328
287528,60902,0.015172413793103448,0.01186206896551724,0.015,221645,162475,252551.02040816328
245832,91469,0.015172413793103448,0.012275862068965518,0.006,227337,204172,248743.71859296484
262627,76190,0.015172413793103448,0.012275862068965518,0.009,224008,187377,248743.71859296484
276897,69623,0.015172413793103448,0.012275862068965518,0.012,221067,173108,248743.71859296484
289104,66163,0.015172413793103448,0.012275862068965518,0.015,218680,160900,248743.71859296484
248311,104521,0.015172413793103448,0.012689655172413793,0.006,223064,201689,245049.50495049512
264729,86394,0.015172413793103448,0.012689655172413793,0.009,219968,185274,245049.50495049512
278669,76264,0.015172413793103448,0.012689655172413793,0.012,217821,171335,245049.50495049512
290683,65604,0.015172413793103448,0.012689655172413793,0.015,217288,159321,245049.50495049512
250777,91254,0.015172413793103448,0.01310344827586207,0.006,222728,199226,241463.41463414635
266794,91441,0.015172413793103448,0.01310344827586207,0.009,216962,183211,241463.41463414635
280437,80292,0.015172413793103448,0.01310344827586207,0.012,215119,169564,241463.41463414635
292232,68391,0.015172413793103448,0.01310344827586207,0.015,215036,157774,241463.41463414635
253149,106421,0.015172413793103448,0.013517241379310345,0.006,218214,196852,237980.76923076925
268822,92597,0.015172413793103448,0.013517241379310345,0.009,214898,181179,237980.76923076925
282202,82602,0.015172413793103448,0.013517241379310345,0.012,212905,167804,237980.76923076925
293725,78582,0.015172413793103448,0.013517241379310345,0.015,210857,156276,237980.76923076925
255524,111656,0.015172413793103448,0.01393103448275862,0.006,215226,194479,234597.15639810427
270786,102093,0.015172413793103448,0.01393103448275862,0.009,211216,179219,234597.15639810427
283832,92024,0.015172413793103448,0.01393103448275862,0.012,209173,166169,234597.15639810427
295150,86434,0.015172413793103448,0.01393103448275862,0.015,207430,154855,234597.15639810427
257771,108772,0.015172413793103448,0.014344827586206896,0.006,213622,192235,231308.4112149533
272761,99765,0.015172413793103448,0.014344827586206896,0.009,209720,177242,231308.4112149533
285497,95014,0.015172413793103448,0.014344827586206896,0.012,206844,164507,231308.4112149533
296586,91763,0.015172413793103448,0.014344827586206896,0.015,204677,153417,231308.4112149533
259996,118166,0.015172413793103448,0.014758620689655172,0.006,210181,190008,228110.599078341
274624,111151,0.015172413793103448,0.014758620689655172,0.009,205737,175382,228110.599078341
287175,104002,0.015172413793103448,0.014758620689655172,0.012,203250,162825,228110.599078341
298060,95553,0.015172413793103448,0.014758620689655172,0.015,202217,151946,228110.599078341
262113,126268,0.015172413793103448,0.015172413793103448,0.006,206980,187888,225000.0
276417,122237,0.015172413793103448,0.015172413793103448,0.009,202017,173586,225000.0
288726,105948,0.015172413793103448,0.015172413793103448,0.012,201258,161275,225000.0
299393,101540,0.015172413793103448,0.015172413793103448,0.015,199428,150611,225000.0
264270,132462,0.015172413793103448,0.015586206896551724,0.006,204019,185736,221973.09417040358
278295,119336,0.015172413793103448,0.015586206896551724,0.009,200852,171711,221973.09417040358
290281,117197,0.015172413793103448,0.015586206896551724,0.012,197334,159724,221973.09417040358
300756,106104,0.015172413793103448,0.015586206896551724,0.015,196922,149249,221973.09417040358
266337,140310,0.015172413793103448,0.016,0.006,200996,183669,219026.54867256636
279992,124403,0.015172413793103448,0.016,0.009,198142,170010,219026.54867256636
291806,119024,0.015172413793103448,0.016,0.012,195482,158198,219026.54867256636
302095,108501,0.015172413793103448,0.016,0.015,195001,147910,219026.54867256636
175878,1538,0.015586206896551724,0.004,0.006,307100,274121,358098.59154929576
204588,2539,0.015586206896551724,0.004,0.009,293442,245415,358098.59154929576
227960,3229,0.015586206896551724,0.004,0.012,283573,222040,358098.59154929576
247141,4296,0.015586206896551724,0.004,0.015,275891,202861,358098.59154929576
180205,2086,0.015586206896551724,0.004413793103448276,0.006,302942,269797,350689.6551724138
208094,3624,0.015586206896551724,0.004413793103448276,0.009,289977,241908,350689.6551724138
230757,3849,0.015586206896551724,0.004413793103448276,0.012,280667,219242,350689.6551724138
249564,5472,0.015586206896551724,0.004413793103448276,0.015,273231,200437,350689.6551724138
184459,2702,0.015586206896551724,0.004827586206896552,0.006,299029,265542,343581.0810810811
211528,5118,0.015586206896551724,0.004827586206896552,0.009,286475,238473,343581.0810810811
233601,5358,0.015586206896551724,0.004827586206896552,0.012,277691,216400,343581.0810810811
251896,7307,0.015586206896551724,0.004827586206896552,0.015,270470,198109,343581.0810810811
188543,5621,0.015586206896551724,0.005241379310344827,0.006,294654,261455,336754.96688741725
214789,4597,0.015586206896551724,0.005241379310344827,0.009,283593,235211,336754.96688741725
236355,6177,0.015586206896551724,0.005241379310344827,0.012,274935,213650,336754.96688741725
254198,7037,0.015586206896551724,0.005241379310344827,0.015,268280,195807,336754.96688741725
192522,5471,0.015586206896551724,0.005655172413793104,0.006,291022,257477,330194.80519480514
218021,6569,0.015586206896551724,0.005655172413793104,0.009,280156,231982,330194.80519480514
239021,8618,0.015586206896551724,0.005655172413793104,0.012,271724,210980,330194.80519480514
256432,7471,0.015586206896551724,0.005655172413793104,0.015,265943,193569,330194.80519480514
196305,8135,0.015586206896551724,0.006068965517241379,0.006,286949,253695,323885.3503184713
221159,7802,0.015586206896551724,0.006068965517241379,0.009,276965,228842,323885.3503184713
241561,9456,0.015586206896551724,0.006068965517241379,0.012,269021,208444,323885.3503184713
258675,8775,0.015586206896551724,0.006068965517241379,0.015,263490,191325,323885.3503184713
200113,8476,0.015586206896551724,0.006482758620689655,0.006,283334,249891,317812.5
224182,8510,0.015586206896551724,0.006482758620689655,0.009,273867,225821,317812.5
244087,9721,0.015586206896551724,0.006482758620689655,0.012,266582,205917,317812.5
260739,11217,0.015586206896551724,0.006482758620689655,0.015,260668,189261,317812.5
203704,8972,0.015586206896551724,0.006896551724137931,0.006,279879,246294,311963.19018404913
227232,13681,0.015586206896551724,0.006896551724137931,0.009,269952,222769,311963.19018404913
246601,11202,0.015586206896551724,0.006896551724137931,0.012,263813,203403,311963.19018404913
262872,11395,0.015586206896551724,0.006896551724137931,0.015,258608,187128,311963.19018404913
207241,13415,0.015586206896551724,0.007310344827586207,0.006,275790,242756,306325.30120481923
230038,13943,0.015586206896551724,0.007310344827586207,0.009,267225,219963,306325.30120481923
249014,12316,0.015586206896551724,0.007310344827586207,0.012,261145,200992,306325.30120481923
264874,13015,0.015586206896551724,0.007310344827586207,0.015,256112,185128,306325.30120481923
210692,15658,0.015586206896551724,0.007724137931034483,0.006,272174,239306,300887.573964497
232907,15483,0.015586206896551724,0.007724137931034483,0.009,264186,217093,300887.573964497
251342,16323,0.015586206896551724,0.007724137931034483,0.012,257924,198663,300887.573964497
266912,17413,0.015586206896551724,0.007724137931034483,0.015,252867,183093,300887.573964497
214000,18174,0.015586206896551724,0.008137931034482758,0.006,268614,236003,295639.534883721
235651,19429,0.015586206896551724,0.008137931034482758,0.009,260712,214354,295639.534883721
253614,19621,0.015586206896551724,0.008137931034482758,0.012,254826,196390,295639.534883721
268830,19158,0.015586206896551724,0.008137931034482758,0.015,250428,181171,295639.534883721
217273,27727,0.015586206896551724,0.008551724137931035,0.006,263945,232731,290571.4285714285
238294,17169,0.015586206896551724,0.008551724137931035,0.009,258578,211709,290571.4285714285
255889,20163,0.015586206896551724,0.008551724137931035,0.012,252495,194116,290571.4285714285
270739,20279,0.015586206896551724,0.008551724137931035,0.015,248212,179264,290571.4285714285
220410,35825,0.015586206896551724,0.00896551724137931,0.006,259655,229591,285674.15730337077
240913,29321,0.015586206896551724,0.00896551724137931,0.009,253549,209086,285674.15730337077
258052,24257,0.015586206896551724,0.00896551724137931,0.012,249309,191951,285674.15730337077
272635,24542,0.015586206896551724,0.00896551724137931,0.015,245127,177366,285674.15730337077
223456,33982,0.015586206896551724,0.009379310344827585,0.006,257026,226546,280939.22651933704
243457,31116,0.015586206896551724,0.009379310344827585,0.009,250655,206547,280939.22651933704
260229,32244,0.015586206896551724,0.009379310344827585,0.012,245273,189772,280939.22651933704
274477,24745,0.015586206896551724,0.009379310344827585,0.015,243258,175525,280939.22651933704
226458,52811,0.015586206896551724,0.009793103448275862,0.006,251144,223542,276358.6956521739
246003,36163,0.015586206896551724,0.009793103448275862,0.009,247242,204003,276358.6956521739
262309,32483,0.015586206896551724,0.009793103448275862,0.012,243140,187695,276358.6956521739
276313,32003,0.015586206896551724,0.009793103448275862,0.015,239495,173687,276358.6956521739
229331,50365,0.015586206896551724,0.010206896551724139,0.006,248775,220666,271925.13368983957
248414,40251,0.015586206896551724,0.010206896551724139,0.009,244041,201592,271925.13368983957
264408,34820,0.015586206896551724,0.010206896551724139,0.012,240551,185593,271925.13368983957
278015,39362,0.015586206896551724,0.010206896551724139,0.015,235693,171988,271925.13368983957
232240,65023,0.015586206896551724,0.010620689655172414,0.006,243811,217764,267631.5789473684
250699,47584,0.015586206896551724,0.010620689655172414,0.009,240339,199304,267631.5789473684
266364,40237,0.015586206896551724,0.010620689655172414,0.012,237302,183639,267631.5789473684
279746,38163,0.015586206896551724,0.010620689655172414,0.015,234306,170255,267631.5789473684
234921,72092,0.015586206896551724,0.011034482758620689,0.006,240113,215078,263471.5025906736
253106,49486,0.015586206896551724,0.011034482758620689,0.009,237702,196895,263471.5025906736
268373,46020,0.015586206896551724,0.011034482758620689,0.012,233947,181633,263471.5025906736
281500,41930,0.015586206896551724,0.011034482758620689,0.015,231552,168502,263471.5025906736
237609,63219,0.015586206896551724,0.011448275862068966,0.006,238966,212391,259438.77551020408
255297,63382,0.015586206896551724,0.011448275862068966,0.009,232771,194705,259438.77551020408
270347,54002,0.015586206896551724,0.011448275862068966,0.012,230242,179656,259438.77551020408
283165,56592,0.015586206896551724,0.011448275862068966,0.015,226018,166841,259438.77551020408
240282,71100,0.015586206896551724,0.01186206896551724,0.006,235203,209719,255527.63819095478
257523,67253,0.015586206896551724,0.01186206896551724,0.009,229887,192482,255527.63819095478
272235,61275,0.015586206896551724,0.01186206896551724,0.012,226649,177771,255527.63819095478
284802,55123,0.015586206896551724,0.01186206896551724,0.015,224833,165200,255527.63819095478
242881,78158,0.015586206896551724,0.012275862068965518,0.006,231807,207119,251732.67326732675
259706,72401,0.015586206896551724,0.012275862068965518,0.009,226697,190298,251732.67326732675
274035,62618,0.015586206896551724,0.012275862068965518,0.012,224477,175970,251732.67326732675
286390,65821,0.015586206896551724,0.012275862068965518,0.015,220432,163615,251732.67326732675
245308,84509,0.015586206896551724,0.012689655172413793,0.006,228445,204695,248048.78048780494
261832,76662,0.015586206896551724,0.012689655172413793,0.009,223965,188168,248048.78048780494
275803,75228,0.015586206896551724,0.012689655172413793,0.012,219893,174199,248048.78048780494
287896,59339,0.015586206896551724,0.012689655172413793,0.015,220531,162107,248048.78048780494
247823,88234,0.015586206896551724,0.01310344827586207,0.006,225533,202183,244471.15384615381
263850,83861,0.015586206896551724,0.01310344827586207,0.009,220507,186153,244471.15384615381
277633,77702,0.015586206896551724,0.01310344827586207,0.012,217525,172373,244471.15384615381
289420,70881,0.015586206896551724,0.01310344827586207,0.015,215976,160584,244471.15384615381
250135,102393,0.015586206896551724,0.013517241379310345,0.006,221129,199868,240995.26066350713
265949,89205,0.015586206896551724,0.013517241379310345,0.009,217599,184052,240995.26066350713
279364,80746,0.015586206896551724,0.013517241379310345,0.012,215185,170636,240995.26066350713
290927,82756,0.015586206896551724,0.013517241379310345,0.015,211518,159076,240995.26066350713
252493,108818,0.015586206896551724,0.01393103448275862,0.006,217989,197508,237616.82242990655
267852,93391,0.015586206896551724,0.01393103448275862,0.009,214927,182151,237616.82242990655
281032,92534,0.015586206896551724,0.01393103448275862,0.012,210845,168973,237616.82242990655
292400,83897,0.015586206896551724,0.01393103448275862,0.015,209741,157604,237616.82242990655
254799,107135,0.015586206896551724,0.014344827586206896,0.006,216221,195203,234331.79723502306
269810,97818,0.015586206896551724,0.014344827586206896,0.009,212259,180189,234331.79723502306
282699,96203,0.015586206896551724,0.014344827586206896,0.012,208477,167306,234331.79723502306
293921,82996,0.015586206896551724,0.014344827586206896,0.015,208482,156080,234331.79723502306
257024,114211,0.015586206896551724,0.014758620689655172,0.006,213045,192980,231136.36363636362
271727,108617,0.015586206896551724,0.014758620689655172,0.009,208416,178277,231136.36363636362
284318,107159,0.015586206896551724,0.014758620689655172,0.012,204427,165685,231136.36363636362
295295,96774,0.015586206896551724,0.014758620689655172,0.015,203625,154711,231136.36363636362
259213,121600,0.015586206896551724,0.015172413793103448,0.006,209863,190787,228026.90582959642
273541,116938,0.015586206896551724,0.015172413793103448,0.009,204996,176463,228026.90582959642
285937,105560,0.015586206896551724,0.015172413793103448,0.012,203284,164068,228026.90582959642
296678,101289,0.015586206896551724,0.015172413793103448,0.015,201121,153327,228026.90582959642
261322,127894,0.015586206896551724,0.015586206896551724,0.006,207083,188680,225000.0
275360,121278,0.015586206896551724,0.015586206896551724,0.009,202482,174643,225000.0
287556,108841,0.015586206896551724,0.015586206896551724,0.012,201049,162450,225000.0
298060,104070,0.015586206896551724,0.015586206896551724,0.015,199107,151945,225000.0
263345,135425,0.015586206896551724,0.016,0.006,204069,186657,222052.40174672485
277137,127073,0.015586206896551724,0.016,0.009,199791,172866,222052.40174672485
289060,118917,0.015586206896551724,0.016,0.012,197378,160943,222052.40174672485
299410,111838,0.015586206896551724,0.016,0.015,195923,150595,222052.40174672485
172998,1355,0.016,0.004,0.006,308917,277002,360000.0
201702,2607,0.016,0.004,0.009,295125,248297,360000.0
224957,3365,0.016,0.004,0.012,285073,225045,360000.0
244263,3892,0.016,0.004,0.015,277423,205741,360000.0
177345,3564,0.016,0.004413793103448276,0.006,304589,272656,352702.7027027027
205213,2699,0.016,0.004413793103448276,0.009,291938,244790,352702.7027027027
227845,4945,0.016,0.004413793103448276,0.012,281994,222155,352702.7027027027
246659,4980,0.016,0.004413793103448276,0.015,274796,203342,352702.7027027027
181540,3147,0.016,0.004827586206896552,0.006,300811,268460,345695.3642384106
208588,4933,0.016,0.004827586206896552,0.009,288306,241414,345695.3642384106
230602,5050,0.016,0.004827586206896552,0.012,279372,219398,345695.3642384106
249010,6305,0.016,0.004827586206896552,0.015,272164,200991,345695.3642384106
185686,3236,0.016,0.005241379310344827,0.006,297043,264313,338961.038961039
211872,4533,0.016,0.005241379310344827,0.009,285330,238130,338961.038961039
233413,5631,0.016,0.005241379310344827,0.012,276644,216591,338961.038961039
251299,6370,0.016,0.005241379310344827,0.015,269942,198706,338961.038961039
189631,5280,0.016,0.005655172413793104,0.006,292972,260371,332484.076433121
215086,7092,0.016,0.005655172413793104,0.009,281799,234916,332484.076433121
235993,6710,0.016,0.005655172413793104,0.012,273805,214007,332484.076433121
253553,8762,0.016,0.005655172413793104,0.015,267100,196447,332484.076433121
193452,6580,0.016,0.006068965517241379,0.006,289240,256545,326250.0
218232,6513,0.016,0.006068965517241379,0.009,278983,231773,326250.0
238637,7147,0.016,0.006068965517241379,0.012,271297,211364,326250.0
255788,7559,0.016,0.006068965517241379,0.015,265312,194214,326250.0
197138,6170,0.016,0.006482758620689655,0.006,285819,252863,320245.39877300616
221241,5529,0.016,0.006482758620689655,0.009,276411,228761,320245.39877300616
241200,10053,0.016,0.006482758620689655,0.012,268132,208800,320245.39877300616
257875,10175,0.016,0.006482758620689655,0.015,262433,192130,320245.39877300616
200788,11417,0.016,0.006896551724137931,0.006,281534,249214,314457.8313253012
224243,9432,0.016,0.006896551724137931,0.009,272675,225758,314457.8313253012
243667,10217,0.016,0.006896551724137931,0.012,265693,206333,314457.8313253012
259970,10087,0.016,0.006896551724137931,0.015,260443,190035,314457.8313253012
204319,15263,0.016,0.007310344827586207,0.006,277538,245685,308875.7396449704
227106,9901,0.016,0.007310344827586207,0.009,269877,222897,308875.7396449704
246050,12660,0.016,0.007310344827586207,0.012,262771,203954,308875.7396449704
262035,12461,0.016,0.007310344827586207,0.015,257724,187966,308875.7396449704
207760,13306,0.016,0.007724137931034483,0.006,274644,242244,303488.3720930232
229962,13553,0.016,0.007724137931034483,0.009,266411,220039,303488.3720930232
248418,12325,0.016,0.007724137931034483,0.012,260545,201583,303488.3720930232
264018,15973,0.016,0.007724137931034483,0.015,254780,185985,303488.3720930232
211074,15665,0.016,0.008137931034482758,0.006,271166,238930,298285.7142857143
232737,19434,0.016,0.008137931034482758,0.009,262482,217268,298285.7142857143
250747,18475,0.016,0.008137931034482758,0.012,256792,199254,298285.7142857143
266011,17425,0.016,0.008137931034482758,0.015,252452,183993,298285.7142857143
214286,24405,0.016,0.008551724137931035,0.006,266629,235711,293258.4269662922
235357,21888,0.016,0.008551724137931035,0.009,259432,214646,293258.4269662922
252989,21020,0.016,0.008551724137931035,0.012,253954,197016,293258.4269662922
267926,23927,0.016,0.008551724137931035,0.015,248750,182075,293258.4269662922
217434,26491,0.016,0.00896551724137931,0.006,263330,232569,288397.7900552486
238001,27112,0.016,0.00896551724137931,0.009,255854,212000,288397.7900552486
255168,24024,0.016,0.00896551724137931,0.012,251120,194833,288397.7900552486
269833,24499,0.016,0.00896551724137931,0.015,246687,180171,288397.7900552486
220561,34478,0.016,0.009379310344827585,0.006,259153,229442,283695.6521739131
240521,28791,0.016,0.009379310344827585,0.009,253104,209482,283695.6521739131
257353,28222,0.016,0.009379310344827585,0.012,247942,192652,283695.6521739131
271637,25727,0.016,0.009379310344827585,0.015,244517,178367,283695.6521739131
223478,38129,0.016,0.009793103448275862,0.006,255648,226520,279144.38502673793
243007,36582,0.016,0.009793103448275862,0.009,249095,206994,279144.38502673793
259465,35438,0.016,0.009793103448275862,0.012,244144,190537,279144.38502673793
273495,27951,0.016,0.009793103448275862,0.015,242086,176505,279144.38502673793
226407,46852,0.016,0.010206896551724139,0.006,251504,223595,274736.84210526315
245478,41741,0.016,0.010206896551724139,0.009,245743,204523,274736.84210526315
261519,33049,0.016,0.010206896551724139,0.012,242683,188486,274736.84210526315
275237,33548,0.016,0.010206896551724139,0.015,238813,174764,274736.84210526315
229295,56617,0.016,0.010620689655172414,0.006,247270,220706,270466.3212435233
247815,51610,0.016,0.010620689655172414,0.009,241366,202188,270466.3212435233
263536,37861,0.016,0.010620689655172414,0.012,239592,186469,270466.3212435233
276963,40248,0.016,0.010620689655172414,0.015,235327,173040,270466.3212435233
231981,57668,0.016,0.011034482758620689,0.006,244564,218019,266326.53061224497
250169,50711,0.016,0.011034482758620689,0.009,239367,199833,266326.53061224497
265494,45814,0.016,0.011034482758620689,0.012,235748,184509,266326.53061224497
278666,38175,0.016,0.011034482758620689,0.015,234147,171338,266326.53061224497
234720,72669,0.016,0.011448275862068966,0.006,239798,215281,262311.5577889447
252437,67781,0.016,0.011448275862068966,0.009,233869,197567,262311.5577889447
267475,52974,0.016,0.011448275862068966,0.012,232200,182529,262311.5577889447
280358,46579,0.016,0.011448275862068966,0.015,230253,169643,262311.5577889447
237375,81102,0.016,0.01186206896551724,0.006,235870,212625,258415.8415841584
254691,63645,0.016,0.01186206896551724,0.009,232538,195309,258415.8415841584
269324,59349,0.016,0.01186206896551724,0.012,228859,180679,258415.8415841584
282036,48181,0.016,0.01186206896551724,0.015,228229,167964,258415.8415841584
239875,86810,0.016,0.012275862068965518,0.006,232632,210126,254634.14634146343
256868,70658,0.016,0.012275862068965518,0.009,229138,193137,254634.14634146343
271206,65853,0.016,0.012275862068965518,0.012,225602,178799,254634.14634146343
283577,53319,0.016,0.012275862068965518,0.015,225256,166428,254634.14634146343
242391,86796,0.016,0.012689655172413793,0.006,230388,207609,250961.5384615385
258984,75152,0.016,0.012689655172413793,0.009,226147,191017,250961.5384615385
273028,70254,0.016,0.012689655172413793,0.012,222841,176972,250961.5384615385
285209,60480,0.016,0.012689655172413793,0.015,221802,164793,250961.5384615385
244911,97139,0.016,0.01310344827586207,0.006,226477,205092,247393.36492890993
260983,86580,0.016,0.01310344827586207,0.009,222055,189021,247393.36492890993
274784,71089,0.016,0.01310344827586207,0.012,220830,175219,247393.36492890993
286763,70395,0.016,0.01310344827586207,0.015,217733,163243,247393.36492890993
247233,104965,0.016,0.013517241379310345,0.006,223146,202771,243925.23364485984
263006,91468,0.016,0.013517241379310345,0.009,219117,186996,243925.23364485984
276550,73096,0.016,0.013517241379310345,0.012,218737,173451,243925.23364485984
288219,74073,0.016,0.013517241379310345,0.015,215325,161785,243925.23364485984
249555,113084,0.016,0.01393103448275862,0.006,219654,200448,240552.99539170507
265016,85612,0.016,0.01393103448275862,0.009,218401,184985,240552.99539170507
278302,85831,0.016,0.01393103448275862,0.012,214254,171698,240552.99539170507
289781,75543,0.016,0.01393103448275862,0.015,213495,160224,240552.99539170507
251867,105719,0.016,0.014344827586206896,0.006,218678,198134,237272.72727272726
266971,107215,0.016,0.014344827586206896,0.009,212461,183031,237272.72727272726
279993,92458,0.016,0.014344827586206896,0.012,211051,170010,237272.72727272726
291211,87489,0.016,0.014344827586206896,0.015,209063,158789,237272.72727272726
254140,122301,0.016,0.014758620689655172,0.006,214269,195860,234080.71748878926
268933,103787,0.016,0.014758620689655172,0.009,211254,181069,234080.71748878926
281577,98744,0.016,0.014758620689655172,0.012,208164,168424,234080.71748878926
292611,84035,0.016,0.014758620689655172,0.015,208485,157392,234080.71748878926
256271,119185,0.016,0.015172413793103448,0.006,212550,193730,230973.45132743364
270722,111249,0.016,0.015172413793103448,0.009,208172,179281,230973.45132743364
283226,97597,0.016,0.015172413793103448,0.012,206773,166774,230973.45132743364
294021,95326,0.016,0.015172413793103448,0.015,204342,155984,230973.45132743364
258393,119797,0.016,0.015586206896551724,0.006,210431,191608,227947.59825327512
272551,116199,0.016,0.015586206896551724,0.009,205533,177452,227947.59825327512
284762,106546,0.016,0.015586206896551724,0.012,203305,165241,227947.59825327512
295405,101941,0.016,0.015586206896551724,0.015,201312,154599,227947.59825327512
260523,129598,0.016,0.016,0.006,207056,189482,225000.0
274340,122157,0.016,0.016,0.009,202767,175663,225000.0
286328,114686,0.016,0.016,0.012,200054,163677,225000.0
296765,112481,0.016,0.016,0.015,197434,153238,225000.0
