wasted_computation_no_offload,wasted_computation_offload,charge_rate,discharge_rate,AI_computation,offload,no_offload,best_offload
342628,88615,0.004,0.004,0.006,213450,137376,225000.0
367160,65247,0.004,0.004,0.009,217350,112847,225000.0
383861,65866,0.004,0.004,0.012,215219,96147,225000.0
396502,74271,0.004,0.004,0.015,210537,83508,225000.0
346751,120145,0.004,0.004413793103448276,0.006,199697,133258,213934.4262295082
369619,101913,0.004,0.004413793103448276,0.009,201376,110389,213934.4262295082
385784,81659,0.004,0.004413793103448276,0.012,206542,94225,213934.4262295082
397911,82602,0.004,0.004413793103448276,0.015,204972,82092,213934.4262295082
350370,134815,0.004,0.004827586206896552,0.006,191637,129636,203906.25000000003
372312,123317,0.004,0.004827586206896552,0.009,191066,107688,203906.25000000003
387792,111985,0.004,0.004827586206896552,0.012,192833,92218,203906.25000000003
399350,107952,0.004,0.004827586206896552,0.015,193010,80657,203906.25000000003
353807,155133,0.004,0.005241379310344827,0.006,182146,126199,194776.1194029851
374812,132457,0.004,0.005241379310344827,0.009,185258,105198,194776.1194029851
389519,135923,0.004,0.005241379310344827,0.012,181769,90490,194776.1194029851
400790,132831,0.004,0.005241379310344827,0.015,181523,79210,194776.1194029851
357181,162643,0.004,0.005655172413793104,0.006,176436,122827,186428.57142857142
377105,155563,0.004,0.005655172413793104,0.009,174854,102905,186428.57142857142
391283,150874,0.004,0.005655172413793104,0.012,174260,88726,186428.57142857142
402059,149913,0.004,0.005655172413793104,0.015,173157,77950,186428.57142857142
360390,174359,0.004,0.006068965517241379,0.006,170108,119616,178767.12328767127
379422,157889,0.004,0.006068965517241379,0.009,171552,100585,178767.12328767127
392849,167814,0.004,0.006068965517241379,0.012,166166,87160,178767.12328767127
403317,164366,0.004,0.006068965517241379,0.015,165905,76692,178767.12328767127
363522,195161,0.004,0.006482758620689655,0.006,161196,116488,171710.52631578947
381357,175276,0.004,0.006482758620689655,0.009,163705,98650,171710.52631578947
394707,170649,0.004,0.006482758620689655,0.012,163127,85300,171710.52631578947
404641,176892,0.004,0.006482758620689655,0.015,159630,75369,171710.52631578947
366486,205082,0.004,0.006896551724137931,0.006,155983,113521,165189.87341772154
383580,203147,0.004,0.006896551724137931,0.009,152486,96430,165189.87341772154
396005,186679,0.004,0.006896551724137931,0.012,155791,84004,165189.87341772154
405774,187244,0.004,0.006896551724137931,0.015,154251,74235,165189.87341772154
369183,213610,0.004,0.007310344827586207,0.006,151003,110819,159146.34146341463
385370,210237,0.004,0.007310344827586207,0.009,148197,94636,159146.34146341463
397545,204271,0.004,0.007310344827586207,0.012,148019,82461,159146.34146341463
406916,196425,0.004,0.007310344827586207,0.015,149338,73092,159146.34146341463
371558,233093,0.004,0.007724137931034483,0.006,143440,108450,153529.4117647059
387263,219579,0.004,0.007724137931034483,0.009,143222,92743,153529.4117647059
399152,214236,0.004,0.007724137931034483,0.012,142941,80851,153529.4117647059
408048,215576,0.004,0.007724137931034483,0.015,141032,71960,153529.4117647059
374039,234762,0.004,0.008137931034482758,0.006,140308,105968,148295.45454545456
389011,228995,0.004,0.008137931034482758,0.009,138495,90992,148295.45454545456
400389,226348,0.004,0.008137931034482758,0.012,137217,79618,148295.45454545456
409352,216113,0.004,0.008137931034482758,0.015,139399,70656,148295.45454545456
376314,241923,0.004,0.008551724137931035,0.006,136236,103694,143406.59340659343
390789,245374,0.004,0.008551724137931035,0.009,131916,89214,143406.59340659343
401691,229470,0.004,0.008551724137931035,0.012,134701,78312,143406.59340659343
410288,225086,0.004,0.008551724137931035,0.015,134918,69722,143406.59340659343
378766,254544,0.004,0.00896551724137931,0.006,131064,101244,138829.78723404257
392422,249197,0.004,0.00896551724137931,0.009,129094,87584,138829.78723404257
403024,247032,0.004,0.00896551724137931,0.012,127368,76982,138829.78723404257
411440,236123,0.004,0.00896551724137931,0.015,129690,68567,138829.78723404257
381017,259366,0.004,0.009379310344827585,0.006,127652,98985,134536.08247422683
394296,255415,0.004,0.009379310344827585,0.009,125363,85714,134536.08247422683
404420,245037,0.004,0.009379310344827585,0.012,126659,75582,134536.08247422683
412313,250263,0.004,0.009379310344827585,0.015,123485,67697,134536.08247422683
382892,261980,0.004,0.009793103448275862,0.006,125246,97114,130500.0
395600,265560,0.004,0.009793103448275862,0.009,120851,84408,130500.0
405599,262418,0.004,0.009793103448275862,0.012,119765,74411,130500.0
413272,246945,0.004,0.009793103448275862,0.015,123550,66738,130500.0
384909,270499,0.004,0.010206896551724139,0.006,121295,95093,126699.02912621362
397128,261590,0.004,0.010206896551724139,0.009,120689,82875,126699.02912621362
406710,262606,0.004,0.010206896551724139,0.012,118334,73300,126699.02912621362
414139,260608,0.004,0.010206896551724139,0.015,117788,65870,126699.02912621362
386964,269617,0.004,0.010620689655172414,0.006,119447,93046,123113.20754716982
398636,276264,0.004,0.010620689655172414,0.009,114951,81371,123113.20754716982
407859,268363,0.004,0.010620689655172414,0.012,115320,72151,123113.20754716982
415108,261734,0.004,0.010620689655172414,0.015,116318,64900,123113.20754716982
388639,292870,0.004,0.011034482758620689,0.006,112484,91368,119724.77064220185
400049,288049,0.004,0.011034482758620689,0.009,110348,79958,119724.77064220185
409031,285459,0.004,0.011034482758620689,0.012,108935,70970,119724.77064220185
415961,274951,0.004,0.011034482758620689,0.015,110731,64048,119724.77064220185
390392,290665,0.004,0.011448275862068966,0.006,111108,89617,116517.85714285714
401335,286073,0.004,0.011448275862068966,0.009,109395,78668,116517.85714285714
409911,282084,0.004,0.011448275862068966,0.012,108836,70096,116517.85714285714
416887,280774,0.004,0.011448275862068966,0.015,107846,63122,116517.85714285714
392107,283868,0.004,0.01186206896551724,0.006,110981,87902,113478.26086956522
402758,290115,0.004,0.01186206896551724,0.009,106973,77252,113478.26086956522
411010,286808,0.004,0.01186206896551724,0.012,106169,68999,113478.26086956522
417728,285686,0.004,0.01186206896551724,0.015,105370,62282,113478.26086956522
393825,285413,0.004,0.012275862068965518,0.006,109266,86185,110593.22033898305
403978,299885,0.004,0.012275862068965518,0.009,103343,76030,110593.22033898305
412078,298049,0.004,0.012275862068965518,0.012,101713,67932,110593.22033898305
418595,293602,0.004,0.012275862068965518,0.015,101690,61406,110593.22033898305
395475,304818,0.004,0.012689655172413793,0.006,103530,84530,107851.23966942151
405148,302512,0.004,0.012689655172413793,0.009,101336,74860,107851.23966942151
413000,304331,0.004,0.012689655172413793,0.012,98872,67003,107851.23966942151
419431,293448,0.004,0.012689655172413793,0.015,100990,60579,107851.23966942151
396762,316504,0.004,0.01310344827586207,0.006,99576,83246,105241.93548387098
406307,301389,0.004,0.01310344827586207,0.009,100286,73700,105241.93548387098
414063,308550,0.004,0.01310344827586207,0.012,96753,65947,105241.93548387098
420106,307060,0.004,0.01310344827586207,0.015,95703,59903,105241.93548387098
398268,315600,0.004,0.013517241379310345,0.006,98355,81740,102755.90551181104
407552,313085,0.004,0.013517241379310345,0.009,96212,72457,102755.90551181104
415040,307849,0.004,0.013517241379310345,0.012,95970,64967,102755.90551181104
420882,301088,0.004,0.013517241379310345,0.015,96851,59127,102755.90551181104
399741,316514,0.004,0.01393103448275862,0.006,96989,80259,100384.61538461539
408651,320839,0.004,0.01393103448275862,0.009,93197,71357,100384.61538461539
415782,312858,0.004,0.01393103448275862,0.012,93455,64226,100384.61538461539
421780,311499,0.004,0.01393103448275862,0.015,92764,58230,100384.61538461539
401044,323333,0.004,0.014344827586206896,0.006,94180,78963,98120.30075187972
409710,320249,0.004,0.014344827586206896,0.009,92220,70296,98120.30075187972
416729,326041,0.004,0.014344827586206896,0.012,88825,63271,98120.30075187972
422307,305553,0.004,0.014344827586206896,0.015,93740,57699,98120.30075187972
402309,320918,0.004,0.014758620689655172,0.006,93234,77700,95955.8823529412
410906,325832,0.004,0.014758620689655172,0.009,90009,69104,95955.8823529412
417592,321090,0.004,0.014758620689655172,0.012,89390,62418,95955.8823529412
423101,319774,0.004,0.014758620689655172,0.015,88473,56909,95955.8823529412
403823,332894,0.004,0.015172413793103448,0.006,89702,76187,93884.89208633095
411710,320697,0.004,0.015172413793103448,0.009,90231,68297,93884.89208633095
418312,326084,0.004,0.015172413793103448,0.012,87254,61696,93884.89208633095
423746,323893,0.004,0.015172413793103448,0.015,86477,56257,93884.89208633095
404923,322848,0.004,0.015586206896551724,0.006,90414,75087,91901.40845070424
412783,332245,0.004,0.015586206896551724,0.009,86467,67224,91901.40845070424
419100,325182,0.004,0.015586206896551724,0.012,86589,60910,91901.40845070424
424457,328857,0.004,0.015586206896551724,0.015,84351,55553,91901.40845070424
406239,326111,0.004,0.016,0.006,88900,73768,90000.0
413865,329330,0.004,0.016,0.009,86091,66145,90000.0
419959,334375,0.004,0.016,0.012,83233,60051,90000.0
425067,331012,0.004,0.016,0.015,83059,54942,90000.0
333082,72290,0.004413793103448276,0.004,0.006,223591,146919,236065.57377049178
358246,71582,0.004413793103448276,0.004,0.009,219212,121763,236065.57377049178
376286,53668,0.004413793103448276,0.004,0.012,223032,103724,236065.57377049178
389590,49903,0.004413793103448276,0.004,0.015,222942,90420,236065.57377049178
337023,94085,0.004413793103448276,0.004413793103448276,0.006,212688,142985,225000.0
360984,78025,0.004413793103448276,0.004413793103448276,0.009,213741,119024,225000.0
378190,69758,0.004413793103448276,0.004413793103448276,0.012,214344,101818,225000.0
390964,74090,0.004413793103448276,0.004413793103448276,0.015,211225,89044,225000.0
340852,104272,0.004413793103448276,0.004827586206896552,0.006,205695,139153,214925.37313432834
363868,107757,0.004413793103448276,0.004827586206896552,0.009,200636,116132,214925.37313432834
380175,91761,0.004413793103448276,0.004827586206896552,0.012,203746,99832,214925.37313432834
392622,82826,0.004413793103448276,0.004827586206896552,0.015,205695,87388,214925.37313432834
344531,136591,0.004413793103448276,0.005241379310344827,0.006,192972,135474,205714.28571428574
366539,116008,0.004413793103448276,0.005241379310344827,0.009,195024,113467,205714.28571428574
382078,104090,0.004413793103448276,0.005241379310344827,0.012,196950,97929,205714.28571428574
393987,114359,0.004413793103448276,0.005241379310344827,0.015,191628,86022,205714.28571428574
348070,152860,0.004413793103448276,0.005655172413793104,0.006,184997,131939,197260.27397260274
368906,136901,0.004413793103448276,0.005655172413793104,0.009,185441,111094,197260.27397260274
383929,123299,0.004413793103448276,0.005655172413793104,0.012,187709,96078,197260.27397260274
395424,131810,0.004413793103448276,0.005655172413793104,0.015,183130,84578,197260.27397260274
351335,170149,0.004413793103448276,0.006068965517241379,0.006,176886,128667,189473.68421052632
371186,159354,0.004413793103448276,0.006068965517241379,0.009,175587,108816,189473.68421052632
385621,144571,0.004413793103448276,0.006068965517241379,0.012,177956,94384,189473.68421052632
396943,140626,0.004413793103448276,0.006068965517241379,0.015,177944,83067,189473.68421052632
354485,186438,0.004413793103448276,0.006482758620689655,0.006,169405,125521,182278.48101265822
373592,173525,0.004413793103448276,0.006482758620689655,0.009,168711,106418,182278.48101265822
387445,161040,0.004413793103448276,0.006482758620689655,0.012,170297,92555,182278.48101265822
398279,159221,0.004413793103448276,0.006482758620689655,0.015,169324,81730,182278.48101265822
357543,191265,0.004413793103448276,0.006896551724137931,0.006,165273,122466,175609.75609756098
375593,176923,0.004413793103448276,0.006896551724137931,0.009,165191,104414,175609.75609756098
389023,176493,0.004413793103448276,0.006896551724137931,0.012,163102,90986,175609.75609756098
399552,161268,0.004413793103448276,0.006896551724137931,0.015,166865,80458,175609.75609756098
360569,200756,0.004413793103448276,0.007310344827586207,0.006,159938,119438,169411.76470588235
377645,193722,0.004413793103448276,0.007310344827586207,0.009,157737,102358,169411.76470588235
390722,174409,0.004413793103448276,0.007310344827586207,0.012,161877,89288,169411.76470588235
400809,180679,0.004413793103448276,0.007310344827586207,0.015,158159,79201,169411.76470588235
363096,213218,0.004413793103448276,0.007724137931034483,0.006,153858,116912,163636.36363636365
379758,201033,0.004413793103448276,0.007724137931034483,0.009,153386,100242,163636.36363636365
392111,195198,0.004413793103448276,0.007724137931034483,0.012,153004,87897,163636.36363636365
401973,183904,0.004413793103448276,0.007724137931034483,0.015,155565,78027,163636.36363636365
365694,224542,0.004413793103448276,0.008137931034482758,0.006,148725,114312,158241.75824175822
381796,211898,0.004413793103448276,0.008137931034482758,0.009,148306,98209,158241.75824175822
393800,201152,0.004413793103448276,0.008137931034482758,0.012,149377,86210,158241.75824175822
403054,206043,0.004413793103448276,0.008137931034482758,0.015,146191,76954,158241.75824175822
368183,231004,0.004413793103448276,0.008551724137931035,0.006,144691,111823,153191.48936170214
383640,230843,0.004413793103448276,0.008551724137931035,0.009,140797,96365,153191.48936170214
395056,215955,0.004413793103448276,0.008551724137931035,0.012,142972,84950,153191.48936170214
404188,212623,0.004413793103448276,0.008551724137931035,0.015,142571,75820,153191.48936170214
370654,244209,0.004413793103448276,0.00896551724137931,0.006,139085,109346,148453.6082474227
385295,236479,0.004413793103448276,0.00896551724137931,0.009,137192,94705,148453.6082474227
396441,221848,0.004413793103448276,0.00896551724137931,0.012,139338,83567,148453.6082474227
405386,221921,0.004413793103448276,0.00896551724137931,0.015,137910,74624,148453.6082474227
372863,244484,0.004413793103448276,0.009379310344827585,0.006,136847,107143,144000.0
387028,247519,0.004413793103448276,0.009379310344827585,0.009,132464,92982,144000.0
397795,237153,0.004413793103448276,0.009379310344827585,0.012,133030,82213,144000.0
406442,223335,0.004413793103448276,0.009379310344827585,0.015,136052,73568,144000.0
374986,247595,0.004413793103448276,0.009793103448275862,0.006,134085,105019,139805.82524271842
388643,254637,0.004413793103448276,0.009793103448275862,0.009,128641,91366,139805.82524271842
399062,241373,0.004413793103448276,0.009793103448275862,0.012,130355,80947,139805.82524271842
407387,238903,0.004413793103448276,0.009793103448275862,0.015,129515,72620,139805.82524271842
377208,260981,0.004413793103448276,0.010206896551724139,0.006,128862,102801,135849.05660377358
390394,257189,0.004413793103448276,0.010206896551724139,0.009,126289,89614,135849.05660377358
400324,247792,0.004413793103448276,0.010206896551724139,0.012,126975,79685,135849.05660377358
408367,249664,0.004413793103448276,0.010206896551724139,0.015,124842,71642,135849.05660377358
379192,272173,0.004413793103448276,0.010620689655172414,0.006,124394,100815,132110.09174311926
391758,267237,0.004413793103448276,0.010620689655172414,0.009,121865,88251,132110.09174311926
401577,255239,0.004413793103448276,0.010620689655172414,0.012,123295,78430,132110.09174311926
409407,251476,0.004413793103448276,0.010620689655172414,0.015,123042,70600,132110.09174311926
381235,276229,0.004413793103448276,0.011034482758620689,0.006,121680,98775,128571.42857142858
393434,275897,0.004413793103448276,0.011034482758620689,0.009,118030,86573,128571.42857142858
402749,263747,0.004413793103448276,0.011034482758620689,0.012,119255,77260,128571.42857142858
410324,258255,0.004413793103448276,0.011034482758620689,0.015,119712,69684,128571.42857142858
383010,275582,0.004413793103448276,0.011448275862068966,0.006,119991,96996,125217.39130434781
394707,276712,0.004413793103448276,0.011448275862068966,0.009,116611,85302,125217.39130434781
404048,277143,0.004413793103448276,0.011448275862068966,0.012,114146,75962,125217.39130434781
411292,240388,0.004413793103448276,0.011448275862068966,0.015,124512,68717,125217.39130434781
384795,278796,0.004413793103448276,0.01186206896551724,0.006,117586,95211,122033.89830508473
396078,272523,0.004413793103448276,0.01186206896551724,0.009,116317,83925,122033.89830508473
404970,272258,0.004413793103448276,0.01186206896551724,0.012,114381,75038,122033.89830508473
412192,263440,0.004413793103448276,0.01186206896551724,0.015,115925,67814,122033.89830508473
386625,291796,0.004413793103448276,0.012275862068965518,0.006,113085,93385,119008.26446280991
397630,291159,0.004413793103448276,0.012275862068965518,0.009,109967,82379,119008.26446280991
406099,286367,0.004413793103448276,0.012275862068965518,0.012,109064,73908,119008.26446280991
413082,280849,0.004413793103448276,0.012275862068965518,0.015,109141,66920,119008.26446280991
388348,295716,0.004413793103448276,0.012689655172413793,0.006,110866,91653,116129.03225806453
398878,288233,0.004413793103448276,0.012689655172413793,0.009,109548,81132,116129.03225806453
407265,289062,0.004413793103448276,0.012689655172413793,0.012,107125,72737,116129.03225806453
414024,281382,0.004413793103448276,0.012689655172413793,0.015,108163,65976,116129.03225806453
389804,305604,0.004413793103448276,0.01310344827586207,0.006,107298,90204,113385.82677165353
400150,304318,0.004413793103448276,0.01310344827586207,0.009,104018,79860,113385.82677165353
408161,291168,0.004413793103448276,0.01310344827586207,0.012,105471,71848,113385.82677165353
414804,288913,0.004413793103448276,0.01310344827586207,0.015,104788,65204,113385.82677165353
391476,297500,0.004413793103448276,0.013517241379310345,0.006,107437,88534,110769.23076923078
401328,301128,0.004413793103448276,0.013517241379310345,0.009,103589,78682,110769.23076923078
409305,298610,0.004413793103448276,0.013517241379310345,0.012,102324,70702,110769.23076923078
415633,298448,0.004413793103448276,0.013517241379310345,0.015,100976,64377,110769.23076923078
392856,314933,0.004413793103448276,0.01393103448275862,0.006,102393,87152,108270.67669172933
402437,311935,0.004413793103448276,0.01393103448275862,0.009,99750,77566,108270.67669172933
410156,302684,0.004413793103448276,0.01393103448275862,0.012,100200,69854,108270.67669172933
416345,298841,0.004413793103448276,0.01393103448275862,0.015,99971,63663,108270.67669172933
394523,299329,0.004413793103448276,0.014344827586206896,0.006,104164,85487,105882.35294117646
403589,303999,0.004413793103448276,0.014344827586206896,0.009,100668,76420,105882.35294117646
411102,311073,0.004413793103448276,0.014344827586206896,0.012,96768,68898,105882.35294117646
417179,305918,0.004413793103448276,0.014344827586206896,0.015,96919,62829,105882.35294117646
395749,291004,0.004413793103448276,0.014758620689655172,0.006,104266,84259,103597.12230215827
404741,307152,0.004413793103448276,0.014758620689655172,0.009,98633,75268,103597.12230215827
412124,305223,0.004413793103448276,0.014758620689655172,0.012,97545,67883,103597.12230215827
418006,296080,0.004413793103448276,0.014758620689655172,0.015,99122,61994,103597.12230215827
397118,315201,0.004413793103448276,0.015172413793103448,0.006,98280,82891,101408.45070422534
405980,320741,0.004413793103448276,0.015172413793103448,0.009,94475,74027,101408.45070422534
412844,314159,0.004413793103448276,0.015172413793103448,0.012,94183,67165,101408.45070422534
418699,310232,0.004413793103448276,0.015172413793103448,0.015,93957,61310,101408.45070422534
398406,321569,0.004413793103448276,0.015586206896551724,0.006,95885,81602,99310.3448275862
406895,324663,0.004413793103448276,0.015586206896551724,0.009,92422,73113,99310.3448275862
413752,313196,0.004413793103448276,0.015586206896551724,0.012,93508,66257,99310.3448275862
419359,316103,0.004413793103448276,0.015586206896551724,0.015,91373,60650,99310.3448275862
399721,319957,0.004413793103448276,0.016,0.006,94960,80285,97297.2972972973
407945,322110,0.004413793103448276,0.016,0.009,92051,72065,97297.2972972973
414679,320637,0.004413793103448276,0.016,0.012,90744,65331,97297.2972972973
420139,314926,0.004413793103448276,0.016,0.015,91104,59871,97297.2972972973
323565,58940,0.004827586206896552,0.004,0.006,232534,156440,246093.75
349942,52085,0.004827586206896552,0.004,0.009,229788,130060,246093.75
368749,51632,0.004827586206896552,0.004,0.012,227078,111251,246093.75
382686,43540,0.004827586206896552,0.004,0.015,228113,97323,246093.75
327766,65562,0.004827586206896552,0.004413793103448276,0.006,226038,152238,235074.62686567166
353005,65680,0.004827586206896552,0.004413793103448276,0.009,221768,127005,235074.62686567166
370983,49934,0.004827586206896552,0.004413793103448276,0.012,224788,109020,235074.62686567166
384278,50087,0.004827586206896552,0.004413793103448276,0.015,223249,95726,235074.62686567166
331844,95298,0.004827586206896552,0.004827586206896552,0.006,213418,148158,225000.0
355702,73964,0.004827586206896552,0.004827586206896552,0.009,215840,124307,225000.0
373080,76047,0.004827586206896552,0.004827586206896552,0.012,212676,106927,225000.0
385998,63193,0.004827586206896552,0.004827586206896552,0.015,215981,94012,225000.0
335618,119023,0.004827586206896552,0.005241379310344827,0.006,203079,144390,215753.42465753423
358431,114749,0.004827586206896552,0.005241379310344827,0.009,199622,121578,215753.42465753423
375082,89366,0.004827586206896552,0.005241379310344827,0.012,205398,104927,215753.42465753423
387492,89949,0.004827586206896552,0.005241379310344827,0.015,203704,92515,215753.42465753423
339334,133549,0.004827586206896552,0.005655172413793104,0.006,195472,140675,207236.84210526312
361162,119644,0.004827586206896552,0.005655172413793104,0.009,195179,118844,207236.84210526312
376785,107316,0.004827586206896552,0.005655172413793104,0.012,196698,103219,207236.84210526312
388930,101364,0.004827586206896552,0.005655172413793104,0.015,197350,91078,207236.84210526312
342702,143759,0.004827586206896552,0.006068965517241379,0.006,189243,137306,199367.08860759495
363575,138561,0.004827586206896552,0.006068965517241379,0.009,186329,116435,199367.08860759495
378646,121237,0.004827586206896552,0.006068965517241379,0.012,189678,101358,199367.08860759495
390443,116369,0.004827586206896552,0.006068965517241379,0.015,189839,89560,199367.08860759495
346030,160415,0.004827586206896552,0.006482758620689655,0.006,181529,133978,192073.1707317073
366002,145974,0.004827586206896552,0.006482758620689655,0.009,181451,114005,192073.1707317073
380648,140941,0.004827586206896552,0.006482758620689655,0.012,180777,99362,192073.1707317073
391853,134205,0.004827586206896552,0.006482758620689655,0.015,181481,88154,192073.1707317073
349260,178876,0.004827586206896552,0.006896551724137931,0.006,173613,130750,185294.1176470588
368097,169704,0.004827586206896552,0.006896551724137931,0.009,171818,111911,185294.1176470588
382184,152172,0.004827586206896552,0.006896551724137931,0.012,174857,97825,185294.1176470588
393224,151979,0.004827586206896552,0.006896551724137931,0.015,173312,86779,185294.1176470588
352128,190283,0.004827586206896552,0.007310344827586207,0.006,168023,127878,178977.2727272727
370277,177313,0.004827586206896552,0.007310344827586207,0.009,167205,109731,178977.2727272727
383955,167905,0.004827586206896552,0.007310344827586207,0.012,167671,96054,178977.2727272727
394486,169529,0.004827586206896552,0.007310344827586207,0.015,165373,85523,178977.2727272727
354951,198338,0.004827586206896552,0.007724137931034483,0.006,163025,125057,173076.9230769231
372334,190342,0.004827586206896552,0.007724137931034483,0.009,161147,107668,173076.9230769231
385498,176100,0.004827586206896552,0.007724137931034483,0.012,163031,94510,173076.9230769231
395837,166948,0.004827586206896552,0.007724137931034483,0.015,164738,84170,173076.9230769231
357699,198024,0.004827586206896552,0.008137931034482758,0.006,160546,122309,167553.1914893617
374418,199533,0.004827586206896552,0.008137931034482758,0.009,156142,105589,167553.1914893617
387274,197826,0.004827586206896552,0.008137931034482758,0.012,154084,92733,167553.1914893617
397221,183433,0.004827586206896552,0.008137931034482758,0.015,157355,82786,167553.1914893617
360316,210663,0.004827586206896552,0.008551724137931035,0.006,154852,119690,162371.13402061857
376377,209293,0.004827586206896552,0.008551724137931035,0.009,151264,103630,162371.13402061857
388625,212648,0.004827586206896552,0.008551724137931035,0.012,147590,91382,162371.13402061857
398432,187218,0.004827586206896552,0.008551724137931035,0.015,154422,81578,162371.13402061857
362995,230148,0.004827586206896552,0.00896551724137931,0.006,147723,117007,157500.0
378248,225334,0.004827586206896552,0.00896551724137931,0.009,144890,101760,157500.0
390079,209848,0.004827586206896552,0.00896551724137931,0.012,146917,89930,157500.0
399458,198341,0.004827586206896552,0.00896551724137931,0.015,149218,80552,157500.0
365227,234013,0.004827586206896552,0.009379310344827585,0.006,144536,114779,152912.62135922333
380030,225530,0.004827586206896552,0.009379310344827585,0.009,143099,99978,152912.62135922333
391500,225429,0.004827586206896552,0.009379310344827585,0.012,140460,88506,152912.62135922333
400660,209589,0.004827586206896552,0.009379310344827585,0.015,143946,79350,152912.62135922333
367456,242037,0.004827586206896552,0.009793103448275862,0.006,140495,112548,148584.90566037735
381808,226048,0.004827586206896552,0.009793103448275862,0.009,140973,98201,148584.90566037735
392875,232291,0.004827586206896552,0.009793103448275862,0.012,136883,87131,148584.90566037735
401649,217294,0.004827586206896552,0.009793103448275862,0.015,140026,78360,148584.90566037735
369914,242472,0.004827586206896552,0.010206896551724139,0.006,138288,110088,144495.4128440367
383609,244589,0.004827586206896552,0.010206896551724139,0.009,134084,96399,144495.4128440367
394246,239747,0.004827586206896552,0.010206896551724139,0.012,133117,85764,144495.4128440367
402922,220235,0.004827586206896552,0.010206896551724139,0.015,137876,77082,144495.4128440367
372004,267388,0.004827586206896552,0.010620689655172414,0.006,130739,108006,140625.00000000003
385265,239126,0.004827586206896552,0.010620689655172414,0.009,133936,94739,140625.00000000003
395669,246916,0.004827586206896552,0.010620689655172414,0.012,129487,84338,140625.00000000003
403773,238586,0.004827586206896552,0.010620689655172414,0.015,130530,76237,140625.00000000003
374106,263588,0.004827586206896552,0.011034482758620689,0.006,129863,105898,136956.52173913043
386724,255641,0.004827586206896552,0.011034482758620689,0.009,128028,93283,136956.52173913043
396900,254685,0.004827586206896552,0.011034482758620689,0.012,125843,83102,136956.52173913043
404826,239172,0.004827586206896552,0.011034482758620689,0.015,129098,75177,136956.52173913043
375938,269590,0.004827586206896552,0.011448275862068966,0.006,126629,104062,133474.57627118647
388235,261616,0.004827586206896552,0.011448275862068966,0.009,124921,91774,133474.57627118647
397971,249884,0.004827586206896552,0.011448275862068966,0.012,125951,82038,133474.57627118647
405831,254829,0.004827586206896552,0.011448275862068966,0.015,122853,74178,133474.57627118647
377717,275801,0.004827586206896552,0.01186206896551724,0.006,123307,102289,130165.28925619833
389662,259645,0.004827586206896552,0.01186206896551724,0.009,123883,90343,130165.28925619833
399305,263459,0.004827586206896552,0.01186206896551724,0.012,120751,80705,130165.28925619833
406831,264315,0.004827586206896552,0.01186206896551724,0.015,118687,73177,130165.28925619833
379621,272299,0.004827586206896552,0.012275862068965518,0.006,122442,100386,127016.12903225805
391184,275747,0.004827586206896552,0.012275862068965518,0.009,118266,88816,127016.12903225805
400429,270371,0.004827586206896552,0.012275862068965518,0.012,117390,79573,127016.12903225805
407809,267846,0.004827586206896552,0.012275862068965518,0.015,116683,72201,127016.12903225805
381436,287595,0.004827586206896552,0.012689655172413793,0.006,117496,98574,124015.74803149607
392553,278045,0.004827586206896552,0.012689655172413793,0.009,116252,87449,124015.74803149607
401439,272423,0.004827586206896552,0.012689655172413793,0.012,115760,78570,124015.74803149607
408787,272015,0.004827586206896552,0.012689655172413793,0.015,114191,71215,124015.74803149607
383066,287791,0.004827586206896552,0.01310344827586207,0.006,115973,96937,121153.84615384616
393827,286401,0.004827586206896552,0.01310344827586207,0.009,112813,86182,121153.84615384616
402520,282786,0.004827586206896552,0.01310344827586207,0.012,111553,77486,121153.84615384616
409549,278366,0.004827586206896552,0.01310344827586207,0.015,111215,70459,121153.84615384616
384732,298951,0.004827586206896552,0.013517241379310345,0.006,112199,95276,118421.05263157896
395256,285155,0.004827586206896552,0.013517241379310345,0.009,111897,84754,118421.05263157896
403571,292065,0.004827586206896552,0.013517241379310345,0.012,107804,76438,118421.05263157896
410513,284860,0.004827586206896552,0.013517241379310345,0.015,108244,69497,118421.05263157896
386264,295353,0.004827586206896552,0.01393103448275862,0.006,111176,93744,115808.82352941178
396461,296040,0.004827586206896552,0.01393103448275862,0.009,108070,83546,115808.82352941178
404595,296603,0.004827586206896552,0.01393103448275862,0.012,105581,75411,115808.82352941178
411255,289694,0.004827586206896552,0.01393103448275862,0.015,105966,68748,115808.82352941178
388035,301359,0.004827586206896552,0.014344827586206896,0.006,108741,91972,113309.35251798562
397807,293916,0.004827586206896552,0.014344827586206896,0.009,107369,82203,113309.35251798562
405681,288124,0.004827586206896552,0.014344827586206896,0.012,106857,74329,113309.35251798562
412187,280839,0.004827586206896552,0.014344827586206896,0.015,107704,67823,113309.35251798562
389384,283007,0.004827586206896552,0.014758620689655172,0.006,110846,90625,110915.49295774648
398947,302558,0.004827586206896552,0.014758620689655172,0.009,104144,81063,110915.49295774648
406712,299005,0.004827586206896552,0.014758620689655172,0.012,102826,73298,110915.49295774648
412895,295418,0.004827586206896552,0.014758620689655172,0.015,102462,67108,110915.49295774648
390792,306015,0.004827586206896552,0.015172413793103448,0.006,105048,89214,108620.6896551724
400041,308375,0.004827586206896552,0.015172413793103448,0.009,101425,79966,108620.6896551724
407465,303143,0.004827586206896552,0.015172413793103448,0.012,100803,72544,108620.6896551724
413875,301791,0.004827586206896552,0.015172413793103448,0.015,99691,66132,108620.6896551724
392190,307852,0.004827586206896552,0.015586206896551724,0.006,103433,87816,106418.91891891892
401127,304702,0.004827586206896552,0.015586206896551724,0.009,101388,78876,106418.91891891892
408468,311497,0.004827586206896552,0.015586206896551724,0.012,97594,71540,106418.91891891892
414501,302451,0.004827586206896552,0.015586206896551724,0.015,98625,65508,106418.91891891892
393650,306790,0.004827586206896552,0.016,0.006,102288,86360,104304.6357615894
402214,304057,0.004827586206896552,0.016,0.009,100342,77794,104304.6357615894
409399,314228,0.004827586206896552,0.016,0.012,95876,70611,104304.6357615894
415339,308737,0.004827586206896552,0.016,0.015,95941,64671,104304.6357615894
314780,47088,0.005241379310344827,0.004,0.006,240751,165225,255223.8805970149
341945,49960,0.005241379310344827,0.004,0.009,234209,138057,255223.8805970149
361643,35057,0.005241379310344827,0.004,0.012,236077,118364,255223.8805970149
376080,35388,0.005241379310344827,0.004,0.015,233913,103923,255223.8805970149
319145,72567,0.005241379310344827,0.004413793103448276,0.006,228954,160860,244285.7142857143
345197,40390,0.005241379310344827,0.004413793103448276,0.009,233831,134804,244285.7142857143
363849,44580,0.005241379310344827,0.004413793103448276,0.012,229851,116161,244285.7142857143
377939,48497,0.005241379310344827,0.004413793103448276,0.015,226487,102071,244285.7142857143
323293,88064,0.005241379310344827,0.004827586206896552,0.006,220586,156713,234246.57534246575
348132,61368,0.005241379310344827,0.004827586206896552,0.009,223675,131871,234246.57534246575
366075,55782,0.005241379310344827,0.004827586206896552,0.012,223127,113928,234246.57534246575
379565,58755,0.005241379310344827,0.004827586206896552,0.015,220334,100443,234246.57534246575
327408,105180,0.005241379310344827,0.005241379310344827,0.006,211698,152599,225000.0
350757,87996,0.005241379310344827,0.005241379310344827,0.009,211990,129246,225000.0
368149,74498,0.005241379310344827,0.005241379310344827,0.012,213911,111852,225000.0
381149,56685,0.005241379310344827,0.005241379310344827,0.015,218804,98854,225000.0
330962,117609,0.005241379310344827,0.005655172413793104,0.006,204784,149045,216455.69620253163
353448,103228,0.005241379310344827,0.005655172413793104,0.009,204332,126558,216455.69620253163
370003,103224,0.005241379310344827,0.005655172413793104,0.012,201436,110006,216455.69620253163
382864,97805,0.005241379310344827,0.005655172413793104,0.015,201583,97136,216455.69620253163
334623,139003,0.005241379310344827,0.006068965517241379,0.006,195654,145382,208536.58536585365
356104,121809,0.005241379310344827,0.006068965517241379,0.009,195703,123896,208536.58536585365
371924,109133,0.005241379310344827,0.006068965517241379,0.012,197148,108080,208536.58536585365
384412,102090,0.005241379310344827,0.006068965517241379,0.015,197968,95588,208536.58536585365
337938,152312,0.005241379310344827,0.006482758620689655,0.006,188935,142068,201176.4705882353
358513,134354,0.005241379310344827,0.006482758620689655,0.009,189195,121495,201176.4705882353
373836,132233,0.005241379310344827,0.006482758620689655,0.012,187128,106172,201176.4705882353
385743,120157,0.005241379310344827,0.006482758620689655,0.015,189505,94265,201176.4705882353
341208,164246,0.005241379310344827,0.006896551724137931,0.006,182471,138795,194318.18181818182
360884,151739,0.005241379310344827,0.006896551724137931,0.009,181303,119122,194318.18181818182
375766,142578,0.005241379310344827,0.006896551724137931,0.012,181429,104244,194318.18181818182
387341,138150,0.005241379310344827,0.006896551724137931,0.015,181177,92660,194318.18181818182
344311,167372,0.005241379310344827,0.007310344827586207,0.006,178716,135697,187912.08791208788
363144,162771,0.005241379310344827,0.007310344827586207,0.009,175737,116864,187912.08791208788
377417,150624,0.005241379310344827,0.007310344827586207,0.012,176840,102591,187912.08791208788
388572,154339,0.005241379310344827,0.007310344827586207,0.015,173686,91436,187912.08791208788
347256,180443,0.005241379310344827,0.007724137931034483,0.006,172537,132752,181914.89361702127
365411,180341,0.005241379310344827,0.007724137931034483,0.009,168200,114598,181914.89361702127
379317,173452,0.005241379310344827,0.007724137931034483,0.012,167385,100690,181914.89361702127
389962,162885,0.005241379310344827,0.007724137931034483,0.015,169132,90046,181914.89361702127
350087,194141,0.005241379310344827,0.008137931034482758,0.006,166614,129919,176288.6597938144
367489,184185,0.005241379310344827,0.008137931034482758,0.009,164804,112517,176288.6597938144
380840,179074,0.005241379310344827,0.008137931034482758,0.012,163727,99170,176288.6597938144
391278,164528,0.005241379310344827,0.008137931034482758,0.015,166879,88724,176288.6597938144
352978,202728,0.005241379310344827,0.008551724137931035,0.006,161858,127027,171000.0
369579,185372,0.005241379310344827,0.008551724137931035,0.009,162428,110430,171000.0
382384,182678,0.005241379310344827,0.008551724137931035,0.012,160845,97624,171000.0
392577,182893,0.005241379310344827,0.008551724137931035,0.015,159104,87423,171000.0
355394,208670,0.005241379310344827,0.00896551724137931,0.006,158155,124612,166019.41747572817
371673,206137,0.005241379310344827,0.00896551724137931,0.009,154597,108334,166019.41747572817
383908,199821,0.005241379310344827,0.00896551724137931,0.012,153738,96098,166019.41747572817
393834,181209,0.005241379310344827,0.00896551724137931,0.015,158184,86176,166019.41747572817
357847,227243,0.005241379310344827,0.009379310344827585,0.006,151511,122161,161320.75471698112
373364,208181,0.005241379310344827,0.009379310344827585,0.009,152008,106644,161320.75471698112
385420,208174,0.005241379310344827,0.009379310344827585,0.012,149430,94587,161320.75471698112
395000,199555,0.005241379310344827,0.009379310344827585,0.015,150452,85009,161320.75471698112
360442,214561,0.005241379310344827,0.009793103448275862,0.006,151799,119558,156880.73394495412
375232,218685,0.005241379310344827,0.009793103448275862,0.009,147211,104775,156880.73394495412
386874,207966,0.005241379310344827,0.009793103448275862,0.012,147826,93132,156880.73394495412
396172,204733,0.005241379310344827,0.009793103448275862,0.015,147426,83834,156880.73394495412
362794,236727,0.005241379310344827,0.010206896551724139,0.006,144803,117211,152678.57142857142
377181,227303,0.005241379310344827,0.010206896551724139,0.009,143015,102826,152678.57142857142
388342,226035,0.005241379310344827,0.010206896551724139,0.012,140813,91668,152678.57142857142
397321,220371,0.005241379310344827,0.010206896551724139,0.015,140796,82686,152678.57142857142
364964,237566,0.005241379310344827,0.010620689655172414,0.006,142484,115046,148695.65217391308
378685,233788,0.005241379310344827,0.010620689655172414,0.009,139531,101323,148695.65217391308
389692,231811,0.005241379310344827,0.010620689655172414,0.012,137715,90318,148695.65217391308
398413,226628,0.005241379310344827,0.010620689655172414,0.015,137561,81593,148695.65217391308
366964,251412,0.005241379310344827,0.011034482758620689,0.006,137338,113043,144915.25423728817
380382,241342,0.005241379310344827,0.011034482758620689,0.009,135809,99621,144915.25423728817
390983,235435,0.005241379310344827,0.011034482758620689,0.012,135118,89018,144915.25423728817
399518,230445,0.005241379310344827,0.011034482758620689,0.015,135090,80491,144915.25423728817
368998,246686,0.005241379310344827,0.011448275862068966,0.006,136417,111010,141322.31404958677
382025,250662,0.005241379310344827,0.011448275862068966,0.009,132010,97975,141322.31404958677
392236,248576,0.005241379310344827,0.011448275862068966,0.012,129922,87770,141322.31404958677
400641,242080,0.005241379310344827,0.011448275862068966,0.015,130151,79369,141322.31404958677
371023,266305,0.005241379310344827,0.01186206896551724,0.006,130318,108983,137903.22580645158
383706,254330,0.005241379310344827,0.01186206896551724,0.009,129295,96301,137903.22580645158
393441,242823,0.005241379310344827,0.01186206896551724,0.012,130327,86568,137903.22580645158
401568,247312,0.005241379310344827,0.01186206896551724,0.015,127334,78435,137903.22580645158
373025,272308,0.005241379310344827,0.012275862068965518,0.006,127224,106985,134645.6692913386
385213,258153,0.005241379310344827,0.012275862068965518,0.009,126876,94794,134645.6692913386
394660,250813,0.005241379310344827,0.012275862068965518,0.012,126798,85349,134645.6692913386
402558,263944,0.005241379310344827,0.012275862068965518,0.015,121005,77450,134645.6692913386
374760,274287,0.005241379310344827,0.012689655172413793,0.006,125252,105243,131538.46153846156
386554,263400,0.005241379310344827,0.012689655172413793,0.009,124164,93446,131538.46153846156
395969,265065,0.005241379310344827,0.012689655172413793,0.012,121270,84031,131538.46153846156
403591,263286,0.005241379310344827,0.012689655172413793,0.015,120094,76419,131538.46153846156
376568,268430,0.005241379310344827,0.01310344827586207,0.006,124531,103438,128571.42857142857
387891,279341,0.005241379310344827,0.01310344827586207,0.009,118876,92117,128571.42857142857
397167,268996,0.005241379310344827,0.01310344827586207,0.012,119030,82841,128571.42857142857
404623,262306,0.005241379310344827,0.01310344827586207,0.015,119391,75384,128571.42857142857
378250,274689,0.005241379310344827,0.013517241379310345,0.006,121644,101755,125735.29411764705
389365,264047,0.005241379310344827,0.013517241379310345,0.009,121244,90645,125735.29411764705
398194,274303,0.005241379310344827,0.013517241379310345,0.012,116437,81806,125735.29411764705
405414,271179,0.005241379310344827,0.013517241379310345,0.015,115747,74594,125735.29411764705
380111,284392,0.005241379310344827,0.01393103448275862,0.006,118206,99899,123021.58273381295
390620,280449,0.005241379310344827,0.01393103448275862,0.009,115814,89386,123021.58273381295
399184,277213,0.005241379310344827,0.01393103448275862,0.012,114575,80821,123021.58273381295
406420,271929,0.005241379310344827,0.01393103448275862,0.015,114506,73590,123021.58273381295
381590,296258,0.005241379310344827,0.014344827586206896,0.006,114323,98418,120422.5352112676
391937,280782,0.005241379310344827,0.014344827586206896,0.009,114534,88064,120422.5352112676
400259,284849,0.005241379310344827,0.014344827586206896,0.012,111266,79749,120422.5352112676
407227,272777,0.005241379310344827,0.014344827586206896,0.015,113208,72783,120422.5352112676
383168,301527,0.005241379310344827,0.014758620689655172,0.006,111973,96839,117931.03448275861
393245,285282,0.005241379310344827,0.014758620689655172,0.009,112084,86765,117931.03448275861
401316,283961,0.005241379310344827,0.014758620689655172,0.012,110504,78690,117931.03448275861
408195,280391,0.005241379310344827,0.014758620689655172,0.015,109997,71812,117931.03448275861
384685,295926,0.005241379310344827,0.015172413793103448,0.006,111512,95322,115540.54054054052
394445,292231,0.005241379310344827,0.015172413793103448,0.009,109357,85565,115540.54054054052
402363,293214,0.005241379310344827,0.015172413793103448,0.012,107045,77647,115540.54054054052
409035,285123,0.005241379310344827,0.015172413793103448,0.015,107719,70973,115540.54054054052
386143,303692,0.005241379310344827,0.015586206896551724,0.006,108670,93863,113245.03311258278
395599,297438,0.005241379310344827,0.015586206896551724,0.009,106983,84408,113245.03311258278
403255,293409,0.005241379310344827,0.015586206896551724,0.012,105897,76754,113245.03311258278
409707,288291,0.005241379310344827,0.015586206896551724,0.015,106006,70302,113245.03311258278
387547,304088,0.005241379310344827,0.016,0.006,107509,92461,111038.96103896102
396736,308227,0.005241379310344827,0.016,0.009,103344,83270,111038.96103896102
404253,304403,0.005241379310344827,0.016,0.012,101987,75756,111038.96103896102
410540,298111,0.005241379310344827,0.016,0.015,102188,69469,111038.96103896102
306523,38339,0.005655172413793104,0.004,0.006,247560,173480,263571.4285714285
334571,35115,0.005655172413793104,0.004,0.009,242770,145432,263571.4285714285
354554,26817,0.005655172413793104,0.004,0.012,242011,125452,263571.4285714285
369820,32378,0.005655172413793104,0.004,0.015,237571,110187,263571.4285714285
310925,46601,0.005655172413793104,0.004413793103448276,0.006,240803,169080,252739.7260273973
337723,39848,0.005655172413793104,0.004413793103448276,0.009,237635,142284,252739.7260273973
356910,41226,0.005655172413793104,0.004413793103448276,0.012,234014,123097,252739.7260273973
371730,42503,0.005655172413793104,0.004413793103448276,0.015,231328,108270,252739.7260273973
315189,69730,0.005655172413793104,0.004827586206896552,0.006,230201,164817,242763.15789473685
340735,62850,0.005655172413793104,0.004827586206896552,0.009,226830,139267,242763.15789473685
359280,50855,0.005655172413793104,0.004827586206896552,0.012,227865,120730,242763.15789473685
373486,46411,0.005655172413793104,0.004827586206896552,0.015,227486,106524,242763.15789473685
319385,75543,0.005655172413793104,0.005241379310344827,0.006,224477,160615,233544.30379746837
343412,67135,0.005655172413793104,0.005241379310344827,0.009,222436,136595,233544.30379746837
361513,67554,0.005655172413793104,0.005241379310344827,0.012,219455,118496,233544.30379746837
375103,56671,0.005655172413793104,0.005241379310344827,0.015,221455,104905,233544.30379746837
323114,104351,0.005655172413793104,0.005655172413793104,0.006,213133,156894,225000.0
346353,92946,0.005655172413793104,0.005655172413793104,0.009,211355,133657,225000.0
363425,82131,0.005655172413793104,0.005655172413793104,0.012,211913,116579,225000.0
376748,67672,0.005655172413793104,0.005655172413793104,0.015,215212,103258,225000.0
326728,115340,0.005655172413793104,0.006068965517241379,0.006,206600,153278,217058.82352941178
348988,101905,0.005655172413793104,0.006068965517241379,0.009,205593,131012,217058.82352941178
365434,88287,0.005655172413793104,0.006068965517241379,0.012,207386,114573,217058.82352941178
378374,84732,0.005655172413793104,0.006068965517241379,0.015,207013,101635,217058.82352941178
330227,139005,0.005655172413793104,0.006482758620689655,0.006,197222,149775,209659.0909090909
351529,119293,0.005655172413793104,0.006482758620689655,0.009,197566,128471,209659.0909090909
367463,105253,0.005655172413793104,0.006482758620689655,0.012,199351,112544,209659.0909090909
380054,93573,0.005655172413793104,0.006482758620689655,0.015,201736,99953,209659.0909090909
333566,145592,0.005655172413793104,0.006896551724137931,0.006,192070,146440,202747.25274725276
353954,132572,0.005655172413793104,0.006896551724137931,0.009,191123,126049,202747.25274725276
369495,130085,0.005655172413793104,0.006896551724137931,0.012,188948,110506,202747.25274725276
381418,130976,0.005655172413793104,0.006896551724137931,0.015,186634,98591,202747.25274725276
336754,161376,0.005655172413793104,0.007310344827586207,0.006,185341,143251,196276.59574468085
356499,142627,0.005655172413793104,0.007310344827586207,0.009,185481,123504,196276.59574468085
371192,142871,0.005655172413793104,0.007310344827586207,0.012,182725,108816,196276.59574468085
382977,127908,0.005655172413793104,0.007310344827586207,0.015,185922,97024,196276.59574468085
339857,168050,0.005655172413793104,0.007724137931034483,0.006,180573,140151,190206.1855670103
358692,164460,0.005655172413793104,0.007724137931034483,0.009,176775,121318,190206.1855670103
372953,149470,0.005655172413793104,0.007724137931034483,0.012,178515,107055,190206.1855670103
384290,129695,0.005655172413793104,0.007724137931034483,0.015,183510,95717,190206.1855670103
342943,194705,0.005655172413793104,0.008137931034482758,0.006,171490,137060,184500.0
360821,172200,0.005655172413793104,0.008137931034482758,0.009,172268,119185,184500.0
374632,163679,0.005655172413793104,0.008137931034482758,0.012,172056,105373,184500.0
385719,156230,0.005655172413793104,0.008137931034482758,0.015,172722,94291,184500.0
345623,185188,0.005655172413793104,0.008551724137931035,0.006,170863,134386,179126.21359223302
362947,187560,0.005655172413793104,0.008551724137931035,0.009,165922,117060,179126.21359223302
376358,173159,0.005655172413793104,0.008551724137931035,0.012,167242,103651,179126.21359223302
387127,158687,0.005655172413793104,0.008551724137931035,0.015,170256,92876,179126.21359223302
348444,199462,0.005655172413793104,0.00896551724137931,0.006,164955,131563,174056.60377358494
365154,194904,0.005655172413793104,0.00896551724137931,0.009,161774,114853,174056.60377358494
377963,183713,0.005655172413793104,0.00896551724137931,0.012,162221,102044,174056.60377358494
388362,168982,0.005655172413793104,0.00896551724137931,0.015,165189,91648,174056.60377358494
350932,211469,0.005655172413793104,0.009379310344827585,0.006,159818,129078,169266.0550458716
366916,190860,0.005655172413793104,0.009379310344827585,0.009,160787,113093,169266.0550458716
379661,192571,0.005655172413793104,0.009379310344827585,0.012,157823,100342,169266.0550458716
389606,189618,0.005655172413793104,0.009379310344827585,0.015,156877,90404,169266.0550458716
353363,217370,0.005655172413793104,0.009793103448275862,0.006,156107,126645,164732.14285714284
368882,203744,0.005655172413793104,0.009793103448275862,0.009,155410,111126,164732.14285714284
380982,202614,0.005655172413793104,0.009793103448275862,0.012,153057,99026,164732.14285714284
390788,192777,0.005655172413793104,0.009793103448275862,0.015,154289,89221,164732.14285714284
355744,221350,0.005655172413793104,0.010206896551724139,0.006,153152,124262,160434.78260869565
370736,224545,0.005655172413793104,0.010206896551724139,0.009,147823,109272,160434.78260869565
382503,208138,0.005655172413793104,0.010206896551724139,0.012,149691,97503,160434.78260869565
392034,206873,0.005655172413793104,0.010206896551724139,0.015,148340,87976,160434.78260869565
358049,236941,0.005655172413793104,0.010620689655172414,0.006,147325,121957,156355.93220338985
372489,227236,0.005655172413793104,0.010620689655172414,0.009,145432,107519,156355.93220338985
384025,216805,0.005655172413793104,0.010620689655172414,0.012,145720,95975,156355.93220338985
393189,213834,0.005655172413793104,0.010620689655172414,0.015,144713,86821,156355.93220338985
360340,245365,0.005655172413793104,0.011034482758620689,0.006,143750,119669,152479.33884297524
374399,236353,0.005655172413793104,0.011034482758620689,0.009,141239,105610,152479.33884297524
385458,222260,0.005655172413793104,0.011034482758620689,0.012,142639,94551,152479.33884297524
394398,212928,0.005655172413793104,0.011034482758620689,0.015,143750,85604,152479.33884297524
362368,241215,0.005655172413793104,0.011448275862068966,0.006,142388,117639,148790.32258064515
375940,242763,0.005655172413793104,0.011448275862068966,0.009,137889,104067,148790.32258064515
386670,230249,0.005655172413793104,0.011448275862068966,0.012,138829,93336,148790.32258064515
395442,219212,0.005655172413793104,0.011448275862068966,0.015,140534,84558,148790.32258064515
364492,242979,0.005655172413793104,0.01186206896551724,0.006,140054,115514,145275.5905511811
377562,238876,0.005655172413793104,0.01186206896551724,0.009,137386,102445,145275.5905511811
387942,224313,0.005655172413793104,0.01186206896551724,0.012,139191,92066,145275.5905511811
396470,229477,0.005655172413793104,0.01186206896551724,0.015,135990,83537,145275.5905511811
366625,256510,0.005655172413793104,0.012275862068965518,0.006,135288,113385,141923.07692307694
379133,252885,0.005655172413793104,0.012275862068965518,0.009,132190,100873,141923.07692307694
389193,249925,0.005655172413793104,0.012275862068965518,0.012,130357,90816,141923.07692307694
397607,235204,0.005655172413793104,0.012275862068965518,0.015,133000,82403,141923.07692307694
368370,258994,0.005655172413793104,0.012689655172413793,0.006,133017,111638,138721.80451127823
380734,255984,0.005655172413793104,0.012689655172413793,0.009,130041,99276,138721.80451127823
390443,246186,0.005655172413793104,0.012689655172413793,0.012,130136,89561,138721.80451127823
398498,248584,0.005655172413793104,0.012689655172413793,0.015,127783,81511,138721.80451127823
370391,273024,0.005655172413793104,0.01310344827586207,0.006,128675,109619,135661.76470588235
382151,263478,0.005655172413793104,0.01310344827586207,0.009,126661,97852,135661.76470588235
391681,250740,0.005655172413793104,0.01310344827586207,0.012,127734,88329,135661.76470588235
399513,255918,0.005655172413793104,0.01310344827586207,0.015,124437,80495,135661.76470588235
372087,272013,0.005655172413793104,0.013517241379310345,0.006,126971,107919,132733.8129496403
383669,272252,0.005655172413793104,0.013517241379310345,0.009,123080,96335,132733.8129496403
392816,258480,0.005655172413793104,0.013517241379310345,0.012,124371,87193,132733.8129496403
400461,255292,0.005655172413793104,0.013517241379310345,0.015,123629,79548,132733.8129496403
373772,281712,0.005655172413793104,0.01393103448275862,0.006,123467,106231,129929.57746478874
384975,276603,0.005655172413793104,0.01393103448275862,0.009,120671,95032,129929.57746478874
394009,263980,0.005655172413793104,0.01393103448275862,0.012,121666,85998,129929.57746478874
401441,272516,0.005655172413793104,0.01393103448275862,0.015,117239,78568,129929.57746478874
375584,276251,0.005655172413793104,0.014344827586206896,0.006,123019,104416,127241.37931034484
386397,278432,0.005655172413793104,0.014344827586206896,0.009,119110,93603,127241.37931034484
395118,274152,0.005655172413793104,0.014344827586206896,0.012,117775,84888,127241.37931034484
402391,270269,0.005655172413793104,0.014344827586206896,0.015,117023,77619,127241.37931034484
377264,280724,0.005655172413793104,0.014758620689655172,0.006,120446,102736,124662.16216216217
387661,278860,0.005655172413793104,0.014758620689655172,0.009,117635,92348,124662.16216216217
396333,277272,0.005655172413793104,0.014758620689655172,0.012,115680,83673,124662.16216216217
403287,267816,0.005655172413793104,0.014758620689655172,0.015,116741,76720,124662.16216216217
378745,284838,0.005655172413793104,0.015172413793103448,0.006,118173,101258,122185.43046357617
388973,290484,0.005655172413793104,0.015172413793103448,0.009,113777,91037,122185.43046357617
397299,282745,0.005655172413793104,0.015172413793103448,0.012,113139,82701,122185.43046357617
404190,278615,0.005655172413793104,0.015172413793103448,0.015,112643,75819,122185.43046357617
380258,293267,0.005655172413793104,0.015586206896551724,0.006,115160,99750,119805.19480519481
390190,291439,0.005655172413793104,0.015586206896551724,0.009,112301,89819,119805.19480519481
398310,284017,0.005655172413793104,0.015586206896551724,0.012,111934,81700,119805.19480519481
405046,277192,0.005655172413793104,0.015586206896551724,0.015,112159,74956,119805.19480519481
381785,297267,0.005655172413793104,0.016,0.006,113148,98222,117515.92356687896
391385,295406,0.005655172413793104,0.016,0.009,110344,88623,117515.92356687896
399367,287855,0.005655172413793104,0.016,0.012,109771,80643,117515.92356687896
405872,281440,0.005655172413793104,0.016,0.015,110089,74136,117515.92356687896
298572,28631,0.006068965517241379,0.004,0.006,254525,181433,271232.87671232875
327116,26446,0.006068965517241379,0.004,0.009,248937,152888,271232.87671232875
348014,24301,0.006068965517241379,0.004,0.012,245782,131996,271232.87671232875
363702,26652,0.006068965517241379,0.004,0.015,242234,116306,271232.87671232875
303152,43591,0.006068965517241379,0.004413793103448276,0.006,245871,176849,260526.31578947365
330358,38255,0.006068965517241379,0.004413793103448276,0.009,241727,149647,260526.31578947365
350313,37743,0.006068965517241379,0.004413793103448276,0.012,238180,129695,260526.31578947365
365662,38333,0.006068965517241379,0.004413793103448276,0.015,235377,114338,260526.31578947365
307433,56588,0.006068965517241379,0.004827586206896552,0.006,238152,172573,250632.9113924051
333523,42825,0.006068965517241379,0.004827586206896552,0.009,236812,146486,250632.9113924051
352645,55660,0.006068965517241379,0.004827586206896552,0.012,229222,127363,250632.9113924051
367578,43087,0.006068965517241379,0.004827586206896552,0.015,231241,112429,250632.9113924051
311786,73780,0.006068965517241379,0.005241379310344827,0.006,229529,168220,241463.41463414635
336499,58684,0.006068965517241379,0.005241379310344827,0.009,228550,143503,241463.41463414635
354938,54731,0.006068965517241379,0.005241379310344827,0.012,226829,125067,241463.41463414635
369321,49821,0.006068965517241379,0.005241379310344827,0.015,226525,110689,241463.41463414635
315614,86953,0.006068965517241379,0.005655172413793104,0.006,221990,164395,232941.17647058822
339410,65253,0.006068965517241379,0.005655172413793104,0.009,223493,140599,232941.17647058822
357198,63655,0.006068965517241379,0.005655172413793104,0.012,221145,122806,232941.17647058822
371067,65006,0.006068965517241379,0.005655172413793104,0.015,218781,108940,232941.17647058822
319279,100246,0.006068965517241379,0.006068965517241379,0.006,214923,160727,225000.0
342092,89912,0.006068965517241379,0.006068965517241379,0.009,213050,137913,225000.0
359361,84071,0.006068965517241379,0.006068965517241379,0.012,211839,120641,225000.0
372725,78470,0.006068965517241379,0.006068965517241379,0.015,211866,107278,225000.0
322845,119350,0.006068965517241379,0.006482758620689655,0.006,206728,157160,217582.41758241755
344683,101374,0.006068965517241379,0.006482758620689655,0.009,206725,135321,217582.41758241755
361265,103755,0.006068965517241379,0.006482758620689655,0.012,203067,118738,217582.41758241755
374196,91378,0.006068965517241379,0.006482758620689655,0.015,205256,105807,217582.41758241755
326471,136997,0.006068965517241379,0.006896551724137931,0.006,198860,153536,210638.29787234042
347282,119537,0.006068965517241379,0.006896551724137931,0.009,198774,132724,210638.29787234042
363390,109769,0.006068965517241379,0.006896551724137931,0.012,198874,116614,210638.29787234042
375802,114741,0.006068965517241379,0.006896551724137931,0.015,195077,104198,210638.29787234042
329736,131591,0.006068965517241379,0.007310344827586207,0.006,196962,150271,204123.71134020618
349711,138455,0.006068965517241379,0.007310344827586207,0.009,190599,130297,204123.71134020618
365163,123569,0.006068965517241379,0.007310344827586207,0.012,192090,114846,204123.71134020618
377285,115056,0.006068965517241379,0.007310344827586207,0.015,193187,102721,204123.71134020618
332711,158950,0.006068965517241379,0.007724137931034483,0.006,187447,147294,197999.99999999994
352099,155201,0.006068965517241379,0.007724137931034483,0.009,183383,127904,197999.99999999994
366984,136968,0.006068965517241379,0.007724137931034483,0.012,185824,113022,197999.99999999994
378752,123655,0.006068965517241379,0.007724137931034483,0.015,188353,101251,197999.99999999994
335738,157670,0.006068965517241379,0.008137931034482758,0.006,184691,144268,192233.0097087379
354442,157249,0.006068965517241379,0.008137931034482758,0.009,180395,125558,192233.0097087379
368769,145663,0.006068965517241379,0.008137931034482758,0.012,181118,111237,192233.0097087379
380351,143793,0.006068965517241379,0.008137931034482758,0.015,179753,99654,192233.0097087379
338631,169655,0.006068965517241379,0.008551724137931035,0.006,179182,141374,186792.45283018865
356541,171241,0.006068965517241379,0.008551724137931035,0.009,174403,123467,186792.45283018865
370502,166522,0.006068965517241379,0.008551724137931035,0.012,172581,109505,186792.45283018865
381594,147251,0.006068965517241379,0.008551724137931035,0.015,176872,98415,186792.45283018865
341590,199508,0.006068965517241379,0.00896551724137931,0.006,169737,138415,181651.37614678897
358709,176748,0.006068965517241379,0.00896551724137931,0.009,170668,121297,181651.37614678897
372163,174744,0.006068965517241379,0.00896551724137931,0.012,168254,107840,181651.37614678897
382942,172122,0.006068965517241379,0.00896551724137931,0.015,167061,97064,181651.37614678897
344261,195423,0.006068965517241379,0.009379310344827585,0.006,168100,135746,176785.7142857143
360717,181310,0.006068965517241379,0.009379310344827585,0.009,167378,119291,176785.7142857143
373767,181803,0.006068965517241379,0.009379310344827585,0.012,164376,106241,176785.7142857143
384271,165920,0.006068965517241379,0.009379310344827585,0.015,167523,95737,176785.7142857143
346741,204957,0.006068965517241379,0.009793103448275862,0.006,163794,133269,172173.91304347824
362751,203070,0.006068965517241379,0.009793103448275862,0.009,159414,117256,172173.91304347824
375377,197209,0.006068965517241379,0.009793103448275862,0.012,158035,104631,172173.91304347824
385553,175913,0.006068965517241379,0.009793103448275862,0.015,162819,94454,172173.91304347824
349286,207838,0.006068965517241379,0.010206896551724139,0.006,160747,130716,167796.6101694915
364822,208726,0.006068965517241379,0.010206896551724139,0.009,156175,115184,167796.6101694915
376932,189528,0.006068965517241379,0.010206896551724139,0.012,158782,103071,167796.6101694915
386850,185032,0.006068965517241379,0.010206896551724139,0.015,158412,93160,167796.6101694915
351694,213818,0.006068965517241379,0.010620689655172414,0.006,157007,128311,163636.36363636362
366531,211796,0.006068965517241379,0.010620689655172414,0.009,153510,113475,163636.36363636362
378391,203602,0.006068965517241379,0.010620689655172414,0.012,152960,101618,163636.36363636362
388016,198310,0.006068965517241379,0.010620689655172414,0.015,152611,91993,163636.36363636362
353813,228092,0.006068965517241379,0.011034482758620689,0.006,151823,126195,159677.41935483873
368320,216353,0.006068965517241379,0.011034482758620689,0.009,150516,111688,159677.41935483873
379839,209883,0.006068965517241379,0.011034482758620689,0.012,149574,100168,159677.41935483873
389222,205378,0.006068965517241379,0.011034482758620689,0.015,149093,90779,159677.41935483873
356207,225192,0.006068965517241379,0.011448275862068966,0.006,150519,123800,155905.51181102358
370067,227827,0.006068965517241379,0.011448275862068966,0.009,145675,109941,155905.51181102358
381190,220515,0.006068965517241379,0.011448275862068966,0.012,145030,98817,155905.51181102358
390429,214825,0.006068965517241379,0.011448275862068966,0.015,144841,89571,155905.51181102358
358135,243655,0.006068965517241379,0.01186206896551724,0.006,144731,121869,152307.69230769228
371786,236115,0.006068965517241379,0.01186206896551724,0.009,142114,108223,152307.69230769228
382603,225785,0.006068965517241379,0.01186206896551724,0.012,142113,97400,152307.69230769228
391488,222509,0.006068965517241379,0.01186206896551724,0.015,141090,88521,152307.69230769228
360258,242540,0.006068965517241379,0.012275862068965518,0.006,142703,119748,148872.18045112782
373544,239842,0.006068965517241379,0.012275862068965518,0.009,139587,106463,148872.18045112782
384071,234813,0.006068965517241379,0.012275862068965518,0.012,138199,95936,148872.18045112782
392658,224959,0.006068965517241379,0.012275862068965518,0.015,139141,87352,148872.18045112782
362259,251591,0.006068965517241379,0.012689655172413793,0.006,139327,117744,145588.23529411768
374933,240185,0.006068965517241379,0.012689655172413793,0.009,137783,105074,145588.23529411768
385320,236788,0.006068965517241379,0.012689655172413793,0.012,136142,94680,145588.23529411768
393661,230742,0.006068965517241379,0.012689655172413793,0.015,136266,86346,145588.23529411768
364247,260540,0.006068965517241379,0.01310344827586207,0.006,135558,115763,142446.04316546762
376543,249085,0.006068965517241379,0.01310344827586207,0.009,134002,103466,142446.04316546762
386473,244025,0.006068965517241379,0.01310344827586207,0.012,132971,93536,142446.04316546762
394703,246349,0.006068965517241379,0.01310344827586207,0.015,130301,85304,142446.04316546762
366067,270162,0.006068965517241379,0.013517241379310345,0.006,131886,113939,139436.61971830984
378163,262388,0.006068965517241379,0.013517241379310345,0.009,129422,101843,139436.61971830984
387664,253723,0.006068965517241379,0.013517241379310345,0.012,128939,92340,139436.61971830984
395718,245253,0.006068965517241379,0.013517241379310345,0.015,129599,84288,139436.61971830984
367841,265657,0.006068965517241379,0.01393103448275862,0.006,131234,112167,136551.72413793104
379603,261281,0.006068965517241379,0.01393103448275862,0.009,128284,100399,136551.72413793104
388899,256351,0.006068965517241379,0.01393103448275862,0.012,127100,91109,136551.72413793104
396709,255828,0.006068965517241379,0.01393103448275862,0.015,125375,83299,136551.72413793104
369586,266361,0.006068965517241379,0.014344827586206896,0.006,129244,110421,133783.7837837838
380959,264207,0.006068965517241379,0.014344827586206896,0.009,126129,99051,133783.7837837838
390073,263536,0.006068965517241379,0.014344827586206896,0.012,124013,89933,133783.7837837838
397803,251569,0.006068965517241379,0.014344827586206896,0.015,125624,82207,133783.7837837838
371304,273577,0.006068965517241379,0.014758620689655172,0.006,126222,108704,131125.82781456952
382265,266694,0.006068965517241379,0.014758620689655172,0.009,124349,97744,131125.82781456952
391158,258143,0.006068965517241379,0.014758620689655172,0.012,124162,88846,131125.82781456952
398761,259988,0.006068965517241379,0.014758620689655172,0.015,122078,81246,131125.82781456952
372993,277276,0.006068965517241379,0.015172413793103448,0.006,124077,107014,128571.42857142857
383614,280847,0.006068965517241379,0.015172413793103448,0.009,119704,96393,128571.42857142857
392267,273885,0.006068965517241379,0.015172413793103448,0.012,118823,87737,128571.42857142857
399551,262875,0.006068965517241379,0.015172413793103448,0.015,120202,80458,128571.42857142857
374683,287904,0.006068965517241379,0.015586206896551724,0.006,120848,105327,126114.64968152867
384908,268417,0.006068965517241379,0.015586206896551724,0.009,121296,95098,126114.64968152867
393509,277417,0.006068965517241379,0.015586206896551724,0.012,116807,86496,126114.64968152867
400472,265673,0.006068965517241379,0.015586206896551724,0.015,118396,79536,126114.64968152867
376287,287354,0.006068965517241379,0.016,0.006,119309,103719,123749.99999999997
386178,291353,0.006068965517241379,0.016,0.009,114862,93830,123749.99999999997
394548,281475,0.006068965517241379,0.016,0.012,114816,85455,123749.99999999997
401419,276528,0.006068965517241379,0.016,0.015,114405,78591,123749.99999999997
291149,28512,0.006482758620689655,0.004,0.006,258707,188857,278289.4736842105
320197,24394,0.006482758620689655,0.004,0.009,253050,159809,278289.4736842105
341630,25470,0.006482758620689655,0.004,0.012,248209,138380,278289.4736842105
357895,24785,0.006482758620689655,0.004,0.015,245284,122105,278289.4736842105
295689,31715,0.006482758620689655,0.004413793103448276,0.006,253170,184314,267721.5189873418
323624,30059,0.006482758620689655,0.004413793103448276,0.009,247624,156384,267721.5189873418
344166,24540,0.006482758620689655,0.004413793103448276,0.012,245582,135838,267721.5189873418
359890,29252,0.006482758620689655,0.004413793103448276,0.015,241186,120119,267721.5189873418
300240,54959,0.006482758620689655,0.004827586206896552,0.006,242829,179767,257926.82926829264
326716,44772,0.006482758620689655,0.004827586206896552,0.009,239602,153287,257926.82926829264
346421,37416,0.006482758620689655,0.004827586206896552,0.012,238264,133585,257926.82926829264
361710,38301,0.006482758620689655,0.004827586206896552,0.015,235468,118300,257926.82926829264
304299,62667,0.006482758620689655,0.005241379310344827,0.006,236585,175706,248823.5294117647
329776,60978,0.006482758620689655,0.005241379310344827,0.009,231344,150232,248823.5294117647
348801,51471,0.006482758620689655,0.005241379310344827,0.012,230809,131208,248823.5294117647
363561,48048,0.006482758620689655,0.005241379310344827,0.015,229651,116449,248823.5294117647
308309,75607,0.006482758620689655,0.005655172413793104,0.006,229330,171696,240340.9090909091
332684,60326,0.006482758620689655,0.005655172413793104,0.009,228403,147321,240340.9090909091
350978,58102,0.006482758620689655,0.005655172413793104,0.012,226002,129024,240340.9090909091
365411,50940,0.006482758620689655,0.005655172413793104,0.015,226354,114596,240340.9090909091
312147,96367,0.006482758620689655,0.006068965517241379,0.006,220356,167857,232417.58241758242
335514,71163,0.006482758620689655,0.006068965517241379,0.009,222115,144492,232417.58241758242
353331,65053,0.006482758620689655,0.006068965517241379,0.012,221159,126673,232417.58241758242
366939,70919,0.006482758620689655,0.006068965517241379,0.015,217139,113065,232417.58241758242
315801,114305,0.006482758620689655,0.006482758620689655,0.006,212482,164204,225000.0
338264,83130,0.006482758620689655,0.006482758620689655,0.009,215727,141738,225000.0
355231,70883,0.006482758620689655,0.006482758620689655,0.012,216848,124777,225000.0
368731,86531,0.006482758620689655,0.006482758620689655,0.015,209519,111278,225000.0
319310,118548,0.006482758620689655,0.006896551724137931,0.006,207936,160695,218041.23711340205
341030,106398,0.006482758620689655,0.006896551724137931,0.009,206187,138976,218041.23711340205
357342,98690,0.006482758620689655,0.006896551724137931,0.012,205503,122667,218041.23711340205
370229,79039,0.006482758620689655,0.006896551724137931,0.015,210240,109778,218041.23711340205
322760,133676,0.006482758620689655,0.007310344827586207,0.006,201200,157240,211500.0
343384,124365,0.006482758620689655,0.007310344827586207,0.009,198424,136621,211500.0
359281,117393,0.006482758620689655,0.007310344827586207,0.012,197340,120725,211500.0
371945,96213,0.006482758620689655,0.007310344827586207,0.015,202270,108065,211500.0
325899,146589,0.006482758620689655,0.007724137931034483,0.006,195052,154106,205339.8058252427
345823,136209,0.006482758620689655,0.007724137931034483,0.009,192549,134180,205339.8058252427
361180,125537,0.006482758620689655,0.007724137931034483,0.012,192608,118828,205339.8058252427
373396,122091,0.006482758620689655,0.007724137931034483,0.015,191662,106610,205339.8058252427
329161,163695,0.006482758620689655,0.008137931034482758,0.006,188013,150846,199528.30188679247
348175,151978,0.006482758620689655,0.008137931034482758,0.009,185652,131831,199528.30188679247
362996,144952,0.006482758620689655,0.008137931034482758,0.012,184478,117009,199528.30188679247
374883,129206,0.006482758620689655,0.008137931034482758,0.015,187481,105125,199528.30188679247
331973,172034,0.006482758620689655,0.008551724137931035,0.006,183336,148033,194036.6972477064
350459,165058,0.006482758620689655,0.008551724137931035,0.009,179771,129549,194036.6972477064
364788,153027,0.006482758620689655,0.008551724137931035,0.012,180026,115220,194036.6972477064
376352,142056,0.006482758620689655,0.008551724137931035,0.015,181382,103648,194036.6972477064
334857,177736,0.006482758620689655,0.00896551724137931,0.006,179432,145152,188839.2857142857
352745,159030,0.006482758620689655,0.00896551724137931,0.009,179148,127255,188839.2857142857
366566,153407,0.006482758620689655,0.00896551724137931,0.012,178072,113441,188839.2857142857
377732,143930,0.006482758620689655,0.00896551724137931,0.015,179197,102271,188839.2857142857
337708,185856,0.006482758620689655,0.009379310344827585,0.006,174936,142300,183913.04347826086
354795,177968,0.006482758620689655,0.009379310344827585,0.009,171986,125214,183913.04347826086
368238,161606,0.006482758620689655,0.009379310344827585,0.012,173654,111770,183913.04347826086
379124,166629,0.006482758620689655,0.009379310344827585,0.015,170208,100884,183913.04347826086
340233,194160,0.006482758620689655,0.009793103448275862,0.006,170608,139774,179237.28813559323
356807,182224,0.006482758620689655,0.009793103448275862,0.009,168698,123199,179237.28813559323
369983,181230,0.006482758620689655,0.009793103448275862,0.012,166026,110027,179237.28813559323
380442,167542,0.006482758620689655,0.009793103448275862,0.015,168274,99561,179237.28813559323
342803,194816,0.006482758620689655,0.010206896551724139,0.006,167852,137199,174793.38842975209
358754,188178,0.006482758620689655,0.010206896551724139,0.009,165224,121248,174793.38842975209
371463,179513,0.006482758620689655,0.010206896551724139,0.012,164853,108545,174793.38842975209
381751,177952,0.006482758620689655,0.010206896551724139,0.015,163490,98255,174793.38842975209
345257,206983,0.006482758620689655,0.010620689655172414,0.006,163104,134744,170564.51612903227
360845,206891,0.006482758620689655,0.010620689655172414,0.009,158532,119165,170564.51612903227
373124,194541,0.006482758620689655,0.010620689655172414,0.012,158936,106884,170564.51612903227
382991,189788,0.006482758620689655,0.010620689655172414,0.015,158210,97017,170564.51612903227
347724,215850,0.006482758620689655,0.011034482758620689,0.006,158884,132277,166535.4330708662
362652,211641,0.006482758620689655,0.011034482758620689,0.009,155376,117358,166535.4330708662
374580,197313,0.006482758620689655,0.011034482758620689,0.012,156427,105430,166535.4330708662
384376,197110,0.006482758620689655,0.011034482758620689,0.015,154522,95631,166535.4330708662
349862,217960,0.006482758620689655,0.011448275862068966,0.006,156481,130146,162692.30769230766
364383,219999,0.006482758620689655,0.011448275862068966,0.009,151609,115623,162692.30769230766
375979,206132,0.006482758620689655,0.011448275862068966,0.012,152323,104030,162692.30769230766
385521,200255,0.006482758620689655,0.011448275862068966,0.015,152323,94489,162692.30769230766
352124,234635,0.006482758620689655,0.01186206896551724,0.006,150910,127885,159022.55639097744
366156,216608,0.006482758620689655,0.01186206896551724,0.009,150755,113853,159022.55639097744
377419,206826,0.006482758620689655,0.01186206896551724,0.012,150768,102590,159022.55639097744
386616,208973,0.006482758620689655,0.01186206896551724,0.015,148187,93390,159022.55639097744
354229,241428,0.006482758620689655,0.012275862068965518,0.006,147611,125774,155514.70588235295
367971,235809,0.006482758620689655,0.012275862068965518,0.009,144224,112032,155514.70588235295
378773,226171,0.006482758620689655,0.012275862068965518,0.012,143749,101233,155514.70588235295
387761,217557,0.006482758620689655,0.012275862068965518,0.015,144383,92247,155514.70588235295
356350,237979,0.006482758620689655,0.012689655172413793,0.006,146147,123659,152158.273381295
369479,233789,0.006482758620689655,0.012689655172413793,0.009,143226,110528,152158.273381295
380127,226656,0.006482758620689655,0.012689655172413793,0.012,142388,99882,152158.273381295
388893,226139,0.006482758620689655,0.012689655172413793,0.015,140482,91114,152158.273381295
358301,239009,0.006482758620689655,0.01310344827586207,0.006,144181,121705,148943.66197183097
371081,248218,0.006482758620689655,0.01310344827586207,0.009,138177,108926,148943.66197183097
381422,237171,0.006482758620689655,0.01310344827586207,0.012,138145,98585,148943.66197183097
389980,235981,0.006482758620689655,0.01310344827586207,0.015,136447,90027,148943.66197183097
360196,241718,0.006482758620689655,0.013517241379310345,0.006,141801,119808,145862.06896551725
372611,253374,0.006482758620689655,0.013517241379310345,0.009,135513,107393,145862.06896551725
382819,239303,0.006482758620689655,0.013517241379310345,0.012,136168,97190,145862.06896551725
391059,236570,0.006482758620689655,0.013517241379310345,0.015,134994,88950,145862.06896551725
362128,265865,0.006482758620689655,0.01393103448275862,0.006,135644,117875,142905.40540540538
374124,254158,0.006482758620689655,0.01393103448275862,0.009,133655,105884,142905.40540540538
383946,244214,0.006482758620689655,0.01393103448275862,0.012,133542,96061,142905.40540540538
392089,242530,0.006482758620689655,0.01393103448275862,0.015,132119,87920,142905.40540540538
363923,258013,0.006482758620689655,0.014344827586206896,0.006,135265,116080,140066.2251655629
375564,252230,0.006482758620689655,0.014344827586206896,0.009,132872,104443,140066.2251655629
385129,252233,0.006482758620689655,0.014344827586206896,0.012,130125,94879,140066.2251655629
393066,245867,0.006482758620689655,0.014344827586206896,0.015,130131,86937,140066.2251655629
365668,261488,0.006482758620689655,0.014758620689655172,0.006,133090,114340,137337.66233766233
377139,257530,0.006482758620689655,0.014758620689655172,0.009,130267,102871,137337.66233766233
386327,247460,0.006482758620689655,0.014758620689655172,0.012,130236,93676,137337.66233766233
394042,249774,0.006482758620689655,0.014758620689655172,0.015,127932,85961,137337.66233766233
367407,274584,0.006482758620689655,0.015172413793103448,0.006,128849,112599,134713.37579617836
378539,269178,0.006482758620689655,0.015172413793103448,0.009,126098,101463,134713.37579617836
387581,258215,0.006482758620689655,0.015172413793103448,0.012,126285,92420,134713.37579617836
395054,255160,0.006482758620689655,0.015172413793103448,0.015,125259,84948,134713.37579617836
369184,274950,0.006482758620689655,0.015586206896551724,0.006,127333,110818,132187.5
379738,267301,0.006482758620689655,0.015586206896551724,0.009,125414,100271,132187.5
388686,268267,0.006482758620689655,0.015586206896551724,0.012,122455,91314,132187.5
396125,262278,0.006482758620689655,0.015586206896551724,0.015,122300,83882,132187.5
370711,274769,0.006482758620689655,0.016,0.006,125824,109295,129754.60122699385
381200,271825,0.006482758620689655,0.016,0.009,122915,98801,129754.60122699385
389824,270525,0.006482758620689655,0.016,0.012,120922,90183,129754.60122699385
397023,266657,0.006482758620689655,0.016,0.015,120131,82978,129754.60122699385
283965,20057,0.006896551724137931,0.004,0.006,264928,196041,284810.12658227846
313523,20529,0.006896551724137931,0.004,0.009,257480,166483,284810.12658227846
335334,21810,0.006896551724137931,0.004,0.012,252205,144672,284810.12658227846
352089,22470,0.006896551724137931,0.004,0.015,248520,127917,284810.12658227846
288747,31793,0.006896551724137931,0.004413793103448276,0.006,257213,191253,274390.243902439
317055,29708,0.006896551724137931,0.004413793103448276,0.009,251014,162952,274390.243902439
337910,29397,0.006896551724137931,0.004413793103448276,0.012,246661,142096,274390.243902439
354095,25180,0.006896551724137931,0.004413793103448276,0.015,245015,125913,274390.243902439
293254,36696,0.006896551724137931,0.004827586206896552,0.006,251465,186746,264705.88235294115
320128,36554,0.006896551724137931,0.004827586206896552,0.009,245489,159878,264705.88235294115
340377,39277,0.006896551724137931,0.004827586206896552,0.012,240429,139629,264705.88235294115
356041,31766,0.006896551724137931,0.004827586206896552,0.015,240205,123967,264705.88235294115
297540,49322,0.006896551724137931,0.005241379310344827,0.006,244099,182467,255681.8181818182
323447,41288,0.006896551724137931,0.005241379310344827,0.009,240675,156554,255681.8181818182
342861,46037,0.006896551724137931,0.005241379310344827,0.012,235464,137149,255681.8181818182
357941,41173,0.006896551724137931,0.005241379310344827,0.015,234581,122065,255681.8181818182
301579,73393,0.006896551724137931,0.005655172413793104,0.006,234157,178421,247252.74725274724
326459,58292,0.006896551724137931,0.005655172413793104,0.009,232446,153548,247252.74725274724
345067,49179,0.006896551724137931,0.005655172413793104,0.012,231763,134941,247252.74725274724
359814,39981,0.006896551724137931,0.005655172413793104,0.015,232711,120195,247252.74725274724
305354,87748,0.006896551724137931,0.006068965517241379,0.006,226802,174652,239361.70212765958
329187,68320,0.006896551724137931,0.006068965517241379,0.009,226413,150815,239361.70212765958
347409,69518,0.006896551724137931,0.006068965517241379,0.012,222589,132601,239361.70212765958
361562,68294,0.006896551724137931,0.006068965517241379,0.015,220575,118446,239361.70212765958
309035,91148,0.006896551724137931,0.006482758620689655,0.006,222200,170969,231958.76288659792
332058,80402,0.006896551724137931,0.006482758620689655,0.009,219926,147951,231958.76288659792
349491,66555,0.006896551724137931,0.006482758620689655,0.012,221049,130511,231958.76288659792
363257,68491,0.006896551724137931,0.006482758620689655,0.015,218320,116746,231958.76288659792
312623,100895,0.006896551724137931,0.006896551724137931,0.006,216497,167384,225000.0
334829,93458,0.006896551724137931,0.006896551724137931,0.009,213331,145178,225000.0
351577,94711,0.006896551724137931,0.006896551724137931,0.012,209749,128425,225000.0
364952,85150,0.006896551724137931,0.006896551724137931,0.015,210647,115051,225000.0
316236,118354,0.006896551724137931,0.007310344827586207,0.006,208901,163771,218446.60194174756
337221,102656,0.006896551724137931,0.007310344827586207,0.009,207992,142783,218446.60194174756
353715,93669,0.006896551724137931,0.007310344827586207,0.012,207798,126285,218446.60194174756
366697,91711,0.006896551724137931,0.007310344827586207,0.015,206438,113313,218446.60194174756
319366,142213,0.006896551724137931,0.007724137931034483,0.006,200277,160640,212264.1509433962
339912,116546,0.006896551724137931,0.007724137931034483,0.009,201525,140095,212264.1509433962
355701,121486,0.006896551724137931,0.007724137931034483,0.012,196873,124301,212264.1509433962
368188,107278,0.006896551724137931,0.007724137931034483,0.015,199320,111821,212264.1509433962
322607,156430,0.006896551724137931,0.008137931034482758,0.006,194132,157393,206422.01834862385
342178,134287,0.006896551724137931,0.008137931034482758,0.009,194309,137827,206422.01834862385
357501,121554,0.006896551724137931,0.008137931034482758,0.012,194794,122500,206422.01834862385
369748,111153,0.006896551724137931,0.008137931034482758,0.015,196094,110262,206422.01834862385
325562,157793,0.006896551724137931,0.008551724137931035,0.006,191056,154444,200892.85714285713
344617,140663,0.006896551724137931,0.008551724137931035,0.009,190153,135393,200892.85714285713
359333,135036,0.006896551724137931,0.008551724137931035,0.012,188616,120676,200892.85714285713
371181,135975,0.006896551724137931,0.008551724137931035,0.015,186143,108827,200892.85714285713
328484,176254,0.006896551724137931,0.00896551724137931,0.006,183960,151518,195652.17391304346
346727,161830,0.006896551724137931,0.00896551724137931,0.009,182140,133275,195652.17391304346
361197,151965,0.006896551724137931,0.00896551724137931,0.012,181547,118813,195652.17391304346
372675,142166,0.006896551724137931,0.00896551724137931,0.015,182375,107332,195652.17391304346
331290,179179,0.006896551724137931,0.009379310344827585,0.006,180910,148715,190677.9661016949
349031,158496,0.006896551724137931,0.009379310344827585,0.009,180768,130979,190677.9661016949
362808,159717,0.006896551724137931,0.009379310344827585,0.012,177337,117197,190677.9661016949
374107,145775,0.006896551724137931,0.009379310344827585,0.015,179612,105900,190677.9661016949
334018,189953,0.006896551724137931,0.009793103448275862,0.006,175814,145988,185950.4132231405
351158,173268,0.006896551724137931,0.009793103448275862,0.009,174904,128852,185950.4132231405
364607,166857,0.006896551724137931,0.009793103448275862,0.012,173542,115403,185950.4132231405
375481,162326,0.006896551724137931,0.009793103448275862,0.015,172684,104525,185950.4132231405
336789,191828,0.006896551724137931,0.010206896551724139,0.006,173053,143215,181451.6129032258
353099,189622,0.006896551724137931,0.010206896551724139,0.009,168458,126908,181451.6129032258
366186,180650,0.006896551724137931,0.010206896551724139,0.012,167701,113820,181451.6129032258
376872,157053,0.006896551724137931,0.010206896551724139,0.015,172912,103128,181451.6129032258
339281,204464,0.006896551724137931,0.010620689655172414,0.006,168147,140720,177165.35433070868
355085,188720,0.006896551724137931,0.010620689655172414,0.009,166818,124921,177165.35433070868
367822,170039,0.006896551724137931,0.010620689655172414,0.012,169075,112178,177165.35433070868
378213,176332,0.006896551724137931,0.010620689655172414,0.015,165307,101797,177165.35433070868
341587,208458,0.006896551724137931,0.011034482758620689,0.006,164833,138419,173076.92307692312
357024,206110,0.006896551724137931,0.011034482758620689,0.009,160507,122979,173076.92307692312
369458,191332,0.006896551724137931,0.011034482758620689,0.012,161301,110551,173076.92307692312
379418,189707,0.006896551724137931,0.011034482758620689,0.015,159666,100588,173076.92307692312
343933,214437,0.006896551724137931,0.011448275862068966,0.006,161436,136072,169172.93233082705
358830,195561,0.006896551724137931,0.011448275862068966,0.009,161267,121172,169172.93233082705
370973,201886,0.006896551724137931,0.011448275862068966,0.012,156811,109036,169172.93233082705
380646,197028,0.006896551724137931,0.011448275862068966,0.015,156104,99362,169172.93233082705
346361,222939,0.006896551724137931,0.01186206896551724,0.006,157577,133646,165441.17647058822
360671,210568,0.006896551724137931,0.01186206896551724,0.009,155875,119335,165441.17647058822
372398,202924,0.006896551724137931,0.01186206896551724,0.012,155042,107602,165441.17647058822
381857,200321,0.006896551724137931,0.01186206896551724,0.015,153767,98151,165441.17647058822
348410,224253,0.006896551724137931,0.012275862068965518,0.006,155182,131595,161870.5035971223
362544,222092,0.006896551724137931,0.012275862068965518,0.009,151337,117466,161870.5035971223
373774,209272,0.006896551724137931,0.012275862068965518,0.012,151779,106235,161870.5035971223
383022,201201,0.006896551724137931,0.012275862068965518,0.015,152079,96984,161870.5035971223
350590,220896,0.006896551724137931,0.012689655172413793,0.006,154027,129410,158450.70422535215
364123,227325,0.006896551724137931,0.012689655172413793,0.009,148357,115885,158450.70422535215
375164,217257,0.006896551724137931,0.012689655172413793,0.012,148052,104836,158450.70422535215
384212,212167,0.006896551724137931,0.012689655172413793,0.015,147553,95796,158450.70422535215
352724,232647,0.006896551724137931,0.01310344827586207,0.006,149725,127285,155172.41379310345
365765,228271,0.006896551724137931,0.01310344827586207,0.009,146636,114243,155172.41379310345
376535,221026,0.006896551724137931,0.01310344827586207,0.012,145595,103467,155172.41379310345
385315,223692,0.006896551724137931,0.01310344827586207,0.015,142933,94690,155172.41379310345
354633,248746,0.006896551724137931,0.013517241379310345,0.006,144693,125376,152027.027027027
367383,237922,0.006896551724137931,0.013517241379310345,0.009,142652,112620,152027.027027027
377799,230888,0.006896551724137931,0.013517241379310345,0.012,141709,102209,152027.027027027
386466,214679,0.006896551724137931,0.013517241379310345,0.015,144337,93542,152027.027027027
356564,245720,0.006896551724137931,0.01393103448275862,0.006,143567,123445,149006.6225165563
368950,241933,0.006896551724137931,0.01393103448275862,0.009,140200,111056,149006.6225165563
379108,235187,0.006896551724137931,0.01393103448275862,0.012,139265,100895,149006.6225165563
387556,234072,0.006896551724137931,0.01393103448275862,0.015,137511,92450,149006.6225165563
358523,253128,0.006896551724137931,0.014344827586206896,0.006,140305,121487,146103.8961038961
370472,239868,0.006896551724137931,0.014344827586206896,0.009,139301,109535,146103.8961038961
380478,245059,0.006896551724137931,0.014344827586206896,0.012,135223,99531,146103.8961038961
388563,237583,0.006896551724137931,0.014344827586206896,0.015,135369,91444,146103.8961038961
360270,252639,0.006896551724137931,0.014758620689655172,0.006,138774,119730,143312.10191082803
371976,243222,0.006896551724137931,0.014758620689655172,0.009,137128,108033,143312.10191082803
381688,241097,0.006896551724137931,0.014758620689655172,0.012,135070,98322,143312.10191082803
389619,238612,0.006896551724137931,0.014758620689655172,0.015,133926,90384,143312.10191082803
361989,264849,0.006896551724137931,0.015172413793103448,0.006,134980,118017,140625.0
373360,249124,0.006896551724137931,0.015172413793103448,0.009,134358,106648,140625.0
382786,248735,0.006896551724137931,0.015172413793103448,0.012,131966,97223,140625.0
390651,251460,0.006896551724137931,0.015172413793103448,0.015,129263,89358,140625.0
363702,270296,0.006896551724137931,0.015586206896551724,0.006,132414,116305,138036.80981595092
374800,258364,0.006896551724137931,0.015586206896551724,0.009,130817,105209,138036.80981595092
384054,252337,0.006896551724137931,0.015586206896551724,0.012,129731,95956,138036.80981595092
391695,252803,0.006896551724137931,0.015586206896551724,0.015,127756,88305,138036.80981595092
365457,270073,0.006896551724137931,0.016,0.006,130718,114553,135542.16867469877
376143,261550,0.006896551724137931,0.016,0.009,128905,103865,135542.16867469877
385111,261191,0.006896551724137931,0.016,0.012,126487,94899,135542.16867469877
392652,251589,0.006896551724137931,0.016,0.015,127176,87348,135542.16867469877
277173,17324,0.007310344827586207,0.004,0.006,269478,202828,290853.65853658534
307098,17313,0.007310344827586207,0.004,0.009,261585,172907,290853.65853658534
329415,17939,0.007310344827586207,0.004,0.012,256168,150587,290853.65853658534
346588,20845,0.007310344827586207,0.004,0.015,251358,133421,290853.65853658534
282040,25562,0.007310344827586207,0.004413793103448276,0.006,262669,197960,280588.23529411765
310609,24995,0.007310344827586207,0.004413793103448276,0.009,255639,169397,280588.23529411765
332014,20320,0.007310344827586207,0.004413793103448276,0.012,252416,147988,280588.23529411765
348630,22567,0.007310344827586207,0.004413793103448276,0.015,248255,131378,280588.23529411765
286577,30921,0.007310344827586207,0.004827586206896552,0.006,256715,193424,271022.72727272724
313871,24171,0.007310344827586207,0.004827586206896552,0.009,252361,166131,271022.72727272724
334505,28348,0.007310344827586207,0.004827586206896552,0.012,246822,145502,271022.72727272724
350672,31045,0.007310344827586207,0.004827586206896552,0.015,242841,129337,271022.72727272724
290893,46890,0.007310344827586207,0.005241379310344827,0.006,248628,189107,262087.91208791215
317184,34374,0.007310344827586207,0.005241379310344827,0.009,245868,162816,262087.91208791215
336997,36389,0.007310344827586207,0.005241379310344827,0.012,241374,143009,262087.91208791215
352711,33352,0.007310344827586207,0.005241379310344827,0.015,239674,127296,262087.91208791215
294847,47819,0.007310344827586207,0.005655172413793104,0.006,244184,185156,253723.40425531915
320225,48315,0.007310344827586207,0.005655172413793104,0.009,238666,159775,253723.40425531915
339351,37686,0.007310344827586207,0.005655172413793104,0.012,238250,140651,253723.40425531915
354414,40680,0.007310344827586207,0.005655172413793104,0.015,234788,125593,253723.40425531915
298802,74289,0.007310344827586207,0.006068965517241379,0.006,234049,181203,245876.28865979382
323273,54614,0.007310344827586207,0.006068965517241379,0.009,233602,156732,245876.28865979382
341800,52030,0.007310344827586207,0.006068965517241379,0.012,230988,138207,245876.28865979382
356279,45670,0.007310344827586207,0.006068965517241379,0.015,230777,123726,245876.28865979382
302741,88600,0.007310344827586207,0.006482758620689655,0.006,226951,177266,238500.00000000003
325983,62429,0.007310344827586207,0.006482758620689655,0.009,228420,154019,238500.00000000003
343996,66558,0.007310344827586207,0.006482758620689655,0.012,223971,136012,238500.00000000003
358057,61085,0.007310344827586207,0.006482758620689655,0.015,223374,121949,238500.00000000003
306263,97299,0.007310344827586207,0.006896551724137931,0.006,221266,173743,231553.39805825244
328837,87892,0.007310344827586207,0.006896551724137931,0.009,218245,151164,231553.39805825244
345990,76286,0.007310344827586207,0.006896551724137931,0.012,218337,134017,231553.39805825244
359903,61293,0.007310344827586207,0.006896551724137931,0.015,221222,120106,231553.39805825244
309904,112053,0.007310344827586207,0.007310344827586207,0.006,214695,170102,224999.99999999997
331488,93450,0.007310344827586207,0.007310344827586207,0.009,214021,148519,224999.99999999997
348090,89943,0.007310344827586207,0.007310344827586207,0.012,211812,131918,224999.99999999997
361470,77967,0.007310344827586207,0.007310344827586207,0.015,213506,118537,224999.99999999997
313170,128635,0.007310344827586207,0.007724137931034483,0.006,207781,166838,218807.33944954126
333953,108765,0.007310344827586207,0.007724137931034483,0.009,207148,146056,218807.33944954126
350126,105630,0.007310344827586207,0.007724137931034483,0.012,204729,129880,218807.33944954126
363103,95821,0.007310344827586207,0.007724137931034483,0.015,205629,116903,218807.33944954126
316461,131962,0.007310344827586207,0.008137931034482758,0.006,203675,163544,212946.42857142855
336352,115253,0.007310344827586207,0.008137931034482758,0.009,202912,143655,212946.42857142855
352086,114568,0.007310344827586207,0.008137931034482758,0.012,199819,127920,212946.42857142855
364791,112192,0.007310344827586207,0.008137931034482758,0.015,198402,115218,212946.42857142855
319504,145621,0.007310344827586207,0.008551724137931035,0.006,197934,160496,207391.3043478261
338805,132873,0.007310344827586207,0.008551724137931035,0.009,195745,141203,207391.3043478261
353983,129781,0.007310344827586207,0.008551724137931035,0.012,193215,126023,207391.3043478261
366196,113913,0.007310344827586207,0.008551724137931035,0.015,196071,113812,207391.3043478261
322374,159026,0.007310344827586207,0.00896551724137931,0.006,192037,157630,202118.6440677966
341080,133637,0.007310344827586207,0.00896551724137931,0.009,193143,138922,202118.6440677966
355795,138048,0.007310344827586207,0.00896551724137931,0.012,188823,124209,202118.6440677966
367742,128678,0.007310344827586207,0.00896551724137931,0.015,189517,112264,202118.6440677966
325400,167668,0.007310344827586207,0.009379310344827585,0.006,187503,154607,197107.43801652893
343324,151009,0.007310344827586207,0.009379310344827585,0.009,186391,136678,197107.43801652893
357729,154515,0.007310344827586207,0.009379310344827585,0.012,182015,122281,197107.43801652893
369196,145584,0.007310344827586207,0.009379310344827585,0.015,182281,110806,197107.43801652893
328142,180526,0.007310344827586207,0.009793103448275862,0.006,182056,151867,192338.70967741933
345582,159328,0.007310344827586207,0.009793103448275862,0.009,182061,134428,192338.70967741933
359362,154394,0.007310344827586207,0.009793103448275862,0.012,180299,120644,192338.70967741933
370654,160071,0.007310344827586207,0.009793103448275862,0.015,176117,109355,192338.70967741933
330703,181047,0.007310344827586207,0.010206896551724139,0.006,179668,149303,187795.2755905512
347708,168255,0.007310344827586207,0.010206896551724139,0.009,177596,132292,187795.2755905512
361012,161536,0.007310344827586207,0.010206896551724139,0.012,176323,118995,187795.2755905512
372027,158452,0.007310344827586207,0.010206896551724139,0.015,175159,107982,187795.2755905512
333303,188402,0.007310344827586207,0.010620689655172414,0.006,175462,146705,183461.53846153847
349652,177394,0.007310344827586207,0.010620689655172414,0.009,173292,130350,183461.53846153847
362655,173538,0.007310344827586207,0.010620689655172414,0.012,171078,117349,183461.53846153847
373444,172487,0.007310344827586207,0.010620689655172414,0.015,169254,106556,183461.53846153847
335794,200126,0.007310344827586207,0.011034482758620689,0.006,170692,144214,179323.3082706767
351658,189936,0.007310344827586207,0.011034482758620689,0.009,168282,128351,179323.3082706767
364340,185307,0.007310344827586207,0.011034482758620689,0.012,166114,115670,179323.3082706767
374834,173576,0.007310344827586207,0.011034482758620689,0.015,167469,105172,179323.3082706767
338186,207796,0.007310344827586207,0.011448275862068966,0.006,167060,141820,175367.64705882352
353520,194405,0.007310344827586207,0.011448275862068966,0.009,165095,126486,175367.64705882352
365980,186005,0.007310344827586207,0.011448275862068966,0.012,164429,114028,175367.64705882352
376009,184040,0.007310344827586207,0.011448275862068966,0.015,162837,104000,175367.64705882352
340659,216694,0.007310344827586207,0.01186206896551724,0.006,163135,139348,171582.73381294962
355509,195660,0.007310344827586207,0.01186206896551724,0.009,162967,124495,171582.73381294962
367506,190320,0.007310344827586207,0.01186206896551724,0.012,161554,112501,171582.73381294962
377336,188698,0.007310344827586207,0.01186206896551724,0.015,159972,102674,171582.73381294962
342773,213281,0.007310344827586207,0.012275862068965518,0.006,161522,137232,167957.74647887322
357176,211548,0.007310344827586207,0.012275862068965518,0.009,157531,122830,167957.74647887322
368910,200167,0.007310344827586207,0.012275862068965518,0.012,157427,111100,167957.74647887322
378600,192521,0.007310344827586207,0.012275862068965518,0.015,157475,101408,167957.74647887322
344938,217616,0.007310344827586207,0.012689655172413793,0.006,158865,135064,164482.75862068968
358950,216003,0.007310344827586207,0.012689655172413793,0.009,154761,121052,164482.75862068968
370251,207460,0.007310344827586207,0.012689655172413793,0.012,153855,109757,164482.75862068968
379806,196149,0.007310344827586207,0.012689655172413793,0.015,155076,100201,164482.75862068968
347174,233781,0.007310344827586207,0.01310344827586207,0.006,153808,132826,161148.64864864864
360610,223416,0.007310344827586207,0.01310344827586207,0.009,151207,119395,161148.64864864864
371677,205492,0.007310344827586207,0.01310344827586207,0.012,152898,108329,161148.64864864864
380888,208690,0.007310344827586207,0.01310344827586207,0.015,150044,99122,161148.64864864864
349257,238551,0.007310344827586207,0.013517241379310345,0.006,150890,130745,157947.01986754965
362407,230868,0.007310344827586207,0.013517241379310345,0.009,148052,117599,157947.01986754965
373047,217410,0.007310344827586207,0.013517241379310345,0.012,148277,106961,157947.01986754965
381989,220189,0.007310344827586207,0.013517241379310345,0.015,145543,98019,157947.01986754965
351172,238813,0.007310344827586207,0.01393103448275862,0.006,148962,128828,154870.1298701299
363887,237630,0.007310344827586207,0.01393103448275862,0.009,144827,116121,154870.1298701299
374382,228291,0.007310344827586207,0.01393103448275862,0.012,144045,105624,154870.1298701299
383088,222616,0.007310344827586207,0.01393103448275862,0.015,143566,96916,154870.1298701299
353003,243170,0.007310344827586207,0.014344827586206896,0.006,146328,127005,151910.8280254777
365473,243436,0.007310344827586207,0.014344827586206896,0.009,141915,114534,151910.8280254777
375639,227519,0.007310344827586207,0.014344827586206896,0.012,143113,104369,151910.8280254777
384284,221736,0.007310344827586207,0.014344827586206896,0.015,142747,95716,151910.8280254777
354917,246740,0.007310344827586207,0.014758620689655172,0.006,143901,125089,149062.50000000003
366994,242713,0.007310344827586207,0.014758620689655172,0.009,140749,113012,149062.50000000003
376938,236919,0.007310344827586207,0.014758620689655172,0.012,139236,103070,149062.50000000003
385403,228174,0.007310344827586207,0.014758620689655172,0.015,139757,94605,149062.50000000003
356750,250276,0.007310344827586207,0.015172413793103448,0.006,141495,123251,146319.01840490798
368473,248031,0.007310344827586207,0.015172413793103448,0.009,138078,111535,146319.01840490798
378178,244617,0.007310344827586207,0.015172413793103448,0.012,136145,101825,146319.01840490798
386330,240755,0.007310344827586207,0.015172413793103448,0.015,134981,93677,146319.01840490798
358537,259364,0.007310344827586207,0.015586206896551724,0.006,138441,121467,143674.69879518074
370049,249909,0.007310344827586207,0.015586206896551724,0.009,136355,109958,143674.69879518074
379398,244569,0.007310344827586207,0.015586206896551724,0.012,134840,100609,143674.69879518074
387471,241845,0.007310344827586207,0.015586206896551724,0.015,133580,92536,143674.69879518074
360181,265449,0.007310344827586207,0.016,0.006,135799,119827,141124.26035502958
371340,264155,0.007310344827586207,0.016,0.009,131686,108666,141124.26035502958
380537,246591,0.007310344827586207,0.016,0.012,133219,99471,141124.26035502958
388458,250930,0.007310344827586207,0.016,0.015,130102,91551,141124.26035502958
270761,22267,0.007724137931034483,0.004,0.006,271868,209242,296470.5882352941
301091,13999,0.007724137931034483,0.004,0.009,265605,178915,296470.5882352941
323625,15670,0.007724137931034483,0.004,0.012,259494,156380,296470.5882352941
341215,15247,0.007724137931034483,0.004,0.015,255644,138794,296470.5882352941
275438,20648,0.007724137931034483,0.004413793103448276,0.006,267606,204565,286363.63636363635
304478,16853,0.007724137931034483,0.004413793103448276,0.009,261135,175523,286363.63636363635
326304,20348,0.007724137931034483,0.004413793103448276,0.012,254993,153701,286363.63636363635
343350,20648,0.007724137931034483,0.004413793103448276,0.015,251209,136659,286363.63636363635
280107,37355,0.007724137931034483,0.004827586206896552,0.006,259138,199898,276923.07692307694
308023,22428,0.007724137931034483,0.004827586206896552,0.009,255922,171980,276923.07692307694
329021,22478,0.007724137931034483,0.004827586206896552,0.012,251389,150986,276923.07692307694
345486,22568,0.007724137931034483,0.004827586206896552,0.015,248120,134521,276923.07692307694
284561,38822,0.007724137931034483,0.005241379310344827,0.006,254396,195445,268085.1063829788
311260,28862,0.007724137931034483,0.005241379310344827,0.009,250645,168747,268085.1063829788
331411,29987,0.007724137931034483,0.005241379310344827,0.012,246093,148591,268085.1063829788
347340,29173,0.007724137931034483,0.005241379310344827,0.015,243389,132662,268085.1063829788
288551,36696,0.007724137931034483,0.005655172413793104,0.006,250745,191451,259793.8144329897
314332,40101,0.007724137931034483,0.005655172413793104,0.009,244148,165668,259793.8144329897
333814,38908,0.007724137931034483,0.005655172413793104,0.012,240577,146190,259793.8144329897
349286,35913,0.007724137931034483,0.005655172413793104,0.015,238777,130720,259793.8144329897
292565,63542,0.007724137931034483,0.006068965517241379,0.006,240531,187436,252000.0
317379,53689,0.007724137931034483,0.006068965517241379,0.009,237018,162624,252000.0
336152,44960,0.007724137931034483,0.006068965517241379,0.012,235990,143856,252000.0
351136,40196,0.007724137931034483,0.006068965517241379,0.015,235034,128867,252000.0
296459,76112,0.007724137931034483,0.006482758620689655,0.006,233797,183543,244660.1941747573
320110,63069,0.007724137931034483,0.006482758620689655,0.009,231385,159895,244660.1941747573
338575,53879,0.007724137931034483,0.006482758620689655,0.012,230629,141427,244660.1941747573
353100,53596,0.007724137931034483,0.006482758620689655,0.015,228268,126901,244660.1941747573
300257,101310,0.007724137931034483,0.006896551724137931,0.006,224406,179747,237735.84905660377
322934,76604,0.007724137931034483,0.006896551724137931,0.009,224708,157071,237735.84905660377
340632,69312,0.007724137931034483,0.006896551724137931,0.012,223435,139376,237735.84905660377
354740,62392,0.007724137931034483,0.006896551724137931,0.015,223261,125268,237735.84905660377
303628,108031,0.007724137931034483,0.007310344827586207,0.006,219524,176377,231192.6605504587
325639,85496,0.007724137931034483,0.007310344827586207,0.009,219488,154362,231192.6605504587
342789,80353,0.007724137931034483,0.007310344827586207,0.012,217599,137216,231192.6605504587
356448,76210,0.007724137931034483,0.007310344827586207,0.015,216613,123555,231192.6605504587
307001,114671,0.007724137931034483,0.007724137931034483,0.006,214876,173003,225000.0
328387,95570,0.007724137931034483,0.007724137931034483,0.009,214137,151613,225000.0
344876,82978,0.007724137931034483,0.007724137931034483,0.012,214523,135127,225000.0
358141,82874,0.007724137931034483,0.007724137931034483,0.015,212456,121867,225000.0
310295,127557,0.007724137931034483,0.008137931034482758,0.006,208890,169710,219130.4347826087
330935,115762,0.007724137931034483,0.008137931034482758,0.009,206117,149072,219130.4347826087
346998,104085,0.007724137931034483,0.008137931034482758,0.012,206016,133009,219130.4347826087
359773,94934,0.007724137931034483,0.008137931034482758,0.015,206542,120230,219130.4347826087
313449,130719,0.007724137931034483,0.008551724137931035,0.006,205046,166552,213559.32203389832
333222,118576,0.007724137931034483,0.008551724137931035,0.009,202910,146786,213559.32203389832
348800,114902,0.007724137931034483,0.008551724137931035,0.012,200597,131206,213559.32203389832
361476,104236,0.007724137931034483,0.008551724137931035,0.015,201668,118524,213559.32203389832
316491,150100,0.007724137931034483,0.00896551724137931,0.006,198218,163513,208264.46280991737
335741,132247,0.007724137931034483,0.00896551724137931,0.009,196972,144266,208264.46280991737
350709,130081,0.007724137931034483,0.00896551724137931,0.012,194066,129297,208264.46280991737
362940,119282,0.007724137931034483,0.00896551724137931,0.015,195053,117067,208264.46280991737
319580,161917,0.007724137931034483,0.009379310344827585,0.006,192875,160427,203225.80645161294
337947,144200,0.007724137931034483,0.009379310344827585,0.009,191551,142062,203225.80645161294
352500,138039,0.007724137931034483,0.009379310344827585,0.012,189867,127503,203225.80645161294
364558,132008,0.007724137931034483,0.009379310344827585,0.015,189303,115449,203225.80645161294
322378,162420,0.007724137931034483,0.009793103448275862,0.006,189941,157622,198425.19685039372
340060,155061,0.007724137931034483,0.009793103448275862,0.009,186514,139943,198425.19685039372
354451,146020,0.007724137931034483,0.009793103448275862,0.012,185692,125553,198425.19685039372
365925,139312,0.007724137931034483,0.009793103448275862,0.015,185253,114083,198425.19685039372
325139,178902,0.007724137931034483,0.010206896551724139,0.006,184073,154865,193846.15384615384
342373,160671,0.007724137931034483,0.010206896551724139,0.009,183004,137628,193846.15384615384
356180,148969,0.007724137931034483,0.010206896551724139,0.012,182983,123827,193846.15384615384
367346,149756,0.007724137931034483,0.010206896551724139,0.015,180512,112656,193846.15384615384
327655,182287,0.007724137931034483,0.010620689655172414,0.006,180784,152346,189473.68421052632
344382,161769,0.007724137931034483,0.010620689655172414,0.009,180634,135625,189473.68421052632
357783,167727,0.007724137931034483,0.010620689655172414,0.012,175805,122222,189473.68421052632
368768,151394,0.007724137931034483,0.010620689655172414,0.015,178406,111233,189473.68421052632
330248,187807,0.007724137931034483,0.011034482758620689,0.006,177325,149761,185294.11764705883
346382,180761,0.007724137931034483,0.011034482758620689,0.009,174024,133624,185294.11764705883
359393,171105,0.007724137931034483,0.011034482758620689,0.012,173143,120613,185294.11764705883
370100,164219,0.007724137931034483,0.011034482758620689,0.015,172934,109902,185294.11764705883
332718,200355,0.007724137931034483,0.011448275862068966,0.006,172506,147292,181294.96402877697
348440,174434,0.007724137931034483,0.011448275862068966,0.009,173584,131568,181294.96402877697
361005,184078,0.007724137931034483,0.011448275862068966,0.012,167821,119003,181294.96402877697
371521,170566,0.007724137931034483,0.011448275862068966,0.015,169603,108489,181294.96402877697
335022,201244,0.007724137931034483,0.01186206896551724,0.006,170198,144984,177464.78873239434
350192,195730,0.007724137931034483,0.01186206896551724,0.009,166606,129816,177464.78873239434
362581,179972,0.007724137931034483,0.01186206896551724,0.012,167449,117428,177464.78873239434
372761,179853,0.007724137931034483,0.01186206896551724,0.015,165368,107240,177464.78873239434
337286,210770,0.007724137931034483,0.012275862068965518,0.006,166113,142722,173793.10344827586
352209,201218,0.007724137931034483,0.012275862068965518,0.009,163355,127798,173793.10344827586
364075,198657,0.007724137931034483,0.012275862068965518,0.012,160709,115931,173793.10344827586
374081,192033,0.007724137931034483,0.012275862068965518,0.015,160249,105929,173793.10344827586
339597,218106,0.007724137931034483,0.012689655172413793,0.006,162747,140403,170270.27027027027
353887,210738,0.007724137931034483,0.012689655172413793,0.009,159483,126119,170270.27027027027
365519,202519,0.007724137931034483,0.012689655172413793,0.012,158299,114489,170270.27027027027
375236,184529,0.007724137931034483,0.012689655172413793,0.015,161288,104772,170270.27027027027
341841,223641,0.007724137931034483,0.01310344827586207,0.006,159571,138160,166887.41721854307
355638,211864,0.007724137931034483,0.01310344827586207,0.009,157581,124370,166887.41721854307
367017,203030,0.007724137931034483,0.01310344827586207,0.012,156669,112986,166887.41721854307
376511,199511,0.007724137931034483,0.01310344827586207,0.015,155414,103489,166887.41721854307
343906,232789,0.007724137931034483,0.013517241379310345,0.006,156098,136094,163636.36363636365
357292,212339,0.007724137931034483,0.013517241379310345,0.009,155743,122712,163636.36363636365
368425,212884,0.007724137931034483,0.013517241379310345,0.012,152548,111584,163636.36363636365
377745,205880,0.007724137931034483,0.013517241379310345,0.015,152338,102265,163636.36363636365
345837,229536,0.007724137931034483,0.01393103448275862,0.006,154837,134165,160509.5541401274
359080,217010,0.007724137931034483,0.01393103448275862,0.009,153059,120920,160509.5541401274
369836,215004,0.007724137931034483,0.01393103448275862,0.012,150640,110174,160509.5541401274
378795,213018,0.007724137931034483,0.01393103448275862,0.015,148981,101211,160509.5541401274
347836,240491,0.007724137931034483,0.014344827586206896,0.006,150840,132170,157500.0
360570,228692,0.007724137931034483,0.014344827586206896,0.009,148887,119438,157500.0
371113,223175,0.007724137931034483,0.014344827586206896,0.012,147097,108895,157500.0
379949,217118,0.007724137931034483,0.014344827586206896,0.015,146766,100060,157500.0
349895,238536,0.007724137931034483,0.014758620689655172,0.006,149428,130110,154601.22699386504
362174,238962,0.007724137931034483,0.014758620689655172,0.009,144968,117833,154601.22699386504
372444,224523,0.007724137931034483,0.014758620689655172,0.012,145455,107565,154601.22699386504
381036,223332,0.007724137931034483,0.014758620689655172,0.015,143739,98971,154601.22699386504
351622,239010,0.007724137931034483,0.015172413793103448,0.006,147589,128384,151807.22891566265
363658,236161,0.007724137931034483,0.015172413793103448,0.009,144244,116348,151807.22891566265
373687,227097,0.007724137931034483,0.015172413793103448,0.012,143619,106321,151807.22891566265
382083,229424,0.007724137931034483,0.015172413793103448,0.015,140817,97921,151807.22891566265
353436,249648,0.007724137931034483,0.015586206896551724,0.006,144098,126572,149112.42603550295
365309,245674,0.007724137931034483,0.015586206896551724,0.009,140542,114698,149112.42603550295
375059,236685,0.007724137931034483,0.015586206896551724,0.012,139848,104948,149112.42603550295
383183,232882,0.007724137931034483,0.015586206896551724,0.015,138872,96826,149112.42603550295
355155,250868,0.007724137931034483,0.016,0.006,142180,124853,146511.62790697673
366640,253705,0.007724137931034483,0.016,0.009,137601,113366,146511.62790697673
376156,245922,0.007724137931034483,0.016,0.012,136257,103850,146511.62790697673
384210,237397,0.007724137931034483,0.016,0.015,136589,95796,146511.62790697673
264683,11374,0.008137931034482758,0.004,0.006,278222,215319,301704.5454545454
295207,10895,0.008137931034482758,0.004,0.009,269496,184793,301704.5454545454
318074,14205,0.008137931034482758,0.004,0.012,262482,161931,301704.5454545454
335978,15515,0.008137931034482758,0.004,0.015,257732,144027,301704.5454545454
269492,12712,0.008137931034482758,0.004413793103448276,0.006,273107,210510,291758.2417582417
298674,16962,0.008137931034482758,0.004413793103448276,0.009,264020,181332,291758.2417582417
320802,19156,0.008137931034482758,0.004413793103448276,0.012,257827,159203,291758.2417582417
338152,21424,0.008137931034482758,0.004413793103448276,0.015,253157,141854,291758.2417582417
273922,22086,0.008137931034482758,0.004827586206896552,0.006,266285,206079,282446.8085106383
302059,23101,0.008137931034482758,0.004827586206896552,0.009,258741,177945,282446.8085106383
323481,19788,0.008137931034482758,0.004827586206896552,0.012,254840,156522,282446.8085106383
340357,22662,0.008137931034482758,0.004827586206896552,0.015,250252,139650,282446.8085106383
278322,30313,0.008137931034482758,0.005241379310344827,0.006,260106,201683,273711.34020618553
305347,29075,0.008137931034482758,0.005241379310344827,0.009,253597,174657,273711.34020618553
326002,25323,0.008137931034482758,0.005241379310344827,0.012,250211,154004,273711.34020618553
342259,31338,0.008137931034482758,0.005241379310344827,0.015,244883,137743,273711.34020618553
282583,44522,0.008137931034482758,0.005655172413793104,0.006,252684,197419,265499.99999999994
308636,31755,0.008137931034482758,0.005655172413793104,0.009,249510,171371,265499.99999999994
328456,34408,0.008137931034482758,0.005655172413793104,0.012,244556,151551,265499.99999999994
344323,29140,0.008137931034482758,0.005655172413793104,0.015,243318,135687,265499.99999999994
286611,55878,0.008137931034482758,0.006068965517241379,0.006,245896,193390,257766.99029126213
311595,47843,0.008137931034482758,0.006068965517241379,0.009,241901,168411,257766.99029126213
330962,43701,0.008137931034482758,0.006068965517241379,0.012,239034,149047,257766.99029126213
346314,37196,0.008137931034482758,0.006068965517241379,0.015,238302,133692,257766.99029126213
290474,68549,0.008137931034482758,0.006482758620689655,0.006,239335,189527,250471.69811320753
314523,62705,0.008137931034482758,0.006482758620689655,0.009,234695,165478,250471.69811320753
333225,50888,0.008137931034482758,0.006482758620689655,0.012,234250,146784,250471.69811320753
348056,45561,0.008137931034482758,0.006482758620689655,0.015,233309,131947,250471.69811320753
294326,83329,0.008137931034482758,0.006896551724137931,0.006,232435,185674,243577.98165137615
317373,68183,0.008137931034482758,0.006896551724137931,0.009,230271,162633,243577.98165137615
335449,65836,0.008137931034482758,0.006896551724137931,0.012,227103,144558,243577.98165137615
349877,52275,0.008137931034482758,0.006896551724137931,0.015,228890,130129,243577.98165137615
297916,92817,0.008137931034482758,0.007310344827586207,0.006,226732,182086,237053.5714285714
320129,79749,0.008137931034482758,0.007310344827586207,0.009,224184,159877,237053.5714285714
337612,61195,0.008137931034482758,0.007310344827586207,0.012,226135,142394,237053.5714285714
351646,63239,0.008137931034482758,0.007310344827586207,0.015,223234,128360,237053.5714285714
301303,94945,0.008137931034482758,0.007724137931034483,0.006,222903,178697,230869.5652173913
322807,91474,0.008137931034482758,0.007724137931034483,0.009,218458,157199,230869.5652173913
339714,81442,0.008137931034482758,0.007724137931034483,0.012,217785,140294,230869.5652173913
353459,68711,0.008137931034482758,0.007724137931034483,0.015,219400,126551,230869.5652173913
304546,103688,0.008137931034482758,0.008137931034482758,0.006,217728,175458,225000.0
325340,102954,0.008137931034482758,0.008137931034482758,0.009,212691,154665,225000.0
341763,81952,0.008137931034482758,0.008137931034482758,0.012,215329,138244,225000.0
355173,76140,0.008137931034482758,0.008137931034482758,0.015,215050,124834,225000.0
307795,124625,0.008137931034482758,0.008551724137931035,0.006,210416,172212,219421.48760330578
327970,106702,0.008137931034482758,0.008551724137931035,0.009,209250,152038,219421.48760330578
343767,108783,0.008137931034482758,0.008551724137931035,0.012,205201,136241,219421.48760330578
356673,95753,0.008137931034482758,0.008551724137931035,0.015,206868,123333,219421.48760330578
310804,140110,0.008137931034482758,0.00896551724137931,0.006,204288,169199,214112.90322580645
330271,131343,0.008137931034482758,0.00896551724137931,0.009,200472,149734,214112.90322580645
345723,114437,0.008137931034482758,0.00896551724137931,0.012,201505,134285,214112.90322580645
358251,108143,0.008137931034482758,0.00896551724137931,0.015,201139,121751,214112.90322580645
313944,145286,0.008137931034482758,0.009379310344827585,0.006,200279,166057,209055.11811023622
332600,135166,0.008137931034482758,0.009379310344827585,0.009,197077,147406,209055.11811023622
347591,125365,0.008137931034482758,0.009379310344827585,0.012,196320,132415,209055.11811023622
359924,117277,0.008137931034482758,0.009379310344827585,0.015,196410,120083,209055.11811023622
316780,154120,0.008137931034482758,0.009793103448275862,0.006,195591,163220,204230.76923076922
335005,145915,0.008137931034482758,0.009793103448275862,0.009,192271,144998,204230.76923076922
349387,136104,0.008137931034482758,0.009793103448275862,0.012,191397,130619,204230.76923076922
361321,121063,0.008137931034482758,0.009793103448275862,0.015,193584,118686,204230.76923076922
319595,166780,0.008137931034482758,0.010206896551724139,0.006,190454,160412,199624.06015037594
337077,158080,0.008137931034482758,0.010206896551724139,0.009,187054,142925,199624.06015037594
351169,143866,0.008137931034482758,0.010206896551724139,0.012,187250,128838,199624.06015037594
362772,134438,0.008137931034482758,0.010206896551724139,0.015,187789,117236,199624.06015037594
322121,176083,0.008137931034482758,0.010620689655172414,0.006,186035,157887,195220.5882352941
339213,154320,0.008137931034482758,0.010620689655172414,0.009,185813,140789,195220.5882352941
352945,151451,0.008137931034482758,0.010620689655172414,0.012,183386,127063,195220.5882352941
364349,144440,0.008137931034482758,0.010620689655172414,0.015,183113,115658,195220.5882352941
324841,172866,0.008137931034482758,0.011034482758620689,0.006,184148,155168,191007.1942446043
341383,172709,0.008137931034482758,0.011034482758620689,0.009,179300,138622,191007.1942446043
354735,152813,0.008137931034482758,0.011034482758620689,0.012,181208,125273,191007.1942446043
365620,155335,0.008137931034482758,0.011034482758620689,0.015,178240,114382,191007.1942446043
327236,192277,0.008137931034482758,0.011448275862068966,0.006,178075,152770,186971.83098591544
343394,179393,0.008137931034482758,0.011448275862068966,0.009,175619,136613,186971.83098591544
356229,162684,0.008137931034482758,0.011448275862068966,0.012,176695,123776,186971.83098591544
367041,164871,0.008137931034482758,0.011448275862068966,0.015,173805,112969,186971.83098591544
329694,190039,0.008137931034482758,0.01186206896551724,0.006,176249,150308,183103.44827586203
345230,186099,0.008137931034482758,0.01186206896551724,0.009,172264,134776,183103.44827586203
357989,182919,0.008137931034482758,0.01186206896551724,0.012,169638,122018,183103.44827586203
368301,163432,0.008137931034482758,0.01186206896551724,0.015,172831,111703,183103.44827586203
332173,205292,0.008137931034482758,0.012275862068965518,0.006,171331,147834,179391.89189189184
347179,192278,0.008137931034482758,0.012275862068965518,0.009,168832,132821,179391.89189189184
359389,183795,0.008137931034482758,0.012275862068965518,0.012,167678,120618,179391.89189189184
369755,175498,0.008137931034482758,0.012275862068965518,0.015,167842,110252,179391.89189189184
334396,212248,0.008137931034482758,0.012689655172413793,0.006,167799,145614,175827.81456953642
349104,195150,0.008137931034482758,0.012689655172413793,0.009,166455,130903,175827.81456953642
361013,184847,0.008137931034482758,0.012689655172413793,0.012,165860,118987,175827.81456953642
370920,180001,0.008137931034482758,0.012689655172413793,0.015,165049,109086,175827.81456953642
336599,210943,0.008137931034482758,0.01310344827586207,0.006,165866,143411,172402.5974025974
350853,191224,0.008137931034482758,0.01310344827586207,0.009,165670,129157,172402.5974025974
362415,195759,0.008137931034482758,0.01310344827586207,0.012,161498,117593,172402.5974025974
372123,193176,0.008137931034482758,0.01310344827586207,0.015,159930,107881,172402.5974025974
338803,224293,0.008137931034482758,0.013517241379310345,0.006,161409,141204,169108.28025477706
352554,203926,0.008137931034482758,0.013517241379310345,0.009,160941,127453,169108.28025477706
363877,209609,0.008137931034482758,0.013517241379310345,0.012,156326,116129,169108.28025477706
373352,191431,0.008137931034482758,0.013517241379310345,0.015,159104,106651,169108.28025477706
340778,217027,0.008137931034482758,0.01393103448275862,0.006,160898,139225,165937.5
354204,215823,0.008137931034482758,0.01393103448275862,0.009,156616,125802,165937.5
365265,201418,0.008137931034482758,0.01393103448275862,0.012,157100,114743,165937.5
374676,203026,0.008137931034482758,0.01393103448275862,0.015,154507,105334,165937.5
342783,234661,0.008137931034482758,0.014344827586206896,0.006,155846,137223,162883.43558282207
355982,222760,0.008137931034482758,0.014344827586206896,0.009,153550,124025,162883.43558282207
366648,214304,0.008137931034482758,0.014344827586206896,0.012,152374,113360,162883.43558282207
375723,206388,0.008137931034482758,0.014344827586206896,0.015,152318,104280,162883.43558282207
344809,236354,0.008137931034482758,0.014758620689655172,0.006,153606,135191,159939.75903614456
357595,224159,0.008137931034482758,0.014758620689655172,0.009,151669,122413,159939.75903614456
368088,219526,0.008137931034482758,0.014758620689655172,0.012,149772,111922,159939.75903614456
376973,219100,0.008137931034482758,0.014758620689655172,0.015,147524,103037,159939.75903614456
346719,237108,0.008137931034482758,0.015172413793103448,0.006,151633,133291,157100.5917159763
359160,231507,0.008137931034482758,0.015172413793103448,0.009,148521,120847,157100.5917159763
369317,224060,0.008137931034482758,0.015172413793103448,0.012,147303,110690,157100.5917159763
377996,212301,0.008137931034482758,0.015172413793103448,0.015,148298,102006,157100.5917159763
348608,237149,0.008137931034482758,0.015586206896551724,0.006,149985,131400,154360.46511627905
360590,236733,0.008137931034482758,0.015586206896551724,0.009,145896,119419,154360.46511627905
370599,231694,0.008137931034482758,0.015586206896551724,0.012,143991,109404,154360.46511627905
379040,226104,0.008137931034482758,0.015586206896551724,0.015,143383,100965,154360.46511627905
350436,245260,0.008137931034482758,0.016,0.006,147058,129571,151714.28571428568
362042,244933,0.008137931034482758,0.016,0.009,142832,117960,151714.28571428568
371911,233168,0.008137931034482758,0.016,0.012,142441,108099,151714.28571428568
380242,224877,0.008137931034482758,0.016,0.015,142573,99761,151714.28571428568
258752,8206,0.008551724137931035,0.004,0.006,282385,221248,306593.4065934066
289499,11108,0.008551724137931035,0.004,0.009,272258,190501,306593.4065934066
312711,14114,0.008551724137931035,0.004,0.012,264914,167294,306593.4065934066
331023,13712,0.008551724137931035,0.004,0.015,260507,148977,306593.4065934066
263537,14036,0.008551724137931035,0.004413793103448276,0.006,276324,216463,296808.5106382979
293128,13808,0.008551724137931035,0.004413793103448276,0.009,267779,186879,296808.5106382979
315467,16301,0.008551724137931035,0.004413793103448276,0.012,261318,164535,296808.5106382979
333115,18805,0.008551724137931035,0.004413793103448276,0.015,256222,146887,296808.5106382979
268108,25849,0.008551724137931035,0.004827586206896552,0.006,268967,211898,287628.8659793815
296554,19669,0.008551724137931035,0.004827586206896552,0.009,262602,183453,287628.8659793815
318160,21873,0.008551724137931035,0.004827586206896552,0.012,256633,161841,287628.8659793815
335286,17890,0.008551724137931035,0.004827586206896552,0.015,254086,144720,287628.8659793815
272600,40237,0.008551724137931035,0.005241379310344827,0.006,261260,207400,279000.0
299966,20409,0.008551724137931035,0.005241379310344827,0.009,258993,180039,279000.0
320820,21747,0.008551724137931035,0.005241379310344827,0.012,253832,159189,279000.0
337438,25651,0.008551724137931035,0.005241379310344827,0.015,249056,142562,279000.0
276858,42694,0.008551724137931035,0.005655172413793104,0.006,256520,203149,270873.7864077669
303009,35430,0.008551724137931035,0.005655172413793104,0.009,251462,176996,270873.7864077669
323288,27212,0.008551724137931035,0.005655172413793104,0.012,249409,156717,270873.7864077669
339406,25019,0.008551724137931035,0.005655172413793104,0.015,246929,140602,270873.7864077669
280898,52571,0.008551724137931035,0.006068965517241379,0.006,250332,199102,263207.5471698113
306271,35120,0.008551724137931035,0.006068965517241379,0.009,248395,173731,263207.5471698113
325815,41628,0.008551724137931035,0.006068965517241379,0.012,242217,154185,263207.5471698113
341466,38523,0.008551724137931035,0.006068965517241379,0.015,240112,138541,263207.5471698113
284805,65695,0.008551724137931035,0.006482758620689655,0.006,243678,195196,255963.3027522936
309259,49087,0.008551724137931035,0.006482758620689655,0.009,241447,170743,255963.3027522936
328082,41421,0.008551724137931035,0.006482758620689655,0.012,239707,151922,255963.3027522936
343374,42584,0.008551724137931035,0.006482758620689655,0.015,236539,136633,255963.3027522936
288645,74029,0.008551724137931035,0.006896551724137931,0.006,238158,191362,249107.14285714284
312079,64723,0.008551724137931035,0.006896551724137931,0.009,234202,167930,249107.14285714284
330373,55749,0.008551724137931035,0.006896551724137931,0.012,232783,149632,249107.14285714284
345133,48919,0.008551724137931035,0.006896551724137931,0.015,232270,134875,249107.14285714284
292288,82394,0.008551724137931035,0.007310344827586207,0.006,232745,187719,242608.6956521739
314785,68614,0.008551724137931035,0.007310344827586207,0.009,230313,165221,242608.6956521739
332560,50188,0.008551724137931035,0.007310344827586207,0.012,232150,147444,242608.6956521739
347017,59012,0.008551724137931035,0.007310344827586207,0.015,226841,132993,242608.6956521739
295664,97846,0.008551724137931035,0.007724137931034483,0.006,226002,184338,236440.67796610174
317543,90871,0.008551724137931035,0.007724137931034483,0.009,221760,162465,236440.67796610174
334784,71568,0.008551724137931035,0.007724137931034483,0.012,223395,145225,236440.67796610174
348708,61063,0.008551724137931035,0.007724137931034483,0.015,224225,131295,236440.67796610174
299143,107301,0.008551724137931035,0.008137931034482758,0.006,220985,180863,230578.51239669425
320120,96226,0.008551724137931035,0.008137931034482758,0.009,217651,159888,230578.51239669425
336851,86274,0.008551724137931035,0.008137931034482758,0.012,216748,143156,230578.51239669425
350444,68229,0.008551724137931035,0.008137931034482758,0.015,219887,129556,230578.51239669425
302281,114419,0.008551724137931035,0.008551724137931035,0.006,216204,177720,225000.0
322742,94069,0.008551724137931035,0.008551724137931035,0.009,215643,157258,225000.0
338877,94682,0.008551724137931035,0.008551724137931035,0.012,212112,141128,225000.0
352196,92675,0.008551724137931035,0.008551724137931035,0.015,210246,127808,225000.0
305501,133093,0.008551724137931035,0.00896551724137931,0.006,209542,174506,219685.03937007874
325189,114666,0.008551724137931035,0.00896551724137931,0.009,207952,154820,219685.03937007874
340873,110389,0.008551724137931035,0.00896551724137931,0.012,205416,139133,219685.03937007874
353715,98891,0.008551724137931035,0.00896551724137931,0.015,206480,126293,219685.03937007874
308396,142013,0.008551724137931035,0.009379310344827585,0.006,204639,171606,214615.38461538465
327638,126227,0.008551724137931035,0.009379310344827585,0.009,202693,152369,214615.38461538465
342785,110374,0.008551724137931035,0.009379310344827585,0.012,203478,137221,214615.38461538465
355292,123302,0.008551724137931035,0.009379310344827585,0.015,196950,124713,214615.38461538465
311408,148337,0.008551724137931035,0.009793103448275862,0.006,200786,168599,209774.4360902256
329899,131752,0.008551724137931035,0.009793103448275862,0.009,198967,150110,209774.4360902256
344650,122526,0.008551724137931035,0.009793103448275862,0.012,198047,135358,209774.4360902256
356942,121221,0.008551724137931035,0.009793103448275862,0.015,195927,123060,209774.4360902256
314253,148202,0.008551724137931035,0.010206896551724139,0.006,198097,165753,205147.0588235294
332059,145926,0.008551724137931035,0.010206896551724139,0.009,193183,147947,205147.0588235294
346475,134076,0.008551724137931035,0.010206896551724139,0.012,192860,133530,205147.0588235294
358345,131309,0.008551724137931035,0.010206896551724139,0.015,191155,121657,205147.0588235294
316832,167235,0.008551724137931035,0.010620689655172414,0.006,191792,163174,200719.42446043168
334299,156574,0.008551724137931035,0.010620689655172414,0.009,188457,145711,200719.42446043168
348218,138409,0.008551724137931035,0.010620689655172414,0.012,189830,131789,200719.42446043168
359821,131553,0.008551724137931035,0.010620689655172414,0.015,189490,120185,200719.42446043168
319608,169513,0.008551724137931035,0.011034482758620689,0.006,188822,160399,196478.87323943665
336455,163197,0.008551724137931035,0.011034482758620689,0.009,184816,143551,196478.87323943665
349998,159296,0.008551724137931035,0.011034482758620689,0.012,182285,130004,196478.87323943665
361369,144640,0.008551724137931035,0.011034482758620689,0.015,184018,118634,196478.87323943665
322027,180658,0.008551724137931035,0.011448275862068966,0.006,184161,157978,192413.79310344823
338392,170153,0.008551724137931035,0.011448275862068966,0.009,181146,141614,192413.79310344823
351664,154062,0.008551724137931035,0.011448275862068966,0.012,182026,128342,192413.79310344823
362664,152834,0.008551724137931035,0.011448275862068966,0.015,179915,117343,192413.79310344823
324508,182648,0.008551724137931035,0.01186206896551724,0.006,181518,155497,188513.51351351352
340338,169873,0.008551724137931035,0.01186206896551724,0.009,179313,139668,188513.51351351352
353304,163631,0.008551724137931035,0.01186206896551724,0.012,177682,126702,188513.51351351352
364046,160785,0.008551724137931035,0.01186206896551724,0.015,176179,115956,188513.51351351352
326884,196060,0.008551724137931035,0.012275862068965518,0.006,176692,153122,184768.2119205298
342363,184900,0.008551724137931035,0.012275862068965518,0.009,173998,137637,184768.2119205298
354929,177666,0.008551724137931035,0.012275862068965518,0.012,172328,125080,184768.2119205298
365446,167501,0.008551724137931035,0.012275862068965518,0.015,172746,114564,184768.2119205298
329208,199891,0.008551724137931035,0.012689655172413793,0.006,174048,150795,181168.83116883118
344274,186419,0.008551724137931035,0.012689655172413793,0.009,171827,135726,181168.83116883118
356456,182986,0.008551724137931035,0.012689655172413793,0.012,169197,123551,181168.83116883118
366683,171582,0.008551724137931035,0.012689655172413793,0.015,170122,113323,181168.83116883118
331468,200700,0.008551724137931035,0.01310344827586207,0.006,171667,148539,177707.00636942673
346153,191054,0.008551724137931035,0.01310344827586207,0.009,168833,133853,177707.00636942673
358029,188136,0.008551724137931035,0.01310344827586207,0.012,166394,121971,177707.00636942673
367948,180602,0.008551724137931035,0.01310344827586207,0.015,166201,112055,177707.00636942673
333680,218409,0.008551724137931035,0.013517241379310345,0.006,166410,146326,174375.00000000003
347884,203385,0.008551724137931035,0.013517241379310345,0.009,164326,132116,174375.00000000003
359418,199118,0.008551724137931035,0.013517241379310345,0.012,162034,120586,174375.00000000003
369196,183525,0.008551724137931035,0.013517241379310345,0.015,163923,110812,174375.00000000003
335925,223298,0.008551724137931035,0.01393103448275862,0.006,163606,144082,171165.64417177916
349619,205293,0.008551724137931035,0.01393103448275862,0.009,162170,130391,171165.64417177916
360986,198632,0.008551724137931035,0.01393103448275862,0.012,160806,119023,171165.64417177916
370545,197409,0.008551724137931035,0.01393103448275862,0.015,158645,109462,171165.64417177916
337864,230260,0.008551724137931035,0.014344827586206896,0.006,160474,142144,168072.2891566265
351212,211306,0.008551724137931035,0.014344827586206896,0.009,159343,128796,168072.2891566265
362322,202540,0.008551724137931035,0.014344827586206896,0.012,158365,117679,168072.2891566265
371633,200674,0.008551724137931035,0.014344827586206896,0.015,156619,108374,168072.2891566265
340006,226585,0.008551724137931035,0.014758620689655172,0.006,159070,139997,165088.75739644974
353002,214101,0.008551724137931035,0.014758620689655172,0.009,157070,127005,165088.75739644974
363736,211479,0.008551724137931035,0.014758620689655172,0.012,154590,116274,165088.75739644974
372834,209679,0.008551724137931035,0.014758620689655172,0.015,152721,107166,165088.75739644974
341903,229664,0.008551724137931035,0.015172413793103448,0.006,156954,138107,162209.30232558138
354494,223464,0.008551724137931035,0.015172413793103448,0.009,153609,125514,162209.30232558138
365009,220780,0.008551724137931035,0.015172413793103448,0.012,150893,114999,162209.30232558138
374002,212362,0.008551724137931035,0.015172413793103448,0.015,150905,106008,162209.30232558138
343735,231999,0.008551724137931035,0.015586206896551724,0.006,154677,136271,159428.57142857142
356040,228708,0.008551724137931035,0.015586206896551724,0.009,150855,123968,159428.57142857142
366340,222604,0.008551724137931035,0.015586206896551724,0.012,149134,113662,159428.57142857142
375069,218892,0.008551724137931035,0.015586206896551724,0.015,147974,104937,159428.57142857142
345579,245799,0.008551724137931035,0.016,0.006,150718,134427,156741.57303370786
357627,241883,0.008551724137931035,0.016,0.009,146600,122382,156741.57303370786
367687,223027,0.008551724137931035,0.016,0.012,147914,112323,156741.57303370786
376140,222138,0.008551724137931035,0.016,0.015,145958,103868,156741.57303370786
253123,7876,0.00896551724137931,0.004,0.006,285692,226881,311170.21276595746
284124,9504,0.00896551724137931,0.004,0.009,275470,195877,311170.21276595746
307618,9361,0.00896551724137931,0.004,0.012,268968,172382,311170.21276595746
326036,13730,0.00896551724137931,0.004,0.015,262556,153969,311170.21276595746
257849,9994,0.00896551724137931,0.004413793103448276,0.006,280507,222151,301546.3917525773
287694,11233,0.00896551724137931,0.004413793103448276,0.009,271393,192312,301546.3917525773
310336,11741,0.00896551724137931,0.004413793103448276,0.012,265117,169666,301546.3917525773
328316,12849,0.00896551724137931,0.004413793103448276,0.015,260418,151692,301546.3917525773
262569,21281,0.00896551724137931,0.004827586206896552,0.006,273373,217438,292500.0
291213,17785,0.00896551724137931,0.004827586206896552,0.009,265972,188794,292500.0
313096,16079,0.00896551724137931,0.004827586206896552,0.012,260893,166910,292500.0
330494,16998,0.00896551724137931,0.004827586206896552,0.015,256544,149509,292500.0
266897,28380,0.00896551724137931,0.005241379310344827,0.006,267459,213104,283980.58252427186
294512,15519,0.00896551724137931,0.005241379310344827,0.009,263120,185490,283980.58252427186
315740,19789,0.00896551724137931,0.005241379310344827,0.012,256845,164268,283980.58252427186
332610,20573,0.00896551724137931,0.005241379310344827,0.015,252907,147398,283980.58252427186
271217,32901,0.00896551724137931,0.005655172413793104,0.006,262208,208784,275943.3962264151
297733,28145,0.00896551724137931,0.005655172413793104,0.009,256373,182273,275943.3962264151
318255,32214,0.00896551724137931,0.005655172413793104,0.012,250264,161751,275943.3962264151
334660,26056,0.00896551724137931,0.005655172413793104,0.015,248708,145342,275943.3962264151
275309,42370,0.00896551724137931,0.006068965517241379,0.006,256104,204692,268348.62385321106
300842,34935,0.00896551724137931,0.006068965517241379,0.009,251256,179164,268348.62385321106
320839,30199,0.00896551724137931,0.006068965517241379,0.012,248224,159168,268348.62385321106
336772,30606,0.00896551724137931,0.006068965517241379,0.015,244853,143234,268348.62385321106
279365,54958,0.00896551724137931,0.006482758620689655,0.006,249584,200642,261160.7142857143
303880,44872,0.00896551724137931,0.006482758620689655,0.009,245538,176125,261160.7142857143
323133,36762,0.00896551724137931,0.006482758620689655,0.012,243623,156872,261160.7142857143
338710,38527,0.00896551724137931,0.006482758620689655,0.015,240060,141297,261160.7142857143
283142,62458,0.00896551724137931,0.006896551724137931,0.006,244168,196858,254347.82608695654
306954,53722,0.00896551724137931,0.006896551724137931,0.009,240220,173050,254347.82608695654
325464,48179,0.00896551724137931,0.006896551724137931,0.012,237644,154541,254347.82608695654
340492,47336,0.00896551724137931,0.006896551724137931,0.015,235016,139514,254347.82608695654
286692,76780,0.00896551724137931,0.007310344827586207,0.006,237634,193311,247881.35593220333
309727,65169,0.00896551724137931,0.007310344827586207,0.009,234187,170273,247881.35593220333
327855,57830,0.00896551724137931,0.007310344827586207,0.012,232350,152152,247881.35593220333
342425,42106,0.00896551724137931,0.007310344827586207,0.015,234602,137585,247881.35593220333
290230,86190,0.00896551724137931,0.007724137931034483,0.006,232270,189774,241735.53719008263
312381,66903,0.00896551724137931,0.007724137931034483,0.009,230962,167625,241735.53719008263
329995,65972,0.00896551724137931,0.007724137931034483,0.012,227623,150015,241735.53719008263
344106,56245,0.00896551724137931,0.007724137931034483,0.015,228030,135897,241735.53719008263
293636,92589,0.00896551724137931,0.008137931034482758,0.006,227648,186369,235887.09677419355
315087,78458,0.00896551724137931,0.008137931034482758,0.009,225245,164916,235887.09677419355
332187,73795,0.00896551724137931,0.008137931034482758,0.012,222971,147817,235887.09677419355
345893,74364,0.00896551724137931,0.008137931034482758,0.015,220271,134113,235887.09677419355
296989,111281,0.00896551724137931,0.008551724137931035,0.006,220626,183017,230314.9606299213
317669,89248,0.00896551724137931,0.008551724137931035,0.009,219951,162332,230314.9606299213
334256,74570,0.00896551724137931,0.008551724137931035,0.012,220630,145750,230314.9606299213
347600,76789,0.00896551724137931,0.008551724137931035,0.015,217557,132403,230314.9606299213
300062,124607,0.00896551724137931,0.00896551724137931,0.006,214781,179941,225000.0
320248,99063,0.00896551724137931,0.00896551724137931,0.009,215037,159759,225000.0
336225,91542,0.00896551724137931,0.00896551724137931,0.012,213539,143775,225000.0
349375,76729,0.00896551724137931,0.00896551724137931,0.015,215676,130628,225000.0
303283,129897,0.00896551724137931,0.009379310344827585,0.006,210911,176719,219924.8120300752
322630,119773,0.00896551724137931,0.009379310344827585,0.009,207326,157380,219924.8120300752
338110,107108,0.00896551724137931,0.009379310344827585,0.012,206989,141892,219924.8120300752
350954,101281,0.00896551724137931,0.009379310344827585,0.015,206246,129055,219924.8120300752
306092,141935,0.00896551724137931,0.009793103448275862,0.006,205706,173912,215073.5294117647
324990,128878,0.00896551724137931,0.009793103448275862,0.009,202901,155018,215073.5294117647
339990,117152,0.00896551724137931,0.009793103448275862,0.012,202271,140015,215073.5294117647
352462,108548,0.00896551724137931,0.009793103448275862,0.015,202259,127544,215073.5294117647
309011,152361,0.00896551724137931,0.010206896551724139,0.006,201072,170998,210431.654676259
327247,135373,0.00896551724137931,0.010206896551724139,0.009,198963,152762,210431.654676259
341875,128142,0.00896551724137931,0.010206896551724139,0.012,197262,138130,210431.654676259
354004,119070,0.00896551724137931,0.010206896551724139,0.015,197295,126004,210431.654676259
311740,148060,0.00896551724137931,0.010620689655172414,0.006,199257,168262,205985.91549295778
329496,143767,0.00896551724137931,0.010620689655172414,0.009,194764,150505,205985.91549295778
343703,139634,0.00896551724137931,0.010620689655172414,0.012,192135,136300,205985.91549295778
355550,129459,0.00896551724137931,0.010620689655172414,0.015,192535,124450,205985.91549295778
314376,160958,0.00896551724137931,0.011034482758620689,0.006,194053,165631,201724.1379310345
331570,153539,0.00896551724137931,0.011034482758620689,0.009,190382,148439,201724.1379310345
345445,147421,0.00896551724137931,0.011034482758620689,0.012,188324,134557,201724.1379310345
356988,136677,0.00896551724137931,0.011034482758620689,0.015,188742,123018,201724.1379310345
317057,173881,0.00896551724137931,0.011448275862068966,0.006,189371,162953,197635.1351351351
333583,165214,0.00896551724137931,0.011448275862068966,0.009,185602,146421,197635.1351351351
347264,148086,0.00896551724137931,0.011448275862068966,0.012,186388,132746,197635.1351351351
358473,143877,0.00896551724137931,0.011448275862068966,0.015,185074,121527,197635.1351351351
319523,178007,0.00896551724137931,0.01186206896551724,0.006,186276,160483,193708.60927152316
335765,163560,0.00896551724137931,0.01186206896551724,0.009,184026,144237,193708.60927152316
348840,158380,0.00896551724137931,0.01186206896551724,0.012,181786,131166,193708.60927152316
359926,142309,0.00896551724137931,0.01186206896551724,0.015,184053,120083,193708.60927152316
321942,188524,0.00896551724137931,0.012275862068965518,0.006,181972,158063,189935.0649350649
337747,178843,0.00896551724137931,0.012275862068965518,0.009,178568,142260,189935.0649350649
350582,169209,0.00896551724137931,0.012275862068965518,0.012,177232,129420,189935.0649350649
361199,159785,0.00896551724137931,0.012275862068965518,0.015,177460,118808,189935.0649350649
324307,195937,0.00896551724137931,0.012689655172413793,0.006,178484,155699,186305.73248407643
339676,182383,0.00896551724137931,0.012689655172413793,0.009,175805,140328,186305.73248407643
352136,175253,0.00896551724137931,0.012689655172413793,0.012,174065,127864,186305.73248407643
362542,169087,0.00896551724137931,0.012689655172413793,0.015,173377,117464,186305.73248407643
326630,202896,0.00896551724137931,0.01310344827586207,0.006,175099,153378,182812.5
341416,186746,0.00896551724137931,0.01310344827586207,0.009,173071,138589,182812.5
353599,176122,0.00896551724137931,0.01310344827586207,0.012,172384,126409,182812.5
363959,173250,0.00896551724137931,0.01310344827586207,0.015,170813,116048,182812.5
328961,202385,0.00896551724137931,0.013517241379310345,0.006,172940,151042,179447.8527607362
343267,198044,0.00896551724137931,0.013517241379310345,0.009,168885,136742,179447.8527607362
355174,181219,0.00896551724137931,0.013517241379310345,0.012,169408,124835,179447.8527607362
365111,179964,0.00896551724137931,0.013517241379310345,0.015,167418,114897,179447.8527607362
330999,203337,0.00896551724137931,0.01393103448275862,0.006,170616,149006,176204.81927710844
345123,200904,0.00896551724137931,0.01393103448275862,0.009,166436,134884,176204.81927710844
356615,202435,0.00896551724137931,0.01393103448275862,0.012,162501,123391,176204.81927710844
366484,189733,0.00896551724137931,0.01393103448275862,0.015,163408,113526,176204.81927710844
333225,215509,0.00896551724137931,0.014344827586206896,0.006,166575,146777,173076.9230769231
346743,205183,0.00896551724137931,0.014344827586206896,0.009,163943,133262,173076.9230769231
358087,192032,0.00896551724137931,0.014344827586206896,0.012,163828,121922,173076.9230769231
367619,192649,0.00896551724137931,0.014344827586206896,0.015,161278,112387,173076.9230769231
335180,217643,0.00896551724137931,0.014758620689655172,0.006,164429,144829,170058.13953488372
348424,213966,0.00896551724137931,0.014758620689655172,0.009,160213,131581,170058.13953488372
359480,199363,0.00896551724137931,0.014758620689655172,0.012,160549,120526,170058.13953488372
368827,191761,0.00896551724137931,0.014758620689655172,0.015,160361,111175,170058.13953488372
337143,227006,0.00896551724137931,0.015172413793103448,0.006,160810,142863,167142.85714285713
350078,218857,0.00896551724137931,0.015172413793103448,0.009,157815,129928,167142.85714285713
360973,210931,0.00896551724137931,0.015172413793103448,0.012,156297,119033,167142.85714285713
369973,208553,0.00896551724137931,0.015172413793103448,0.015,154411,110035,167142.85714285713
339084,226493,0.00896551724137931,0.015586206896551724,0.006,159089,140922,164325.8426966292
351707,228684,0.00896551724137931,0.015586206896551724,0.009,154145,128302,164325.8426966292
362283,211510,0.00896551724137931,0.015586206896551724,0.012,154837,117717,164325.8426966292
371177,212613,0.00896551724137931,0.015586206896551724,0.015,152116,108833,164325.8426966292
340957,234625,0.00896551724137931,0.016,0.006,156181,139049,161602.20994475135
353275,226009,0.00896551724137931,0.016,0.009,153162,126725,161602.20994475135
363527,225129,0.00896551724137931,0.016,0.012,150194,116479,161602.20994475135
372269,214731,0.00896551724137931,0.016,0.015,150334,107739,161602.20994475135
247586,8486,0.009379310344827585,0.004,0.006,288677,232418,315463.91752577317
278768,9513,0.009379310344827585,0.004,0.009,278169,201238,315463.91752577317
302520,11020,0.009379310344827585,0.004,0.012,270636,177485,315463.91752577317
321293,12195,0.009379310344827585,0.004,0.015,265259,158713,315463.91752577317
252461,11636,0.009379310344827585,0.004413793103448276,0.006,283321,227543,305999.99999999994
282389,10901,0.009379310344827585,0.004413793103448276,0.009,274184,197616,305999.99999999994
305490,14380,0.009379310344827585,0.004413793103448276,0.012,266691,174517,305999.99999999994
323690,12916,0.009379310344827585,0.004413793103448276,0.015,262430,156312,305999.99999999994
257190,15265,0.009379310344827585,0.004827586206896552,0.006,277918,222816,297087.3786407767
285978,13134,0.009379310344827585,0.004827586206896552,0.009,269985,194028,297087.3786407767
308123,14396,0.009379310344827585,0.004827586206896552,0.012,263759,171882,297087.3786407767
325777,12109,0.009379310344827585,0.004827586206896552,0.015,260241,154228,297087.3786407767
261552,22178,0.009379310344827585,0.005241379310344827,0.006,272169,218452,288679.2452830188
289343,18455,0.009379310344827585,0.005241379310344827,0.009,265103,190659,288679.2452830188
310791,19948,0.009379310344827585,0.005241379310344827,0.012,259209,169213,288679.2452830188
327959,22359,0.009379310344827585,0.005241379310344827,0.015,254416,152044,288679.2452830188
265841,29255,0.009379310344827585,0.005655172413793104,0.006,266396,214161,280733.9449541284
292721,24961,0.009379310344827585,0.005655172413793104,0.009,260017,187284,280733.9449541284
313420,22760,0.009379310344827585,0.005655172413793104,0.012,255584,166582,280733.9449541284
330055,20123,0.009379310344827585,0.005655172413793104,0.015,252836,149951,280733.9449541284
270035,45249,0.009379310344827585,0.006068965517241379,0.006,258956,209970,273214.2857142857
295864,23562,0.009379310344827585,0.006068965517241379,0.009,257213,184143,273214.2857142857
315891,29543,0.009379310344827585,0.006068965517241379,0.012,250810,164115,273214.2857142857
332085,27376,0.009379310344827585,0.006068965517241379,0.015,248161,147917,273214.2857142857
273946,49165,0.009379310344827585,0.006482758620689655,0.006,254139,206055,266086.95652173914
298957,40851,0.009379310344827585,0.006482758620689655,0.009,249456,181050,266086.95652173914
318317,36412,0.009379310344827585,0.006482758620689655,0.012,246137,161685,266086.95652173914
334041,31125,0.009379310344827585,0.006482758620689655,0.015,244680,145966,266086.95652173914
277792,50133,0.009379310344827585,0.006896551724137931,0.006,250240,202214,259322.03389830506
301868,36259,0.009379310344827585,0.006896551724137931,0.009,247650,178138,259322.03389830506
320682,45567,0.009379310344827585,0.006896551724137931,0.012,240920,159321,259322.03389830506
335951,43566,0.009379310344827585,0.006896551724137931,0.015,238401,144054,259322.03389830506
281529,67016,0.009379310344827585,0.007310344827586207,0.006,243124,198471,252892.56198347104
304685,59380,0.009379310344827585,0.007310344827586207,0.009,238598,175321,252892.56198347104
323067,51060,0.009379310344827585,0.007310344827586207,0.012,236870,156942,252892.56198347104
337873,45003,0.009379310344827585,0.007310344827586207,0.015,235815,142133,252892.56198347104
285047,76632,0.009379310344827585,0.007724137931034483,0.006,237812,194959,246774.19354838703
307500,64563,0.009379310344827585,0.007724137931034483,0.009,234564,172507,246774.19354838703
325350,62258,0.009379310344827585,0.007724137931034483,0.012,231190,154657,246774.19354838703
339738,57851,0.009379310344827585,0.007724137931034483,0.015,229732,140271,246774.19354838703
288465,92691,0.009379310344827585,0.008137931034482758,0.006,231125,191536,240944.88188976378
310212,73706,0.009379310344827585,0.008137931034482758,0.009,229420,169797,240944.88188976378
327388,79271,0.009379310344827585,0.008137931034482758,0.012,223937,152619,240944.88188976378
341530,55891,0.009379310344827585,0.008137931034482758,0.015,228325,138478,240944.88188976378
291798,99822,0.009379310344827585,0.008551724137931035,0.006,226402,188204,235384.6153846154
312874,85152,0.009379310344827585,0.008551724137931035,0.009,224019,167128,235384.6153846154
329480,75953,0.009379310344827585,0.008551724137931035,0.012,222678,150523,235384.6153846154
343233,61901,0.009379310344827585,0.008551724137931035,0.015,224474,136770,235384.6153846154
294969,109013,0.009379310344827585,0.00896551724137931,0.006,221637,185035,230075.1879699248
315377,102613,0.009379310344827585,0.00896551724137931,0.009,217047,164630,230075.1879699248
331558,79603,0.009379310344827585,0.00896551724137931,0.012,219451,148443,230075.1879699248
344948,71159,0.009379310344827585,0.00896551724137931,0.015,219662,135054,230075.1879699248
298064,119897,0.009379310344827585,0.009379310344827585,0.006,216557,181941,225000.0
317809,102213,0.009379310344827585,0.009379310344827585,0.009,214759,162197,225000.0
333649,93971,0.009379310344827585,0.009379310344827585,0.012,213437,146361,225000.0
346559,98862,0.009379310344827585,0.009379310344827585,0.015,209280,133445,225000.0
301166,129255,0.009379310344827585,0.009793103448275862,0.006,211707,178841,220143.88489208632
320212,117331,0.009379310344827585,0.009793103448275862,0.009,208639,159795,220143.88489208632
335622,111317,0.009379310344827585,0.009793103448275862,0.012,206524,144381,220143.88489208632
348197,103191,0.009379310344827585,0.009793103448275862,0.015,206212,131809,220143.88489208632
303947,145540,0.009379310344827585,0.010206896551724139,0.006,206028,176057,215492.95774647887
322429,126546,0.009379310344827585,0.010206896551724139,0.009,204180,157576,215492.95774647887
337380,125080,0.009379310344827585,0.010206896551724139,0.012,200690,142628,215492.95774647887
349845,105459,0.009379310344827585,0.010206896551724139,0.015,203798,130160,215492.95774647887
306859,150408,0.009379310344827585,0.010620689655172414,0.006,202426,173148,211034.48275862067
324677,140424,0.009379310344827585,0.010620689655172414,0.009,198625,155328,211034.48275862067
339255,133324,0.009379310344827585,0.010620689655172414,0.012,196669,140751,211034.48275862067
351309,122274,0.009379310344827585,0.010620689655172414,0.015,197094,128699,211034.48275862067
309540,149399,0.009379310344827585,0.011034482758620689,0.006,199851,170468,206756.75675675675
326905,144322,0.009379310344827585,0.011034482758620689,0.009,195603,153095,206756.75675675675
341089,132700,0.009379310344827585,0.011034482758620689,0.012,194896,138911,206756.75675675675
352871,127879,0.009379310344827585,0.011034482758620689,0.015,193801,127129,206756.75675675675
312136,167272,0.009379310344827585,0.011448275862068966,0.006,194031,167870,202649.00662251652
329016,152127,0.009379310344827585,0.011448275862068966,0.009,191674,150992,202649.00662251652
342893,145581,0.009379310344827585,0.011448275862068966,0.012,189619,137116,202649.00662251652
354283,136652,0.009379310344827585,0.011448275862068966,0.015,189627,125723,202649.00662251652
314658,168258,0.009379310344827585,0.01186206896551724,0.006,191443,165348,198701.29870129869
331053,167894,0.009379310344827585,0.01186206896551724,0.009,186067,148952,198701.29870129869
344462,145848,0.009379310344827585,0.01186206896551724,0.012,187843,135544,198701.29870129869
355717,138197,0.009379310344827585,0.01186206896551724,0.015,187684,124289,198701.29870129869
317125,178898,0.009379310344827585,0.012275862068965518,0.006,187206,162880,194904.45859872608
333063,166800,0.009379310344827585,0.012275862068965518,0.009,184324,146942,194904.45859872608
346208,160819,0.009379310344827585,0.012275862068965518,0.012,182275,133792,194904.45859872608
357213,149121,0.009379310344827585,0.012275862068965518,0.015,183022,122797,194904.45859872608
319543,176377,0.009379310344827585,0.012689655172413793,0.006,185339,160463,191250.0
335049,167086,0.009379310344827585,0.012689655172413793,0.009,182400,144959,191250.0
347760,170951,0.009379310344827585,0.012689655172413793,0.012,177902,132246,191250.0
358534,153320,0.009379310344827585,0.012689655172413793,0.015,180243,121466,191250.0
321972,192865,0.009379310344827585,0.01310344827586207,0.006,180328,158035,187730.06134969322
336952,181142,0.009379310344827585,0.01310344827586207,0.009,177490,143054,187730.06134969322
349396,174720,0.009379310344827585,0.01310344827586207,0.012,175479,130610,187730.06134969322
359835,155936,0.009379310344827585,0.01310344827586207,0.015,178147,120171,187730.06134969322
324107,202549,0.009379310344827585,0.013517241379310345,0.006,176509,155894,184337.34939759035
338806,188832,0.009379310344827585,0.013517241379310345,0.009,174032,141200,184337.34939759035
351003,185090,0.009379310344827585,0.013517241379310345,0.012,171228,128997,184337.34939759035
361186,174322,0.009379310344827585,0.013517241379310345,0.015,171447,118814,184337.34939759035
326385,204374,0.009379310344827585,0.01393103448275862,0.006,174133,153624,181065.08875739644
340659,186400,0.009379310344827585,0.01393103448275862,0.009,172653,139351,181065.08875739644
352479,179994,0.009379310344827585,0.01393103448275862,0.012,171053,127529,181065.08875739644
362433,176208,0.009379310344827585,0.01393103448275862,0.015,169707,117573,181065.08875739644
328464,200869,0.009379310344827585,0.014344827586206896,0.006,172822,151541,177906.97674418602
342358,195374,0.009379310344827585,0.014344827586206896,0.009,168987,137648,177906.97674418602
353940,191563,0.009379310344827585,0.014344827586206896,0.012,166529,126061,177906.97674418602
363688,186038,0.009379310344827585,0.014344827586206896,0.015,165634,116318,177906.97674418602
330523,212883,0.009379310344827585,0.014758620689655172,0.006,168883,149480,174857.14285714284
344042,205495,0.009379310344827585,0.014758620689655172,0.009,165165,135965,174857.14285714284
355427,192633,0.009379310344827585,0.014758620689655172,0.012,164883,124573,174857.14285714284
365025,189547,0.009379310344827585,0.014758620689655172,0.015,163358,114979,174857.14285714284
332549,216769,0.009379310344827585,0.015172413793103448,0.006,166108,147452,171910.11235955052
345805,207656,0.009379310344827585,0.015172413793103448,0.009,163289,134205,171910.11235955052
356774,198957,0.009379310344827585,0.015172413793103448,0.012,161965,123232,171910.11235955052
366114,192523,0.009379310344827585,0.015172413793103448,0.015,161262,113892,171910.11235955052
334639,218636,0.009379310344827585,0.015586206896551724,0.006,163943,145369,169060.77348066296
347508,215305,0.009379310344827585,0.015586206896551724,0.009,159959,132498,169060.77348066296
358184,205484,0.009379310344827585,0.015586206896551724,0.012,158945,121825,169060.77348066296
367337,200628,0.009379310344827585,0.015586206896551724,0.015,157851,112673,169060.77348066296
336435,230717,0.009379310344827585,0.016,0.006,160222,143573,166304.34782608692
348953,222027,0.009379310344827585,0.016,0.009,157216,131053,166304.34782608692
359495,212903,0.009379310344827585,0.016,0.012,155887,120508,166304.34782608692
368443,208324,0.009379310344827585,0.016,0.015,154675,111565,166304.34782608692
242465,8173,0.009793103448275862,0.004,0.006,291832,237536,319500.0
273714,7391,0.009793103448275862,0.004,0.009,281407,206287,319500.0
297792,7841,0.009793103448275862,0.004,0.012,273984,182215,319500.0
316679,9970,0.009793103448275862,0.004,0.015,268026,163327,319500.0
247240,10093,0.009793103448275862,0.004413793103448276,0.006,286725,232763,310194.17475728155
277377,8998,0.009793103448275862,0.004413793103448276,0.009,277320,202624,310194.17475728155
300634,10920,0.009793103448275862,0.004413793103448276,0.012,270010,179373,310194.17475728155
319042,10484,0.009793103448275862,0.004413793103448276,0.015,265315,160958,310194.17475728155
251940,10666,0.009793103448275862,0.004827586206896552,0.006,282194,228064,301415.09433962265
280890,14320,0.009793103448275862,0.004827586206896552,0.009,272359,199114,301415.09433962265
303418,13638,0.009793103448275862,0.004827586206896552,0.012,266293,176582,301415.09433962265
321251,14310,0.009793103448275862,0.004827586206896552,0.015,261518,158755,301415.09433962265
256399,20011,0.009793103448275862,0.005241379310344827,0.006,275815,223605,293119.2660550459
284420,14885,0.009793103448275862,0.005241379310344827,0.009,268783,195580,293119.2660550459
306093,17736,0.009793103448275862,0.005241379310344827,0.012,262200,173907,293119.2660550459
323416,16018,0.009793103448275862,0.005241379310344827,0.015,258592,156589,293119.2660550459
260710,24076,0.009793103448275862,0.005655172413793104,0.006,270740,219294,285267.8571428571
287640,23315,0.009793103448275862,0.005655172413793104,0.009,263135,192361,285267.8571428571
308787,18084,0.009793103448275862,0.005655172413793104,0.012,259385,171216,285267.8571428571
325553,23113,0.009793103448275862,0.005655172413793104,0.015,253877,154449,285267.8571428571
265021,34831,0.009793103448275862,0.006068965517241379,0.006,264451,214983,277826.0869565217
290893,29160,0.009793103448275862,0.006068965517241379,0.009,258410,189113,277826.0869565217
311332,23059,0.009793103448275862,0.006068965517241379,0.012,255181,168670,277826.0869565217
327604,24861,0.009793103448275862,0.006068965517241379,0.015,251013,152399,277826.0869565217
268934,38692,0.009793103448275862,0.006482758620689655,0.006,259707,211069,270762.71186440677
294016,36418,0.009793103448275862,0.006482758620689655,0.009,253332,185984,270762.71186440677
313671,28091,0.009793103448275862,0.006482758620689655,0.012,251064,166334,270762.71186440677
329641,30319,0.009793103448275862,0.006482758620689655,0.015,246989,150365,270762.71186440677
272713,53239,0.009793103448275862,0.006896551724137931,0.006,252989,207291,264049.58677685953
296988,37827,0.009793103448275862,0.006896551724137931,0.009,250051,183020,264049.58677685953
316096,37548,0.009793103448275862,0.006896551724137931,0.012,245643,163907,264049.58677685953
331679,31420,0.009793103448275862,0.006896551724137931,0.015,244434,148330,264049.58677685953
276455,69205,0.009793103448275862,0.007310344827586207,0.006,246089,203546,257661.29032258064
299933,50113,0.009793103448275862,0.007310344827586207,0.009,243862,180067,257661.29032258064
318392,49500,0.009793103448275862,0.007310344827586207,0.012,239779,161613,257661.29032258064
333482,43455,0.009793103448275862,0.007310344827586207,0.015,238523,146521,257661.29032258064
280031,75190,0.009793103448275862,0.007724137931034483,0.006,241403,199974,251574.80314960628
302642,60684,0.009793103448275862,0.007724137931034483,0.009,238419,177362,251574.80314960628
320676,42382,0.009793103448275862,0.007724137931034483,0.012,239407,159325,251574.80314960628
335429,46653,0.009793103448275862,0.007724137931034483,0.015,235337,144580,251574.80314960628
283554,89505,0.009793103448275862,0.008137931034482758,0.006,235094,196452,245769.2307692308
305409,69097,0.009793103448275862,0.008137931034482758,0.009,233558,174597,245769.2307692308
322887,62115,0.009793103448275862,0.008137931034482758,0.012,231393,157119,245769.2307692308
337185,59995,0.009793103448275862,0.008137931034482758,0.015,229168,142820,245769.2307692308
286809,93073,0.009793103448275862,0.008551724137931035,0.006,231119,193195,240225.56390977444
308042,77990,0.009793103448275862,0.008551724137931035,0.009,228668,171964,240225.56390977444
325006,71174,0.009793103448275862,0.008551724137931035,0.012,226577,154995,240225.56390977444
339077,68019,0.009793103448275862,0.008551724137931035,0.015,224774,140926,240225.56390977444
290050,100920,0.009793103448275862,0.00896551724137931,0.006,226510,189955,234926.4705882353
310581,84176,0.009793103448275862,0.00896551724137931,0.009,224482,169425,234926.4705882353
327105,77631,0.009793103448275862,0.00896551724137931,0.012,222590,152901,234926.4705882353
340750,75514,0.009793103448275862,0.00896551724137931,0.015,220493,139250,234926.4705882353
293163,110358,0.009793103448275862,0.009379310344827585,0.006,221728,186839,229856.11510791368
313120,104170,0.009793103448275862,0.009379310344827585,0.009,217174,166880,229856.11510791368
329115,81915,0.009793103448275862,0.009379310344827585,0.012,219314,150886,229856.11510791368
342387,87720,0.009793103448275862,0.009379310344827585,0.015,214915,137619,229856.11510791368
296233,123341,0.009793103448275862,0.009793103448275862,0.006,216311,183769,225000.0
315510,107128,0.009793103448275862,0.009793103448275862,0.009,214205,164491,225000.0
331109,101271,0.009793103448275862,0.009793103448275862,0.012,211798,148896,225000.0
344034,94718,0.009793103448275862,0.009793103448275862,0.015,210992,135972,225000.0
299116,135301,0.009793103448275862,0.010206896551724139,0.006,211278,180890,220344.8275862069
317805,124343,0.009793103448275862,0.010206896551724139,0.009,207715,162198,220344.8275862069
333154,108415,0.009793103448275862,0.010206896551724139,0.012,207882,146849,220344.8275862069
345641,95658,0.009793103448275862,0.010206896551724139,0.015,209045,134365,220344.8275862069
301936,144032,0.009793103448275862,0.010620689655172414,0.006,207107,178067,215878.3783783784
320149,129836,0.009793103448275862,0.010620689655172414,0.009,204267,159860,215878.3783783784
334911,113421,0.009793103448275862,0.010620689655172414,0.012,204639,145093,215878.3783783784
347204,106849,0.009793103448275862,0.010620689655172414,0.015,203971,132802,215878.3783783784
304807,154778,0.009793103448275862,0.011034482758620689,0.006,202496,175200,211589.40397350994
322310,128214,0.009793103448275862,0.011034482758620689,0.009,202322,157696,211589.40397350994
336820,134000,0.009793103448275862,0.011034482758620689,0.012,197163,143190,211589.40397350994
348727,116133,0.009793103448275862,0.011034482758620689,0.015,199598,131281,211589.40397350994
307441,165075,0.009793103448275862,0.011448275862068966,0.006,198136,172566,207467.53246753247
324614,138470,0.009793103448275862,0.011448275862068966,0.009,197915,155390,207467.53246753247
338540,132232,0.009793103448275862,0.011448275862068966,0.012,195874,141468,207467.53246753247
350251,132777,0.009793103448275862,0.011448275862068966,0.015,193111,129757,207467.53246753247
309933,157166,0.009793103448275862,0.01186206896551724,0.006,197157,170073,203503.18471337578
326698,150666,0.009793103448275862,0.01186206896551724,0.009,193148,153309,203503.18471337578
340266,143220,0.009793103448275862,0.01186206896551724,0.012,191282,139739,203503.18471337578
351768,136432,0.009793103448275862,0.01186206896551724,0.015,190411,128242,203503.18471337578
312447,175754,0.009793103448275862,0.012275862068965518,0.006,191424,167558,199687.49999999997
328757,151213,0.009793103448275862,0.012275862068965518,0.009,190869,151246,199687.49999999997
342060,143500,0.009793103448275862,0.012275862068965518,0.012,189438,137942,199687.49999999997
353108,146941,0.009793103448275862,0.012275862068965518,0.015,185892,126900,199687.49999999997
314885,177818,0.009793103448275862,0.012689655172413793,0.006,188814,165121,196012.2699386503
330600,167465,0.009793103448275862,0.012689655172413793,0.009,185449,149402,196012.2699386503
343601,152181,0.009793103448275862,0.012689655172413793,0.012,185522,136407,196012.2699386503
354539,159044,0.009793103448275862,0.012689655172413793,0.015,181041,125467,196012.2699386503
317361,187551,0.009793103448275862,0.01310344827586207,0.006,184852,162646,192469.8795180723
332573,172114,0.009793103448275862,0.01310344827586207,0.009,182393,147432,192469.8795180723
345310,159750,0.009793103448275862,0.01310344827586207,0.012,181850,134699,192469.8795180723
356004,160413,0.009793103448275862,0.01310344827586207,0.015,179235,123999,192469.8795180723
319529,182100,0.009793103448275862,0.013517241379310345,0.006,183590,160478,189053.25443786982
334497,183797,0.009793103448275862,0.013517241379310345,0.009,178192,145506,189053.25443786982
346812,171546,0.009793103448275862,0.013517241379310345,0.012,177283,133190,189053.25443786982
357269,168676,0.009793103448275862,0.013517241379310345,0.015,175495,122740,189053.25443786982
321908,200100,0.009793103448275862,0.01393103448275862,0.006,178467,158099,185755.8139534884
336284,188985,0.009793103448275862,0.01393103448275862,0.009,175308,143721,185755.8139534884
348405,178827,0.009793103448275862,0.01393103448275862,0.012,174003,131604,185755.8139534884
358553,175184,0.009793103448275862,0.01393103448275862,0.015,172291,121450,185755.8139534884
323977,196976,0.009793103448275862,0.014344827586206896,0.006,176984,156030,182571.42857142858
338083,189001,0.009793103448275862,0.014344827586206896,0.009,173588,141923,182571.42857142858
349854,186239,0.009793103448275862,0.014344827586206896,0.012,170695,130154,182571.42857142858
359861,177498,0.009793103448275862,0.014344827586206896,0.015,170302,120142,182571.42857142858
326076,203294,0.009793103448275862,0.014758620689655172,0.006,173996,153930,179494.38202247192
339831,197167,0.009793103448275862,0.014758620689655172,0.009,170191,140172,179494.38202247192
351339,192906,0.009793103448275862,0.014758620689655172,0.012,167459,128667,179494.38202247192
361108,179315,0.009793103448275862,0.014758620689655172,0.015,168621,118901,179494.38202247192
328153,205714,0.009793103448275862,0.015172413793103448,0.006,171511,151855,176519.33701657457
341559,197040,0.009793103448275862,0.015172413793103448,0.009,168399,138449,176519.33701657457
352859,195053,0.009793103448275862,0.015172413793103448,0.012,165634,127151,176519.33701657457
362317,193730,0.009793103448275862,0.015172413793103448,0.015,163306,117691,176519.33701657457
330132,214142,0.009793103448275862,0.015586206896551724,0.006,168349,149874,173641.3043478261
343282,205420,0.009793103448275862,0.015586206896551724,0.009,165027,136727,173641.3043478261
354165,196456,0.009793103448275862,0.015586206896551724,0.012,163877,125839,173641.3043478261
363538,188713,0.009793103448275862,0.015586206896551724,0.015,163560,116468,173641.3043478261
332065,228727,0.009793103448275862,0.016,0.006,164130,147943,170855.614973262
344803,214912,0.009793103448275862,0.016,0.009,161516,135203,170855.614973262
355568,207849,0.009793103448275862,0.016,0.012,159776,124438,170855.614973262
364716,202601,0.009793103448275862,0.016,0.015,158469,115287,170855.614973262
237398,5027,0.010206896551724139,0.004,0.006,295524,242604,323300.9708737864
268766,6314,0.010206896551724139,0.004,0.009,284203,211238,323300.9708737864
293061,7108,0.010206896551724139,0.004,0.012,276479,186939,323300.9708737864
312174,7713,0.010206896551724139,0.004,0.015,270717,167830,323300.9708737864
242418,10338,0.010206896551724139,0.004413793103448276,0.006,289751,237587,314150.9433962264
272537,7663,0.010206896551724139,0.004413793103448276,0.009,280222,207469,314150.9433962264
295953,10547,0.010206896551724139,0.004413793103448276,0.012,272399,184054,314150.9433962264
314631,11668,0.010206896551724139,0.004413793103448276,0.015,266868,165370,314150.9433962264
247022,13743,0.010206896551724139,0.004827586206896552,0.006,284442,232979,305504.58715596335
276134,14696,0.010206896551724139,0.004827586206896552,0.009,274797,203866,305504.58715596335
298694,11100,0.010206896551724139,0.004827586206896552,0.012,269366,181311,305504.58715596335
316829,10830,0.010206896551724139,0.004827586206896552,0.015,264726,163177,305504.58715596335
251492,13759,0.010206896551724139,0.005241379310344827,0.006,280254,228507,297321.4285714286
279574,14652,0.010206896551724139,0.005241379310344827,0.009,271449,200431,297321.4285714286
301422,15147,0.010206896551724139,0.005241379310344827,0.012,265264,178583,297321.4285714286
319019,14446,0.010206896551724139,0.005241379310344827,0.015,261079,160986,297321.4285714286
255767,22453,0.010206896551724139,0.005655172413793104,0.006,274190,224236,289565.2173913043
282858,16362,0.010206896551724139,0.005655172413793104,0.009,267654,197147,289565.2173913043
304094,17825,0.010206896551724139,0.005655172413793104,0.012,261708,175906,289565.2173913043
321224,21780,0.010206896551724139,0.005655172413793104,0.015,256323,158776,289565.2173913043
260102,27868,0.010206896551724139,0.006068965517241379,0.006,268994,219900,282203.3898305085
286168,23202,0.010206896551724139,0.006068965517241379,0.009,262552,193832,282203.3898305085
306781,25371,0.010206896551724139,0.006068965517241379,0.012,256756,173224,282203.3898305085
323396,22639,0.010206896551724139,0.006068965517241379,0.015,253816,156607,282203.3898305085
264114,39671,0.010206896551724139,0.006482758620689655,0.006,262688,215890,275206.611570248
289273,35412,0.010206896551724139,0.006482758620689655,0.009,256341,190727,275206.611570248
309146,28099,0.010206896551724139,0.006482758620689655,0.012,253377,170859,275206.611570248
325451,26537,0.010206896551724139,0.006482758620689655,0.015,250251,154554,275206.611570248
267843,46552,0.010206896551724139,0.006896551724137931,0.006,257538,212156,268548.3870967742
292211,35747,0.010206896551724139,0.006896551724137931,0.009,253202,187792,268548.3870967742
311580,30358,0.010206896551724139,0.006896551724137931,0.012,250192,168426,268548.3870967742
327338,31184,0.010206896551724139,0.006896551724137931,0.015,246615,152665,268548.3870967742
271672,54481,0.010206896551724139,0.007310344827586207,0.006,252231,208328,262204.7244094488
295157,43938,0.010206896551724139,0.007310344827586207,0.009,248168,184844,262204.7244094488
313969,37880,0.010206896551724139,0.007310344827586207,0.012,245475,166038,262204.7244094488
329309,35603,0.010206896551724139,0.007310344827586207,0.015,243011,150700,262204.7244094488
275245,69704,0.010206896551724139,0.007724137931034483,0.006,245745,204760,256153.84615384613
297985,45441,0.010206896551724139,0.007724137931034483,0.009,244924,182019,256153.84615384613
316232,40884,0.010206896551724139,0.007724137931034483,0.012,242205,163769,256153.84615384613
331198,48158,0.010206896551724139,0.007724137931034483,0.015,237065,148802,256153.84615384613
278760,77510,0.010206896551724139,0.008137931034482758,0.006,240958,201247,250375.93984962406
300740,52579,0.010206896551724139,0.008137931034482758,0.009,240326,179261,250375.93984962406
318450,58081,0.010206896551724139,0.008137931034482758,0.012,235023,161556,250375.93984962406
333087,52037,0.010206896551724139,0.008137931034482758,0.015,233814,146922,250375.93984962406
282009,84140,0.010206896551724139,0.008551724137931035,0.006,236289,197994,244852.94117647057
303445,78343,0.010206896551724139,0.008551724137931035,0.009,231435,176557,244852.94117647057
320665,69412,0.010206896551724139,0.008551724137931035,0.012,229502,159336,244852.94117647057
334817,61549,0.010206896551724139,0.008551724137931035,0.015,228832,145189,244852.94117647057
285270,86180,0.010206896551724139,0.00896551724137931,0.006,232865,194734,239568.345323741
306041,90622,0.010206896551724139,0.00896551724137931,0.009,225780,173961,239568.345323741
322821,67132,0.010206896551724139,0.00896551724137931,0.012,227982,157179,239568.345323741
336666,69634,0.010206896551724139,0.00896551724137931,0.015,224483,143341,239568.345323741
288456,100381,0.010206896551724139,0.009379310344827585,0.006,226955,191545,234507.04225352113
308529,92038,0.010206896551724139,0.009379310344827585,0.009,223072,171475,234507.04225352113
324817,83501,0.010206896551724139,0.009379310344827585,0.012,221308,155188,234507.04225352113
338313,73772,0.010206896551724139,0.009379310344827585,0.015,221370,141697,234507.04225352113
291506,127238,0.010206896551724139,0.009793103448275862,0.006,219173,188496,229655.1724137931
311001,97278,0.010206896551724139,0.009793103448275862,0.009,219384,169005,229655.1724137931
326936,89675,0.010206896551724139,0.009793103448275862,0.012,217487,153071,229655.1724137931
339957,85747,0.010206896551724139,0.009793103448275862,0.015,215992,140048,229655.1724137931
294428,122161,0.010206896551724139,0.010206896551724139,0.006,217149,185577,225000.0
313408,111027,0.010206896551724139,0.010206896551724139,0.009,213803,166594,225000.0
328780,94093,0.010206896551724139,0.010206896551724139,0.012,214328,151224,225000.0
341707,88838,0.010206896551724139,0.010206896551724139,0.015,213228,138300,225000.0
297295,133591,0.010206896551724139,0.010620689655172414,0.006,212441,182710,220529.80132450332
315680,127067,0.010206896551724139,0.010620689655172414,0.009,207850,164326,220529.80132450332
330681,108523,0.010206896551724139,0.010620689655172414,0.012,208512,149322,220529.80132450332
343195,97236,0.010206896551724139,0.010620689655172414,0.015,209050,136811,220529.80132450332
300197,137340,0.010206896551724139,0.011034482758620689,0.006,209059,179809,216233.76623376628
318033,122003,0.010206896551724139,0.011034482758620689,0.009,206661,161969,216233.76623376628
332538,119583,0.010206896551724139,0.011034482758620689,0.012,203690,147470,216233.76623376628
344755,113393,0.010206896551724139,0.011034482758620689,0.015,202686,135251,216233.76623376628
302748,151648,0.010206896551724139,0.011448275862068966,0.006,203892,177257,212101.91082802543
320193,139735,0.010206896551724139,0.011448275862068966,0.009,200451,159807,212101.91082802543
334353,125296,0.010206896551724139,0.011448275862068966,0.012,200248,145655,212101.91082802543
346322,120084,0.010206896551724139,0.011448275862068966,0.015,199035,133687,212101.91082802543
305503,158472,0.010206896551724139,0.01186206896551724,0.006,200356,174500,208124.99999999997
322310,144580,0.010206896551724139,0.01186206896551724,0.009,197445,157690,208124.99999999997
336140,139889,0.010206896551724139,0.01186206896551724,0.012,194643,143867,208124.99999999997
347870,131977,0.010206896551724139,0.01186206896551724,0.015,194001,132131,208124.99999999997
307981,158210,0.010206896551724139,0.012275862068965518,0.006,197864,172019,204294.47852760734
324294,147046,0.010206896551724139,0.012275862068965518,0.009,194823,155707,204294.47852760734
337903,130267,0.010206896551724139,0.012275862068965518,0.012,195420,142106,204294.47852760734
349237,148071,0.010206896551724139,0.012275862068965518,0.015,187871,130768,204294.47852760734
310358,172169,0.010206896551724139,0.012689655172413793,0.006,193201,169648,200602.40963855427
326344,159416,0.010206896551724139,0.012689655172413793,0.009,190145,153662,200602.40963855427
339534,146945,0.010206896551724139,0.012689655172413793,0.012,189405,140468,200602.40963855427
350765,141363,0.010206896551724139,0.012689655172413793,0.015,188297,129242,200602.40963855427
312803,174099,0.010206896551724139,0.01310344827586207,0.006,190667,167205,197041.42011834317
328280,156998,0.010206896551724139,0.01310344827586207,0.009,188781,151722,197041.42011834317
341186,151364,0.010206896551724139,0.01310344827586207,0.012,186648,138819,197041.42011834317
352030,146947,0.010206896551724139,0.01310344827586207,0.015,185321,127977,197041.42011834317
315089,181034,0.010206896551724139,0.013517241379310345,0.006,187222,164912,193604.65116279072
330295,167813,0.010206896551724139,0.013517241379310345,0.009,184613,149713,193604.65116279072
342808,160167,0.010206896551724139,0.013517241379310345,0.012,182769,137195,193604.65116279072
353433,151399,0.010206896551724139,0.013517241379310345,0.015,182693,126570,193604.65116279072
317488,183773,0.010206896551724139,0.01393103448275862,0.006,184497,162518,190285.7142857143
332151,184452,0.010206896551724139,0.01393103448275862,0.009,179204,147849,190285.7142857143
344396,168829,0.010206896551724139,0.01393103448275862,0.012,179133,135607,190285.7142857143
354769,163898,0.010206896551724139,0.01393103448275862,0.015,177798,125237,190285.7142857143
319642,193126,0.010206896551724139,0.014344827586206896,0.006,181022,160367,187078.65168539324
333977,184125,0.010206896551724139,0.014344827586206896,0.009,177559,146023,187078.65168539324
345906,174726,0.010206896551724139,0.014344827586206896,0.012,176124,134099,187078.65168539324
356113,167184,0.010206896551724139,0.014344827586206896,0.015,175550,123894,187078.65168539324
321795,205004,0.010206896551724139,0.014758620689655172,0.006,177118,158214,183977.9005524862
335707,191707,0.010206896551724139,0.014758620689655172,0.009,174241,144296,183977.9005524862
347395,183373,0.010206896551724139,0.014758620689655172,0.012,172461,132609,183977.9005524862
357333,173794,0.010206896551724139,0.014758620689655172,0.015,172377,122669,183977.9005524862
323913,200548,0.010206896551724139,0.015172413793103448,0.006,175731,156089,180978.2608695652
337431,197381,0.010206896551724139,0.015172413793103448,0.009,171415,142574,180978.2608695652
348968,189289,0.010206896551724139,0.015172413793103448,0.012,169583,131034,180978.2608695652
358691,185434,0.010206896551724139,0.015172413793103448,0.015,167975,121317,180978.2608695652
325814,197754,0.010206896551724139,0.015586206896551724,0.006,174350,154191,178074.86631016043
339235,200985,0.010206896551724139,0.015586206896551724,0.009,169082,140772,178074.86631016043
350315,190406,0.010206896551724139,0.015586206896551724,0.012,167942,129691,178074.86631016043
359820,190234,0.010206896551724139,0.015586206896551724,0.015,165441,120187,178074.86631016043
327800,211854,0.010206896551724139,0.016,0.006,170139,152207,175263.15789473683
340797,206239,0.010206896551724139,0.016,0.009,166255,139206,175263.15789473683
351815,196022,0.010206896551724139,0.016,0.012,165287,128192,175263.15789473683
361099,190029,0.010206896551724139,0.016,0.015,164307,118911,175263.15789473683
232634,3201,0.010620689655172414,0.004,0.006,298703,247366,326886.7924528302
264062,7019,0.010620689655172414,0.004,0.009,286508,215940,326886.7924528302
288508,8049,0.010620689655172414,0.004,0.012,278257,191492,326886.7924528302
307849,6425,0.010620689655172414,0.004,0.015,273107,172153,326886.7924528302
237581,6731,0.010620689655172414,0.004413793103448276,0.006,293449,242419,317889.90825688076
267914,6281,0.010620689655172414,0.004413793103448276,0.009,283080,212086,317889.90825688076
291352,9110,0.010620689655172414,0.004413793103448276,0.012,275066,188651,317889.90825688076
310259,9328,0.010620689655172414,0.004413793103448276,0.015,269620,169749,317889.90825688076
242247,11577,0.010620689655172414,0.004827586206896552,0.006,287954,237756,309375.0
271384,10338,0.010620689655172414,0.004827586206896552,0.009,278557,208620,309375.0
294179,11234,0.010620689655172414,0.004827586206896552,0.012,271480,185824,309375.0
312496,12331,0.010620689655172414,0.004827586206896552,0.015,266113,167509,309375.0
246829,11518,0.010620689655172414,0.005241379310344827,0.006,283681,233175,301304.347826087
274868,11349,0.010620689655172414,0.005241379310344827,0.009,274867,205133,301304.347826087
297038,10745,0.010620689655172414,0.005241379310344827,0.012,268812,182969,301304.347826087
314739,14046,0.010620689655172414,0.005241379310344827,0.015,263211,165265,301304.347826087
251104,17300,0.010620689655172414,0.005655172413793104,0.006,278283,228898,293644.0677966102
278341,19597,0.010620689655172414,0.005655172413793104,0.009,269356,201660,293644.0677966102
299710,17083,0.010620689655172414,0.005655172413793104,0.012,264166,180290,293644.0677966102
316925,14888,0.010620689655172414,0.005655172413793104,0.015,260584,163081,293644.0677966102
255264,28968,0.010620689655172414,0.006068965517241379,0.006,271845,224737,286363.63636363635
281470,22431,0.010620689655172414,0.006068965517241379,0.009,265469,198531,286363.63636363635
302244,20906,0.010620689655172414,0.006068965517241379,0.012,260325,177758,286363.63636363635
319049,18862,0.010620689655172414,0.006068965517241379,0.015,256927,160956,286363.63636363635
259378,30371,0.010620689655172414,0.006482758620689655,0.006,267719,220623,279435.48387096776
284746,21745,0.010620689655172414,0.006482758620689655,0.009,262469,195257,279435.48387096776
304748,20161,0.010620689655172414,0.006482758620689655,0.012,257970,175253,279435.48387096776
321134,21675,0.010620689655172414,0.006482758620689655,0.015,253796,158872,279435.48387096776
263143,39465,0.010620689655172414,0.006896551724137931,0.006,262140,216861,272834.6456692914
287672,38240,0.010620689655172414,0.006896551724137931,0.009,255245,192333,272834.6456692914
307200,29043,0.010620689655172414,0.006896551724137931,0.012,252806,172806,272834.6456692914
323151,28342,0.010620689655172414,0.006896551724137931,0.015,249500,156857,272834.6456692914
266887,50364,0.010620689655172414,0.007310344827586207,0.006,256240,213117,266538.4615384615
290614,42095,0.010620689655172414,0.007310344827586207,0.009,251300,189390,266538.4615384615
309703,35886,0.010620689655172414,0.007310344827586207,0.012,248319,170303,266538.4615384615
325205,37543,0.010620689655172414,0.007310344827586207,0.015,244445,154795,266538.4615384615
270555,55436,0.010620689655172414,0.007724137931034483,0.006,251781,209446,260526.31578947365
293485,52031,0.010620689655172414,0.007724137931034483,0.009,245962,186519,260526.31578947365
311981,42943,0.010620689655172414,0.007724137931034483,0.012,243910,168022,260526.31578947365
327154,38555,0.010620689655172414,0.007724137931034483,0.015,242107,152853,260526.31578947365
274111,69426,0.010620689655172414,0.008137931034482758,0.006,245584,205889,254779.4117647059
296390,63645,0.010620689655172414,0.008137931034482758,0.009,240337,183612,254779.4117647059
314284,52661,0.010620689655172414,0.008137931034482758,0.012,238880,165716,254779.4117647059
328987,50022,0.010620689655172414,0.008137931034482758,0.015,236492,151022,254779.4117647059
277495,74952,0.010620689655172414,0.008551724137931035,0.006,241348,202506,249280.57553956835
298964,61723,0.010620689655172414,0.008551724137931035,0.009,238200,181041,249280.57553956835
316406,60789,0.010620689655172414,0.008551724137931035,0.012,234341,163600,249280.57553956835
330774,55863,0.010620689655172414,0.008551724137931035,0.015,232720,149228,249280.57553956835
280702,91920,0.010620689655172414,0.00896551724137931,0.006,234869,199299,244014.08450704222
301595,73906,0.010620689655172414,0.00896551724137931,0.009,232663,178411,244014.08450704222
318542,71118,0.010620689655172414,0.00896551724137931,0.012,229208,161460,244014.08450704222
332537,57688,0.010620689655172414,0.00896551724137931,0.015,230210,147468,244014.08450704222
283885,99512,0.010620689655172414,0.009379310344827585,0.006,230539,196116,238965.51724137933
304113,80458,0.010620689655172414,0.009379310344827585,0.009,228502,175889,238965.51724137933
320629,71253,0.010620689655172414,0.009379310344827585,0.012,227017,159377,238965.51724137933
334288,66365,0.010620689655172414,0.009379310344827585,0.015,225677,145717,238965.51724137933
286990,98131,0.010620689655172414,0.009793103448275862,0.006,227809,193016,234121.6216216216
306675,97009,0.010620689655172414,0.009793103448275862,0.009,222145,173332,234121.6216216216
322695,88086,0.010620689655172414,0.009793103448275862,0.012,220443,157305,234121.6216216216
335970,72062,0.010620689655172414,0.009793103448275862,0.015,222152,144031,234121.6216216216
289879,105618,0.010620689655172414,0.010206896551724139,0.006,223671,190126,229470.1986754967
309094,104222,0.010620689655172414,0.010206896551724139,0.009,218108,170906,229470.1986754967
324713,99005,0.010620689655172414,0.010206896551724139,0.012,215476,155295,229470.1986754967
337754,78784,0.010620689655172414,0.010206896551724139,0.015,218374,142253,229470.1986754967
292820,125250,0.010620689655172414,0.010620689655172414,0.006,217325,187186,225000.0
311431,110604,0.010620689655172414,0.010620689655172414,0.009,214458,168569,225000.0
326575,108532,0.010620689655172414,0.010620689655172414,0.012,210932,153431,225000.0
339246,102331,0.010620689655172414,0.010620689655172414,0.015,209713,140760,225000.0
295685,132787,0.010620689655172414,0.011034482758620689,0.006,213175,184316,220700.63694267513
313718,125031,0.010620689655172414,0.011034482758620689,0.009,208952,166289,220700.63694267513
328503,100579,0.010620689655172414,0.011034482758620689,0.012,211160,151506,220700.63694267513
340864,106044,0.010620689655172414,0.011034482758620689,0.015,207014,139141,220700.63694267513
298300,148173,0.010620689655172414,0.011448275862068966,0.006,207920,181703,216562.49999999997
315964,127703,0.010620689655172414,0.011448275862068966,0.009,206160,164039,216562.49999999997
330399,114878,0.010620689655172414,0.011448275862068966,0.012,205592,149608,216562.49999999997
342425,100900,0.010620689655172414,0.011448275862068966,0.015,206817,137581,216562.49999999997
300930,148323,0.010620689655172414,0.01186206896551724,0.006,205315,179075,212576.6871165644
318065,132480,0.010620689655172414,0.01186206896551724,0.009,202966,161935,212576.6871165644
332155,127374,0.010620689655172414,0.01186206896551724,0.012,200513,147845,212576.6871165644
343994,113767,0.010620689655172414,0.01186206896551724,0.015,201525,136006,212576.6871165644
303506,153161,0.010620689655172414,0.012275862068965518,0.006,202163,176500,208734.9397590361
320096,148428,0.010620689655172414,0.012275862068965518,0.009,197279,159910,208734.9397590361
333837,130206,0.010620689655172414,0.012275862068965518,0.012,197991,146171,208734.9397590361
345413,126771,0.010620689655172414,0.012275862068965518,0.015,196243,134595,208734.9397590361
306115,159886,0.010620689655172414,0.012689655172413793,0.006,198689,173891,205029.58579881655
322248,147336,0.010620689655172414,0.012689655172413793,0.009,195589,157759,205029.58579881655
335675,148904,0.010620689655172414,0.012689655172413793,0.012,191433,144331,205029.58579881655
346916,135525,0.010620689655172414,0.012689655172413793,0.015,192294,133084,205029.58579881655
308408,176573,0.010620689655172414,0.01310344827586207,0.006,193597,171597,201453.488372093
324140,150045,0.010620689655172414,0.01310344827586207,0.009,193168,155864,201453.488372093
337222,147515,0.010620689655172414,0.01310344827586207,0.012,190161,142786,201453.488372093
348300,144329,0.010620689655172414,0.01310344827586207,0.015,188312,131706,201453.488372093
310878,174537,0.010620689655172414,0.013517241379310345,0.006,191544,169123,198000.0
326201,166469,0.010620689655172414,0.013517241379310345,0.009,187794,153803,198000.0
338979,161205,0.010620689655172414,0.013517241379310345,0.012,185058,141025,198000.0
349692,149259,0.010620689655172414,0.013517241379310345,0.015,185453,130314,198000.0
313134,180472,0.010620689655172414,0.01393103448275862,0.006,188499,166874,194662.92134831462
327988,167344,0.010620689655172414,0.01393103448275862,0.009,185628,152016,194662.92134831462
340470,163978,0.010620689655172414,0.01393103448275862,0.012,182846,139535,194662.92134831462
351124,160256,0.010620689655172414,0.01393103448275862,0.015,181011,128886,194662.92134831462
315332,192221,0.010620689655172414,0.014344827586206896,0.006,184373,164676,191436.46408839777
329840,172395,0.010620689655172414,0.014344827586206896,0.009,182813,150165,191436.46408839777
342018,167736,0.010620689655172414,0.014344827586206896,0.012,180437,137990,191436.46408839777
352463,160646,0.010620689655172414,0.014344827586206896,0.015,179611,127538,191436.46408839777
317559,195227,0.010620689655172414,0.014758620689655172,0.006,181860,162448,188315.21739130435
331676,184764,0.010620689655172414,0.014758620689655172,0.009,178504,148330,188315.21739130435
343566,177839,0.010620689655172414,0.014758620689655172,0.012,176455,136440,188315.21739130435
353698,165958,0.010620689655172414,0.014758620689655172,0.015,176802,126308,188315.21739130435
319696,200811,0.010620689655172414,0.015172413793103448,0.006,179058,160306,185294.1176470588
333482,192274,0.010620689655172414,0.015172413793103448,0.009,175410,146518,185294.1176470588
345132,182408,0.010620689655172414,0.015172413793103448,0.012,173758,134868,185294.1176470588
354995,181962,0.010620689655172414,0.015172413793103448,0.015,171186,125012,185294.1176470588
321641,203565,0.010620689655172414,0.015586206896551724,0.006,176805,158364,182368.42105263157
335188,192183,0.010620689655172414,0.015586206896551724,0.009,173763,144821,182368.42105263157
346563,182513,0.010620689655172414,0.015586206896551724,0.012,172405,133447,182368.42105263157
356297,179036,0.010620689655172414,0.015586206896551724,0.015,170747,123713,182368.42105263157
323669,203770,0.010620689655172414,0.016,0.006,174809,156337,179533.67875647664
336905,201546,0.010620689655172414,0.016,0.009,170203,143105,179533.67875647664
347997,189957,0.010620689655172414,0.016,0.012,169193,132003,179533.67875647664
357436,183400,0.010620689655172414,0.016,0.015,168355,122569,179533.67875647664
228185,3993,0.011034482758620689,0.004,0.006,301354,251820,330275.2293577981
259535,6742,0.011034482758620689,0.004,0.009,288983,220464,330275.2293577981
284110,6647,0.011034482758620689,0.004,0.012,280913,195897,330275.2293577981
303602,7242,0.011034482758620689,0.004,0.015,274694,176404,330275.2293577981
233011,7272,0.011034482758620689,0.004413793103448276,0.006,296066,246989,321428.5714285714
263314,6622,0.011034482758620689,0.004413793103448276,0.009,285440,216688,321428.5714285714
287009,6018,0.011034482758620689,0.004413793103448276,0.012,278096,192997,321428.5714285714
305967,8299,0.011034482758620689,0.004413793103448276,0.015,271835,174038,321428.5714285714
237739,10062,0.011034482758620689,0.004827586206896552,0.006,291069,242261,313043.47826086957
266940,10989,0.011034482758620689,0.004827586206896552,0.009,280841,213066,313043.47826086957
289825,10527,0.011034482758620689,0.004827586206896552,0.012,273833,190181,313043.47826086957
308313,10018,0.011034482758620689,0.004827586206896552,0.015,268825,171688,313043.47826086957
242097,13871,0.011034482758620689,0.005241379310344827,0.006,285986,237905,305084.74576271186
270407,10973,0.011034482758620689,0.005241379310344827,0.009,277413,209598,305084.74576271186
292725,10633,0.011034482758620689,0.005241379310344827,0.012,271055,187278,305084.74576271186
310608,12295,0.011034482758620689,0.005241379310344827,0.015,265678,169394,305084.74576271186
246491,13998,0.011034482758620689,0.005655172413793104,0.006,281872,233514,297520.66115702473
273766,16664,0.011034482758620689,0.005655172413793104,0.009,272593,206239,297520.66115702473
295362,13288,0.011034482758620689,0.005655172413793104,0.012,267475,184639,297520.66115702473
312787,16187,0.011034482758620689,0.005655172413793104,0.015,262076,167214,297520.66115702473
250641,17606,0.011034482758620689,0.006068965517241379,0.006,277076,229358,290322.58064516133
277086,17044,0.011034482758620689,0.006068965517241379,0.009,269269,202921,290322.58064516133
297923,16428,0.011034482758620689,0.006068965517241379,0.012,263889,182081,290322.58064516133
314924,19789,0.011034482758620689,0.006068965517241379,0.015,258654,165080,290322.58064516133
254803,29567,0.011034482758620689,0.006482758620689655,0.006,270787,225203,283464.56692913384
280200,24477,0.011034482758620689,0.006482758620689655,0.009,264311,199806,283464.56692913384
300582,20458,0.011034482758620689,0.006482758620689655,0.012,260060,179425,283464.56692913384
317129,20741,0.011034482758620689,0.006482758620689655,0.015,256088,162878,283464.56692913384
258676,35401,0.011034482758620689,0.006896551724137931,0.006,265903,221324,276923.07692307694
283370,30155,0.011034482758620689,0.006896551724137931,0.009,259761,196634,276923.07692307694
302987,30113,0.011034482758620689,0.006896551724137931,0.012,254702,177014,276923.07692307694
319094,24057,0.011034482758620689,0.006896551724137931,0.015,252841,160911,276923.07692307694
262319,40513,0.011034482758620689,0.007310344827586207,0.006,261227,217684,270676.6917293233
286242,35019,0.011034482758620689,0.007310344827586207,0.009,255666,193759,270676.6917293233
305369,34306,0.011034482758620689,0.007310344827586207,0.012,251091,174635,270676.6917293233
321102,35908,0.011034482758620689,0.007310344827586207,0.015,246985,158900,270676.6917293233
265994,53168,0.011034482758620689,0.007724137931034483,0.006,255319,214011,264705.88235294115
289185,43511,0.011034482758620689,0.007724137931034483,0.009,250677,190822,264705.88235294115
307732,37784,0.011034482758620689,0.007724137931034483,0.012,247656,172274,264705.88235294115
323034,32336,0.011034482758620689,0.007724137931034483,0.015,245950,156967,264705.88235294115
269486,57695,0.011034482758620689,0.008137931034482758,0.006,250941,210518,258992.80575539565
291895,52583,0.011034482758620689,0.008137931034482758,0.009,245685,188109,258992.80575539565
310020,46869,0.011034482758620689,0.008137931034482758,0.012,242789,169984,258992.80575539565
324990,38698,0.011034482758620689,0.008137931034482758,0.015,241952,155010,258992.80575539565
272931,67340,0.011034482758620689,0.008551724137931035,0.006,245962,207070,253521.12676056338
294698,61666,0.011034482758620689,0.008551724137931035,0.009,240824,185309,253521.12676056338
312347,50452,0.011034482758620689,0.008551724137931035,0.012,239431,167660,253521.12676056338
326791,47796,0.011034482758620689,0.008551724137931035,0.015,237245,153213,253521.12676056338
276263,77915,0.011034482758620689,0.00896551724137931,0.006,240784,203743,248275.86206896548
297392,63105,0.011034482758620689,0.00896551724137931,0.009,237796,182615,248275.86206896548
314372,55097,0.011034482758620689,0.00896551724137931,0.012,235968,165632,248275.86206896548
328615,52660,0.011034482758620689,0.00896551724137931,0.015,233757,151391,248275.86206896548
279454,92555,0.011034482758620689,0.009379310344827585,0.006,234858,200546,243243.24324324323
299857,68779,0.011034482758620689,0.009379310344827585,0.009,233944,180148,243243.24324324323
316525,75050,0.011034482758620689,0.009379310344827585,0.012,228407,163481,243243.24324324323
330381,66846,0.011034482758620689,0.009379310344827585,0.015,227639,149625,243243.24324324323
282610,92800,0.011034482758620689,0.009793103448275862,0.006,231841,197396,238410.59602649004
302340,81300,0.011034482758620689,0.009793103448275862,0.009,228599,177663,238410.59602649004
318614,74222,0.011034482758620689,0.009793103448275862,0.012,226486,161389,238410.59602649004
332168,71890,0.011034482758620689,0.009793103448275862,0.015,224287,147842,238410.59602649004
285497,112181,0.011034482758620689,0.010206896551724139,0.006,225614,194504,233766.23376623378
304832,87088,0.011034482758620689,0.010206896551724139,0.009,224839,175169,233766.23376623378
320665,81509,0.011034482758620689,0.010206896551724139,0.012,222466,159344,233766.23376623378
333793,82209,0.011034482758620689,0.010206896551724139,0.015,219512,146212,233766.23376623378
288434,113100,0.011034482758620689,0.010620689655172414,0.006,222495,191572,229299.3630573248
307212,99600,0.011034482758620689,0.010620689655172414,0.009,219621,172788,229299.3630573248
322664,92533,0.011034482758620689,0.010620689655172414,0.012,217591,157342,229299.3630573248
335548,81888,0.011034482758620689,0.010620689655172414,0.015,217785,144459,229299.3630573248
291311,124152,0.011034482758620689,0.011034482758620689,0.006,217927,188690,225000.0
309552,112990,0.011034482758620689,0.011034482758620689,0.009,214412,170448,225000.0
324578,110001,0.011034482758620689,0.011034482758620689,0.012,211104,155425,225000.0
337059,97766,0.011034482758620689,0.011034482758620689,0.015,211539,142943,225000.0
293963,135918,0.011034482758620689,0.011448275862068966,0.006,213248,186039,220858.89570552146
311731,129697,0.011034482758620689,0.011448275862068966,0.009,208553,168277,220858.89570552146
326334,111168,0.011034482758620689,0.011448275862068966,0.012,208939,153668,220858.89570552146
338638,104311,0.011034482758620689,0.011448275862068966,0.015,208022,141368,220858.89570552146
296641,134287,0.011034482758620689,0.01186206896551724,0.006,210984,183365,216867.46987951803
313992,132581,0.011034482758620689,0.01186206896551724,0.009,205799,166012,216867.46987951803
328272,114577,0.011034482758620689,0.01186206896551724,0.012,206192,151732,216867.46987951803
340286,112052,0.011034482758620689,0.01186206896551724,0.015,204114,139718,216867.46987951803
299339,149117,0.011034482758620689,0.012275862068965518,0.006,206072,180665,213017.7514792899
315985,128281,0.011034482758620689,0.012275862068965518,0.009,204553,164021,213017.7514792899
329998,126045,0.011034482758620689,0.012275862068965518,0.012,201451,150012,213017.7514792899
341662,114637,0.011034482758620689,0.012275862068965518,0.015,201820,138343,213017.7514792899
301724,164221,0.011034482758620689,0.012689655172413793,0.006,201152,178281,209302.32558139536
318161,153988,0.011034482758620689,0.012689655172413793,0.009,196973,161846,209302.32558139536
331674,136329,0.011034482758620689,0.012689655172413793,0.012,197193,148331,209302.32558139536
343193,127876,0.011034482758620689,0.012689655172413793,0.015,196567,136807,209302.32558139536
304293,164717,0.011034482758620689,0.01310344827586207,0.006,198647,175714,205714.2857142857
320115,158077,0.011034482758620689,0.01310344827586207,0.009,194242,159887,205714.2857142857
333482,149992,0.011034482758620689,0.01310344827586207,0.012,191955,146521,205714.2857142857
344613,139477,0.011034482758620689,0.01310344827586207,0.015,191845,135395,205714.2857142857
306570,173252,0.011034482758620689,0.013517241379310345,0.006,195179,173436,202247.19101123593
322127,156380,0.011034482758620689,0.013517241379310345,0.009,192759,157882,202247.19101123593
335044,149388,0.011034482758620689,0.013517241379310345,0.012,190523,144962,202247.19101123593
346037,143496,0.011034482758620689,0.013517241379310345,0.015,189230,133969,202247.19101123593
308877,173648,0.011034482758620689,0.01393103448275862,0.006,192882,171127,198895.0276243094
324026,163413,0.011034482758620689,0.01393103448275862,0.009,189437,155982,198895.0276243094
336678,152459,0.011034482758620689,0.01393103448275862,0.012,188079,143325,198895.0276243094
347515,146758,0.011034482758620689,0.01393103448275862,0.015,186974,132492,198895.0276243094
311134,189035,0.011034482758620689,0.014344827586206896,0.006,188189,168870,195652.17391304343
325953,173158,0.011034482758620689,0.014344827586206896,0.009,185615,154056,195652.17391304343
338279,155322,0.011034482758620689,0.014344827586206896,0.012,185942,141721,195652.17391304343
348779,154352,0.011034482758620689,0.014344827586206896,0.015,183531,131228,195652.17391304343
313362,184823,0.011034482758620689,0.014758620689655172,0.006,186792,166645,192513.36898395722
327706,177045,0.011034482758620689,0.014758620689655172,0.009,182910,152299,192513.36898395722
339863,163229,0.011034482758620689,0.014758620689655172,0.012,182519,140146,192513.36898395722
350189,153751,0.011034482758620689,0.014758620689655172,0.015,182387,129821,192513.36898395722
315521,192227,0.011034482758620689,0.015172413793103448,0.006,183759,164486,189473.6842105263
329496,183543,0.011034482758620689,0.015172413793103448,0.009,179890,150509,189473.6842105263
341414,170497,0.011034482758620689,0.015172413793103448,0.012,179213,138593,189473.6842105263
351472,162435,0.011034482758620689,0.015172413793103448,0.015,178734,128537,189473.6842105263
317588,197220,0.011034482758620689,0.015586206896551724,0.006,180890,162413,186528.49740932643
331241,190959,0.011034482758620689,0.015586206896551724,0.009,176701,148763,186528.49740932643
342870,179977,0.011034482758620689,0.015586206896551724,0.012,175478,137140,186528.49740932643
352687,168901,0.011034482758620689,0.015586206896551724,0.015,175642,127315,186528.49740932643
319625,206251,0.011034482758620689,0.016,0.006,177524,160383,183673.4693877551
332944,184799,0.011034482758620689,0.016,0.009,176314,147064,183673.4693877551
344316,190078,0.011034482758620689,0.016,0.012,171610,135684,183673.4693877551
353947,185509,0.011034482758620689,0.016,0.015,170080,126059,183673.4693877551
223815,3419,0.011448275862068966,0.004,0.006,304226,256186,333482.1428571429
255130,4696,0.011448275862068966,0.004,0.009,291875,224874,333482.1428571429
279718,4673,0.011448275862068966,0.004,0.012,283516,200287,333482.1428571429
299531,6370,0.011448275862068966,0.004,0.015,276796,180469,333482.1428571429
228613,4818,0.011448275862068966,0.004413793103448276,0.006,299421,251388,324782.6086956522
258926,6281,0.011448275862068966,0.004413793103448276,0.009,287913,221075,324782.6086956522
282738,9642,0.011448275862068966,0.004413793103448276,0.012,279102,197268,324782.6086956522
301958,8269,0.011448275862068966,0.004413793103448276,0.015,273748,178049,324782.6086956522
233240,6882,0.011448275862068966,0.004827586206896552,0.006,294586,246758,316525.4237288136
262623,7795,0.011448275862068966,0.004827586206896552,0.009,284081,217380,316525.4237288136
285684,9399,0.011448275862068966,0.004827586206896552,0.012,276343,194323,316525.4237288136
304295,9422,0.011448275862068966,0.004827586206896552,0.015,270899,175711,316525.4237288136
237747,17732,0.011448275862068966,0.005241379310344827,0.006,288058,242256,308677.68595041323
266129,10925,0.011448275862068966,0.005241379310344827,0.009,279832,213873,308677.68595041323
288504,9428,0.011448275862068966,0.005241379310344827,0.012,273506,191500,308677.68595041323
306515,12836,0.011448275862068966,0.005241379310344827,0.015,267400,173491,308677.68595041323
242130,15661,0.011448275862068966,0.005655172413793104,0.006,284336,237870,301209.67741935485
269505,10622,0.011448275862068966,0.005655172413793104,0.009,276571,210501,301209.67741935485
291093,10358,0.011448275862068966,0.005655172413793104,0.012,270472,188911,301209.67741935485
308794,13246,0.011448275862068966,0.005655172413793104,0.015,264912,171209,301209.67741935485
246255,22400,0.011448275862068966,0.006068965517241379,0.006,278980,233749,294094.4881889764
272712,21835,0.011448275862068966,0.006068965517241379,0.009,270566,207294,294094.4881889764
293825,16940,0.011448275862068966,0.006068965517241379,0.012,265889,186182,294094.4881889764
311054,15573,0.011448275862068966,0.006068965517241379,0.015,261895,168951,294094.4881889764
250272,21421,0.011448275862068966,0.006482758620689655,0.006,275414,229732,287307.6923076923
275902,20704,0.011448275862068966,0.006482758620689655,0.009,267714,204099,287307.6923076923
296440,25070,0.011448275862068966,0.006482758620689655,0.012,260940,183567,287307.6923076923
313050,21608,0.011448275862068966,0.006482758620689655,0.015,257763,166955,287307.6923076923
254302,36959,0.011448275862068966,0.006896551724137931,0.006,268498,225702,280827.06766917295
278949,24505,0.011448275862068966,0.006896551724137931,0.009,263711,201055,280827.06766917295
298870,21206,0.011448275862068966,0.006896551724137931,0.012,259419,181136,280827.06766917295
315115,23226,0.011448275862068966,0.006896551724137931,0.015,255030,164889,280827.06766917295
258069,38318,0.011448275862068966,0.007310344827586207,0.006,264578,221931,274632.3529411765
282066,37233,0.011448275862068966,0.007310344827586207,0.009,257625,197935,274632.3529411765
301270,23232,0.011448275862068966,0.007310344827586207,0.012,256373,178732,274632.3529411765
317169,24315,0.011448275862068966,0.007310344827586207,0.015,252506,162833,274632.3529411765
261605,53655,0.011448275862068966,0.007724137931034483,0.006,258156,218399,268705.035971223
284866,40696,0.011448275862068966,0.007724137931034483,0.009,253895,195138,268705.035971223
303756,41241,0.011448275862068966,0.007724137931034483,0.012,248930,176247,268705.035971223
319224,31485,0.011448275862068966,0.007724137931034483,0.015,248233,160776,268705.035971223
265156,58425,0.011448275862068966,0.008137931034482758,0.006,253846,214849,263028.1690140845
287760,50001,0.011448275862068966,0.008137931034482758,0.009,248855,192247,263028.1690140845
305950,46447,0.011448275862068966,0.008137931034482758,0.012,245122,174051,263028.1690140845
321054,33321,0.011448275862068966,0.008137931034482758,0.015,245602,158952,263028.1690140845
268602,65052,0.011448275862068966,0.008551724137931035,0.006,249395,211404,257586.20689655174
290509,52884,0.011448275862068966,0.008551724137931035,0.009,245488,189498,257586.20689655174
308209,52060,0.011448275862068966,0.008551724137931035,0.012,241357,171795,257586.20689655174
322948,38833,0.011448275862068966,0.008551724137931035,0.015,241850,157058,257586.20689655174
271907,80453,0.011448275862068966,0.00896551724137931,0.006,243212,208094,252364.86486486485
293201,61433,0.011448275862068966,0.00896551724137931,0.009,240884,186799,252364.86486486485
310507,59760,0.011448275862068966,0.00896551724137931,0.012,236918,169497,252364.86486486485
324816,46273,0.011448275862068966,0.00896551724137931,0.015,237692,155193,252364.86486486485
275090,83960,0.011448275862068966,0.009379310344827585,0.006,239584,204915,247350.99337748345
295697,72034,0.011448275862068966,0.009379310344827585,0.009,235766,184309,247350.99337748345
312528,63497,0.011448275862068966,0.009379310344827585,0.012,233795,167478,247350.99337748345
326666,63216,0.011448275862068966,0.009379310344827585,0.015,230753,153339,247350.99337748345
278197,90339,0.011448275862068966,0.009793103448275862,0.006,235422,201807,242532.46753246753
298242,75314,0.011448275862068966,0.009793103448275862,0.009,232642,181764,242532.46753246753
314688,74557,0.011448275862068966,0.009793103448275862,0.012,228707,165312,242532.46753246753
328321,62714,0.011448275862068966,0.009793103448275862,0.015,229075,151681,242532.46753246753
281330,94463,0.011448275862068966,0.010206896551724139,0.006,231834,198672,237898.08917197454
300652,91712,0.011448275862068966,0.010206896551724139,0.009,226378,179350,237898.08917197454
316776,83611,0.011448275862068966,0.010206896551724139,0.012,224231,163225,237898.08917197454
330125,66913,0.011448275862068966,0.010206896551724139,0.015,226021,149879,237898.08917197454
284138,115895,0.011448275862068966,0.010620689655172414,0.006,225188,195866,233437.50000000003
303049,102057,0.011448275862068966,0.010620689655172414,0.009,221759,176955,233437.50000000003
318654,84584,0.011448275862068966,0.010620689655172414,0.012,221943,161347,233437.50000000003
331700,85749,0.011448275862068966,0.010620689655172414,0.015,218754,148305,233437.50000000003
286996,117162,0.011448275862068966,0.011034482758620689,0.006,222403,193009,229141.10429447857
305390,102730,0.011448275862068966,0.011034482758620689,0.009,219409,174611,229141.10429447857
320640,99576,0.011448275862068966,0.011034482758620689,0.012,216205,159360,229141.10429447857
333339,85567,0.011448275862068966,0.011034482758620689,0.015,217142,146667,229141.10429447857
289747,123522,0.011448275862068966,0.011448275862068966,0.006,218660,190255,224999.99999999997
307637,115769,0.011448275862068966,0.011448275862068966,0.009,214285,172370,224999.99999999997
322465,101195,0.011448275862068966,0.011448275862068966,0.012,213815,157540,224999.99999999997
335026,99022,0.011448275862068966,0.011448275862068966,0.015,211534,144975,224999.99999999997
292428,143380,0.011448275862068966,0.01186206896551724,0.006,212555,187576,221005.9171597633
309871,123486,0.011448275862068966,0.01186206896551724,0.009,210372,170135,221005.9171597633
324426,100125,0.011448275862068966,0.01186206896551724,0.012,212262,155579,221005.9171597633
336539,102616,0.011448275862068966,0.01186206896551724,0.015,208989,143470,221005.9171597633
295088,138319,0.011448275862068966,0.012275862068965518,0.006,211050,184915,217151.16279069768
312040,128909,0.011448275862068966,0.012275862068965518,0.009,207193,167961,217151.16279069768
326173,116390,0.011448275862068966,0.012275862068965518,0.012,206269,153827,217151.16279069768
338113,118952,0.011448275862068966,0.012275862068965518,0.015,202763,141889,217151.16279069768
297605,143797,0.011448275862068966,0.012689655172413793,0.006,207804,182401,213428.57142857148
314132,143912,0.011448275862068966,0.012689655172413793,0.009,202019,165877,213428.57142857148
327983,131137,0.011448275862068966,0.012689655172413793,0.012,200833,152024,213428.57142857148
339638,121320,0.011448275862068966,0.012689655172413793,0.015,200599,140365,213428.57142857148
300061,148591,0.011448275862068966,0.01310344827586207,0.006,204621,179940,209831.4606741573
316170,145454,0.011448275862068966,0.01310344827586207,0.009,199613,163838,209831.4606741573
329664,139281,0.011448275862068966,0.01310344827586207,0.012,197163,150344,209831.4606741573
341002,128125,0.011448275862068966,0.01310344827586207,0.015,197104,139000,209831.4606741573
302542,166528,0.011448275862068966,0.013517241379310345,0.006,199329,177458,206353.591160221
318141,153022,0.011448275862068966,0.013517241379310345,0.009,196192,161860,206353.591160221
331304,146504,0.011448275862068966,0.013517241379310345,0.012,193729,148699,206353.591160221
342454,129774,0.011448275862068966,0.013517241379310345,0.015,195170,137552,206353.591160221
304911,159609,0.011448275862068966,0.01393103448275862,0.006,198369,175090,202989.13043478265
320172,160590,0.011448275862068966,0.01393103448275862,0.009,192763,159835,202989.13043478265
332989,155251,0.011448275862068966,0.01393103448275862,0.012,189853,147021,202989.13043478265
343945,145778,0.011448275862068966,0.01393103448275862,0.015,189437,136062,202989.13043478265
307128,172809,0.011448275862068966,0.014344827586206896,0.006,194046,172872,199732.6203208556
322066,166275,0.011448275862068966,0.014344827586206896,0.009,189655,157944,199732.6203208556
334567,151514,0.011448275862068966,0.014344827586206896,0.012,189192,145442,199732.6203208556
345245,149673,0.011448275862068966,0.014344827586206896,0.015,186954,134761,199732.6203208556
309306,184365,0.011448275862068966,0.014758620689655172,0.006,190028,170699,196578.94736842104
323874,165535,0.011448275862068966,0.014758620689655172,0.009,188014,156127,196578.94736842104
336159,158185,0.011448275862068966,0.014758620689655172,0.012,186126,143850,196578.94736842104
346689,155930,0.011448275862068966,0.014758620689655172,0.015,183909,133318,196578.94736842104
311566,192818,0.011448275862068966,0.015172413793103448,0.006,186640,168434,193523.31606217616
325741,177647,0.011448275862068966,0.015172413793103448,0.009,183847,154269,193523.31606217616
337663,170774,0.011448275862068966,0.015172413793103448,0.012,181521,142343,193523.31606217616
347920,161572,0.011448275862068966,0.015172413793103448,0.015,181131,132085,193523.31606217616
313686,195527,0.011448275862068966,0.015586206896551724,0.006,184255,166321,190561.22448979592
327521,179479,0.011448275862068966,0.015586206896551724,0.009,181951,152486,190561.22448979592
339196,178307,0.011448275862068966,0.015586206896551724,0.012,178334,140804,190561.22448979592
349222,167413,0.011448275862068966,0.015586206896551724,0.015,178285,130784,190561.22448979592
315646,194684,0.011448275862068966,0.016,0.006,182543,164359,187688.44221105526
329212,186488,0.011448275862068966,0.016,0.009,178738,150797,187688.44221105526
340735,179624,0.011448275862068966,0.016,0.012,176683,139272,187688.44221105526
350539,179683,0.011448275862068966,0.016,0.015,173749,129471,187688.44221105526
219482,3738,0.01186206896551724,0.004,0.006,306741,260515,336521.73913043475
251012,4034,0.01186206896551724,0.004,0.009,294322,228990,336521.73913043475
275614,4654,0.01186206896551724,0.004,0.012,285589,204387,336521.73913043475
295433,6567,0.01186206896551724,0.004,0.015,278610,184568,336521.73913043475
224411,5767,0.01186206896551724,0.004413793103448276,0.006,301780,255593,327966.1016949152
254719,6230,0.01186206896551724,0.004413793103448276,0.009,290207,225281,327966.1016949152
278598,5427,0.01186206896551724,0.004413793103448276,0.012,282427,201403,327966.1016949152
297914,6951,0.01186206896551724,0.004413793103448276,0.015,275967,182088,327966.1016949152
228959,4726,0.01186206896551724,0.004827586206896552,0.006,297653,251045,319834.71074380167
258391,7980,0.01186206896551724,0.004827586206896552,0.009,286253,221612,319834.71074380167
281501,9532,0.01186206896551724,0.004827586206896552,0.012,278298,198504,319834.71074380167
300285,8149,0.01186206896551724,0.004827586206896552,0.015,273187,179717,319834.71074380167
233484,9284,0.01186206896551724,0.005241379310344827,0.006,292437,246519,312096.7741935484
261908,7780,0.01186206896551724,0.005241379310344827,0.009,283002,218093,312096.7741935484
284341,9902,0.01186206896551724,0.005241379310344827,0.012,275410,195665,312096.7741935484
302631,10343,0.01186206896551724,0.005241379310344827,0.015,270005,177377,312096.7741935484
237804,12245,0.01186206896551724,0.005655172413793104,0.006,287688,242200,304724.4094488189
265230,13330,0.01186206896551724,0.005655172413793104,0.009,278287,214771,304724.4094488189
287089,11591,0.01186206896551724,0.005655172413793104,0.012,272177,192911,304724.4094488189
304817,13469,0.01186206896551724,0.005655172413793104,0.015,266712,175185,304724.4094488189
242049,14111,0.01186206896551724,0.006068965517241379,0.006,283430,237956,297692.3076923077
268537,15102,0.01186206896551724,0.006068965517241379,0.009,274661,211465,297692.3076923077
289816,17165,0.01186206896551724,0.006068965517241379,0.012,267909,190188,297692.3076923077
307028,15511,0.01186206896551724,0.006068965517241379,0.015,263777,172977,297692.3076923077
246083,20497,0.01186206896551724,0.006482758620689655,0.006,278330,233918,290977.44360902254
271713,19751,0.01186206896551724,0.006482758620689655,0.009,270371,208293,290977.44360902254
292294,16744,0.01186206896551724,0.006482758620689655,0.012,265371,187712,290977.44360902254
309244,15765,0.01186206896551724,0.006482758620689655,0.015,261423,170757,290977.44360902254
249923,33357,0.01186206896551724,0.006896551724137931,0.006,272022,230081,284558.8235294118
274841,21773,0.01186206896551724,0.006896551724137931,0.009,266821,205165,284558.8235294118
294846,23435,0.01186206896551724,0.006896551724137931,0.012,260936,185156,284558.8235294118
311340,21932,0.01186206896551724,0.006896551724137931,0.015,257288,168660,284558.8235294118
253760,28548,0.01186206896551724,0.007310344827586207,0.006,269412,226243,278417.2661870503
277826,25706,0.01186206896551724,0.007310344827586207,0.009,262916,202180,278417.2661870503
297265,27647,0.01186206896551724,0.007310344827586207,0.012,257275,182739,278417.2661870503
313387,27527,0.01186206896551724,0.007310344827586207,0.015,253463,166613,278417.2661870503
257358,41771,0.01186206896551724,0.007724137931034483,0.006,263374,222644,272535.21126760566
280736,33940,0.01186206896551724,0.007724137931034483,0.009,258017,199268,272535.21126760566
299655,35464,0.01186206896551724,0.007724137931034483,0.012,252628,180348,272535.21126760566
315330,27704,0.01186206896551724,0.007724137931034483,0.015,251283,164674,272535.21126760566
260944,50260,0.01186206896551724,0.008137931034482758,0.006,258363,219057,266896.5517241379
283702,46281,0.01186206896551724,0.008137931034482758,0.009,252322,196300,266896.5517241379
301990,40103,0.01186206896551724,0.008137931034482758,0.012,248996,178013,266896.5517241379
317311,38727,0.01186206896551724,0.008137931034482758,0.015,245870,162698,266896.5517241379
264330,57721,0.01186206896551724,0.008551724137931035,0.006,253589,215674,261486.4864864865
286393,47880,0.01186206896551724,0.008551724137931035,0.009,249178,193613,261486.4864864865
304315,44776,0.01186206896551724,0.008551724137931035,0.012,245435,175694,261486.4864864865
319190,45335,0.01186206896551724,0.008551724137931035,0.015,241896,160818,261486.4864864865
267670,63195,0.01186206896551724,0.00896551724137931,0.006,249475,212334,256291.39072847684
289141,57963,0.01186206896551724,0.00896551724137931,0.009,244243,190860,256291.39072847684
306532,51048,0.01186206896551724,0.00896551724137931,0.012,241468,173470,256291.39072847684
321065,51472,0.01186206896551724,0.00896551724137931,0.015,238135,158944,256291.39072847684
271008,67680,0.01186206896551724,0.009379310344827585,0.006,245614,208993,251298.7012987013
291673,76386,0.01186206896551724,0.009379310344827585,0.009,237414,188333,251298.7012987013
308734,62546,0.01186206896551724,0.009379310344827585,0.012,236289,171266,251298.7012987013
322861,55020,0.01186206896551724,0.009379310344827585,0.015,235147,157140,251298.7012987013
274139,88436,0.01186206896551724,0.009793103448275862,0.006,238770,205862,246496.8152866242
294258,77451,0.01186206896551724,0.009793103448275862,0.009,234618,185743,246496.8152866242
310829,68216,0.01186206896551724,0.009793103448275862,0.012,232662,169178,246496.8152866242
324606,62448,0.01186206896551724,0.009793103448275862,0.015,231110,155399,246496.8152866242
277142,99282,0.01186206896551724,0.010206896551724139,0.006,233909,202858,241875.0
296667,82833,0.01186206896551724,0.010206896551724139,0.009,230979,183338,241875.0
312808,86184,0.01186206896551724,0.010206896551724139,0.012,225845,167197,241875.0
326355,68124,0.01186206896551724,0.010206896551724139,0.015,227669,153654,241875.0
280044,105471,0.01186206896551724,0.010620689655172414,0.006,230020,199957,237423.31288343557
299126,94879,0.01186206896551724,0.010620689655172414,0.009,226101,180874,237423.31288343557
314834,78336,0.01186206896551724,0.010620689655172414,0.012,225861,165170,237423.31288343557
328100,74394,0.01186206896551724,0.010620689655172414,0.015,224052,151909,237423.31288343557
282909,112615,0.01186206896551724,0.011034482758620689,0.006,226080,197093,233132.53012048194
301446,103829,0.01186206896551724,0.011034482758620689,0.009,221818,178559,233132.53012048194
316869,95429,0.01186206896551724,0.011034482758620689,0.012,219490,163132,233132.53012048194
329689,79629,0.01186206896551724,0.011034482758620689,0.015,220837,150317,233132.53012048194
285726,123555,0.01186206896551724,0.011448275862068966,0.006,221595,194275,228994.08284023666
303785,105286,0.01186206896551724,0.011448275862068966,0.009,219253,176222,228994.08284023666
318684,96723,0.01186206896551724,0.011448275862068966,0.012,217199,161320,228994.08284023666
331320,86095,0.01186206896551724,0.011448275862068966,0.015,217263,148684,228994.08284023666
288385,132909,0.01186206896551724,0.01186206896551724,0.006,217419,191621,224999.99999999997
305948,111891,0.01186206896551724,0.01186206896551724,0.009,215553,174053,224999.99999999997
320538,106057,0.01186206896551724,0.01186206896551724,0.012,212977,159464,224999.99999999997
332898,101931,0.01186206896551724,0.01186206896551724,0.015,211191,147110,224999.99999999997
291021,135137,0.01186206896551724,0.012275862068965518,0.006,214701,188980,221142.8571428571
308185,125654,0.01186206896551724,0.012275862068965518,0.009,210501,171822,221142.8571428571
322386,114353,0.01186206896551724,0.012275862068965518,0.012,209099,157616,221142.8571428571
334463,99428,0.01186206896551724,0.012275862068965518,0.015,210271,145543,221142.8571428571
293623,150019,0.01186206896551724,0.012689655172413793,0.006,209752,186383,217415.73033707865
310346,132427,0.01186206896551724,0.012689655172413793,0.009,207071,169661,217415.73033707865
324178,126337,0.01186206896551724,0.012689655172413793,0.012,204444,155824,217415.73033707865
336013,104275,0.01186206896551724,0.012689655172413793,0.015,207367,143996,217415.73033707865
296045,148945,0.01186206896551724,0.01310344827586207,0.006,207681,183959,213812.15469613258
312315,141981,0.01186206896551724,0.01310344827586207,0.009,203139,167691,213812.15469613258
325908,132092,0.01186206896551724,0.01310344827586207,0.012,201255,154097,213812.15469613258
337566,123190,0.01186206896551724,0.01310344827586207,0.015,200622,142441,213812.15469613258
298467,159173,0.01186206896551724,0.013517241379310345,0.006,203686,181537,210326.08695652173
314394,150335,0.01186206896551724,0.013517241379310345,0.009,199319,165613,210326.08695652173
327615,138214,0.01186206896551724,0.013517241379310345,0.012,198122,152390,210326.08695652173
338939,127230,0.01186206896551724,0.013517241379310345,0.015,197995,141067,210326.08695652173
300831,170946,0.01186206896551724,0.01393103448275862,0.006,199543,179174,206951.87165775403
316341,149879,0.01186206896551724,0.01393103448275862,0.009,197729,163668,206951.87165775403
329302,141990,0.01186206896551724,0.01393103448275862,0.012,195590,150706,206951.87165775403
340383,137544,0.01186206896551724,0.01393103448275862,0.015,193836,139625,206951.87165775403
303150,167122,0.01186206896551724,0.014344827586206896,0.006,197929,176856,203684.2105263158
318241,163412,0.01186206896551724,0.014344827586206896,0.009,193057,161765,203684.2105263158
330922,153396,0.01186206896551724,0.014344827586206896,0.012,191175,149080,203684.2105263158
341769,149798,0.01186206896551724,0.014344827586206896,0.015,189134,138234,203684.2105263158
305491,178425,0.01186206896551724,0.014758620689655172,0.006,194145,174510,200518.1347150259
320177,158942,0.01186206896551724,0.014758620689655172,0.009,192032,159831,200518.1347150259
332614,151622,0.01186206896551724,0.014758620689655172,0.012,189985,147392,200518.1347150259
343234,146798,0.01186206896551724,0.014758620689655172,0.015,188558,136773,200518.1347150259
307574,177517,0.01186206896551724,0.015172413793103448,0.006,192249,172431,197448.97959183672
322034,167966,0.01186206896551724,0.015172413793103448,0.009,188639,157970,197448.97959183672
334077,152511,0.01186206896551724,0.015172413793103448,0.012,188336,145925,197448.97959183672
344555,150340,0.01186206896551724,0.015172413793103448,0.015,186136,135445,197448.97959183672
309728,192027,0.01186206896551724,0.015586206896551724,0.006,187868,170274,194472.36180904522
323753,169875,0.01186206896551724,0.015586206896551724,0.009,186355,156254,194472.36180904522
335670,161117,0.01186206896551724,0.015586206896551724,0.012,184808,144339,194472.36180904522
345814,159441,0.01186206896551724,0.015586206896551724,0.015,182519,134192,194472.36180904522
311787,183281,0.01186206896551724,0.016,0.006,187238,168219,191584.15841584155
325576,176696,0.01186206896551724,0.016,0.009,183405,154426,191584.15841584155
337112,179689,0.01186206896551724,0.016,0.012,178899,142894,191584.15841584155
347178,165259,0.01186206896551724,0.016,0.015,179716,132831,191584.15841584155
215371,2445,0.012275862068965518,0.004,0.006,309601,264627,339406.77966101695
246841,4210,0.012275862068965518,0.004,0.009,296582,233164,339406.77966101695
271519,4086,0.012275862068965518,0.004,0.012,287753,208485,339406.77966101695
291573,5993,0.012275862068965518,0.004,0.015,280597,188427,339406.77966101695
220212,5429,0.012275862068965518,0.004413793103448276,0.006,304436,259792,330991.7355371901
250589,4891,0.012275862068965518,0.004413793103448276,0.009,292832,229414,330991.7355371901
274626,7435,0.012275862068965518,0.004413793103448276,0.012,283846,205374,330991.7355371901
293979,6965,0.012275862068965518,0.004413793103448276,0.015,277763,186024,330991.7355371901
224914,7467,0.012275862068965518,0.004827586206896552,0.006,299672,255085,322983.87096774194
254252,6371,0.012275862068965518,0.004827586206896552,0.009,289021,225754,322983.87096774194
277479,7114,0.012275862068965518,0.004827586206896552,0.012,281026,202522,322983.87096774194
296449,9590,0.012275862068965518,0.004827586206896552,0.015,274506,183551,322983.87096774194
229438,6707,0.012275862068965518,0.005241379310344827,0.006,295609,250568,315354.33070866147
257810,10035,0.012275862068965518,0.005241379310344827,0.009,284744,222191,315354.33070866147
280288,7800,0.012275862068965518,0.005241379310344827,0.012,278103,199716,315354.33070866147
298736,10350,0.012275862068965518,0.005241379310344827,0.015,271854,181270,315354.33070866147
233649,10888,0.012275862068965518,0.005655172413793104,0.006,290726,246353,308076.92307692306
261096,10409,0.012275862068965518,0.005655172413793104,0.009,281408,218906,308076.92307692306
283148,8732,0.012275862068965518,0.005655172413793104,0.012,275076,196852,308076.92307692306
301013,13436,0.012275862068965518,0.005655172413793104,0.015,268574,178993,308076.92307692306
237914,15189,0.012275862068965518,0.006068965517241379,0.006,285818,242086,301127.8195488722
264413,16460,0.012275862068965518,0.006068965517241379,0.009,276630,215589,301127.8195488722
285781,13370,0.012275862068965518,0.006068965517241379,0.012,271022,194225,301127.8195488722
303282,15423,0.012275862068965518,0.006068965517241379,0.015,265621,176725,301127.8195488722
241920,23874,0.012275862068965518,0.006482758620689655,0.006,280357,238084,294485.2941176471
267760,15228,0.012275862068965518,0.006482758620689655,0.009,273824,212243,294485.2941176471
288383,17772,0.012275862068965518,0.006482758620689655,0.012,267133,191618,294485.2941176471
305436,16915,0.012275862068965518,0.006482758620689655,0.015,262910,174573,294485.2941176471
245935,23103,0.012275862068965518,0.006896551724137931,0.006,276786,234070,288129.49640287773
270856,25369,0.012275862068965518,0.006896551724137931,0.009,268324,209151,288129.49640287773
290945,19793,0.012275862068965518,0.006896551724137931,0.012,264094,189056,288129.49640287773
307523,23191,0.012275862068965518,0.006896551724137931,0.015,258778,172483,288129.49640287773
249707,19201,0.012275862068965518,0.007310344827586207,0.006,273808,230300,282042.25352112675
273853,28628,0.012275862068965518,0.007310344827586207,0.009,264597,206147,282042.25352112675
293378,25289,0.012275862068965518,0.007310344827586207,0.012,260030,186626,282042.25352112675
309625,21795,0.012275862068965518,0.007310344827586207,0.015,257039,170383,282042.25352112675
253325,38920,0.012275862068965518,0.007724137931034483,0.006,266612,226676,276206.8965517241
276719,39041,0.012275862068965518,0.007724137931034483,0.009,259224,203284,276206.8965517241
295788,27933,0.012275862068965518,0.007724137931034483,0.012,256885,184216,276206.8965517241
311590,26009,0.012275862068965518,0.007724137931034483,0.015,253630,168410,276206.8965517241
256825,43796,0.012275862068965518,0.008137931034482758,0.006,262393,223179,270608.1081081081
279632,38906,0.012275862068965518,0.008137931034482758,0.009,256458,200369,270608.1081081081
298248,36225,0.012275862068965518,0.008137931034482758,0.012,252226,181755,270608.1081081081
313632,29664,0.012275862068965518,0.008137931034482758,0.015,250493,166375,270608.1081081081
260266,54378,0.012275862068965518,0.008551724137931035,0.006,257020,219738,265231.7880794702
282368,43351,0.012275862068965518,0.008551724137931035,0.009,252696,197636,265231.7880794702
300462,43168,0.012275862068965518,0.008551724137931035,0.012,248077,179539,265231.7880794702
315483,40981,0.012275862068965518,0.008551724137931035,0.015,245094,164523,265231.7880794702
263649,73767,0.012275862068965518,0.00896551724137931,0.006,250345,216357,260064.93506493504
285164,45395,0.012275862068965518,0.00896551724137931,0.009,249534,194843,260064.93506493504
302738,50495,0.012275862068965518,0.00896551724137931,0.012,243875,177268,260064.93506493504
317347,45115,0.012275862068965518,0.00896551724137931,0.015,241903,162659,260064.93506493504
266842,74928,0.012275862068965518,0.009379310344827585,0.006,247099,213162,255095.5414012739
287706,55145,0.012275862068965518,0.009379310344827585,0.009,244715,192298,255095.5414012739
304847,58405,0.012275862068965518,0.009379310344827585,0.012,239531,175158,255095.5414012739
319257,53012,0.012275862068965518,0.009379310344827585,0.015,237710,160750,255095.5414012739
269989,79976,0.012275862068965518,0.009793103448275862,0.006,243187,210011,250312.5
290316,68790,0.012275862068965518,0.009793103448275862,0.009,239097,189684,250312.5
306978,62128,0.012275862068965518,0.009793103448275862,0.012,236440,173026,250312.5
320985,53630,0.012275862068965518,0.009793103448275862,0.015,235596,159021,250312.5
273115,83080,0.012275862068965518,0.010206896551724139,0.006,239806,206885,245705.52147239266
292791,79974,0.012275862068965518,0.010206896551724139,0.009,234174,187215,245705.52147239266
309150,75933,0.012275862068965518,0.010206896551724139,0.012,230744,170851,245705.52147239266
322766,60606,0.012275862068965518,0.010206896551724139,0.015,231781,157237,245705.52147239266
276066,106438,0.012275862068965518,0.010620689655172414,0.006,232869,203940,241265.06024096385
295252,80674,0.012275862068965518,0.010620689655172414,0.009,231679,184754,241265.06024096385
311183,78328,0.012275862068965518,0.010620689655172414,0.012,228145,168821,241265.06024096385
324539,68568,0.012275862068965518,0.010620689655172414,0.015,227671,155462,241265.06024096385
278917,102539,0.012275862068965518,0.011034482758620689,0.006,230879,201084,236982.2485207101
297557,89180,0.012275862068965518,0.011034482758620689,0.009,227467,182447,236982.2485207101
313131,77759,0.012275862068965518,0.011034482758620689,0.012,226202,166876,236982.2485207101
326128,73617,0.012275862068965518,0.011034482758620689,0.015,224548,153876,236982.2485207101
281678,109271,0.012275862068965518,0.011448275862068966,0.006,227076,198323,232848.83720930232
299897,96922,0.012275862068965518,0.011448275862068966,0.009,223642,180106,232848.83720930232
314992,87391,0.012275862068965518,0.011448275862068966,0.012,221857,165013,232848.83720930232
327841,83624,0.012275862068965518,0.011448275862068966,0.015,219955,152169,232848.83720930232
284477,118699,0.012275862068965518,0.01186206896551724,0.006,222920,195523,228857.14285714284
302133,104705,0.012275862068965518,0.01186206896551724,0.009,219769,177873,228857.14285714284
316879,100709,0.012275862068965518,0.01186206896551724,0.012,216611,163124,228857.14285714284
329462,94220,0.012275862068965518,0.01186206896551724,0.015,215396,150547,228857.14285714284
287098,126852,0.012275862068965518,0.012275862068965518,0.006,219102,192903,224999.99999999997
304296,117934,0.012275862068965518,0.012275862068965518,0.009,214793,175709,224999.99999999997
318738,103862,0.012275862068965518,0.012275862068965518,0.012,214073,161264,224999.99999999997
331043,100623,0.012275862068965518,0.012275862068965518,0.015,211989,148957,224999.99999999997
289699,143875,0.012275862068965518,0.012689655172413793,0.006,213684,190307,221270.71823204422
306526,126411,0.012275862068965518,0.012689655172413793,0.009,210989,173482,221270.71823204422
320521,116015,0.012275862068965518,0.012689655172413793,0.012,209234,159484,221270.71823204422
332489,105057,0.012275862068965518,0.012689655172413793,0.015,209138,147517,221270.71823204422
292147,143830,0.012275862068965518,0.01310344827586207,0.006,211313,187858,217663.04347826086
308610,123174,0.012275862068965518,0.01310344827586207,0.009,209596,171398,217663.04347826086
322382,118970,0.012275862068965518,0.01310344827586207,0.012,206835,157625,217663.04347826086
334019,118122,0.012275862068965518,0.01310344827586207,0.015,204131,145986,217663.04347826086
294588,148001,0.012275862068965518,0.013517241379310345,0.006,208556,185416,214171.1229946524
310620,135112,0.012275862068965518,0.013517241379310345,0.009,205286,169382,214171.1229946524
324071,128791,0.012275862068965518,0.013517241379310345,0.012,202743,155938,214171.1229946524
335510,124990,0.012275862068965518,0.013517241379310345,0.015,200674,144492,214171.1229946524
296992,159181,0.012275862068965518,0.01393103448275862,0.006,204339,183014,210789.47368421056
312570,147675,0.012275862068965518,0.01393103448275862,0.009,200651,167436,210789.47368421056
325799,137693,0.012275862068965518,0.01393103448275862,0.012,198952,154206,210789.47368421056
336946,127241,0.012275862068965518,0.01393103448275862,0.015,198637,143062,210789.47368421056
299406,161804,0.012275862068965518,0.014344827586206896,0.006,201734,180598,207512.95336787566
314605,147714,0.012275862068965518,0.014344827586206896,0.009,198897,165403,207512.95336787566
327370,140116,0.012275862068965518,0.014344827586206896,0.012,196725,152635,207512.95336787566
338469,136598,0.012275862068965518,0.014344827586206896,0.015,194688,141538,207512.95336787566
301556,172583,0.012275862068965518,0.014758620689655172,0.006,198006,178448,204336.73469387757
316430,161979,0.012275862068965518,0.014758620689655172,0.009,194161,163570,204336.73469387757
328987,146558,0.012275862068965518,0.014758620689655172,0.012,193612,151018,204336.73469387757
339782,146678,0.012275862068965518,0.014758620689655172,0.015,190674,140226,204336.73469387757
303788,173884,0.012275862068965518,0.015172413793103448,0.006,195671,176218,201256.2814070352
318377,171154,0.012275862068965518,0.015172413793103448,0.009,190510,161626,201256.2814070352
330583,157140,0.012275862068965518,0.015172413793103448,0.012,189501,149423,201256.2814070352
341198,156040,0.012275862068965518,0.015172413793103448,0.015,186773,138811,201256.2814070352
305918,175555,0.012275862068965518,0.015586206896551724,0.006,193573,174087,198267.3267326733
320093,165313,0.012275862068965518,0.015586206896551724,0.009,189936,159913,198267.3267326733
332104,161132,0.012275862068965518,0.015586206896551724,0.012,187100,147900,198267.3267326733
342477,154757,0.012275862068965518,0.015586206896551724,0.015,185778,137529,198267.3267326733
308024,176844,0.012275862068965518,0.016,0.006,191351,171981,195365.85365853657
321908,173469,0.012275862068965518,0.016,0.009,186640,158092,195365.85365853657
333660,165363,0.012275862068965518,0.016,0.012,184670,146343,195365.85365853657
343821,155432,0.012275862068965518,0.016,0.015,184314,136188,195365.85365853657
211559,4660,0.012689655172413793,0.004,0.006,311533,268441,342148.7603305785
242862,4194,0.012689655172413793,0.004,0.009,298761,237139,342148.7603305785
267720,5439,0.012689655172413793,0.004,0.012,289302,212285,342148.7603305785
287830,4494,0.012689655172413793,0.004,0.015,282825,192176,342148.7603305785
216239,3778,0.012689655172413793,0.004413793103448276,0.006,307288,263760,333870.9677419355
246608,3813,0.012689655172413793,0.004413793103448276,0.009,295329,233393,333870.9677419355
270745,4532,0.012689655172413793,0.004413793103448276,0.012,286622,209257,333870.9677419355
290197,6532,0.012689655172413793,0.004413793103448276,0.015,279669,189805,333870.9677419355
220943,5227,0.012689655172413793,0.004827586206896552,0.006,302607,259055,325984.25196850393
250215,6906,0.012689655172413793,0.004827586206896552,0.009,291116,229789,325984.25196850393
273607,6582,0.012689655172413793,0.004827586206896552,0.012,283219,206395,325984.25196850393
292610,6593,0.012689655172413793,0.004827586206896552,0.015,277216,187395,325984.25196850393
225481,7419,0.012689655172413793,0.005241379310344827,0.006,297932,254519,318461.5384615385
253769,7132,0.012689655172413793,0.005241379310344827,0.009,287678,226232,318461.5384615385
276507,8215,0.012689655172413793,0.005241379310344827,0.012,279907,203493,318461.5384615385
295060,8829,0.012689655172413793,0.005241379310344827,0.015,274150,184947,318461.5384615385
229751,10919,0.012689655172413793,0.005655172413793104,0.006,293340,250252,311278.1954887218
257161,8654,0.012689655172413793,0.005655172413793104,0.009,283979,222843,311278.1954887218
279183,10401,0.012689655172413793,0.005655172413793104,0.012,276585,200819,311278.1954887218
297376,10544,0.012689655172413793,0.005655172413793104,0.015,271244,182629,311278.1954887218
233876,8447,0.012689655172413793,0.006068965517241379,0.006,289800,246128,304411.7647058824
260506,11031,0.012689655172413793,0.006068965517241379,0.009,280220,219500,304411.7647058824
281892,11367,0.012689655172413793,0.006068965517241379,0.012,273622,198110,304411.7647058824
299491,11525,0.012689655172413793,0.006068965517241379,0.015,268614,180513,304411.7647058824
238037,13944,0.012689655172413793,0.006482758620689655,0.006,284947,241970,297841.726618705
263782,12411,0.012689655172413793,0.006482758620689655,0.009,276791,216218,297841.726618705
284629,13733,0.012689655172413793,0.006482758620689655,0.012,270351,195378,297841.726618705
301700,16474,0.012689655172413793,0.006482758620689655,0.015,264882,178304,297841.726618705
241881,20202,0.012689655172413793,0.006896551724137931,0.006,279903,238118,291549.2957746479
266835,19707,0.012689655172413793,0.006896551724137931,0.009,271943,213169,291549.2957746479
287195,16417,0.012689655172413793,0.006896551724137931,0.012,267052,192807,291549.2957746479
303854,17045,0.012689655172413793,0.006896551724137931,0.015,262492,176148,291549.2957746479
245689,27555,0.012689655172413793,0.007310344827586207,0.006,274895,234314,285517.2413793103
269873,22899,0.012689655172413793,0.007310344827586207,0.009,268234,210131,285517.2413793103
289614,18029,0.012689655172413793,0.007310344827586207,0.012,264087,190389,285517.2413793103
305899,21468,0.012689655172413793,0.007310344827586207,0.015,259009,174107,285517.2413793103
249327,32284,0.012689655172413793,0.007724137931034483,0.006,270617,230678,279729.7297297297
272886,27324,0.012689655172413793,0.007724137931034483,0.009,264344,207119,279729.7297297297
292020,22212,0.012689655172413793,0.007724137931034483,0.012,260524,187982,279729.7297297297
308018,24385,0.012689655172413793,0.007724137931034483,0.015,256025,171989,279729.7297297297
252869,43715,0.012689655172413793,0.008137931034482758,0.006,265053,227135,274172.1854304636
275703,31835,0.012689655172413793,0.008137931034482758,0.009,260518,204301,274172.1854304636
294413,29720,0.012689655172413793,0.008137931034482758,0.012,256104,185589,274172.1854304636
309955,29279,0.012689655172413793,0.008137931034482758,0.015,252479,170047,274172.1854304636
256385,42555,0.012689655172413793,0.008551724137931035,0.006,261973,223615,268831.16883116885
278554,37736,0.012689655172413793,0.008551724137931035,0.009,256399,201448,268831.16883116885
296684,39727,0.012689655172413793,0.008551724137931035,0.012,251064,183318,268831.16883116885
311866,35829,0.012689655172413793,0.008551724137931035,0.015,248487,168139,268831.16883116885
259712,57485,0.012689655172413793,0.00896551724137931,0.006,256163,220291,263694.26751592354
281229,45557,0.012689655172413793,0.00896551724137931,0.009,251930,198775,263694.26751592354
299018,38201,0.012689655172413793,0.00896551724137931,0.012,249204,180989,263694.26751592354
313755,36071,0.012689655172413793,0.00896551724137931,0.015,246438,166249,263694.26751592354
262910,68414,0.012689655172413793,0.009379310344827585,0.006,250996,217090,258750.0
283866,56965,0.012689655172413793,0.009379310344827585,0.009,246809,196137,258750.0
301254,49637,0.012689655172413793,0.009379310344827585,0.012,243959,178752,258750.0
315622,38192,0.012689655172413793,0.009379310344827585,0.015,243858,164383,258750.0
266079,81221,0.012689655172413793,0.009793103448275862,0.006,245823,213926,253987.7300613497
286478,66436,0.012689655172413793,0.009793103448275862,0.009,242164,193523,253987.7300613497
303398,53153,0.012689655172413793,0.009793103448275862,0.012,240837,176608,253987.7300613497
317439,53062,0.012689655172413793,0.009793103448275862,0.015,237673,162567,253987.7300613497
269171,85028,0.012689655172413793,0.010206896551724139,0.006,242363,210835,249397.5903614458
288967,74491,0.012689655172413793,0.010206896551724139,0.009,237915,191036,249397.5903614458
305472,60977,0.012689655172413793,0.010206896551724139,0.012,236816,174529,249397.5903614458
319210,60249,0.012689655172413793,0.010206896551724139,0.015,233820,160796,249397.5903614458
272143,93239,0.012689655172413793,0.010620689655172414,0.006,238071,207858,244970.41420118342
291416,75324,0.012689655172413793,0.010620689655172414,0.009,235346,188585,244970.41420118342
307513,72595,0.012689655172413793,0.010620689655172414,0.012,231782,172492,244970.41420118342
320991,58784,0.012689655172413793,0.010620689655172414,0.015,232387,159009,244970.41420118342
274999,108809,0.012689655172413793,0.011034482758620689,0.006,232571,205005,240697.67441860464
293865,86818,0.012689655172413793,0.011034482758620689,0.009,230600,186140,240697.67441860464
309430,76320,0.012689655172413793,0.011034482758620689,0.012,228808,170574,240697.67441860464
322656,68631,0.012689655172413793,0.011034482758620689,0.015,227868,157346,240697.67441860464
277877,115879,0.012689655172413793,0.011448275862068966,0.006,228930,202124,236571.42857142855
296112,99868,0.012689655172413793,0.011448275862068966,0.009,225406,183892,236571.42857142855
311410,87056,0.012689655172413793,0.011448275862068966,0.012,224107,168592,236571.42857142855
324407,79524,0.012689655172413793,0.011448275862068966,0.015,223055,155596,236571.42857142855
280650,116082,0.012689655172413793,0.01186206896551724,0.006,226157,199350,232584.26966292132
298495,107837,0.012689655172413793,0.01186206896551724,0.009,221556,181509,232584.26966292132
313355,86070,0.012689655172413793,0.01186206896551724,0.012,222464,166655,232584.26966292132
325966,85540,0.012689655172413793,0.01186206896551724,0.015,219782,154036,232584.26966292132
283334,122419,0.012689655172413793,0.012275862068965518,0.006,222687,196670,228729.28176795578
300636,105173,0.012689655172413793,0.012275862068965518,0.009,220100,179371,228729.28176795578
315213,99573,0.012689655172413793,0.012275862068965518,0.012,217269,164787,228729.28176795578
327517,102143,0.012689655172413793,0.012275862068965518,0.015,213601,152488,228729.28176795578
285839,124910,0.012689655172413793,0.012689655172413793,0.006,219720,194167,225000.00000000003
302852,111539,0.012689655172413793,0.012689655172413793,0.009,216577,177149,225000.00000000003
316972,105747,0.012689655172413793,0.012689655172413793,0.012,213969,163033,225000.00000000003
329145,102905,0.012689655172413793,0.012689655172413793,0.015,211762,150864,225000.00000000003
288339,150131,0.012689655172413793,0.01310344827586207,0.006,213270,191665,221390.37433155082
304960,120819,0.012689655172413793,0.01310344827586207,0.009,212729,175044,221390.37433155082
318837,116795,0.012689655172413793,0.01310344827586207,0.012,209589,161170,221390.37433155082
330711,110612,0.012689655172413793,0.01310344827586207,0.015,208115,149296,221390.37433155082
290806,148447,0.012689655172413793,0.013517241379310345,0.006,211389,189199,217894.73684210525
306888,137970,0.012689655172413793,0.013517241379310345,0.009,207198,173117,217894.73684210525
320596,118839,0.012689655172413793,0.013517241379310345,0.012,207366,159411,217894.73684210525
332172,115093,0.012689655172413793,0.013517241379310345,0.015,205460,147837,217894.73684210525
293260,152605,0.012689655172413793,0.01393103448275862,0.006,208382,186746,214507.77202072542
308942,144570,0.012689655172413793,0.01393103448275862,0.009,203818,171059,214507.77202072542
322244,130798,0.012689655172413793,0.01393103448275862,0.012,202780,157762,214507.77202072542
333690,121804,0.012689655172413793,0.01393103448275862,0.015,202160,146317,214507.77202072542
295580,161336,0.012689655172413793,0.014344827586206896,0.006,204885,184423,211224.48979591834
310891,147319,0.012689655172413793,0.014344827586206896,0.009,201447,169114,211224.48979591834
323928,140676,0.012689655172413793,0.014344827586206896,0.012,198881,156080,211224.48979591834
335034,122790,0.012689655172413793,0.014344827586206896,0.015,200378,144967,211224.48979591834
297870,162673,0.012689655172413793,0.014758620689655172,0.006,202542,182138,208040.20100502513
312836,157031,0.012689655172413793,0.014758620689655172,0.009,197782,167166,208040.20100502513
325635,139965,0.012689655172413793,0.014758620689655172,0.012,197380,154371,208040.20100502513
336451,140392,0.012689655172413793,0.014758620689655172,0.015,194342,143557,208040.20100502513
300104,163419,0.012689655172413793,0.015172413793103448,0.006,200240,179905,204950.49504950497
314780,159594,0.012689655172413793,0.015172413793103448,0.009,195474,165227,204950.49504950497
327242,147802,0.012689655172413793,0.015172413793103448,0.012,194009,152763,204950.49504950497
337931,147677,0.012689655172413793,0.015172413793103448,0.015,191071,142073,204950.49504950497
302265,182295,0.012689655172413793,0.015586206896551724,0.006,195458,177742,201951.21951219512
316555,162587,0.012689655172413793,0.015586206896551724,0.009,193026,163451,201951.21951219512
328717,157294,0.012689655172413793,0.015586206896551724,0.012,190361,151289,201951.21951219512
339181,150921,0.012689655172413793,0.015586206896551724,0.015,188919,140825,201951.21951219512
304374,173446,0.012689655172413793,0.016,0.006,194726,175628,199038.4615384615
318390,164059,0.012689655172413793,0.016,0.009,191078,161610,199038.4615384615
330254,167343,0.012689655172413793,0.016,0.012,186484,149752,199038.4615384615
340534,151336,0.012689655172413793,0.016,0.015,187486,139471,199038.4615384615
207683,2803,0.01310344827586207,0.004,0.006,314336,272318,344758.0645161291
238940,2887,0.01310344827586207,0.004,0.009,301247,241062,344758.0645161291
263904,4385,0.01310344827586207,0.004,0.012,291502,216096,344758.0645161291
284051,4638,0.01310344827586207,0.004,0.015,284472,195949,344758.0645161291
212483,4781,0.01310344827586207,0.004413793103448276,0.006,309511,267519,336614.1732283465
242823,4256,0.01310344827586207,0.004413793103448276,0.009,297325,237183,336614.1732283465
266830,3862,0.01310344827586207,0.004413793103448276,0.012,288754,213170,336614.1732283465
286575,6117,0.01310344827586207,0.004413793103448276,0.015,281513,193431,336614.1732283465
217189,4675,0.01310344827586207,0.004827586206896552,0.006,305197,262812,328846.1538461539
246470,5449,0.01310344827586207,0.004827586206896552,0.009,293596,233534,328846.1538461539
269879,5665,0.01310344827586207,0.004827586206896552,0.012,285399,210126,328846.1538461539
288958,6916,0.01310344827586207,0.004827586206896552,0.015,278877,191043,328846.1538461539
221619,5479,0.01310344827586207,0.005241379310344827,0.006,300833,258380,321428.5714285715
249952,7371,0.01310344827586207,0.005241379310344827,0.009,289830,230049,321428.5714285715
272644,7318,0.01310344827586207,0.005241379310344827,0.012,282111,207360,321428.5714285715
291289,8294,0.01310344827586207,0.005241379310344827,0.015,276054,188714,321428.5714285715
225922,13260,0.01310344827586207,0.005655172413793104,0.006,295367,254082,314338.2352941176
253421,6637,0.01310344827586207,0.005655172413793104,0.009,286750,226579,314338.2352941176
275555,7719,0.01310344827586207,0.005655172413793104,0.012,279256,204448,314338.2352941176
293629,9474,0.01310344827586207,0.005655172413793104,0.015,273300,186375,314338.2352941176
230050,9474,0.01310344827586207,0.006068965517241379,0.006,292136,249954,307553.9568345324
256679,10169,0.01310344827586207,0.006068965517241379,0.009,282629,223325,307553.9568345324
278253,11070,0.01310344827586207,0.006068965517241379,0.012,275619,201750,307553.9568345324
295869,10549,0.01310344827586207,0.006068965517241379,0.015,270697,184135,307553.9568345324
234205,19533,0.01310344827586207,0.006482758620689655,0.006,286438,245798,301056.33802816906
259950,11677,0.01310344827586207,0.006482758620689655,0.009,279214,220051,301056.33802816906
280835,14785,0.01310344827586207,0.006482758620689655,0.012,272044,199171,301056.33802816906
298075,12915,0.01310344827586207,0.006482758620689655,0.015,267742,181929,301056.33802816906
238034,24205,0.01310344827586207,0.006896551724137931,0.006,281749,241968,294827.5862068966
263083,13070,0.01310344827586207,0.006896551724137931,0.009,275870,216921,294827.5862068966
283476,16314,0.01310344827586207,0.006896551724137931,0.012,269070,196531,294827.5862068966
300228,14961,0.01310344827586207,0.006896551724137931,0.015,264901,179776,294827.5862068966
241878,33719,0.01310344827586207,0.007310344827586207,0.006,276456,238122,288851.35135135136
266131,26872,0.01310344827586207,0.007310344827586207,0.009,269633,213873,288851.35135135136
285880,20734,0.01310344827586207,0.007310344827586207,0.012,265259,194123,288851.35135135136
302396,15938,0.01310344827586207,0.007310344827586207,0.015,262390,177611,288851.35135135136
245448,32890,0.01310344827586207,0.007724137931034483,0.006,273053,234553,283112.58278145693
269124,26288,0.01310344827586207,0.007724137931034483,0.009,266890,210882,283112.58278145693
288355,21440,0.01310344827586207,0.007724137931034483,0.012,262743,191651,283112.58278145693
304388,18264,0.01310344827586207,0.007724137931034483,0.015,259612,175617,283112.58278145693
249128,41109,0.01310344827586207,0.008137931034482758,0.006,268204,230873,277597.40259740263
271973,25706,0.01310344827586207,0.008137931034482758,0.009,264190,208028,277597.40259740263
290815,28213,0.01310344827586207,0.008137931034482758,0.012,258477,189192,277597.40259740263
306467,24952,0.01310344827586207,0.008137931034482758,0.015,255542,173534,277597.40259740263
252594,43047,0.01310344827586207,0.008551724137931035,0.006,264556,227409,272292.99363057327
274724,38457,0.01310344827586207,0.008551724137931035,0.009,258557,205277,272292.99363057327
293130,33635,0.01310344827586207,0.008551724137931035,0.012,254728,186877,272292.99363057327
308419,27038,0.01310344827586207,0.008551724137931035,0.015,252891,171581,272292.99363057327
255854,67298,0.01310344827586207,0.00896551724137931,0.006,257187,224151,267187.5
277526,40120,0.01310344827586207,0.00896551724137931,0.009,255451,202475,267187.5
295343,37644,0.01310344827586207,0.00896551724137931,0.012,251375,184664,267187.5
310302,29353,0.01310344827586207,0.00896551724137931,0.015,250208,169699,267187.5
259145,58894,0.01310344827586207,0.009379310344827585,0.006,255517,220859,262269.9386503068
280147,55966,0.01310344827586207,0.009379310344827585,0.009,249314,199854,262269.9386503068
297560,38239,0.01310344827586207,0.009379310344827585,0.012,249042,182442,262269.9386503068
312131,38909,0.01310344827586207,0.009379310344827585,0.015,245522,167873,262269.9386503068
262308,73023,0.01310344827586207,0.009793103448275862,0.006,249988,217695,257530.1204819277
282737,61153,0.01310344827586207,0.009793103448275862,0.009,245755,197265,257530.1204819277
299694,51106,0.01310344827586207,0.009793103448275862,0.012,243532,180307,257530.1204819277
313970,47038,0.01310344827586207,0.009793103448275862,0.015,241327,166035,257530.1204819277
265400,82445,0.01310344827586207,0.010206896551724139,0.006,245436,214600,252958.57988165686
285264,66957,0.01310344827586207,0.010206896551724139,0.009,241924,194740,252958.57988165686
301887,63977,0.01310344827586207,0.010206896551724139,0.012,238076,178113,252958.57988165686
315765,51054,0.01310344827586207,0.010206896551724139,0.015,238270,164237,252958.57988165686
268314,80393,0.01310344827586207,0.010620689655172414,0.006,242887,211690,248546.511627907
287793,70556,0.01310344827586207,0.010620689655172414,0.009,238730,192207,248546.511627907
303948,69624,0.01310344827586207,0.010620689655172414,0.012,234645,176059,248546.511627907
317584,60134,0.01310344827586207,0.010620689655172414,0.015,233897,162416,248546.511627907
271245,92446,0.01310344827586207,0.011034482758620689,0.006,238146,208760,244285.71428571435
290215,87029,0.01310344827586207,0.011034482758620689,0.009,232968,189786,244285.71428571435
305979,75050,0.01310344827586207,0.011034482758620689,0.012,231244,174022,244285.71428571435
319259,68058,0.01310344827586207,0.011034482758620689,0.015,229949,160748,244285.71428571435
274111,102985,0.01310344827586207,0.011448275862068966,0.006,233795,205895,240168.5393258427
292464,95522,0.01310344827586207,0.011448275862068966,0.009,228906,187540,240168.5393258427
307938,78272,0.01310344827586207,0.011448275862068966,0.012,228490,172069,240168.5393258427
320985,74847,0.01310344827586207,0.011448275862068966,0.015,226302,159015,240168.5393258427
276835,107948,0.01310344827586207,0.01186206896551724,0.006,230311,203166,236187.8453038674
294805,95874,0.01310344827586207,0.01186206896551724,0.009,226534,185195,236187.8453038674
309810,88312,0.01310344827586207,0.01186206896551724,0.012,224153,170198,236187.8453038674
322560,78377,0.01310344827586207,0.01186206896551724,0.015,223631,157448,236187.8453038674
279497,115287,0.01310344827586207,0.012275862068965518,0.006,226665,200508,232336.95652173914
297090,99391,0.01310344827586207,0.012275862068965518,0.009,223723,182912,232336.95652173914
311744,87593,0.01310344827586207,0.012275862068965518,0.012,222466,168263,232336.95652173914
324170,95692,0.01310344827586207,0.012275862068965518,0.015,217350,155835,232336.95652173914
282087,122960,0.01310344827586207,0.012689655172413793,0.006,222968,197917,228609.62566844927
299186,108204,0.01310344827586207,0.012689655172413793,0.009,219704,180820,228609.62566844927
313537,93397,0.01310344827586207,0.012689655172413793,0.012,219205,166465,228609.62566844927
325809,100702,0.01310344827586207,0.012689655172413793,0.015,214346,154191,228609.62566844927
284633,133940,0.01310344827586207,0.01310344827586207,0.006,218698,195370,225000.0
301364,120515,0.01310344827586207,0.01310344827586207,0.009,215185,178637,225000.0
315346,107900,0.01310344827586207,0.01310344827586207,0.012,213848,164661,225000.0
327329,95918,0.01310344827586207,0.01310344827586207,0.015,214043,152674,225000.0
287111,138689,0.01310344827586207,0.013517241379310345,0.006,215804,192893,221502.59067357515
303371,129331,0.01310344827586207,0.013517241379310345,0.009,211518,176634,221502.59067357515
317151,117017,0.01310344827586207,0.013517241379310345,0.012,210017,162857,221502.59067357515
328912,111964,0.01310344827586207,0.013517241379310345,0.015,208269,151090,221502.59067357515
289584,143791,0.01310344827586207,0.01393103448275862,0.006,212514,190421,218112.2448979592
305452,136892,0.01310344827586207,0.01393103448275862,0.009,207900,174554,218112.2448979592
318891,127828,0.01310344827586207,0.01393103448275862,0.012,205747,161111,218112.2448979592
330301,115663,0.01310344827586207,0.01393103448275862,0.015,205722,149706,218112.2448979592
291906,151350,0.01310344827586207,0.014344827586206896,0.006,209340,188095,214824.1206030151
307410,132967,0.01310344827586207,0.014344827586206896,0.009,206788,172591,214824.1206030151
320560,130293,0.01310344827586207,0.014344827586206896,0.012,203491,159449,214824.1206030151
331816,124347,0.01310344827586207,0.014344827586206896,0.015,202057,148193,214824.1206030151
294290,155065,0.01310344827586207,0.014758620689655172,0.006,206423,185716,211633.66336633664
309355,135729,0.01310344827586207,0.014758620689655172,0.009,204386,170654,211633.66336633664
322164,134311,0.01310344827586207,0.014758620689655172,0.012,200940,157841,211633.66336633664
333297,124556,0.01310344827586207,0.014758620689655172,0.015,200543,146710,211633.66336633664
296446,160378,0.01310344827586207,0.015172413793103448,0.006,203510,183560,208536.58536585365
311212,154024,0.01310344827586207,0.015172413793103448,0.009,199122,168794,208536.58536585365
323804,141068,0.01310344827586207,0.015172413793103448,0.012,197872,156197,208536.58536585365
334697,139359,0.01310344827586207,0.015172413793103448,0.015,195287,145310,208536.58536585365
298621,166476,0.01310344827586207,0.015586206896551724,0.006,200710,181383,205528.84615384619
313058,155536,0.01310344827586207,0.015586206896551724,0.009,197084,166947,205528.84615384619
325381,150907,0.01310344827586207,0.015586206896551724,0.012,194007,154625,205528.84615384619
336076,146200,0.01310344827586207,0.015586206896551724,0.015,192189,143928,205528.84615384619
300769,176203,0.01310344827586207,0.016,0.006,197161,179232,202606.63507109004
314964,161866,0.01310344827586207,0.016,0.009,194041,165043,202606.63507109004
327008,160849,0.01310344827586207,0.016,0.012,190205,152999,202606.63507109004
337342,137585,0.01310344827586207,0.016,0.015,193018,142660,202606.63507109004
204077,3071,0.013517241379310345,0.004,0.006,316507,275923,347244.0944881889
235267,3032,0.013517241379310345,0.004,0.009,303263,244736,347244.0944881889
260099,3485,0.013517241379310345,0.004,0.012,293616,219902,347244.0944881889
280390,4253,0.013517241379310345,0.004,0.015,286304,199614,347244.0944881889
208791,2429,0.013517241379310345,0.004413793103448276,0.006,312261,271213,339230.76923076925
239046,2903,0.013517241379310345,0.004413793103448276,0.009,299818,240955,339230.76923076925
263241,3807,0.013517241379310345,0.004413793103448276,0.012,290641,216759,339230.76923076925
283006,6766,0.013517241379310345,0.004413793103448276,0.015,283056,197001,339230.76923076925
213380,3636,0.013517241379310345,0.004827586206896552,0.006,307782,266623,331578.94736842107
242651,4297,0.013517241379310345,0.004827586206896552,0.009,296016,237353,331578.94736842107
266146,5116,0.013517241379310345,0.004827586206896552,0.012,287434,213856,331578.94736842107
285408,6965,0.013517241379310345,0.004827586206896552,0.015,280563,194599,331578.94736842107
217890,6959,0.013517241379310345,0.005241379310344827,0.006,303032,262113,324264.7058823529
246201,6541,0.013517241379310345,0.005241379310344827,0.009,292104,233803,324264.7058823529
269049,7644,0.013517241379310345,0.005241379310344827,0.012,283939,210957,324264.7058823529
287757,7500,0.013517241379310345,0.005241379310344827,0.015,278040,192244,324264.7058823529
222146,6240,0.013517241379310345,0.005655172413793104,0.006,299172,257858,317266.1870503597
249709,7356,0.013517241379310345,0.005655172413793104,0.009,288671,230296,317266.1870503597
271773,10425,0.013517241379310345,0.005655172413793104,0.012,280380,208229,317266.1870503597
290116,10461,0.013517241379310345,0.005655172413793104,0.015,274756,189890,317266.1870503597
226361,9988,0.013517241379310345,0.006068965517241379,0.006,294432,253638,310563.38028169016
252990,11266,0.013517241379310345,0.006068965517241379,0.009,284573,227014,310563.38028169016
274508,10203,0.013517241379310345,0.006068965517241379,0.012,277826,205493,310563.38028169016
292326,11203,0.013517241379310345,0.006068965517241379,0.015,272254,187678,310563.38028169016
230434,11964,0.013517241379310345,0.006482758620689655,0.006,290270,249565,304137.9310344827
256267,14573,0.013517241379310345,0.006482758620689655,0.009,280694,223733,304137.9310344827
277198,12269,0.013517241379310345,0.006482758620689655,0.012,274640,202808,304137.9310344827
294658,13051,0.013517241379310345,0.006482758620689655,0.015,269438,185346,304137.9310344827
234371,23686,0.013517241379310345,0.006896551724137931,0.006,284386,245629,297972.97297297296
259422,15898,0.013517241379310345,0.006896551724137931,0.009,277262,220578,297972.97297297296
279811,16683,0.013517241379310345,0.006896551724137931,0.012,270892,200194,297972.97297297296
296754,14389,0.013517241379310345,0.006896551724137931,0.015,266857,183252,297972.97297297296
238054,19594,0.013517241379310345,0.007310344827586207,0.006,281622,241947,292052.9801324503
262468,19032,0.013517241379310345,0.007310344827586207,0.009,273649,217539,292052.9801324503
282281,17802,0.013517241379310345,0.007310344827586207,0.012,268066,197723,292052.9801324503
298879,15560,0.013517241379310345,0.007310344827586207,0.015,264320,181122,292052.9801324503
241789,30723,0.013517241379310345,0.007724137931034483,0.006,276079,238212,286363.63636363635
265425,19796,0.013517241379310345,0.007724137931034483,0.009,270641,214579,286363.63636363635
284844,25129,0.013517241379310345,0.007724137931034483,0.012,263735,195159,286363.63636363635
300911,19028,0.013517241379310345,0.007724137931034483,0.015,261159,179093,286363.63636363635
245388,28692,0.013517241379310345,0.008137931034482758,0.006,273131,234612,280891.7197452229
268257,24187,0.013517241379310345,0.008137931034482758,0.009,266800,211745,280891.7197452229
287143,23711,0.013517241379310345,0.008137931034482758,0.012,261653,192859,280891.7197452229
302922,24751,0.013517241379310345,0.008137931034482758,0.015,257384,177084,280891.7197452229
248856,41619,0.013517241379310345,0.008551724137931035,0.006,267469,231144,275625.0
271094,35542,0.013517241379310345,0.008551724137931035,0.009,261442,208911,275625.0
289489,29209,0.013517241379310345,0.008551724137931035,0.012,257883,190512,275625.0
304906,27754,0.013517241379310345,0.008551724137931035,0.015,254477,175099,275625.0
252186,52138,0.013517241379310345,0.00896551724137931,0.006,262337,227814,270552.14723926375
273849,49216,0.013517241379310345,0.00896551724137931,0.009,255766,206156,270552.14723926375
291826,29596,0.013517241379310345,0.00896551724137931,0.012,255505,188180,270552.14723926375
306918,36855,0.013517241379310345,0.00896551724137931,0.015,249883,173085,270552.14723926375
255381,61753,0.013517241379310345,0.009379310344827585,0.006,257580,224623,265662.6506024096
276503,44572,0.013517241379310345,0.009379310344827585,0.009,254141,203501,265662.6506024096
293998,41152,0.013517241379310345,0.009379310344827585,0.012,250302,186004,265662.6506024096
308727,42033,0.013517241379310345,0.009379310344827585,0.015,246472,171278,265662.6506024096
258580,69789,0.013517241379310345,0.009793103448275862,0.006,253305,221426,260946.74556213018
279207,45716,0.013517241379310345,0.009793103448275862,0.009,251440,200800,260946.74556213018
296184,55261,0.013517241379310345,0.009793103448275862,0.012,244469,183820,260946.74556213018
310607,45288,0.013517241379310345,0.009793103448275862,0.015,243642,169396,260946.74556213018
261684,77052,0.013517241379310345,0.010206896551724139,0.006,249137,218316,256395.3488372093
281732,61017,0.013517241379310345,0.010206896551724139,0.009,245568,198275,256395.3488372093
298308,57390,0.013517241379310345,0.010206896551724139,0.012,241841,181697,256395.3488372093
312384,51608,0.013517241379310345,0.010206896551724139,0.015,239953,167620,256395.3488372093
264678,90222,0.013517241379310345,0.010620689655172414,0.006,243946,215327,252000.0
284195,55630,0.013517241379310345,0.010620689655172414,0.009,244271,195811,252000.0
300432,64539,0.013517241379310345,0.010620689655172414,0.012,238060,179569,252000.0
314246,52158,0.013517241379310345,0.010620689655172414,0.015,237978,165761,252000.0
267594,96846,0.013517241379310345,0.011034482758620689,0.006,240262,212409,247752.80898876404
286628,77360,0.013517241379310345,0.011034482758620689,0.009,237288,193379,247752.80898876404
302424,66689,0.013517241379310345,0.011034482758620689,0.012,235393,177581,247752.80898876404
315884,63098,0.013517241379310345,0.011034482758620689,0.015,233133,164121,247752.80898876404
270408,100866,0.013517241379310345,0.011448275862068966,0.006,236882,209598,243646.40883977897
288896,92322,0.013517241379310345,0.011448275862068966,0.009,231879,191108,243646.40883977897
304409,80150,0.013517241379310345,0.011448275862068966,0.012,230134,175596,243646.40883977897
317689,74012,0.013517241379310345,0.011448275862068966,0.015,228453,162314,243646.40883977897
273232,107844,0.013517241379310345,0.01186206896551724,0.006,233177,206774,239673.9130434782
291244,87944,0.013517241379310345,0.01186206896551724,0.009,230707,188757,239673.9130434782
306463,80623,0.013517241379310345,0.01186206896551724,0.012,228069,173539,239673.9130434782
319249,78768,0.013517241379310345,0.01186206896551724,0.015,225474,160754,239673.9130434782
275888,113823,0.013517241379310345,0.012275862068965518,0.006,229579,204114,235828.87700534755
293502,103309,0.013517241379310345,0.012275862068965518,0.009,225263,186498,235828.87700534755
308261,91136,0.013517241379310345,0.012275862068965518,0.012,223660,171744,235828.87700534755
320891,78674,0.013517241379310345,0.012275862068965518,0.015,223829,159114,235828.87700534755
278558,120072,0.013517241379310345,0.012689655172413793,0.006,226050,201442,232105.26315789472
295642,105328,0.013517241379310345,0.012689655172413793,0.009,222826,184359,232105.26315789472
310218,100729,0.013517241379310345,0.012689655172413793,0.012,219554,169788,232105.26315789472
322475,88462,0.013517241379310345,0.012689655172413793,0.015,219603,157528,232105.26315789472
281106,118174,0.013517241379310345,0.01310344827586207,0.006,223955,198894,228497.40932642485
297882,112372,0.013517241379310345,0.01310344827586207,0.009,219341,182124,228497.40932642485
311999,104444,0.013517241379310345,0.01310344827586207,0.012,216884,168007,228497.40932642485
324038,89969,0.013517241379310345,0.01310344827586207,0.015,217510,155968,228497.40932642485
283536,130591,0.013517241379310345,0.013517241379310345,0.006,219796,196465,225000.0
299959,123368,0.013517241379310345,0.013517241379310345,0.009,215135,180048,225000.0
313736,106971,0.013517241379310345,0.013517241379310345,0.012,214579,166270,225000.0
325576,98322,0.013517241379310345,0.013517241379310345,0.015,213799,154430,225000.0
285964,139091,0.013517241379310345,0.01393103448275862,0.006,216247,194042,221608.040201005
301945,131116,0.013517241379310345,0.01393103448275862,0.009,211615,178057,221608.040201005
315465,118790,0.013517241379310345,0.01393103448275862,0.012,210049,164539,221608.040201005
327104,112863,0.013517241379310345,0.01393103448275862,0.015,208488,152902,221608.040201005
288352,141439,0.013517241379310345,0.014344827586206896,0.006,213502,191650,218316.8316831683
303941,130551,0.013517241379310345,0.014344827586206896,0.009,209791,176062,218316.8316831683
317207,123573,0.013517241379310345,0.014344827586206896,0.012,207304,162801,218316.8316831683
328632,118597,0.013517241379310345,0.014344827586206896,0.015,205497,151377,218316.8316831683
290740,148983,0.013517241379310345,0.014758620689655172,0.006,210245,189264,215121.95121951218
305870,137372,0.013517241379310345,0.014758620689655172,0.009,206643,174137,215121.95121951218
318862,133456,0.013517241379310345,0.014758620689655172,0.012,203288,161144,215121.95121951218
330010,112716,0.013517241379310345,0.014758620689655172,0.015,205519,149998,215121.95121951218
292937,159668,0.013517241379310345,0.015172413793103448,0.006,206410,187071,212019.23076923075
307801,152186,0.013517241379310345,0.015172413793103448,0.009,201984,172201,212019.23076923075
320497,133074,0.013517241379310345,0.015172413793103448,0.012,201798,159505,212019.23076923075
331518,129777,0.013517241379310345,0.015172413793103448,0.015,199682,148491,212019.23076923075
295196,160375,0.013517241379310345,0.015586206896551724,0.006,204204,184808,209004.73933649287
309753,159703,0.013517241379310345,0.015586206896551724,0.009,198679,170254,209004.73933649287
322077,144127,0.013517241379310345,0.015586206896551724,0.012,197766,157927,209004.73933649287
332837,135338,0.013517241379310345,0.015586206896551724,0.015,196926,147169,209004.73933649287
297358,167117,0.013517241379310345,0.016,0.006,201396,182646,206074.76635514013
311498,164348,0.013517241379310345,0.016,0.009,196100,168508,206074.76635514013
323727,149069,0.013517241379310345,0.016,0.012,195089,156273,206074.76635514013
334224,144627,0.013517241379310345,0.016,0.015,193231,145784,206074.76635514013
200459,2902,0.01393103448275862,0.004,0.006,318853,279542,349615.38461538457
231716,3073,0.01393103448275862,0.004,0.009,305253,248287,349615.38461538457
256602,3931,0.01393103448275862,0.004,0.012,295340,223398,349615.38461538457
276974,4372,0.01393103448275862,0.004,0.015,287923,203030,349615.38461538457
205321,3606,0.01393103448275862,0.004413793103448276,0.006,314370,274679,341729.32330827066
235357,3675,0.01393103448275862,0.004413793103448276,0.009,301587,244646,341729.32330827066
259619,4144,0.01393103448275862,0.004413793103448276,0.012,292355,220381,341729.32330827066
279429,5190,0.01393103448275862,0.004413793103448276,0.015,285206,200576,341729.32330827066
209927,4255,0.01393103448275862,0.004827586206896552,0.006,309990,270073,334191.1764705882
239059,3991,0.01393103448275862,0.004827586206896552,0.009,298200,240944,334191.1764705882
262526,5108,0.01393103448275862,0.004827586206896552,0.012,289327,217474,334191.1764705882
281849,6528,0.01393103448275862,0.004827586206896552,0.015,282387,198156,334191.1764705882
214366,4384,0.01393103448275862,0.005241379310344827,0.006,305900,265634,326978.417266187
242587,4821,0.01393103448275862,0.005241379310344827,0.009,294650,237411,326978.417266187
265514,7791,0.01393103448275862,0.005241379310344827,0.012,285824,214489,326978.417266187
284243,6219,0.01393103448275862,0.005241379310344827,0.015,280103,195761,326978.417266187
218616,5554,0.01393103448275862,0.005655172413793104,0.006,301591,261383,320070.42253521126
246066,6382,0.01393103448275862,0.005655172413793104,0.009,290959,233934,320070.42253521126
268227,7140,0.01393103448275862,0.005655172413793104,0.012,283222,211778,320070.42253521126
286674,8029,0.01393103448275862,0.005655172413793104,0.015,277193,193333,320070.42253521126
222764,9212,0.01393103448275862,0.006068965517241379,0.006,297081,257239,313448.275862069
249343,9299,0.01393103448275862,0.006068965517241379,0.009,287111,230661,313448.275862069
270987,11225,0.01393103448275862,0.006068965517241379,0.012,279421,209019,313448.275862069
288892,9897,0.01393103448275862,0.006068965517241379,0.015,274335,191113,313448.275862069
226824,14104,0.01393103448275862,0.006482758620689655,0.006,292205,253175,307094.5945945946
252669,9833,0.01393103448275862,0.006482758620689655,0.009,283908,227338,307094.5945945946
273715,10640,0.01393103448275862,0.006482758620689655,0.012,277020,206291,307094.5945945946
291156,11325,0.01393103448275862,0.006482758620689655,0.015,271645,188849,307094.5945945946
230715,18332,0.01393103448275862,0.006896551724137931,0.006,287864,249286,300993.37748344365
255773,14137,0.01393103448275862,0.006896551724137931,0.009,279877,224232,300993.37748344365
276270,13734,0.01393103448275862,0.006896551724137931,0.012,273566,203731,300993.37748344365
293355,14231,0.01393103448275862,0.006896551724137931,0.015,268592,186651,300993.37748344365
234502,20748,0.01393103448275862,0.007310344827586207,0.006,283821,245498,295129.87012987013
258797,17891,0.01393103448275862,0.007310344827586207,0.009,276086,221202,295129.87012987013
278802,14405,0.01393103448275862,0.007310344827586207,0.012,270893,201200,295129.87012987013
295420,15296,0.01393103448275862,0.007310344827586207,0.015,266103,184583,295129.87012987013
238159,33552,0.01393103448275862,0.007724137931034483,0.006,277999,241843,289490.4458598726
261787,26808,0.01393103448275862,0.007724137931034483,0.009,271147,218217,289490.4458598726
281285,17915,0.01393103448275862,0.007724137931034483,0.012,267588,198721,289490.4458598726
297508,20220,0.01393103448275862,0.007724137931034483,0.015,262529,182496,289490.4458598726
241765,32334,0.01393103448275862,0.008137931034482758,0.006,274927,238235,284062.5
264715,29979,0.01393103448275862,0.008137931034482758,0.009,267726,215290,284062.5
283665,24814,0.01393103448275862,0.008137931034482758,0.012,263298,196338,284062.5
299547,22942,0.01393103448275862,0.008137931034482758,0.015,259696,180454,284062.5
245146,45863,0.01393103448275862,0.008551724137931035,0.006,269157,234858,278834.35582822084
267607,31774,0.01393103448275862,0.008551724137931035,0.009,264493,212393,278834.35582822084
286076,27197,0.01393103448275862,0.008551724137931035,0.012,260354,193924,278834.35582822084
301637,19826,0.01393103448275862,0.008551724137931035,0.015,258492,178366,278834.35582822084
248608,53556,0.01393103448275862,0.00896551724137931,0.006,264779,231398,273795.1807228915
270385,41030,0.01393103448275862,0.00896551724137931,0.009,259797,209616,273795.1807228915
288312,30582,0.01393103448275862,0.00896551724137931,0.012,257202,191691,273795.1807228915
303511,30312,0.01393103448275862,0.00896551724137931,0.015,253493,176496,273795.1807228915
251775,52568,0.01393103448275862,0.009379310344827585,0.006,261742,228224,268934.91124260356
273061,39435,0.01393103448275862,0.009379310344827585,0.009,257503,206939,268934.91124260356
290553,36240,0.01393103448275862,0.009379310344827585,0.012,253512,189449,268934.91124260356
305423,35051,0.01393103448275862,0.009379310344827585,0.015,250168,174579,268934.91124260356
254954,59381,0.01393103448275862,0.009793103448275862,0.006,257646,225050,264244.1860465116
275604,45811,0.01393103448275862,0.009793103448275862,0.009,253572,204397,264244.1860465116
292764,44923,0.01393103448275862,0.009793103448275862,0.012,249140,187242,264244.1860465116
307308,41939,0.01393103448275862,0.009793103448275862,0.015,246404,172701,264244.1860465116
258091,75389,0.01393103448275862,0.010206896551724139,0.006,252041,221913,259714.2857142857
278129,60569,0.01393103448275862,0.010206896551724139,0.009,247946,201873,259714.2857142857
295000,47078,0.01393103448275862,0.010206896551724139,0.012,246461,185004,259714.2857142857
309158,39855,0.01393103448275862,0.010206896551724139,0.015,245052,170850,259714.2857142857
261102,80732,0.01393103448275862,0.010620689655172414,0.006,248333,218903,255337.07865168538
280646,57060,0.01393103448275862,0.010620689655172414,0.009,246337,199354,255337.07865168538
297062,50818,0.01393103448275862,0.010620689655172414,0.012,243485,182938,255337.07865168538
310880,53731,0.01393103448275862,0.010620689655172414,0.015,239410,169126,255337.07865168538
263989,86461,0.01393103448275862,0.011034482758620689,0.006,244658,216016,251104.97237569065
283120,68029,0.01393103448275862,0.011034482758620689,0.009,241638,196887,251104.97237569065
299072,70616,0.01393103448275862,0.011034482758620689,0.012,236542,180934,251104.97237569065
312664,57515,0.01393103448275862,0.011034482758620689,0.015,236518,167345,251104.97237569065
266825,96530,0.01393103448275862,0.011448275862068966,0.006,240186,213176,247010.86956521735
285452,79597,0.01393103448275862,0.011448275862068966,0.009,236993,194549,247010.86956521735
301093,69114,0.01393103448275862,0.011448275862068966,0.012,234893,178916,247010.86956521735
314399,68347,0.01393103448275862,0.011448275862068966,0.015,231858,165609,247010.86956521735
269688,91754,0.01393103448275862,0.01186206896551724,0.006,238389,210312,243048.12834224597
287813,85600,0.01393103448275862,0.01186206896551724,0.009,233485,192187,243048.12834224597
303037,82696,0.01393103448275862,0.01186206896551724,0.012,229730,176970,243048.12834224597
316116,68852,0.01393103448275862,0.01186206896551724,0.015,229961,163891,243048.12834224597
272300,102633,0.01393103448275862,0.012275862068965518,0.006,234013,207704,239210.52631578947
290048,93373,0.01393103448275862,0.012275862068965518,0.009,229651,189952,239210.52631578947
305018,87846,0.01393103448275862,0.012275862068965518,0.012,226571,174987,239210.52631578947
317653,78174,0.01393103448275862,0.012275862068965518,0.015,225768,162352,239210.52631578947
274936,114354,0.01393103448275862,0.012689655172413793,0.006,229800,205068,235492.22797927467
292306,104192,0.01393103448275862,0.012689655172413793,0.009,225405,187697,235492.22797927467
306791,89581,0.01393103448275862,0.012689655172413793,0.012,224348,173211,235492.22797927467
319322,81848,0.01393103448275862,0.012689655172413793,0.015,223245,160678,235492.22797927467
277523,120675,0.01393103448275862,0.01310344827586207,0.006,226290,202483,231887.7551020408
294426,103728,0.01393103448275862,0.01310344827586207,0.009,223452,185574,231887.7551020408
308647,103845,0.01393103448275862,0.01310344827586207,0.012,219104,171358,231887.7551020408
320861,90072,0.01393103448275862,0.01310344827586207,0.015,219399,159147,231887.7551020408
280114,125820,0.01393103448275862,0.013517241379310345,0.006,223170,199891,228391.95979899497
296511,115745,0.01393103448275862,0.013517241379310345,0.009,219032,183496,228391.95979899497
310424,105379,0.01393103448275862,0.013517241379310345,0.012,216990,169582,228391.95979899497
322425,93245,0.01393103448275862,0.013517241379310345,0.015,217019,157579,228391.95979899497
282446,133085,0.01393103448275862,0.01393103448275862,0.006,219790,197557,225000.0
298530,125429,0.01393103448275862,0.01393103448275862,0.009,215167,181474,225000.0
312276,113395,0.01393103448275862,0.01393103448275862,0.012,213491,167725,225000.0
323988,101978,0.01393103448275862,0.01393103448275862,0.015,213140,156021,225000.0
284925,145613,0.01393103448275862,0.014344827586206896,0.006,215607,195075,221707.31707317074
300576,128648,0.01393103448275862,0.014344827586206896,0.009,212535,179424,221707.31707317074
313917,118485,0.01393103448275862,0.014344827586206896,0.012,210555,166088,221707.31707317074
325417,107096,0.01393103448275862,0.014344827586206896,0.015,210346,154585,221707.31707317074
287169,146432,0.01393103448275862,0.014758620689655172,0.006,213240,192835,218509.61538461538
302597,137132,0.01393103448275862,0.014758620689655172,0.009,209045,177410,218509.61538461538
315602,121848,0.01393103448275862,0.014758620689655172,0.012,208127,164403,218509.61538461538
326904,114464,0.01393103448275862,0.014758620689655172,0.015,207039,153102,218509.61538461538
289483,148665,0.01393103448275862,0.015172413793103448,0.006,210899,190518,215402.84360189573
304474,145098,0.01393103448275862,0.015172413793103448,0.009,205726,175532,215402.84360189573
317291,127100,0.01393103448275862,0.015172413793103448,0.012,205387,162710,215402.84360189573
328325,126162,0.01393103448275862,0.015172413793103448,0.015,202600,151681,215402.84360189573
291728,161289,0.01393103448275862,0.015586206896551724,0.006,207040,188272,212383.17757009345
306343,147683,0.01393103448275862,0.015586206896551724,0.009,203401,173663,212383.17757009345
318887,130607,0.01393103448275862,0.015586206896551724,0.012,203017,161117,212383.17757009345
329822,131353,0.01393103448275862,0.015586206896551724,0.015,199922,150180,212383.17757009345
293825,166869,0.01393103448275862,0.016,0.006,204074,186179,209447.0046082949
308190,150142,0.01393103448275862,0.016,0.009,201216,171812,209447.0046082949
320509,146067,0.01393103448275862,0.016,0.012,198020,159491,209447.0046082949
331146,145416,0.01393103448275862,0.016,0.015,195000,148855,209447.0046082949
197086,2029,0.014344827586206896,0.004,0.006,321216,282915,351879.69924812025
228131,2157,0.014344827586206896,0.004,0.009,307470,251873,351879.69924812025
253107,3146,0.014344827586206896,0.004,0.012,297358,226893,351879.69924812025
273429,3769,0.014344827586206896,0.004,0.015,289736,206575,351879.69924812025
201791,2447,0.014344827586206896,0.004413793103448276,0.006,316759,278211,344117.6470588235
231859,3370,0.014344827586206896,0.004413793103448276,0.009,303695,248144,344117.6470588235
256093,3844,0.014344827586206896,0.004413793103448276,0.012,294306,223907,344117.6470588235
275984,4867,0.014344827586206896,0.004413793103448276,0.015,286966,204017,344117.6470588235
206391,3175,0.014344827586206896,0.004827586206896552,0.006,312415,273610,336690.6474820144
235596,3883,0.014344827586206896,0.004827586206896552,0.009,300188,244404,336690.6474820144
259080,5408,0.014344827586206896,0.004827586206896552,0.012,291019,220923,336690.6474820144
278494,6203,0.014344827586206896,0.004827586206896552,0.015,284152,201511,336690.6474820144
210776,6243,0.014344827586206896,0.005241379310344827,0.006,307816,269225,329577.4647887324
239042,5574,0.014344827586206896,0.005241379310344827,0.009,296515,240962,329577.4647887324
261997,5918,0.014344827586206896,0.005241379310344827,0.012,288139,218010,329577.4647887324
280854,6473,0.014344827586206896,0.005241379310344827,0.015,281623,199149,329577.4647887324
215150,8105,0.014344827586206896,0.005655172413793104,0.006,303414,264849,322758.6206896552
242578,6142,0.014344827586206896,0.005655172413793104,0.009,293128,237428,322758.6206896552
264789,7494,0.014344827586206896,0.005655172413793104,0.012,285014,215217,322758.6206896552
283199,8688,0.014344827586206896,0.005655172413793104,0.015,278671,196805,322758.6206896552
219219,9528,0.014344827586206896,0.006068965517241379,0.006,299292,260782,316216.2162162162
245923,8371,0.014344827586206896,0.006068965517241379,0.009,289394,234078,316216.2162162162
267541,7744,0.014344827586206896,0.006068965517241379,0.012,282216,212459,316216.2162162162
285548,8912,0.014344827586206896,0.006068965517241379,0.015,276300,194459,316216.2162162162
223312,11699,0.014344827586206896,0.006482758620689655,0.006,295093,256689,309933.77483443706
249069,10470,0.014344827586206896,0.006482758620689655,0.009,285858,230931,309933.77483443706
270213,9432,0.014344827586206896,0.006482758620689655,0.012,279156,209788,309933.77483443706
287771,9446,0.014344827586206896,0.006482758620689655,0.015,273913,192229,309933.77483443706
227168,15240,0.014344827586206896,0.006896551724137931,0.006,290756,252836,303896.1038961039
252241,11240,0.014344827586206896,0.006896551724137931,0.009,282700,227763,303896.1038961039
272883,13381,0.014344827586206896,0.006896551724137931,0.012,275616,207124,303896.1038961039
290002,13747,0.014344827586206896,0.006896551724137931,0.015,270447,190004,303896.1038961039
231026,18762,0.014344827586206896,0.007310344827586207,0.006,286574,248974,298089.1719745223
255320,15339,0.014344827586206896,0.007310344827586207,0.009,278802,224684,298089.1719745223
275385,17422,0.014344827586206896,0.007310344827586207,0.012,272030,204620,298089.1719745223
292087,16004,0.014344827586206896,0.007310344827586207,0.015,267631,187918,298089.1719745223
234683,23041,0.014344827586206896,0.007724137931034483,0.006,282370,245317,292500.0
258316,21525,0.014344827586206896,0.007724137931034483,0.009,274489,221684,292500.0
277829,21439,0.014344827586206896,0.007724137931034483,0.012,268526,202172,292500.0
294237,14850,0.014344827586206896,0.007724137931034483,0.015,265799,185763,292500.0
238166,36467,0.014344827586206896,0.008137931034482758,0.006,276700,241837,287116.5644171779
261292,27281,0.014344827586206896,0.008137931034482758,0.009,270498,218708,287116.5644171779
280263,20482,0.014344827586206896,0.008137931034482758,0.012,266397,199743,287116.5644171779
296232,20337,0.014344827586206896,0.008137931034482758,0.015,262115,183770,287116.5644171779
241739,41582,0.014344827586206896,0.008551724137931035,0.006,272502,238264,281927.71084337344
264061,28697,0.014344827586206896,0.008551724137931035,0.009,267341,215942,281927.71084337344
282658,23998,0.014344827586206896,0.008551724137931035,0.012,263128,197348,281927.71084337344
298255,24716,0.014344827586206896,0.008551724137931035,0.015,258823,181746,281927.71084337344
245085,49669,0.014344827586206896,0.00896551724137931,0.006,267927,234915,276923.07692307694
266853,32277,0.014344827586206896,0.00896551724137931,0.009,263864,213148,276923.07692307694
285008,32486,0.014344827586206896,0.00896551724137931,0.012,258705,194999,276923.07692307694
300299,26018,0.014344827586206896,0.00896551724137931,0.015,256478,179702,276923.07692307694
248308,50592,0.014344827586206896,0.009379310344827585,0.006,264658,231695,272093.023255814
269577,35618,0.014344827586206896,0.009379310344827585,0.009,260634,210423,272093.023255814
287218,29734,0.014344827586206896,0.009379310344827585,0.012,257158,192783,272093.023255814
302216,32674,0.014344827586206896,0.009379310344827585,0.015,252654,177789,272093.023255814
251451,60047,0.014344827586206896,0.009793103448275862,0.006,260098,228548,267428.5714285714
272148,51663,0.014344827586206896,0.009793103448275862,0.009,254674,207852,267428.5714285714
289408,42974,0.014344827586206896,0.009793103448275862,0.012,251632,190597,267428.5714285714
304017,36737,0.014344827586206896,0.009793103448275862,0.015,249585,175984,267428.5714285714
254535,55622,0.014344827586206896,0.010206896551724139,0.006,257789,225465,262921.34831460676
274703,52630,0.014344827586206896,0.010206896551724139,0.009,251868,205301,262921.34831460676
291647,46280,0.014344827586206896,0.010206896551724139,0.012,248678,188353,262921.34831460676
305874,45851,0.014344827586206896,0.010206896551724139,0.015,245212,174132,262921.34831460676
257589,65844,0.014344827586206896,0.010620689655172414,0.006,253276,222417,258563.53591160226
277195,60527,0.014344827586206896,0.010620689655172414,0.009,247869,202807,258563.53591160226
293739,52597,0.014344827586206896,0.010620689655172414,0.012,245020,186267,258563.53591160226
307677,47937,0.014344827586206896,0.010620689655172414,0.015,242803,172325,258563.53591160226
260546,70692,0.014344827586206896,0.011034482758620689,0.006,249758,219454,254347.82608695654
279644,70226,0.014344827586206896,0.011034482758620689,0.009,243430,200360,254347.82608695654
295818,63624,0.014344827586206896,0.011034482758620689,0.012,240295,184189,254347.82608695654
309415,50046,0.014344827586206896,0.011034482758620689,0.015,240404,170589,254347.82608695654
263355,93360,0.014344827586206896,0.011448275862068966,0.006,243316,216649,250267.3796791444
282133,74119,0.014344827586206896,0.011448275862068966,0.009,240350,197871,250267.3796791444
297825,66357,0.014344827586206896,0.011448275862068966,0.012,237643,182175,250267.3796791444
311151,70910,0.014344827586206896,0.011448275862068966,0.015,232972,168853,250267.3796791444
266244,92325,0.014344827586206896,0.01186206896551724,0.006,240926,213759,246315.7894736842
284445,87050,0.014344827586206896,0.01186206896551724,0.009,235411,195562,246315.7894736842
299744,74320,0.014344827586206896,0.01186206896551724,0.012,233761,180262,246315.7894736842
312885,63033,0.014344827586206896,0.01186206896551724,0.015,233400,167117,246315.7894736842
268854,96089,0.014344827586206896,0.012275862068965518,0.006,237825,211150,242487.04663212431
286718,88971,0.014344827586206896,0.012275862068965518,0.009,232884,193282,242487.04663212431
301646,81519,0.014344827586206896,0.012275862068965518,0.012,230164,178358,242487.04663212431
314507,72514,0.014344827586206896,0.012275862068965518,0.015,229134,165494,242487.04663212431
271595,110439,0.014344827586206896,0.012689655172413793,0.006,232983,208409,238775.51020408163
288930,89755,0.014344827586206896,0.012689655172413793,0.009,230606,191070,238775.51020408163
303546,86153,0.014344827586206896,0.012689655172413793,0.012,227150,176459,238775.51020408163
316151,87649,0.014344827586206896,0.012689655172413793,0.015,223496,163849,238775.51020408163
274132,108970,0.014344827586206896,0.01310344827586207,0.006,230818,205868,235175.87939698494
291019,100316,0.014344827586206896,0.01310344827586207,0.009,226452,188985,235175.87939698494
305469,94098,0.014344827586206896,0.01310344827586207,0.012,223544,174531,235175.87939698494
317721,92145,0.014344827586206896,0.01310344827586207,0.015,220710,162282,235175.87939698494
276584,118275,0.014344827586206896,0.013517241379310345,0.006,227069,203420,231683.1683168317
293159,108501,0.014344827586206896,0.013517241379310345,0.009,222739,186843,231683.1683168317
307303,96156,0.014344827586206896,0.013517241379310345,0.012,221279,172701,231683.1683168317
319313,99803,0.014344827586206896,0.013517241379310345,0.015,217171,160693,231683.1683168317
279136,131493,0.014344827586206896,0.01393103448275862,0.006,222739,200865,228292.68292682926
295244,117858,0.014344827586206896,0.01393103448275862,0.009,218905,184762,228292.68292682926
309082,105670,0.014344827586206896,0.01393103448275862,0.012,217256,170924,228292.68292682926
320908,97564,0.014344827586206896,0.01393103448275862,0.015,216239,159099,228292.68292682926
281488,136085,0.014344827586206896,0.014344827586206896,0.006,219808,198517,225000.0
297349,122254,0.014344827586206896,0.014344827586206896,0.009,216180,182652,225000.0
310719,109512,0.014344827586206896,0.014344827586206896,0.012,214746,169282,225000.0
322417,109191,0.014344827586206896,0.014344827586206896,0.015,211738,157591,225000.0
283783,135590,0.014344827586206896,0.014758620689655172,0.006,217585,196221,221800.94786729856
299264,129388,0.014344827586206896,0.014758620689655172,0.009,212905,180737,221800.94786729856
312431,115465,0.014344827586206896,0.014758620689655172,0.012,211662,167569,221800.94786729856
323896,105168,0.014344827586206896,0.014758620689655172,0.015,211283,156111,221800.94786729856
286072,153488,0.014344827586206896,0.015172413793103448,0.006,212893,193929,218691.5887850467
301225,137842,0.014344827586206896,0.015172413793103448,0.009,209443,178775,218691.5887850467
314191,127080,0.014344827586206896,0.015172413793103448,0.012,207407,165815,218691.5887850467
325322,122684,0.014344827586206896,0.015172413793103448,0.015,205365,154679,218691.5887850467
288301,154529,0.014344827586206896,0.015586206896551724,0.006,210554,191703,215668.20276497697
303098,144083,0.014344827586206896,0.015586206896551724,0.009,206451,176908,215668.20276497697
315822,137289,0.014344827586206896,0.015586206896551724,0.012,203544,164179,215668.20276497697
326692,123464,0.014344827586206896,0.015586206896551724,0.015,203693,153314,215668.20276497697
290496,162965,0.014344827586206896,0.016,0.006,207425,189510,212727.2727272727
304958,155411,0.014344827586206896,0.016,0.009,202652,175048,212727.2727272727
317409,142448,0.014344827586206896,0.016,0.012,200854,162591,212727.2727272727
328104,129884,0.014344827586206896,0.016,0.015,200754,151901,212727.2727272727
193765,2129,0.014758620689655172,0.004,0.006,323379,286237,354044.1176470588
224758,2503,0.014758620689655172,0.004,0.009,309336,255246,354044.1176470588
249594,2657,0.014758620689655172,0.004,0.012,299310,230408,354044.1176470588
270128,3070,0.014758620689655172,0.004,0.015,291571,209877,354044.1176470588
198485,1766,0.014758620689655172,0.004413793103448276,0.006,319054,281512,346402.87769784173
228465,2829,0.014758620689655172,0.004413793103448276,0.009,305780,251539,346402.87769784173
252716,3646,0.014758620689655172,0.004413793103448276,0.012,296118,227288,346402.87769784173
272629,4617,0.014758620689655172,0.004413793103448276,0.015,288635,207376,346402.87769784173
203129,3759,0.014758620689655172,0.004827586206896552,0.006,314520,276873,339084.5070422535
232147,3422,0.014758620689655172,0.004827586206896552,0.009,302306,247854,339084.5070422535
255717,4065,0.014758620689655172,0.004827586206896552,0.012,293159,224288,339084.5070422535
275158,4214,0.014758620689655172,0.004827586206896552,0.015,286356,204848,339084.5070422535
207491,2547,0.014758620689655172,0.005241379310344827,0.006,310696,272506,332068.96551724133
235706,4251,0.014758620689655172,0.005241379310344827,0.009,298821,244300,332068.96551724133
258615,5719,0.014758620689655172,0.005241379310344827,0.012,289986,221389,332068.96551724133
277519,5935,0.014758620689655172,0.005241379310344827,0.015,283434,202485,332068.96551724133
211735,5240,0.014758620689655172,0.005655172413793104,0.006,306148,268266,325337.8378378378
239109,6372,0.014758620689655172,0.005655172413793104,0.009,295043,240891,325337.8378378378
261471,6042,0.014758620689655172,0.005655172413793104,0.012,287146,218534,325337.8378378378
279933,7432,0.014758620689655172,0.005655172413793104,0.015,280680,200068,325337.8378378378
215904,10435,0.014758620689655172,0.006068965517241379,0.006,301410,264100,318874.1721854305
242431,7453,0.014758620689655172,0.006068965517241379,0.009,291660,237573,318874.1721854305
264164,7846,0.014758620689655172,0.006068965517241379,0.012,284048,215842,318874.1721854305
282285,8286,0.014758620689655172,0.006068965517241379,0.015,278142,197715,318874.1721854305
219938,10887,0.014758620689655172,0.006482758620689655,0.006,297541,260067,312662.33766233764
245722,9069,0.014758620689655172,0.006482758620689655,0.009,288191,234283,312662.33766233764
266854,8993,0.014758620689655172,0.006482758620689655,0.012,281091,213147,312662.33766233764
284463,10074,0.014758620689655172,0.006482758620689655,0.015,275413,195541,312662.33766233764
223802,12646,0.014758620689655172,0.006896551724137931,0.006,293542,256201,306687.89808917197
248898,10587,0.014758620689655172,0.006896551724137931,0.009,284860,231106,306687.89808917197
269441,9908,0.014758620689655172,0.006896551724137931,0.012,278352,210563,306687.89808917197
286695,8882,0.014758620689655172,0.006896551724137931,0.015,273513,193311,306687.89808917197
227549,21724,0.014758620689655172,0.007310344827586207,0.006,288407,252455,300937.5
251911,12867,0.014758620689655172,0.007310344827586207,0.009,281408,228093,300937.5
272003,12653,0.014758620689655172,0.007310344827586207,0.012,275102,207999,300937.5
288828,12899,0.014758620689655172,0.007310344827586207,0.015,270144,191176,300937.5
231200,21026,0.014758620689655172,0.007724137931034483,0.006,285091,248804,295398.7730061349
255008,14326,0.014758620689655172,0.007724137931034483,0.009,278222,224995,295398.7730061349
274586,12236,0.014758620689655172,0.007724137931034483,0.012,272769,205418,295398.7730061349
291009,16770,0.014758620689655172,0.007724137931034483,0.015,266927,188992,295398.7730061349
234853,31421,0.014758620689655172,0.008137931034482758,0.006,279877,245152,290060.24096385535
257828,20631,0.014758620689655172,0.008137931034482758,0.009,274021,222176,290060.24096385535
276979,18193,0.014758620689655172,0.008137931034482758,0.012,268872,203021,290060.24096385535
293000,16961,0.014758620689655172,0.008137931034482758,0.015,264791,187001,290060.24096385535
238225,28975,0.014758620689655172,0.008551724137931035,0.006,277077,241772,284911.2426035503
260736,20935,0.014758620689655172,0.008551724137931035,0.009,271190,219269,284911.2426035503
279306,24794,0.014758620689655172,0.008551724137931035,0.012,264879,200696,284911.2426035503
295019,19400,0.014758620689655172,0.008551724137931035,0.015,262060,184986,284911.2426035503
241625,33717,0.014758620689655172,0.00896551724137931,0.006,272978,238379,279941.8604651162
263443,27535,0.014758620689655172,0.00896551724137931,0.009,267075,216557,279941.8604651162
281720,21650,0.014758620689655172,0.00896551724137931,0.012,263292,198285,279941.8604651162
297059,28108,0.014758620689655172,0.00896551724137931,0.015,257602,182949,279941.8604651162
244965,38859,0.014758620689655172,0.009379310344827585,0.006,269098,235037,275142.8571428571
266148,32381,0.014758620689655172,0.009379310344827585,0.009,263470,213852,275142.8571428571
283998,31597,0.014758620689655172,0.009379310344827585,0.012,258532,196003,275142.8571428571
298939,29103,0.014758620689655172,0.009379310344827585,0.015,255334,181067,275142.8571428571
248114,43700,0.014758620689655172,0.009793103448275862,0.006,265181,231886,270505.6179775281
268779,41167,0.014758620689655172,0.009793103448275862,0.009,259033,211223,270505.6179775281
286121,36262,0.014758620689655172,0.009793103448275862,0.012,255149,193883,270505.6179775281
300841,31385,0.014758620689655172,0.009793103448275862,0.015,252825,179165,270505.6179775281
251240,65135,0.014758620689655172,0.010206896551724139,0.006,258794,228760,266022.0994475138
271360,41566,0.014758620689655172,0.010206896551724139,0.009,256446,208645,266022.0994475138
288396,35769,0.014758620689655172,0.010206896551724139,0.012,253128,191608,266022.0994475138
302765,39047,0.014758620689655172,0.010206896551724139,0.015,248828,177235,266022.0994475138
254167,69189,0.014758620689655172,0.010620689655172414,0.006,255220,225838,261684.78260869565
273886,56575,0.014758620689655172,0.010620689655172414,0.009,250807,206120,261684.78260869565
290415,54160,0.014758620689655172,0.010620689655172414,0.012,246600,189589,261684.78260869565
304520,40801,0.014758620689655172,0.010620689655172414,0.015,246403,175486,261684.78260869565
257122,68525,0.014758620689655172,0.011034482758620689,0.006,252534,222878,257486.6310160428
276356,59405,0.014758620689655172,0.011034482758620689,0.009,247841,203647,257486.6310160428
292589,64708,0.014758620689655172,0.011034482758620689,0.012,241920,187415,257486.6310160428
306276,41734,0.014758620689655172,0.011034482758620689,0.015,244373,173729,257486.6310160428
259963,89059,0.014758620689655172,0.011448275862068966,0.006,246677,220041,253421.0526315789
278717,70886,0.014758620689655172,0.011448275862068966,0.009,243212,201287,253421.0526315789
294603,57952,0.014758620689655172,0.011448275862068966,0.012,241642,185398,253421.0526315789
308084,55725,0.014758620689655172,0.011448275862068966,0.015,238795,171916,253421.0526315789
262809,90779,0.014758620689655172,0.01186206896551724,0.006,243614,217196,249481.86528497408
281056,74791,0.014758620689655172,0.01186206896551724,0.009,240166,198948,249481.86528497408
296549,73033,0.014758620689655172,0.01186206896551724,0.012,236030,183458,249481.86528497408
309762,62306,0.014758620689655172,0.01186206896551724,0.015,235320,170244,249481.86528497408
265501,102492,0.014758620689655172,0.012275862068965518,0.006,239232,214498,245663.26530612243
283404,80355,0.014758620689655172,0.012275862068965518,0.009,236846,196602,245663.26530612243
298458,81595,0.014758620689655172,0.012275862068965518,0.012,232192,181547,245663.26530612243
311502,73571,0.014758620689655172,0.012275862068965518,0.015,230667,168503,245663.26530612243
268169,103875,0.014758620689655172,0.012689655172413793,0.006,236548,211832,241959.7989949749
285592,89533,0.014758620689655172,0.012689655172413793,0.009,232873,194408,241959.7989949749
300356,74972,0.014758620689655172,0.012689655172413793,0.012,231816,179648,241959.7989949749
313054,69602,0.014758620689655172,0.012689655172413793,0.015,230036,166950,241959.7989949749
270717,108234,0.014758620689655172,0.01310344827586207,0.006,233403,209287,238366.33663366333
287751,93546,0.014758620689655172,0.01310344827586207,0.009,230011,192253,238366.33663366333
302297,81918,0.014758620689655172,0.01310344827586207,0.012,228310,177703,238366.33663366333
314708,87256,0.014758620689655172,0.01310344827586207,0.015,223802,165292,238366.33663366333
273346,116666,0.014758620689655172,0.013517241379310345,0.006,229840,206659,234878.04878048776
289903,107407,0.014758620689655172,0.013517241379310345,0.009,225267,190098,234878.04878048776
304051,96598,0.014758620689655172,0.013517241379310345,0.012,223193,175953,234878.04878048776
316282,86448,0.014758620689655172,0.013517241379310345,0.015,222443,163727,234878.04878048776
275717,124487,0.014758620689655172,0.01393103448275862,0.006,226305,204287,231490.3846153846
292022,116141,0.014758620689655172,0.01393103448275862,0.009,221582,187985,231490.3846153846
305871,102235,0.014758620689655172,0.01393103448275862,0.012,220180,174129,231490.3846153846
317846,93549,0.014758620689655172,0.01393103448275862,0.015,219082,162163,231490.3846153846
278121,136156,0.014758620689655172,0.014344827586206896,0.006,222310,201880,228199.0521327014
294025,118713,0.014758620689655172,0.014344827586206896,0.009,219115,185979,228199.0521327014
307664,104352,0.014758620689655172,0.014344827586206896,0.012,217979,172343,228199.0521327014
319318,95357,0.014758620689655172,0.014344827586206896,0.015,217143,160683,228199.0521327014
280469,133169,0.014758620689655172,0.014758620689655172,0.006,220617,199533,225000.0
296017,125597,0.014758620689655172,0.014758620689655172,0.009,215985,183988,225000.0
309352,110049,0.014758620689655172,0.014758620689655172,0.012,215056,170648,225000.0
320899,104880,0.014758620689655172,0.014758620689655172,0.015,213193,159108,225000.0
282825,148777,0.014758620689655172,0.015172413793103448,0.006,216147,197183,221889.40092165893
297968,126777,0.014758620689655172,0.015172413793103448,0.009,213794,182036,221889.40092165893
311009,117225,0.014758620689655172,0.015172413793103448,0.012,211800,168997,221889.40092165893
322287,113025,0.014758620689655172,0.015172413793103448,0.015,209652,157718,221889.40092165893
285050,147925,0.014758620689655172,0.015586206896551724,0.006,214124,194956,218863.63636363632
299898,135239,0.014758620689655172,0.015586206896551724,0.009,210522,180104,218863.63636363632
312710,122158,0.014758620689655172,0.015586206896551724,0.012,208999,167298,218863.63636363632
323722,114461,0.014758620689655172,0.015586206896551724,0.015,207901,156283,218863.63636363632
287216,152628,0.014758620689655172,0.016,0.006,211433,192788,215919.2825112107
301830,137525,0.014758620689655172,0.016,0.009,208291,178170,215919.2825112107
314339,128625,0.014758620689655172,0.016,0.012,206068,165668,215919.2825112107
325142,126708,0.014758620689655172,0.016,0.015,203421,154864,215919.2825112107
190611,1305,0.015172413793103448,0.004,0.006,325542,289390,356115.1079136691
221425,1664,0.015172413793103448,0.004,0.009,311433,258579,356115.1079136691
246302,2797,0.015172413793103448,0.004,0.012,300934,233697,356115.1079136691
266847,3441,0.015172413793103448,0.004,0.015,293047,213157,356115.1079136691
195268,2350,0.015172413793103448,0.004413793103448276,0.006,321151,284734,348591.54929577466
225237,2440,0.015172413793103448,0.004413793103448276,0.009,307870,254763,348591.54929577466
249405,3116,0.015172413793103448,0.004413793103448276,0.012,297994,230596,348591.54929577466
269454,3626,0.015172413793103448,0.004413793103448276,0.015,290553,210550,348591.54929577466
199869,1927,0.015172413793103448,0.004827586206896552,0.006,316979,280131,341379.3103448276
228864,2387,0.015172413793103448,0.004827586206896552,0.009,304478,251136,341379.3103448276
252374,3084,0.015172413793103448,0.004827586206896552,0.012,295225,227631,341379.3103448276
271896,4790,0.015172413793103448,0.004827586206896552,0.015,287781,208110,341379.3103448276
204219,3246,0.015172413793103448,0.005241379310344827,0.006,312683,275782,334459.4594594595
232328,3839,0.015172413793103448,0.005241379310344827,0.009,300860,247675,334459.4594594595
255287,5546,0.015172413793103448,0.005241379310344827,0.012,291784,224715,334459.4594594595
274279,6113,0.015172413793103448,0.005241379310344827,0.015,285017,205722,334459.4594594595
208480,5141,0.015172413793103448,0.005655172413793104,0.006,308410,271523,327814.56953642383
235788,3983,0.015172413793103448,0.005655172413793104,0.009,297560,244215,327814.56953642383
258176,6226,0.015172413793103448,0.005655172413793104,0.012,288886,221824,327814.56953642383
276755,5292,0.015172413793103448,0.005655172413793104,0.015,283003,203246,327814.56953642383
212579,8060,0.015172413793103448,0.006068965517241379,0.006,303986,267425,321428.5714285714
239196,6500,0.015172413793103448,0.006068965517241379,0.009,293821,240807,321428.5714285714
260892,8470,0.015172413793103448,0.006068965517241379,0.012,285682,219114,321428.5714285714
279010,7009,0.015172413793103448,0.006068965517241379,0.015,280148,200992,321428.5714285714
216556,8419,0.015172413793103448,0.006482758620689655,0.006,300203,263448,315286.6242038217
242378,10027,0.015172413793103448,0.006482758620689655,0.009,290025,237620,315286.6242038217
263613,9796,0.015172413793103448,0.006482758620689655,0.012,282709,216394,315286.6242038217
281287,9081,0.015172413793103448,0.006482758620689655,0.015,277275,198715,315286.6242038217
220496,14911,0.015172413793103448,0.006896551724137931,0.006,295468,259507,309375.0
245528,12666,0.015172413793103448,0.006896551724137931,0.009,286376,234471,309375.0
266167,10758,0.015172413793103448,0.006896551724137931,0.012,279929,213833,309375.0
283467,10711,0.015172413793103448,0.006896551724137931,0.015,274595,196537,309375.0
224216,12062,0.015172413793103448,0.007310344827586207,0.006,292443,255787,303680.981595092
248638,14072,0.015172413793103448,0.007310344827586207,0.009,283144,231363,303680.981595092
268820,13166,0.015172413793103448,0.007310344827586207,0.012,276791,211180,303680.981595092
285712,12259,0.015172413793103448,0.007310344827586207,0.015,272020,194288,303680.981595092
227945,16584,0.015172413793103448,0.007724137931034483,0.006,288139,252056,298192.7710843373
251593,17409,0.015172413793103448,0.007724137931034483,0.009,279519,228406,298192.7710843373
271238,16084,0.015172413793103448,0.007724137931034483,0.012,273623,208766,298192.7710843373
287856,15751,0.015172413793103448,0.007724137931034483,0.015,268876,192147,298192.7710843373
231526,23915,0.015172413793103448,0.008137931034482758,0.006,283442,248474,292899.40828402364
254554,18385,0.015172413793103448,0.008137931034482758,0.009,276553,225447,292899.40828402364
273694,19109,0.015172413793103448,0.008137931034482758,0.012,270445,206308,292899.40828402364
289888,19477,0.015172413793103448,0.008137931034482758,0.015,265773,190112,292899.40828402364
234936,32290,0.015172413793103448,0.008551724137931035,0.006,278840,245066,287790.69767441857
257391,24135,0.015172413793103448,0.008551724137931035,0.009,272582,222614,287790.69767441857
276094,22481,0.015172413793103448,0.008551724137931035,0.012,267284,203912,287790.69767441857
291867,21326,0.015172413793103448,0.008551724137931035,0.015,263125,188137,287790.69767441857
238359,34839,0.015172413793103448,0.00896551724137931,0.006,275143,241641,282857.1428571429
260145,32541,0.015172413793103448,0.00896551724137931,0.009,268097,219855,282857.1428571429
278409,28348,0.015172413793103448,0.00896551724137931,0.012,263508,201594,282857.1428571429
293885,22544,0.015172413793103448,0.00896551724137931,0.015,260839,186121,282857.1428571429
241565,44759,0.015172413793103448,0.009379310344827585,0.006,270430,238432,278089.88764044945
262888,31486,0.015172413793103448,0.009379310344827585,0.009,265731,217117,278089.88764044945
280713,32079,0.015172413793103448,0.009379310344827585,0.012,260326,199293,278089.88764044945
295833,23865,0.015172413793103448,0.009379310344827585,0.015,258454,184173,278089.88764044945
244738,52096,0.015172413793103448,0.009793103448275862,0.006,266197,235266,273480.6629834254
265549,38029,0.015172413793103448,0.009793103448275862,0.009,261763,214453,273480.6629834254
282942,37224,0.015172413793103448,0.009793103448275862,0.012,256866,197059,273480.6629834254
297797,29358,0.015172413793103448,0.009793103448275862,0.015,255053,182210,273480.6629834254
247826,62230,0.015172413793103448,0.010206896551724139,0.006,261730,232178,269021.73913043475
268083,52597,0.015172413793103448,0.010206896551724139,0.009,256212,211919,269021.73913043475
285194,43717,0.015172413793103448,0.010206896551724139,0.012,253103,194809,269021.73913043475
299606,38235,0.015172413793103448,0.010206896551724139,0.015,250704,180400,269021.73913043475
250856,66358,0.015172413793103448,0.010620689655172414,0.006,258102,229142,264705.8823529412
270608,55156,0.015172413793103448,0.010620689655172414,0.009,253340,209396,264705.8823529412
287265,48514,0.015172413793103448,0.010620689655172414,0.012,249832,192741,264705.8823529412
301489,37283,0.015172413793103448,0.010620689655172414,0.015,249085,178511,264705.8823529412
253837,69674,0.015172413793103448,0.011034482758620689,0.006,254818,226168,260526.31578947377
273081,56364,0.015172413793103448,0.011034482758620689,0.009,250658,206923,260526.31578947377
289414,58571,0.015172413793103448,0.011034482758620689,0.012,245427,190593,260526.31578947377
303282,43851,0.015172413793103448,0.011034482758620689,0.015,245520,176725,260526.31578947377
256709,79950,0.015172413793103448,0.011448275862068966,0.006,250601,223294,256476.68393782384
275557,76565,0.015172413793103448,0.011448275862068966,0.009,244251,204443,256476.68393782384
291366,67335,0.015172413793103448,0.011448275862068966,0.012,241327,188634,256476.68393782384
304964,51766,0.015172413793103448,0.011448275862068966,0.015,241637,175041,256476.68393782384
259476,86648,0.015172413793103448,0.01186206896551724,0.006,246809,220528,252551.02040816328
277869,70478,0.015172413793103448,0.01186206896551724,0.009,243191,202132,252551.02040816328
293380,68695,0.015172413793103448,0.01186206896551724,0.012,239093,186626,252551.02040816328
306693,56726,0.015172413793103448,0.01186206896551724,0.015,238606,173311,252551.02040816328
262217,92667,0.015172413793103448,0.012275862068965518,0.006,243345,217788,248743.71859296484
280136,89435,0.015172413793103448,0.012275862068965518,0.009,237304,199869,248743.71859296484
295357,75482,0.015172413793103448,0.012275862068965518,0.012,235490,184649,248743.71859296484
308373,62286,0.015172413793103448,0.012275862068965518,0.015,235454,171632,248743.71859296484
264851,100113,0.015172413793103448,0.012689655172413793,0.006,239590,215150,245049.50495049512
282374,86180,0.015172413793103448,0.012689655172413793,0.009,235831,197630,245049.50495049512
297235,74164,0.015172413793103448,0.012689655172413793,0.012,234013,182770,245049.50495049512
310064,72006,0.015172413793103448,0.012689655172413793,0.015,231211,169941,245049.50495049512
267496,109424,0.015172413793103448,0.01310344827586207,0.006,235798,212508,241463.41463414635
284578,95370,0.015172413793103448,0.01310344827586207,0.009,231962,195428,241463.41463414635
299122,81004,0.015172413793103448,0.01310344827586207,0.012,230600,180879,241463.41463414635
311715,73590,0.015172413793103448,0.01310344827586207,0.015,229163,168292,241463.41463414635
270017,112070,0.015172413793103448,0.013517241379310345,0.006,232942,209984,237980.76923076925
286742,102470,0.015172413793103448,0.013517241379310345,0.009,228400,193259,237980.76923076925
301017,90831,0.015172413793103448,0.013517241379310345,0.012,226525,178990,237980.76923076925
313312,79164,0.015172413793103448,0.013517241379310345,0.015,226137,166689,237980.76923076925
272564,118878,0.015172413793103448,0.01393103448275862,0.006,229756,207439,234597.15639810427
288838,104831,0.015172413793103448,0.01393103448275862,0.009,226067,191168,234597.15639810427
302743,98049,0.015172413793103448,0.01393103448275862,0.012,223089,177258,234597.15639810427
314824,88611,0.015172413793103448,0.01393103448275862,0.015,222153,165182,234597.15639810427
274960,121992,0.015172413793103448,0.014344827586206896,0.006,226960,205047,231308.4112149533
290949,106595,0.015172413793103448,0.014344827586206896,0.009,223753,189054,231308.4112149533
304519,101021,0.015172413793103448,0.014344827586206896,0.012,220710,175485,231308.4112149533
316355,96878,0.015172413793103448,0.014344827586206896,0.015,218539,163649,231308.4112149533
277334,128653,0.015172413793103448,0.014758620689655172,0.006,223777,202671,228110.599078341
292934,118184,0.015172413793103448,0.014758620689655172,0.009,219585,187073,228110.599078341
306322,114663,0.015172413793103448,0.014758620689655172,0.012,215950,173678,228110.599078341
317933,106290,0.015172413793103448,0.014758620689655172,0.015,214699,162074,228110.599078341
279577,137136,0.015172413793103448,0.015172413793103448,0.006,220470,200424,225000.0
294839,121722,0.015172413793103448,0.015172413793103448,0.009,217089,185165,225000.0
307967,115389,0.015172413793103448,0.015172413793103448,0.012,214198,172034,225000.0
319345,108102,0.015172413793103448,0.015172413793103448,0.015,212754,160660,225000.0
281892,136700,0.015172413793103448,0.015586206896551724,0.006,218298,198115,221973.09417040358
296851,140646,0.015172413793103448,0.015586206896551724,0.009,211748,183156,221973.09417040358
309631,120541,0.015172413793103448,0.015586206896551724,0.012,211459,170375,221973.09417040358
320805,110794,0.015172413793103448,0.015586206896551724,0.015,210599,159201,221973.09417040358
284097,146419,0.015172413793103448,0.016,0.006,214869,195910,219026.54867256636
298646,137356,0.015172413793103448,0.016,0.009,210483,181356,219026.54867256636
311256,123884,0.015172413793103448,0.016,0.012,209176,168749,219026.54867256636
322235,122685,0.015172413793103448,0.016,0.015,206277,157771,219026.54867256636
187600,1956,0.015586206896551724,0.004,0.006,327407,292399,358098.59154929576
218219,1760,0.015586206896551724,0.004,0.009,313200,261785,358098.59154929576
243160,2632,0.015586206896551724,0.004,0.012,302699,236840,358098.59154929576
263606,2538,0.015586206896551724,0.004,0.015,294855,216397,358098.59154929576
192228,3072,0.015586206896551724,0.004413793103448276,0.006,323047,287775,350689.6551724138
221962,2685,0.015586206896551724,0.004413793103448276,0.009,309587,258041,350689.6551724138
246127,2743,0.015586206896551724,0.004413793103448276,0.012,299809,233872,350689.6551724138
266190,3706,0.015586206896551724,0.004413793103448276,0.015,292049,213811,350689.6551724138
196763,2692,0.015586206896551724,0.004827586206896552,0.006,318989,283238,343581.0810810811
225619,2765,0.015586206896551724,0.004827586206896552,0.009,306304,254382,343581.0810810811
249166,4683,0.015586206896551724,0.004827586206896552,0.012,296437,230835,343581.0810810811
268685,4433,0.015586206896551724,0.004827586206896552,0.015,289444,211321,343581.0810810811
201100,4405,0.015586206896551724,0.005241379310344827,0.006,314598,278898,336754.96688741725
229092,4579,0.015586206896551724,0.005241379310344827,0.009,302521,250908,336754.96688741725
252115,4860,0.015586206896551724,0.005241379310344827,0.012,293668,227891,336754.96688741725
271149,5274,0.015586206896551724,0.005241379310344827,0.015,286823,208857,336754.96688741725
205350,6139,0.015586206896551724,0.005655172413793104,0.006,310375,274649,330194.80519480514
232549,4094,0.015586206896551724,0.005655172413793104,0.009,299479,247455,330194.80519480514
254957,5938,0.015586206896551724,0.005655172413793104,0.012,290713,225044,330194.80519480514
273517,6454,0.015586206896551724,0.005655172413793104,0.015,284175,206484,330194.80519480514
209378,5367,0.015586206896551724,0.006068965517241379,0.006,306769,270623,323885.3503184713
235910,6498,0.015586206896551724,0.006068965517241379,0.009,295812,244092,323885.3503184713
257665,5400,0.015586206896551724,0.006068965517241379,0.012,288206,222341,323885.3503184713
275923,8158,0.015586206896551724,0.006068965517241379,0.015,281415,204077,323885.3503184713
213462,14224,0.015586206896551724,0.006482758620689655,0.006,301470,266543,317812.5
239119,7433,0.015586206896551724,0.006482758620689655,0.009,292545,240885,317812.5
260360,8504,0.015586206896551724,0.006482758620689655,0.012,284823,219645,317812.5
278109,6698,0.015586206896551724,0.006482758620689655,0.015,279547,201891,317812.5
217266,10237,0.015586206896551724,0.006896551724137931,0.006,298455,262733,311963.19018404913
242385,13796,0.015586206896551724,0.006896551724137931,0.009,288129,237616,311963.19018404913
263045,8664,0.015586206896551724,0.006896551724137931,0.012,282221,216959,311963.19018404913
280396,10342,0.015586206896551724,0.006896551724137931,0.015,276341,199604,311963.19018404913
221043,12214,0.015586206896551724,0.007310344827586207,0.006,294585,258954,306325.30120481923
245360,11187,0.015586206896551724,0.007310344827586207,0.009,285822,234642,306325.30120481923
265618,8560,0.015586206896551724,0.007310344827586207,0.012,279753,214389,306325.30120481923
282521,11021,0.015586206896551724,0.007310344827586207,0.015,273965,197481,306325.30120481923
224728,22609,0.015586206896551724,0.007724137931034483,0.006,289392,255270,300887.573964497
248424,16358,0.015586206896551724,0.007724137931034483,0.009,281843,231576,300887.573964497
268096,13383,0.015586206896551724,0.007724137931034483,0.012,276106,211910,300887.573964497
284707,15043,0.015586206896551724,0.007724137931034483,0.015,270710,195299,300887.573964497
228266,22166,0.015586206896551724,0.008137931034482758,0.006,286085,251738,295639.534883721
251365,19731,0.015586206896551724,0.008137931034482758,0.009,278213,228641,295639.534883721
270519,16244,0.015586206896551724,0.008137931034482758,0.012,273034,209486,295639.534883721
286742,12832,0.015586206896551724,0.008137931034482758,0.015,269233,193259,295639.534883721
231766,29990,0.015586206896551724,0.008551724137931035,0.006,281516,248239,290571.4285714285
254175,22127,0.015586206896551724,0.008551724137931035,0.009,275056,225829,290571.4285714285
272943,16888,0.015586206896551724,0.008551724137931035,0.012,270450,207063,290571.4285714285
288778,16718,0.015586206896551724,0.008551724137931035,0.015,266089,191226,290571.4285714285
235097,29851,0.015586206896551724,0.00896551724137931,0.006,278356,244904,285674.15730337077
256962,29602,0.015586206896551724,0.00896551724137931,0.009,270758,223037,285674.15730337077
275250,28143,0.015586206896551724,0.00896551724137931,0.012,265355,204754,285674.15730337077
290805,19773,0.015586206896551724,0.00896551724137931,0.015,263257,189196,285674.15730337077
238351,41815,0.015586206896551724,0.009379310344827585,0.006,273205,241652,280939.22651933704
259683,32838,0.015586206896551724,0.009379310344827585,0.009,267461,220322,280939.22651933704
277570,22024,0.015586206896551724,0.009379310344827585,0.012,264593,202431,280939.22651933704
292771,26399,0.015586206896551724,0.009379310344827585,0.015,259456,187231,280939.22651933704
241552,46011,0.015586206896551724,0.009793103448275862,0.006,269549,238448,276358.6956521739
262406,32606,0.015586206896551724,0.009793103448275862,0.009,264915,217601,276358.6956521739
279792,30079,0.015586206896551724,0.009793103448275862,0.012,260456,200213,276358.6956521739
294736,24809,0.015586206896551724,0.009793103448275862,0.015,257972,185264,276358.6956521739
244606,50244,0.015586206896551724,0.010206896551724139,0.006,265999,235391,271925.13368983957
264981,43632,0.015586206896551724,0.010206896551724139,0.009,260251,215026,271925.13368983957
282031,38784,0.015586206896551724,0.010206896551724139,0.012,256219,197970,271925.13368983957
296541,28177,0.015586206896551724,0.010206896551724139,0.015,255132,183463,271925.13368983957
247726,67631,0.015586206896551724,0.010620689655172414,0.006,260426,232279,267631.5789473684
267403,46285,0.015586206896551724,0.010620689655172414,0.009,257204,212601,267631.5789473684
284119,40331,0.015586206896551724,0.010620689655172414,0.012,253679,195885,267631.5789473684
298387,42293,0.015586206896551724,0.010620689655172414,0.015,249492,181614,267631.5789473684
250569,49724,0.015586206896551724,0.011034482758620689,0.006,260282,229431,263471.5025906736
269983,52276,0.015586206896551724,0.011034482758620689,0.009,253661,210018,263471.5025906736
286265,46608,0.015586206896551724,0.011034482758620689,0.012,250187,193742,263471.5025906736
300266,39863,0.015586206896551724,0.011034482758620689,0.015,248330,179736,263471.5025906736
253436,80632,0.015586206896551724,0.011448275862068966,0.006,252903,226564,259438.77551020408
272306,58422,0.015586206896551724,0.011448275862068966,0.009,250044,207697,259438.77551020408
288375,54474,0.015586206896551724,0.011448275862068966,0.012,246261,191629,259438.77551020408
302046,49640,0.015586206896551724,0.011448275862068966,0.015,243931,177961,259438.77551020408
256291,83046,0.015586206896551724,0.01186206896551724,0.006,249772,223710,255527.63819095478
274688,73278,0.015586206896551724,0.01186206896551724,0.009,244887,205318,255527.63819095478
290388,64393,0.015586206896551724,0.01186206896551724,0.012,241947,189619,255527.63819095478
303792,52377,0.015586206896551724,0.01186206896551724,0.015,241495,176210,255527.63819095478
259074,85747,0.015586206896551724,0.012275862068965518,0.006,246778,220926,251732.67326732675
277021,73389,0.015586206896551724,0.012275862068965518,0.009,242654,202984,251732.67326732675
292305,71870,0.015586206896551724,0.012275862068965518,0.012,238288,187701,251732.67326732675
305487,65309,0.015586206896551724,0.012275862068965518,0.015,236396,174519,251732.67326732675
261652,86886,0.015586206896551724,0.012689655172413793,0.006,244093,218352,248048.78048780494
279287,82775,0.015586206896551724,0.012689655172413793,0.009,238629,200713,248048.78048780494
294179,67667,0.015586206896551724,0.012689655172413793,0.012,237360,185824,248048.78048780494
307082,62651,0.015586206896551724,0.012689655172413793,0.015,235368,172922,248048.78048780494
264350,89027,0.015586206896551724,0.01310344827586207,0.006,241322,215657,244471.15384615381
281430,90118,0.015586206896551724,0.01310344827586207,0.009,235144,198574,244471.15384615381
296146,70694,0.015586206896551724,0.01310344827586207,0.012,234788,183861,244471.15384615381
308705,69471,0.015586206896551724,0.01310344827586207,0.015,231956,171300,244471.15384615381
266801,110177,0.015586206896551724,0.013517241379310345,0.006,235747,213203,240995.26066350713
283677,94903,0.015586206896551724,0.013517241379310345,0.009,232090,196324,240995.26066350713
297989,87163,0.015586206896551724,0.013517241379310345,0.012,229225,182011,240995.26066350713
310314,77261,0.015586206896551724,0.013517241379310345,0.015,228410,169690,240995.26066350713
269316,116133,0.015586206896551724,0.01393103448275862,0.006,232581,210685,237616.82242990655
285704,97026,0.015586206896551724,0.01393103448275862,0.009,229743,194300,237616.82242990655
299766,93179,0.015586206896551724,0.01393103448275862,0.012,226125,180240,237616.82242990655
311882,89441,0.015586206896551724,0.01393103448275862,0.015,223701,168122,237616.82242990655
271772,120524,0.015586206896551724,0.014344827586206896,0.006,229613,208230,234331.79723502306
287793,104747,0.015586206896551724,0.014344827586206896,0.009,226245,192206,234331.79723502306
301545,96348,0.015586206896551724,0.014344827586206896,0.012,223774,178461,234331.79723502306
313520,86320,0.015586206896551724,0.014344827586206896,0.015,222939,166481,234331.79723502306
274159,115217,0.015586206896551724,0.014758620689655172,0.006,228095,205846,231136.36363636362
289845,110542,0.015586206896551724,0.014758620689655172,0.009,223209,190160,231136.36363636362
303261,102435,0.015586206896551724,0.014758620689655172,0.012,220728,176742,231136.36363636362
314982,101372,0.015586206896551724,0.014758620689655172,0.015,217674,165025,231136.36363636362
276496,130592,0.015586206896551724,0.015172413793103448,0.006,223843,203504,228026.90582959642
291773,114496,0.015586206896551724,0.015172413793103448,0.009,220645,188232,228026.90582959642
305000,115267,0.015586206896551724,0.015172413793103448,0.012,216188,175006,228026.90582959642
316457,103080,0.015586206896551724,0.015172413793103448,0.015,215803,163549,228026.90582959642
278746,135733,0.015586206896551724,0.015586206896551724,0.006,220862,201257,225000.0
293711,121786,0.015586206896551724,0.015586206896551724,0.009,217504,186293,225000.0
306730,115297,0.015586206896551724,0.015586206896551724,0.012,214562,173277,225000.0
317929,106865,0.015586206896551724,0.015586206896551724,0.015,213380,162077,225000.0
280890,149654,0.015586206896551724,0.016,0.006,216850,199112,222052.40174672485
295605,131234,0.015586206896551724,0.016,0.009,213966,184399,222052.40174672485
308327,124258,0.015586206896551724,0.016,0.012,211005,171676,222052.40174672485
319370,116392,0.015586206896551724,0.016,0.015,209624,160636,222052.40174672485
184512,1191,0.016,0.004,0.006,329534,295488,360000.0
215143,1752,0.016,0.004,0.009,315116,264856,360000.0
239948,1930,0.016,0.004,0.012,304554,240054,360000.0
260548,3366,0.016,0.004,0.015,296147,219457,360000.0
189155,1983,0.016,0.004413793103448276,0.006,325224,290847,352702.7027027027
218901,2388,0.016,0.004413793103448276,0.009,311472,261103,352702.7027027027
243030,2963,0.016,0.004413793103448276,0.012,301394,236970,352702.7027027027
263097,3218,0.016,0.004413793103448276,0.015,293747,216904,352702.7027027027
193624,2450,0.016,0.004827586206896552,0.006,321032,286376,345695.3642384106
222503,2484,0.016,0.004827586206896552,0.009,308130,257499,345695.3642384106
245962,3507,0.016,0.004827586206896552,0.012,298516,234039,345695.3642384106
265603,3647,0.016,0.004827586206896552,0.015,291229,214398,345695.3642384106
198055,2702,0.016,0.005241379310344827,0.006,316914,281944,338961.038961039
225997,3966,0.016,0.005241379310344827,0.009,304551,254006,338961.038961039
248980,3707,0.016,0.005241379310344827,0.012,295703,231025,338961.038961039
268049,3836,0.016,0.005241379310344827,0.015,288800,211957,338961.038961039
202283,3110,0.016,0.005655172413793104,0.006,312989,277720,332484.076433121
229426,4982,0.016,0.005655172413793104,0.009,301209,250577,332484.076433121
251715,4651,0.016,0.005655172413793104,0.012,292772,228285,332484.076433121
270451,6072,0.016,0.005655172413793104,0.015,285845,209549,332484.076433121
206335,5420,0.016,0.006068965517241379,0.006,308809,273662,326250.0
232786,6233,0.016,0.006068965517241379,0.009,297809,247220,326250.0
254537,6255,0.016,0.006068965517241379,0.012,289767,225464,326250.0
272845,6377,0.016,0.006068965517241379,0.015,283468,207157,326250.0
210266,6939,0.016,0.006482758620689655,0.006,304772,269736,320245.39877300616
235980,7188,0.016,0.006482758620689655,0.009,294533,244023,320245.39877300616
257280,6841,0.016,0.006482758620689655,0.012,286952,222720,320245.39877300616
275063,8733,0.016,0.006482758620689655,0.015,280603,204943,320245.39877300616
214177,8649,0.016,0.006896551724137931,0.006,300892,265826,314457.8313253012
239184,8797,0.016,0.006896551724137931,0.009,291219,240817,314457.8313253012
259909,7591,0.016,0.006896551724137931,0.012,284232,220091,314457.8313253012
277299,10458,0.016,0.006896551724137931,0.015,277890,202707,314457.8313253012
217947,13169,0.016,0.007310344827586207,0.006,296667,262058,308875.7396449704
242241,10395,0.016,0.007310344827586207,0.009,287877,237763,308875.7396449704
262452,8566,0.016,0.007310344827586207,0.012,281520,217553,308875.7396449704
279501,10230,0.016,0.007310344827586207,0.015,275792,200500,308875.7396449704
221619,19983,0.016,0.007724137931034483,0.006,292021,258386,303488.3720930232
245287,15538,0.016,0.007724137931034483,0.009,283957,234714,303488.3720930232
264967,13172,0.016,0.007724137931034483,0.012,277907,215034,303488.3720930232
281613,13734,0.016,0.007724137931034483,0.015,272647,198391,303488.3720930232
225151,14777,0.016,0.008137931034482758,0.006,289458,254854,298285.7142857143
248253,15854,0.016,0.008137931034482758,0.009,281044,231753,298285.7142857143
267459,15487,0.016,0.008137931034482758,0.012,274969,212542,298285.7142857143
283741,15381,0.016,0.008137931034482758,0.015,270125,196264,298285.7142857143
228560,25550,0.016,0.008551724137931035,0.006,284573,251437,293258.4269662922
251044,16292,0.016,0.008551724137931035,0.009,278266,228960,293258.4269662922
269855,17821,0.016,0.008551724137931035,0.012,272038,210151,293258.4269662922
285780,18068,0.016,0.008551724137931035,0.015,267312,194221,293258.4269662922
231928,28300,0.016,0.00896551724137931,0.006,280859,248076,288397.7900552486
253864,29725,0.016,0.00896551724137931,0.009,272740,226137,288397.7900552486
272175,19120,0.016,0.00896551724137931,0.012,269375,207827,288397.7900552486
287823,19727,0.016,0.00896551724137931,0.015,264838,192182,288397.7900552486
235272,37214,0.016,0.009379310344827585,0.006,276277,244731,283695.6521739131
256551,24731,0.016,0.009379310344827585,0.009,271160,223453,283695.6521739131
274509,25227,0.016,0.009379310344827585,0.012,265628,205497,283695.6521739131
289743,25769,0.016,0.009379310344827585,0.015,261231,190262,283695.6521739131
238363,42284,0.016,0.009793103448275862,0.006,272439,241635,279144.38502673793
259193,33760,0.016,0.009793103448275862,0.009,266749,220808,279144.38502673793
276756,27807,0.016,0.009793103448275862,0.012,262880,203246,279144.38502673793
291728,28668,0.016,0.009793103448275862,0.015,258535,188272,279144.38502673793
241505,60445,0.016,0.010206896551724139,0.006,266636,238498,274736.84210526315
261840,39878,0.016,0.010206896551724139,0.009,263001,218161,274736.84210526315
278951,33752,0.016,0.010206896551724139,0.012,259249,201055,274736.84210526315
293577,28963,0.016,0.010206896551724139,0.015,256577,186424,274736.84210526315
244585,66170,0.016,0.010620689655172414,0.006,262910,235416,270466.3212435233
264329,51333,0.016,0.010620689655172414,0.009,258246,215675,270466.3212435233
281102,37883,0.016,0.010620689655172414,0.012,256104,198904,270466.3212435233
295418,40876,0.016,0.010620689655172414,0.015,251521,184586,270466.3212435233
247434,66901,0.016,0.011034482758620689,0.006,260113,232567,266326.53061224497
266849,54727,0.016,0.011034482758620689,0.009,255208,213154,266326.53061224497
283186,42327,0.016,0.011034482758620689,0.012,252980,196818,266326.53061224497
297241,42393,0.016,0.011034482758620689,0.015,249323,182764,266326.53061224497
250358,77680,0.016,0.011448275862068966,0.006,255603,229643,262311.5577889447
269266,55695,0.016,0.011448275862068966,0.009,252750,210739,262311.5577889447
285311,50288,0.016,0.011448275862068966,0.012,249080,194694,262311.5577889447
299045,42533,0.016,0.011448275862068966,0.015,247445,180956,262311.5577889447
253197,83741,0.016,0.01186206896551724,0.006,252033,226803,258415.8415841584
271673,69274,0.016,0.01186206896551724,0.009,247740,208327,258415.8415841584
287272,56662,0.016,0.01186206896551724,0.012,245687,192732,258415.8415841584
300840,51874,0.016,0.01186206896551724,0.015,243309,179160,258415.8415841584
255853,86041,0.016,0.012275862068965518,0.006,249139,224149,254634.14634146343
273998,76119,0.016,0.012275862068965518,0.009,244262,206007,254634.14634146343
289286,62463,0.016,0.012275862068965518,0.012,242377,190720,254634.14634146343
302472,62374,0.016,0.012275862068965518,0.015,238800,177534,254634.14634146343
258536,94305,0.016,0.012689655172413793,0.006,245411,221464,250961.5384615385
276253,74204,0.016,0.012689655172413793,0.009,242426,203748,250961.5384615385
291227,72437,0.016,0.012689655172413793,0.012,238184,188773,250961.5384615385
304225,66292,0.016,0.012689655172413793,0.015,236179,175777,250961.5384615385
261244,96804,0.016,0.01310344827586207,0.006,242609,218759,247393.36492890993
278370,88416,0.016,0.01310344827586207,0.009,237503,201635,247393.36492890993
293096,73084,0.016,0.01310344827586207,0.012,236167,186908,247393.36492890993
305883,69852,0.016,0.01310344827586207,0.015,233587,174124,247393.36492890993
263711,111848,0.016,0.013517241379310345,0.006,238022,216294,243925.23364485984
280534,89312,0.016,0.013517241379310345,0.009,235387,199469,243925.23364485984
294980,76871,0.016,0.013517241379310345,0.012,233492,185021,243925.23364485984
307425,78195,0.016,0.013517241379310345,0.015,229867,172580,243925.23364485984
266183,108770,0.016,0.01393103448275862,0.006,236151,213821,240552.99539170507
282673,93785,0.016,0.01393103448275862,0.009,232414,197328,240552.99539170507
296857,89126,0.016,0.01393103448275862,0.012,229049,183143,240552.99539170507
309103,78645,0.016,0.01393103448275862,0.015,228196,170903,240552.99539170507
268651,119382,0.016,0.014344827586206896,0.006,232267,211350,237272.72727272726
284763,101071,0.016,0.014344827586206896,0.009,229137,195239,237272.72727272726
298664,96241,0.016,0.014344827586206896,0.012,225721,181340,237272.72727272726
310626,83843,0.016,0.014344827586206896,0.015,225374,169374,237272.72727272726
271084,114662,0.016,0.014758620689655172,0.006,230768,208916,234080.71748878926
286865,114122,0.016,0.014758620689655172,0.009,224768,193137,234080.71748878926
300341,101347,0.016,0.014758620689655172,0.012,222826,179660,234080.71748878926
312112,88545,0.016,0.014758620689655172,0.015,222655,167892,234080.71748878926
273347,127828,0.016,0.015172413793103448,0.006,226597,206654,230973.45132743364
288764,113596,0.016,0.015172413793103448,0.009,222991,191240,230973.45132743364
302107,103137,0.016,0.015172413793103448,0.012,220849,177893,230973.45132743364
313612,101851,0.016,0.015172413793103448,0.015,217932,166393,230973.45132743364
275608,131961,0.016,0.015586206896551724,0.006,223924,204393,227947.59825327512
290710,120235,0.016,0.015586206896551724,0.009,219901,189294,227947.59825327512
303735,105396,0.016,0.015586206896551724,0.012,218631,176268,227947.59825327512
315094,103771,0.016,0.015586206896551724,0.015,215911,164911,227947.59825327512
277895,139735,0.016,0.016,0.006,220830,202111,225000.0
292623,129391,0.016,0.016,0.009,216390,187381,225000.0
305415,115850,0.016,0.016,0.012,214885,174591,225000.0
316545,106513,0.016,0.016,0.015,213778,163459,225000.0
