wasted_computation_no_offload,wasted_computation_offload,charge_rate,discharge_rate,AI_computation,offload,no_offload,best_offload
342628,25001,0.004,0.004,0.006,232423,137376,225000.0
367160,37848,0.004,0.004,0.009,226793,112847,225000.0
383861,31374,0.004,0.004,0.012,228118,96147,225000.0
396502,38375,0.004,0.004,0.015,224715,83508,225000.0
346751,88820,0.004,0.004413793103448276,0.006,208883,133258,213934.4262295082
369619,63961,0.004,0.004413793103448276,0.009,214227,110389,213934.4262295082
385784,65671,0.004,0.004413793103448276,0.012,212465,94225,213934.4262295082
397911,75716,0.004,0.004413793103448276,0.015,207682,82092,213934.4262295082
350370,106743,0.004,0.004827586206896552,0.006,199644,129636,203906.25000000003
372312,94120,0.004,0.004827586206896552,0.009,200963,107688,203906.25000000003
387792,86823,0.004,0.004827586206896552,0.012,202089,92218,203906.25000000003
399350,94373,0.004,0.004827586206896552,0.015,198311,80657,203906.25000000003
353807,127624,0.004,0.005241379310344827,0.006,189744,126199,194776.1194029851
374812,121152,0.004,0.005241379310344827,0.009,188980,105198,194776.1194029851
389519,108576,0.004,0.005241379310344827,0.012,191743,90490,194776.1194029851
400790,110993,0.004,0.005241379310344827,0.015,189866,79210,194776.1194029851
357181,137705,0.004,0.005655172413793104,0.006,183499,122827,186428.57142857142
377105,139482,0.004,0.005655172413793104,0.009,180083,102905,186428.57142857142
391283,133544,0.004,0.005655172413793104,0.012,180507,88726,186428.57142857142
402059,123121,0.004,0.005655172413793104,0.015,183292,77950,186428.57142857142
360390,154424,0.004,0.006068965517241379,0.006,175330,119616,178767.12328767127
379422,139157,0.004,0.006068965517241379,0.009,177516,100585,178767.12328767127
392849,154301,0.004,0.006068965517241379,0.012,170952,87160,178767.12328767127
403317,132909,0.004,0.006068965517241379,0.015,177762,76692,178767.12328767127
363522,158877,0.004,0.006482758620689655,0.006,171189,116488,171710.52631578947
381357,154702,0.004,0.006482758620689655,0.009,170140,98650,171710.52631578947
394707,158072,0.004,0.006482758620689655,0.012,167512,85300,171710.52631578947
404641,162612,0.004,0.006482758620689655,0.015,164891,75369,171710.52631578947
366486,173853,0.004,0.006896551724137931,0.006,164132,113521,165189.87341772154
383580,175854,0.004,0.006896551724137931,0.009,160956,96430,165189.87341772154
396005,170764,0.004,0.006896551724137931,0.012,161276,84004,165189.87341772154
405774,159285,0.004,0.006896551724137931,0.015,164469,74235,165189.87341772154
369183,198210,0.004,0.007310344827586207,0.006,154803,110819,159146.34146341463
385370,183200,0.004,0.007310344827586207,0.009,156599,94636,159146.34146341463
397545,178817,0.004,0.007310344827586207,0.012,156560,82461,159146.34146341463
406916,185876,0.004,0.007310344827586207,0.015,153197,73092,159146.34146341463
371558,197362,0.004,0.007724137931034483,0.006,152293,108450,153529.4117647059
387263,199415,0.004,0.007724137931034483,0.009,149497,92743,153529.4117647059
399152,171441,0.004,0.007724137931034483,0.012,157245,80851,153529.4117647059
408048,194286,0.004,0.007724137931034483,0.015,148558,71960,153529.4117647059
374039,192995,0.004,0.008137931034482758,0.006,150740,105968,148295.45454545456
389011,190730,0.004,0.008137931034482758,0.009,150012,90992,148295.45454545456
400389,195978,0.004,0.008137931034482758,0.012,147337,79618,148295.45454545456
409352,193231,0.004,0.008137931034482758,0.015,147544,70656,148295.45454545456
376314,224564,0.004,0.008551724137931035,0.006,140471,103694,143406.59340659343
390789,208147,0.004,0.008551724137931035,0.009,142958,89214,143406.59340659343
401691,192161,0.004,0.008551724137931035,0.012,146941,78312,143406.59340659343
410288,212858,0.004,0.008551724137931035,0.015,139220,69722,143406.59340659343
378766,226560,0.004,0.00896551724137931,0.006,137894,101244,138829.78723404257
392422,217984,0.004,0.00896551724137931,0.009,138037,87584,138829.78723404257
403024,211405,0.004,0.00896551724137931,0.012,139094,76982,138829.78723404257
411440,213386,0.004,0.00896551724137931,0.015,137713,68567,138829.78723404257
381017,232512,0.004,0.009379310344827585,0.006,134284,98985,134536.08247422683
394296,223448,0.004,0.009379310344827585,0.009,134560,85714,134536.08247422683
404420,229910,0.004,0.009379310344827585,0.012,131596,75582,134536.08247422683
412313,228035,0.004,0.009379310344827585,0.015,131237,67697,134536.08247422683
382892,243277,0.004,0.009793103448275862,0.006,129504,97114,130500.0
395600,250524,0.004,0.009793103448275862,0.009,125261,84408,130500.0
405599,231583,0.004,0.009793103448275862,0.012,129520,74411,130500.0
413272,237749,0.004,0.009793103448275862,0.015,126654,66738,130500.0
384909,244516,0.004,0.010206896551724139,0.006,126970,95093,126699.02912621362
397128,257440,0.004,0.010206896551724139,0.009,121689,82875,126699.02912621362
406710,249387,0.004,0.010206896551724139,0.012,122552,73300,126699.02912621362
414139,230642,0.004,0.010206896551724139,0.015,127903,65870,126699.02912621362
386964,266133,0.004,0.010620689655172414,0.006,120156,93046,123113.20754716982
398636,250571,0.004,0.010620689655172414,0.009,122103,81371,123113.20754716982
407859,246244,0.004,0.010620689655172414,0.012,122258,72151,123113.20754716982
415108,250491,0.004,0.010620689655172414,0.015,120067,64900,123113.20754716982
388639,261230,0.004,0.011034482758620689,0.006,119427,91368,119724.77064220185
400049,253138,0.004,0.011034482758620689,0.009,119837,79958,119724.77064220185
409031,258116,0.004,0.011034482758620689,0.012,117332,70970,119724.77064220185
415961,254880,0.004,0.011034482758620689,0.015,117524,64048,119724.77064220185
390392,268720,0.004,0.011448275862068966,0.006,116074,89617,116517.85714285714
401335,276054,0.004,0.011448275862068966,0.009,112168,78668,116517.85714285714
409911,274737,0.004,0.011448275862068966,0.012,110965,70096,116517.85714285714
416887,249674,0.004,0.011448275862068966,0.015,118141,63122,116517.85714285714
392107,270425,0.004,0.01186206896551724,0.006,114127,87902,113478.26086956522
402758,280999,0.004,0.01186206896551724,0.009,109489,77252,113478.26086956522
411010,268907,0.004,0.01186206896551724,0.012,111658,68999,113478.26086956522
417728,269260,0.004,0.01186206896551724,0.015,110645,62282,113478.26086956522
393825,275207,0.004,0.012275862068965518,0.006,111227,86185,110593.22033898305
403978,283979,0.004,0.012275862068965518,0.009,107490,76030,110593.22033898305
412078,274346,0.004,0.012275862068965518,0.012,108773,67932,110593.22033898305
418595,277903,0.004,0.012275862068965518,0.015,106886,61406,110593.22033898305
395475,279932,0.004,0.012689655172413793,0.006,108841,84530,107851.23966942151
405148,279692,0.004,0.012689655172413793,0.009,107183,74860,107851.23966942151
413000,274359,0.004,0.012689655172413793,0.012,107751,67003,107851.23966942151
419431,261699,0.004,0.012689655172413793,0.015,111154,60579,107851.23966942151
396762,290745,0.004,0.01310344827586207,0.006,104984,83246,105241.93548387098
406307,288657,0.004,0.01310344827586207,0.009,103649,73700,105241.93548387098
414063,287966,0.004,0.01310344827586207,0.012,102653,65947,105241.93548387098
420106,290368,0.004,0.01310344827586207,0.015,101122,59903,105241.93548387098
398268,292543,0.004,0.013517241379310345,0.006,103048,81740,102755.90551181104
407552,289747,0.004,0.013517241379310345,0.009,102303,72457,102755.90551181104
415040,290689,0.004,0.013517241379310345,0.012,100820,64967,102755.90551181104
420882,291360,0.004,0.013517241379310345,0.015,99887,59127,102755.90551181104
399741,295915,0.004,0.01393103448275862,0.006,101043,80259,100384.61538461539
408651,290566,0.004,0.01393103448275862,0.009,100825,71357,100384.61538461539
415782,296529,0.004,0.01393103448275862,0.012,98167,64226,100384.61538461539
421780,296356,0.004,0.01393103448275862,0.015,97312,58230,100384.61538461539
401044,300868,0.004,0.014344827586206896,0.006,98542,78963,98120.30075187972
409710,303041,0.004,0.014344827586206896,0.009,96529,70296,98120.30075187972
416729,301756,0.004,0.014344827586206896,0.012,95872,63271,98120.30075187972
422307,302480,0.004,0.014344827586206896,0.015,94655,57699,98120.30075187972
402309,276593,0.004,0.014758620689655172,0.006,102069,77700,95955.8823529412
410906,277470,0.004,0.014758620689655172,0.009,101741,69104,95955.8823529412
417592,308947,0.004,0.014758620689655172,0.012,92800,62418,95955.8823529412
423101,277523,0.004,0.014758620689655172,0.015,101561,56909,95955.8823529412
403823,297046,0.004,0.015172413793103448,0.006,96649,76187,93884.89208633095
411710,313473,0.004,0.015172413793103448,0.009,91822,68297,93884.89208633095
418312,314204,0.004,0.015172413793103448,0.012,90510,61696,93884.89208633095
423746,306949,0.004,0.015172413793103448,0.015,91810,56257,93884.89208633095
404923,300556,0.004,0.015586206896551724,0.006,94762,75087,91901.40845070424
412783,301295,0.004,0.015586206896551724,0.009,93873,67224,91901.40845070424
419100,309429,0.004,0.015586206896551724,0.012,90997,60910,91901.40845070424
424457,307573,0.004,0.015586206896551724,0.015,90786,55553,91901.40845070424
406239,298898,0.004,0.016,0.006,93903,73768,90000.0
413865,289501,0.004,0.016,0.009,95598,66145,90000.0
419959,303324,0.004,0.016,0.012,91768,60051,90000.0
425067,321548,0.004,0.016,0.015,85856,54942,90000.0
333082,15550,0.004413793103448276,0.004,0.006,240251,146919,236065.57377049178
358246,25156,0.004413793103448276,0.004,0.009,235079,121763,236065.57377049178
376286,20529,0.004413793103448276,0.004,0.012,235325,103724,236065.57377049178
389590,33518,0.004413793103448276,0.004,0.015,229352,90420,236065.57377049178
337023,52961,0.004413793103448276,0.004413793103448276,0.006,224598,142985,225000.0
360984,24540,0.004413793103448276,0.004413793103448276,0.009,231718,119024,225000.0
378190,36277,0.004413793103448276,0.004413793103448276,0.012,226600,101818,225000.0
390964,31776,0.004413793103448276,0.004413793103448276,0.015,227600,89044,225000.0
340852,75769,0.004413793103448276,0.004827586206896552,0.006,213847,139153,214925.37313432834
363868,55299,0.004413793103448276,0.004827586206896552,0.009,217959,116132,214925.37313432834
380175,63112,0.004413793103448276,0.004827586206896552,0.012,214159,99832,214925.37313432834
392622,64153,0.004413793103448276,0.004827586206896552,0.015,212807,87388,214925.37313432834
344531,103223,0.004413793103448276,0.005241379310344827,0.006,202279,135474,205714.28571428574
366539,96397,0.004413793103448276,0.005241379310344827,0.009,201359,113467,205714.28571428574
382078,94948,0.004413793103448276,0.005241379310344827,0.012,200080,97929,205714.28571428574
393987,89223,0.004413793103448276,0.005241379310344827,0.015,201132,86022,205714.28571428574
348070,106653,0.004413793103448276,0.005655172413793104,0.006,197500,131939,197260.27397260274
368906,115467,0.004413793103448276,0.005655172413793104,0.009,192151,111094,197260.27397260274
383929,110450,0.004413793103448276,0.005655172413793104,0.012,192243,96078,197260.27397260274
395424,111910,0.004413793103448276,0.005655172413793104,0.015,190560,84578,197260.27397260274
351335,130148,0.004413793103448276,0.006068965517241379,0.006,187504,128667,189473.68421052632
371186,134999,0.004413793103448276,0.006068965517241379,0.009,183223,108816,189473.68421052632
385621,127752,0.004413793103448276,0.006068965517241379,0.012,183938,94384,189473.68421052632
396943,121090,0.004413793103448276,0.006068965517241379,0.015,185136,83067,189473.68421052632
354485,161129,0.004413793103448276,0.006482758620689655,0.006,175925,125521,182278.48101265822
373592,143166,0.004413793103448276,0.006482758620689655,0.009,178172,106418,182278.48101265822
387445,140946,0.004413793103448276,0.006482758620689655,0.012,177089,92555,182278.48101265822
398279,140910,0.004413793103448276,0.006482758620689655,0.015,176008,81730,182278.48101265822
357543,163712,0.004413793103448276,0.006896551724137931,0.006,172302,122466,175609.75609756098
375593,150399,0.004413793103448276,0.006896551724137931,0.009,173337,104414,175609.75609756098
389023,145748,0.004413793103448276,0.006896551724137931,0.012,173475,90986,175609.75609756098
399552,158861,0.004413793103448276,0.006896551724137931,0.015,167727,80458,175609.75609756098
360569,156156,0.004413793103448276,0.007310344827586207,0.006,171192,119438,169411.76470588235
377645,149339,0.004413793103448276,0.007310344827586207,0.009,171223,102358,169411.76470588235
390722,159325,0.004413793103448276,0.007310344827586207,0.012,166828,89288,169411.76470588235
400809,163418,0.004413793103448276,0.007310344827586207,0.015,164493,79201,169411.76470588235
363096,182273,0.004413793103448276,0.007724137931034483,0.006,161700,116912,163636.36363636365
379758,178011,0.004413793103448276,0.007724137931034483,0.009,160331,100242,163636.36363636365
392111,170810,0.004413793103448276,0.007724137931034483,0.012,161230,87897,163636.36363636365
401973,172915,0.004413793103448276,0.007724137931034483,0.015,159382,78027,163636.36363636365
365694,199796,0.004413793103448276,0.008137931034482758,0.006,154595,114312,158241.75824175822
381796,178409,0.004413793103448276,0.008137931034482758,0.009,158001,98209,158241.75824175822
393800,185982,0.004413793103448276,0.008137931034482758,0.012,154345,86210,158241.75824175822
403054,176264,0.004413793103448276,0.008137931034482758,0.015,156728,76954,158241.75824175822
368183,186981,0.004413793103448276,0.008551724137931035,0.006,155201,111823,153191.48936170214
383640,198856,0.004413793103448276,0.008551724137931035,0.009,149997,96365,153191.48936170214
395056,189847,0.004413793103448276,0.008551724137931035,0.012,151363,84950,153191.48936170214
404188,195411,0.004413793103448276,0.008551724137931035,0.015,148445,75820,153191.48936170214
370654,205848,0.004413793103448276,0.00896551724137931,0.006,148343,109346,148453.6082474227
385295,202270,0.004413793103448276,0.00896551724137931,0.009,147175,94705,148453.6082474227
396441,206252,0.004413793103448276,0.00896551724137931,0.012,144432,83567,148453.6082474227
405386,198926,0.004413793103448276,0.00896551724137931,0.015,145851,74624,148453.6082474227
372863,216241,0.004413793103448276,0.009379310344827585,0.006,143420,107143,144000.0
387028,215348,0.004413793103448276,0.009379310344827585,0.009,141420,92982,144000.0
397795,213733,0.004413793103448276,0.009379310344827585,0.012,140508,82213,144000.0
406442,214400,0.004413793103448276,0.009379310344827585,0.015,139265,73568,144000.0
374986,230830,0.004413793103448276,0.009793103448275862,0.006,137674,105019,139805.82524271842
388643,217515,0.004413793103448276,0.009793103448275862,0.009,139149,91366,139805.82524271842
399062,214254,0.004413793103448276,0.009793103448275862,0.012,138797,80947,139805.82524271842
407387,208320,0.004413793103448276,0.009793103448275862,0.015,139943,72620,139805.82524271842
377208,231108,0.004413793103448276,0.010206896551724139,0.006,135638,102801,135849.05660377358
390394,223980,0.004413793103448276,0.010206896551724139,0.009,135397,89614,135849.05660377358
400324,224014,0.004413793103448276,0.010206896551724139,0.012,134251,79685,135849.05660377358
408367,217063,0.004413793103448276,0.010206896551724139,0.015,135687,71642,135849.05660377358
379192,244109,0.004413793103448276,0.010620689655172414,0.006,130551,100815,132110.09174311926
391758,246236,0.004413793103448276,0.010620689655172414,0.009,127739,88251,132110.09174311926
401577,226193,0.004413793103448276,0.010620689655172414,0.012,132164,78430,132110.09174311926
409407,224419,0.004413793103448276,0.010620689655172414,0.015,131979,70600,132110.09174311926
381235,245653,0.004413793103448276,0.011034482758620689,0.006,128224,98775,128571.42857142858
393434,245022,0.004413793103448276,0.011034482758620689,0.009,126402,86573,128571.42857142858
402749,248336,0.004413793103448276,0.011034482758620689,0.012,124007,77260,128571.42857142858
410324,238434,0.004413793103448276,0.011034482758620689,0.015,126264,69684,128571.42857142858
383010,244912,0.004413793103448276,0.011448275862068966,0.006,126483,96996,125217.39130434781
394707,243613,0.004413793103448276,0.011448275862068966,0.009,125246,85302,125217.39130434781
404048,246449,0.004413793103448276,0.011448275862068966,0.012,123272,75962,125217.39130434781
411292,249768,0.004413793103448276,0.011448275862068966,0.015,121331,68717,125217.39130434781
384795,253516,0.004413793103448276,0.01186206896551724,0.006,122805,95211,122033.89830508473
396078,259505,0.004413793103448276,0.01186206896551724,0.009,119665,83925,122033.89830508473
404970,242107,0.004413793103448276,0.01186206896551724,0.012,123388,75038,122033.89830508473
412192,249126,0.004413793103448276,0.01186206896551724,0.015,120557,67814,122033.89830508473
386625,267659,0.004413793103448276,0.012275862068965518,0.006,118267,93385,119008.26446280991
397630,269047,0.004413793103448276,0.012275862068965518,0.009,115737,82379,119008.26446280991
406099,262559,0.004413793103448276,0.012275862068965518,0.012,116109,73908,119008.26446280991
413082,258723,0.004413793103448276,0.012275862068965518,0.015,116319,66920,119008.26446280991
388348,277560,0.004413793103448276,0.012689655172413793,0.006,114533,91653,116129.03225806453
398878,270828,0.004413793103448276,0.012689655172413793,0.009,113841,81132,116129.03225806453
407265,260364,0.004413793103448276,0.012689655172413793,0.012,115637,72737,116129.03225806453
414024,261889,0.004413793103448276,0.012689655172413793,0.015,114278,65976,116129.03225806453
389804,277220,0.004413793103448276,0.01310344827586207,0.006,112876,90204,113385.82677165353
400150,275479,0.004413793103448276,0.01310344827586207,0.009,111336,79860,113385.82677165353
408161,262854,0.004413793103448276,0.01310344827586207,0.012,113703,71848,113385.82677165353
414804,270669,0.004413793103448276,0.01310344827586207,0.015,110571,65204,113385.82677165353
391476,284031,0.004413793103448276,0.013517241379310345,0.006,109968,88534,110769.23076923078
401328,280862,0.004413793103448276,0.013517241379310345,0.009,108804,78682,110769.23076923078
409305,282166,0.004413793103448276,0.013517241379310345,0.012,107119,70702,110769.23076923078
415633,275173,0.004413793103448276,0.013517241379310345,0.015,108125,64377,110769.23076923078
392856,281620,0.004413793103448276,0.01393103448275862,0.006,108831,87152,108270.67669172933
402437,279657,0.004413793103448276,0.01393103448275862,0.009,107825,77566,108270.67669172933
410156,278664,0.004413793103448276,0.01393103448275862,0.012,106922,69854,108270.67669172933
416345,279522,0.004413793103448276,0.01393103448275862,0.015,105936,63663,108270.67669172933
394523,289380,0.004413793103448276,0.014344827586206896,0.006,105942,85487,105882.35294117646
403589,292795,0.004413793103448276,0.014344827586206896,0.009,103262,76420,105882.35294117646
411102,288295,0.004413793103448276,0.014344827586206896,0.012,103249,68898,105882.35294117646
417179,283335,0.004413793103448276,0.014344827586206896,0.015,103741,62829,105882.35294117646
395749,291655,0.004413793103448276,0.014758620689655172,0.006,104126,84259,103597.12230215827
404741,296191,0.004413793103448276,0.014758620689655172,0.009,101467,75268,103597.12230215827
412124,292218,0.004413793103448276,0.014758620689655172,0.012,101193,67883,103597.12230215827
418006,288927,0.004413793103448276,0.014758620689655172,0.015,101265,61994,103597.12230215827
397118,285768,0.004413793103448276,0.015172413793103448,0.006,103852,82891,101408.45070422534
405980,301591,0.004413793103448276,0.015172413793103448,0.009,98903,74027,101408.45070422534
412844,285947,0.004413793103448276,0.015172413793103448,0.012,101858,67165,101408.45070422534
418699,294223,0.004413793103448276,0.015172413793103448,0.015,98832,61310,101408.45070422534
398406,294405,0.004413793103448276,0.015586206896551724,0.006,101045,81602,99310.3448275862
406895,301622,0.004413793103448276,0.015586206896551724,0.009,97973,73113,99310.3448275862
413752,303814,0.004413793103448276,0.015586206896551724,0.012,96190,66257,99310.3448275862
419359,299366,0.004413793103448276,0.015586206896551724,0.015,96459,60650,99310.3448275862
399721,301092,0.004413793103448276,0.016,0.006,98459,80285,97297.2972972973
407945,310019,0.004413793103448276,0.016,0.009,94815,72065,97297.2972972973
414679,298656,0.004413793103448276,0.016,0.012,96636,65331,97297.2972972973
420139,303241,0.004413793103448276,0.016,0.015,94544,59871,97297.2972972973
323565,20291,0.004827586206896552,0.004,0.006,243604,156440,246093.75
349942,18765,0.004827586206896552,0.004,0.009,240969,130060,246093.75
368749,13742,0.004827586206896552,0.004,0.012,240833,111251,246093.75
382686,29234,0.004827586206896552,0.004,0.015,233670,97323,246093.75
327766,21634,0.004827586206896552,0.004413793103448276,0.006,238493,152238,235074.62686567166
353005,25424,0.004827586206896552,0.004413793103448276,0.009,235105,127005,235074.62686567166
370983,24446,0.004827586206896552,0.004413793103448276,0.012,234075,109020,235074.62686567166
384278,34918,0.004827586206896552,0.004413793103448276,0.015,229027,95726,235074.62686567166
331844,31147,0.004827586206896552,0.004827586206896552,0.006,231261,148158,225000.0
355702,34290,0.004827586206896552,0.004827586206896552,0.009,228716,124307,225000.0
373080,32043,0.004827586206896552,0.004827586206896552,0.012,228440,106927,225000.0
385998,41192,0.004827586206896552,0.004827586206896552,0.015,224303,94012,225000.0
335618,76158,0.004827586206896552,0.005241379310344827,0.006,214705,144390,215753.42465753423
358431,60346,0.004827586206896552,0.005241379310344827,0.009,217007,121578,215753.42465753423
375082,59520,0.004827586206896552,0.005241379310344827,0.012,216011,104927,215753.42465753423
387492,57614,0.004827586206896552,0.005241379310344827,0.015,215853,92515,215753.42465753423
339334,99795,0.004827586206896552,0.005655172413793104,0.006,204418,140675,207236.84210526312
361162,99831,0.004827586206896552,0.005655172413793104,0.009,201407,118844,207236.84210526312
376785,91858,0.004827586206896552,0.005655172413793104,0.012,202186,103219,207236.84210526312
388930,88233,0.004827586206896552,0.005655172413793104,0.015,202234,91078,207236.84210526312
342702,115944,0.004827586206896552,0.006068965517241379,0.006,196608,137306,199367.08860759495
363575,118827,0.004827586206896552,0.006068965517241379,0.009,192536,116435,199367.08860759495
378646,102274,0.004827586206896552,0.006068965517241379,0.012,196143,101358,199367.08860759495
390443,102098,0.004827586206896552,0.006068965517241379,0.015,195148,89560,199367.08860759495
346030,132511,0.004827586206896552,0.006482758620689655,0.006,188685,133978,192073.1707317073
366002,118171,0.004827586206896552,0.006482758620689655,0.009,190007,114005,192073.1707317073
380648,122755,0.004827586206896552,0.006482758620689655,0.012,186905,99362,192073.1707317073
391853,118190,0.004827586206896552,0.006482758620689655,0.015,187309,88154,192073.1707317073
349260,144278,0.004827586206896552,0.006896551724137931,0.006,182494,130750,185294.1176470588
368097,140414,0.004827586206896552,0.006896551724137931,0.009,180723,111911,185294.1176470588
382184,134147,0.004827586206896552,0.006896551724137931,0.012,180946,97825,185294.1176470588
393224,130746,0.004827586206896552,0.006896551724137931,0.015,180980,86779,185294.1176470588
352128,152864,0.004827586206896552,0.007310344827586207,0.006,177135,127878,178977.2727272727
370277,151920,0.004827586206896552,0.007310344827586207,0.009,174723,109731,178977.2727272727
383955,149065,0.004827586206896552,0.007310344827586207,0.012,173853,96054,178977.2727272727
394486,137971,0.004827586206896552,0.007310344827586207,0.015,176643,85523,178977.2727272727
354951,162249,0.004827586206896552,0.007724137931034483,0.006,172082,125057,173076.9230769231
372334,157452,0.004827586206896552,0.007724137931034483,0.009,170743,107668,173076.9230769231
385498,157820,0.004827586206896552,0.007724137931034483,0.012,168979,94510,173076.9230769231
395837,151627,0.004827586206896552,0.007724137931034483,0.015,170069,84170,173076.9230769231
357699,166231,0.004827586206896552,0.008137931034482758,0.006,168118,122309,167553.1914893617
374418,169765,0.004827586206896552,0.008137931034482758,0.009,164962,105589,167553.1914893617
387274,170029,0.004827586206896552,0.008137931034482758,0.012,163220,92733,167553.1914893617
397221,166056,0.004827586206896552,0.008137931034482758,0.015,163361,82786,167553.1914893617
360316,178730,0.004827586206896552,0.008551724137931035,0.006,162382,119690,162371.13402061857
376377,183210,0.004827586206896552,0.008551724137931035,0.009,158792,103630,162371.13402061857
388625,179033,0.004827586206896552,0.008551724137931035,0.012,158546,91382,162371.13402061857
398432,180101,0.004827586206896552,0.008551724137931035,0.015,157020,81578,162371.13402061857
362995,188808,0.004827586206896552,0.00896551724137931,0.006,157562,117007,157500.0
378248,190572,0.004827586206896552,0.00896551724137931,0.009,154645,101760,157500.0
390079,182704,0.004827586206896552,0.00896551724137931,0.012,155505,89930,157500.0
399458,185424,0.004827586206896552,0.00896551724137931,0.015,153692,80552,157500.0
365227,184389,0.004827586206896552,0.009379310344827585,0.006,155966,114779,152912.62135922333
380030,192424,0.004827586206896552,0.009379310344827585,0.009,152297,99978,152912.62135922333
391500,195132,0.004827586206896552,0.009379310344827585,0.012,150061,88506,152912.62135922333
400660,193868,0.004827586206896552,0.009379310344827585,0.015,149298,79350,152912.62135922333
367456,200895,0.004827586206896552,0.009793103448275862,0.006,149960,112548,148584.90566037735
381808,207769,0.004827586206896552,0.009793103448275862,0.009,146150,98201,148584.90566037735
392875,193930,0.004827586206896552,0.009793103448275862,0.012,148712,87131,148584.90566037735
401649,204875,0.004827586206896552,0.009793103448275862,0.015,144319,78360,148584.90566037735
369914,219557,0.004827586206896552,0.010206896551724139,0.006,143495,110088,144495.4128440367
383609,209137,0.004827586206896552,0.010206896551724139,0.009,143786,96399,144495.4128440367
394246,214263,0.004827586206896552,0.010206896551724139,0.012,140872,85764,144495.4128440367
402922,217569,0.004827586206896552,0.010206896551724139,0.015,138760,77082,144495.4128440367
372004,213457,0.004827586206896552,0.010620689655172414,0.006,142769,108006,140625.00000000003
385265,223796,0.004827586206896552,0.010620689655172414,0.009,138104,94739,140625.00000000003
395669,222637,0.004827586206896552,0.010620689655172414,0.012,136929,84338,140625.00000000003
403773,217276,0.004827586206896552,0.010620689655172414,0.015,137580,76237,140625.00000000003
374106,207210,0.004827586206896552,0.011034482758620689,0.006,141866,105898,136956.52173913043
386724,233502,0.004827586206896552,0.011034482758620689,0.009,133794,93283,136956.52173913043
396900,224337,0.004827586206896552,0.011034482758620689,0.012,134936,83102,136956.52173913043
404826,225037,0.004827586206896552,0.011034482758620689,0.015,133833,75177,136956.52173913043
375938,235253,0.004827586206896552,0.011448275862068966,0.006,133898,104062,133474.57627118647
388235,237876,0.004827586206896552,0.011448275862068966,0.009,131168,91774,133474.57627118647
397971,228389,0.004827586206896552,0.011448275862068966,0.012,132439,82038,133474.57627118647
405831,231901,0.004827586206896552,0.011448275862068966,0.015,130255,74178,133474.57627118647
377717,239238,0.004827586206896552,0.01186206896551724,0.006,130980,102289,130165.28925619833
389662,248983,0.004827586206896552,0.01186206896551724,0.009,126596,90343,130165.28925619833
399305,250931,0.004827586206896552,0.01186206896551724,0.012,124436,80705,130165.28925619833
406831,243651,0.004827586206896552,0.01186206896551724,0.015,125348,73177,130165.28925619833
379621,251466,0.004827586206896552,0.012275862068965518,0.006,126788,100386,127016.12903225805
391184,257225,0.004827586206896552,0.012275862068965518,0.009,122915,88816,127016.12903225805
400429,239426,0.004827586206896552,0.012275862068965518,0.012,126483,79573,127016.12903225805
407809,247823,0.004827586206896552,0.012275862068965518,0.015,123072,72201,127016.12903225805
381436,253828,0.004827586206896552,0.012689655172413793,0.006,124407,98574,124015.74803149607
392553,262469,0.004827586206896552,0.012689655172413793,0.009,120258,87449,124015.74803149607
401439,256584,0.004827586206896552,0.012689655172413793,0.012,120197,78570,124015.74803149607
408787,248741,0.004827586206896552,0.012689655172413793,0.015,121637,71215,124015.74803149607
383066,250064,0.004827586206896552,0.01310344827586207,0.006,123343,96937,121153.84615384616
393827,248954,0.004827586206896552,0.01310344827586207,0.009,122199,86182,121153.84615384616
402520,254496,0.004827586206896552,0.01310344827586207,0.012,119632,77486,121153.84615384616
409549,256607,0.004827586206896552,0.01310344827586207,0.015,118065,70459,121153.84615384616
384732,252250,0.004827586206896552,0.013517241379310345,0.006,121370,95276,118421.05263157896
395256,252342,0.004827586206896552,0.013517241379310345,0.009,120164,84754,118421.05263157896
403571,254860,0.004827586206896552,0.013517241379310345,0.012,118375,76438,118421.05263157896
410513,256356,0.004827586206896552,0.013517241379310345,0.015,117195,69497,118421.05263157896
386264,275525,0.004827586206896552,0.01393103448275862,0.006,115199,93744,115808.82352941178
396461,277262,0.004827586206896552,0.01393103448275862,0.009,112511,83546,115808.82352941178
404595,269126,0.004827586206896552,0.01393103448275862,0.012,113143,75411,115808.82352941178
411255,262042,0.004827586206896552,0.01393103448275862,0.015,114434,68748,115808.82352941178
388035,266499,0.004827586206896552,0.014344827586206896,0.006,115450,91972,113309.35251798562
397807,277859,0.004827586206896552,0.014344827586206896,0.009,111226,82203,113309.35251798562
405681,268369,0.004827586206896552,0.014344827586206896,0.012,112276,74329,113309.35251798562
412187,271041,0.004827586206896552,0.014344827586206896,0.015,110665,67823,113309.35251798562
389384,283466,0.004827586206896552,0.014758620689655172,0.006,110601,90625,110915.49295774648
398947,278085,0.004827586206896552,0.014758620689655172,0.009,110028,81063,110915.49295774648
406712,271901,0.004827586206896552,0.014758620689655172,0.012,110416,73298,110915.49295774648
412895,277381,0.004827586206896552,0.014758620689655172,0.015,107892,67108,110915.49295774648
390792,285157,0.004827586206896552,0.015172413793103448,0.006,108982,89214,108620.6896551724
400041,291167,0.004827586206896552,0.015172413793103448,0.009,105548,79966,108620.6896551724
407465,272771,0.004827586206896552,0.015172413793103448,0.012,109060,72544,108620.6896551724
413875,258157,0.004827586206896552,0.015172413793103448,0.015,112791,66132,108620.6896551724
392190,285421,0.004827586206896552,0.015586206896551724,0.006,107309,87816,106418.91891891892
401127,284287,0.004827586206896552,0.015586206896551724,0.009,106094,78876,106418.91891891892
408468,284356,0.004827586206896552,0.015586206896551724,0.012,105010,71540,106418.91891891892
414501,281490,0.004827586206896552,0.015586206896551724,0.015,104956,65508,106418.91891891892
393650,276167,0.004827586206896552,0.016,0.006,107785,86360,104304.6357615894
402214,269110,0.004827586206896552,0.016,0.009,108545,77794,104304.6357615894
409399,288715,0.004827586206896552,0.016,0.012,102805,70611,104304.6357615894
415339,294249,0.004827586206896552,0.016,0.015,100228,64671,104304.6357615894
314780,15192,0.005241379310344827,0.004,0.006,249703,165225,255223.8805970149
341945,14787,0.005241379310344827,0.004,0.009,245869,138057,255223.8805970149
361643,17603,0.005241379310344827,0.004,0.012,242412,118364,255223.8805970149
376080,20455,0.005241379310344827,0.004,0.015,239589,103923,255223.8805970149
319145,12631,0.005241379310344827,0.004413793103448276,0.006,245562,160860,244285.7142857143
345197,18016,0.005241379310344827,0.004413793103448276,0.009,241182,134804,244285.7142857143
363849,18931,0.005241379310344827,0.004413793103448276,0.012,238942,116161,244285.7142857143
377939,15304,0.005241379310344827,0.004413793103448276,0.015,239040,102071,244285.7142857143
323293,24723,0.005241379310344827,0.004827586206896552,0.006,237744,156713,234246.57534246575
348132,18832,0.005241379310344827,0.004827586206896552,0.009,237421,131871,234246.57534246575
366075,25324,0.005241379310344827,0.004827586206896552,0.012,233855,113928,234246.57534246575
379565,27242,0.005241379310344827,0.004827586206896552,0.015,232130,100443,234246.57534246575
327408,29624,0.005241379310344827,0.005241379310344827,0.006,231988,152599,225000.0
350757,35787,0.005241379310344827,0.005241379310344827,0.009,228614,129246,225000.0
368149,29222,0.005241379310344827,0.005241379310344827,0.012,229662,111852,225000.0
381149,34558,0.005241379310344827,0.005241379310344827,0.015,227044,98854,225000.0
330962,67644,0.005241379310344827,0.005655172413793104,0.006,217932,149045,216455.69620253163
353448,68433,0.005241379310344827,0.005655172413793104,0.009,215149,126558,216455.69620253163
370003,69049,0.005241379310344827,0.005655172413793104,0.012,213314,110006,216455.69620253163
382864,60964,0.005241379310344827,0.005655172413793104,0.015,215115,97136,216455.69620253163
334623,99145,0.005241379310344827,0.006068965517241379,0.006,205945,145382,208536.58536585365
356104,90294,0.005241379310344827,0.006068965517241379,0.009,205297,123896,208536.58536585365
371924,84506,0.005241379310344827,0.006068965517241379,0.012,205569,108080,208536.58536585365
384412,88791,0.005241379310344827,0.006068965517241379,0.015,202784,95588,208536.58536585365
337938,117267,0.005241379310344827,0.006482758620689655,0.006,197694,142068,201176.4705882353
358513,106886,0.005241379310344827,0.006482758620689655,0.009,197450,121495,201176.4705882353
373836,102229,0.005241379310344827,0.006482758620689655,0.012,197153,106172,201176.4705882353
385743,95819,0.005241379310344827,0.006482758620689655,0.015,198246,94265,201176.4705882353
341208,119272,0.005241379310344827,0.006896551724137931,0.006,193777,138795,194318.18181818182
360884,117201,0.005241379310344827,0.006896551724137931,0.009,191690,119122,194318.18181818182
375766,123613,0.005241379310344827,0.006896551724137931,0.012,187863,104244,194318.18181818182
387341,112284,0.005241379310344827,0.006896551724137931,0.015,190409,92660,194318.18181818182
344311,122410,0.005241379310344827,0.007310344827586207,0.006,189774,135697,187912.08791208788
363144,130420,0.005241379310344827,0.007310344827586207,0.009,185117,116864,187912.08791208788
377417,129042,0.005241379310344827,0.007310344827586207,0.012,183896,102591,187912.08791208788
388572,110963,0.005241379310344827,0.007310344827586207,0.015,189094,91436,187912.08791208788
347256,142374,0.005241379310344827,0.007724137931034483,0.006,181877,132752,181914.89361702127
365411,141602,0.005241379310344827,0.007724137931034483,0.009,179496,114598,181914.89361702127
379317,126478,0.005241379310344827,0.007724137931034483,0.012,182652,100690,181914.89361702127
389962,142504,0.005241379310344827,0.007724137931034483,0.015,176203,90046,181914.89361702127
350087,160788,0.005241379310344827,0.008137931034482758,0.006,174584,129919,176288.6597938144
367489,146778,0.005241379310344827,0.008137931034482758,0.009,175596,112517,176288.6597938144
380840,147005,0.005241379310344827,0.008137931034482758,0.012,174028,99170,176288.6597938144
391278,154136,0.005241379310344827,0.008137931034482758,0.015,170483,88724,176288.6597938144
352978,162361,0.005241379310344827,0.008551724137931035,0.006,171355,127027,171000.0
369579,163327,0.005241379310344827,0.008551724137931035,0.009,168623,110430,171000.0
382384,172336,0.005241379310344827,0.008551724137931035,0.012,164123,97624,171000.0
392577,156030,0.005241379310344827,0.008551724137931035,0.015,168235,87423,171000.0
355394,178827,0.005241379310344827,0.00896551724137931,0.006,164971,124612,166019.41747572817
371673,177366,0.005241379310344827,0.00896551724137931,0.009,162597,108334,166019.41747572817
383908,173132,0.005241379310344827,0.00896551724137931,0.012,162051,96098,166019.41747572817
393834,170274,0.005241379310344827,0.00896551724137931,0.015,161806,86176,166019.41747572817
357847,176341,0.005241379310344827,0.009379310344827585,0.006,162925,122161,161320.75471698112
373364,189986,0.005241379310344827,0.009379310344827585,0.009,157036,106644,161320.75471698112
385420,182645,0.005241379310344827,0.009379310344827585,0.012,157350,94587,161320.75471698112
395000,179491,0.005241379310344827,0.009379310344827585,0.015,157290,85009,161320.75471698112
360442,194079,0.005241379310344827,0.009793103448275862,0.006,156331,119558,156880.73394495412
375232,198715,0.005241379310344827,0.009793103448275862,0.009,152616,104775,156880.73394495412
386874,189254,0.005241379310344827,0.009793103448275862,0.012,153635,93132,156880.73394495412
396172,192186,0.005241379310344827,0.009793103448275862,0.015,151549,83834,156880.73394495412
362794,196818,0.005241379310344827,0.010206896551724139,0.006,153442,117211,152678.57142857142
377181,189815,0.005241379310344827,0.010206896551724139,0.009,153269,102826,152678.57142857142
388342,196571,0.005241379310344827,0.010206896551724139,0.012,149923,91668,152678.57142857142
397321,183022,0.005241379310344827,0.010206896551724139,0.015,153195,82686,152678.57142857142
364964,205825,0.005241379310344827,0.010620689655172414,0.006,149205,115046,148695.65217391308
378685,202588,0.005241379310344827,0.010620689655172414,0.009,147854,101323,148695.65217391308
389692,189698,0.005241379310344827,0.010620689655172414,0.012,150322,90318,148695.65217391308
398413,204909,0.005241379310344827,0.010620689655172414,0.015,144592,81593,148695.65217391308
366964,204128,0.005241379310344827,0.011034482758620689,0.006,147546,113043,144915.25423728817
380382,212627,0.005241379310344827,0.011034482758620689,0.009,143517,99621,144915.25423728817
390983,211921,0.005241379310344827,0.011034482758620689,0.012,142280,89018,144915.25423728817
399518,207983,0.005241379310344827,0.011034482758620689,0.015,142398,80491,144915.25423728817
368998,215707,0.005241379310344827,0.011448275862068966,0.006,142894,111010,141322.31404958677
382025,201458,0.005241379310344827,0.011448275862068966,0.009,144745,97975,141322.31404958677
392236,218068,0.005241379310344827,0.011448275862068966,0.012,139000,87770,141322.31404958677
400641,212784,0.005241379310344827,0.011448275862068966,0.015,139584,79369,141322.31404958677
371023,214820,0.005241379310344827,0.01186206896551724,0.006,140959,108983,137903.22580645158
383706,228843,0.005241379310344827,0.01186206896551724,0.009,135865,96301,137903.22580645158
393441,227312,0.005241379310344827,0.01186206896551724,0.012,134783,86568,137903.22580645158
401568,222812,0.005241379310344827,0.01186206896551724,0.015,135143,78435,137903.22580645158
373025,242517,0.005241379310344827,0.012275862068965518,0.006,133358,106985,134645.6692913386
385213,233142,0.005241379310344827,0.012275862068965518,0.009,133268,94794,134645.6692913386
394660,219548,0.005241379310344827,0.012275862068965518,0.012,135796,85349,134645.6692913386
402558,225868,0.005241379310344827,0.012275862068965518,0.015,132982,77450,134645.6692913386
374760,237571,0.005241379310344827,0.012689655172413793,0.006,132505,105243,131538.46153846156
386554,241767,0.005241379310344827,0.012689655172413793,0.009,129512,93446,131538.46153846156
395969,235064,0.005241379310344827,0.012689655172413793,0.012,129870,84031,131538.46153846156
403591,207471,0.005241379310344827,0.012689655172413793,0.015,137665,76419,131538.46153846156
376568,247142,0.005241379310344827,0.01310344827586207,0.006,128912,103438,128571.42857142857
387891,244434,0.005241379310344827,0.01310344827586207,0.009,127501,92117,128571.42857142857
397167,238845,0.005241379310344827,0.01310344827586207,0.012,127620,82841,128571.42857142857
404623,244838,0.005241379310344827,0.01310344827586207,0.015,124787,75384,128571.42857142857
378250,246480,0.005241379310344827,0.013517241379310345,0.006,127155,101755,125735.29411764705
389365,261634,0.005241379310344827,0.013517241379310345,0.009,121782,90645,125735.29411764705
398194,246858,0.005241379310344827,0.013517241379310345,0.012,124119,81806,125735.29411764705
405414,242108,0.005241379310344827,0.013517241379310345,0.015,124629,74594,125735.29411764705
380111,255754,0.005241379310344827,0.01393103448275862,0.006,123894,99899,123021.58273381295
390620,265535,0.005241379310344827,0.01393103448275862,0.009,119587,89386,123021.58273381295
399184,248607,0.005241379310344827,0.01393103448275862,0.012,122530,80821,123021.58273381295
406420,250731,0.005241379310344827,0.01393103448275862,0.015,120929,73590,123021.58273381295
381590,260111,0.005241379310344827,0.014344827586206896,0.006,121289,98418,120422.5352112676
391937,258860,0.005241379310344827,0.014344827586206896,0.009,119738,88064,120422.5352112676
400259,263689,0.005241379310344827,0.014344827586206896,0.012,117131,79749,120422.5352112676
407227,257704,0.005241379310344827,0.014344827586206896,0.015,117899,72783,120422.5352112676
383168,267516,0.005241379310344827,0.014758620689655172,0.006,118367,96839,117931.03448275861
393245,269516,0.005241379310344827,0.014758620689655172,0.009,115852,86765,117931.03448275861
401316,269008,0.005241379310344827,0.014758620689655172,0.012,114609,78690,117931.03448275861
408195,263099,0.005241379310344827,0.014758620689655172,0.015,115224,71812,117931.03448275861
384685,275299,0.005241379310344827,0.015172413793103448,0.006,115399,95322,115540.54054054052
394445,260537,0.005241379310344827,0.015172413793103448,0.009,116920,85565,115540.54054054052
402363,263473,0.005241379310344827,0.015172413793103448,0.012,115044,77647,115540.54054054052
409035,268397,0.005241379310344827,0.015172413793103448,0.015,112673,70973,115540.54054054052
386143,260685,0.005241379310344827,0.015586206896551724,0.006,116608,93863,113245.03311258278
395599,257835,0.005241379310344827,0.015586206896551724,0.009,116285,84408,113245.03311258278
403255,269183,0.005241379310344827,0.015586206896551724,0.012,112508,76754,113245.03311258278
409707,269551,0.005241379310344827,0.015586206896551724,0.015,111518,70302,113245.03311258278
387547,285802,0.005241379310344827,0.016,0.006,110819,92461,111038.96103896102
396736,288183,0.005241379310344827,0.016,0.009,107992,83270,111038.96103896102
404253,274350,0.005241379310344827,0.016,0.012,109981,75756,111038.96103896102
410540,290477,0.005241379310344827,0.016,0.015,104477,69469,111038.96103896102
306523,10605,0.005655172413793104,0.004,0.006,255291,173480,263571.4285714285
334571,17362,0.005655172413793104,0.004,0.009,248513,145432,263571.4285714285
354554,17009,0.005655172413793104,0.004,0.012,245538,125452,263571.4285714285
369820,19090,0.005655172413793104,0.004,0.015,242568,110187,263571.4285714285
310925,10804,0.005655172413793104,0.004413793103448276,0.006,250500,169080,252739.7260273973
337723,17027,0.005655172413793104,0.004413793103448276,0.009,245008,142284,252739.7260273973
356910,20861,0.005655172413793104,0.004413793103448276,0.012,241206,123097,252739.7260273973
371730,25204,0.005655172413793104,0.004413793103448276,0.015,237795,108270,252739.7260273973
315189,10129,0.005655172413793104,0.004827586206896552,0.006,245992,164817,242763.15789473685
340735,23356,0.005655172413793104,0.004827586206896552,0.009,239405,139267,242763.15789473685
359280,24337,0.005655172413793104,0.004827586206896552,0.012,237132,120730,242763.15789473685
373486,23611,0.005655172413793104,0.004827586206896552,0.015,235962,106524,242763.15789473685
319385,29857,0.005655172413793104,0.005241379310344827,0.006,236392,160615,233544.30379746837
343412,23690,0.005655172413793104,0.005241379310344827,0.009,235947,136595,233544.30379746837
361513,32202,0.005655172413793104,0.005241379310344827,0.012,231618,118496,233544.30379746837
375103,28525,0.005655172413793104,0.005241379310344827,0.015,231761,104905,233544.30379746837
323114,36542,0.005655172413793104,0.005655172413793104,0.006,230519,156894,225000.0
346353,32637,0.005655172413793104,0.005655172413793104,0.009,229827,133657,225000.0
363425,43363,0.005655172413793104,0.005655172413793104,0.012,225121,116579,225000.0
376748,45095,0.005655172413793104,0.005655172413793104,0.015,223451,103258,225000.0
326728,63440,0.005655172413793104,0.006068965517241379,0.006,219735,153278,217058.82352941178
348988,59477,0.005655172413793104,0.006068965517241379,0.009,218503,131012,217058.82352941178
365434,77201,0.005655172413793104,0.006068965517241379,0.012,211103,114573,217058.82352941178
378374,63404,0.005655172413793104,0.006068965517241379,0.015,214677,101635,217058.82352941178
330227,93602,0.005655172413793104,0.006482758620689655,0.006,208347,149775,209659.0909090909
351529,82540,0.005655172413793104,0.006482758620689655,0.009,208604,128471,209659.0909090909
367463,84019,0.005655172413793104,0.006482758620689655,0.012,206410,112544,209659.0909090909
380054,85202,0.005655172413793104,0.006482758620689655,0.015,204806,99953,209659.0909090909
333566,118212,0.005655172413793104,0.006896551724137931,0.006,198803,146440,202747.25274725276
353954,102765,0.005655172413793104,0.006896551724137931,0.009,199892,126049,202747.25274725276
369495,106187,0.005655172413793104,0.006896551724137931,0.012,196878,110506,202747.25274725276
381418,100319,0.005655172413793104,0.006896551724137931,0.015,197492,98591,202747.25274725276
336754,117523,0.005655172413793104,0.007310344827586207,0.006,195869,143251,196276.59574468085
356499,121964,0.005655172413793104,0.007310344827586207,0.009,191506,123504,196276.59574468085
371192,107836,0.005655172413793104,0.007310344827586207,0.012,194029,108816,196276.59574468085
382977,112452,0.005655172413793104,0.007310344827586207,0.015,191273,97024,196276.59574468085
339857,136439,0.005655172413793104,0.007724137931034483,0.006,187992,140151,190206.1855670103
358692,129257,0.005655172413793104,0.007724137931034483,0.009,186969,121318,190206.1855670103
372953,128421,0.005655172413793104,0.007724137931034483,0.012,185351,107055,190206.1855670103
384290,125880,0.005655172413793104,0.007724137931034483,0.015,184841,95717,190206.1855670103
342943,146044,0.005655172413793104,0.008137931034482758,0.006,182886,137060,184500.0
360821,142564,0.005655172413793104,0.008137931034482758,0.009,180838,119185,184500.0
374632,136840,0.005655172413793104,0.008137931034482758,0.012,180647,105373,184500.0
385719,133838,0.005655172413793104,0.008137931034482758,0.015,180356,94291,184500.0
345623,153291,0.005655172413793104,0.008551724137931035,0.006,178225,134386,179126.21359223302
362947,155909,0.005655172413793104,0.008551724137931035,0.009,174716,117060,179126.21359223302
376358,149337,0.005655172413793104,0.008551724137931035,0.012,174714,103651,179126.21359223302
387127,145944,0.005655172413793104,0.008551724137931035,0.015,174546,92876,179126.21359223302
348444,163645,0.005655172413793104,0.00896551724137931,0.006,173082,131563,174056.60377358494
365154,156409,0.005655172413793104,0.00896551724137931,0.009,172286,114853,174056.60377358494
377963,157474,0.005655172413793104,0.00896551724137931,0.012,170425,102044,174056.60377358494
388362,153203,0.005655172413793104,0.00896551724137931,0.015,170514,91648,174056.60377358494
350932,172096,0.005655172413793104,0.009379310344827585,0.006,168588,129078,169266.0550458716
366916,169239,0.005655172413793104,0.009379310344827585,0.009,166755,113093,169266.0550458716
379661,168092,0.005655172413793104,0.009379310344827585,0.012,165240,100342,169266.0550458716
389606,169143,0.005655172413793104,0.009379310344827585,0.015,163606,90404,169266.0550458716
353363,185056,0.005655172413793104,0.009793103448275862,0.006,163195,126645,164732.14285714284
368882,166728,0.005655172413793104,0.009793103448275862,0.009,165320,111126,164732.14285714284
380982,176189,0.005655172413793104,0.009793103448275862,0.012,161128,99026,164732.14285714284
390788,170693,0.005655172413793104,0.009793103448275862,0.015,161598,89221,164732.14285714284
355744,193599,0.005655172413793104,0.010206896551724139,0.006,159134,124262,160434.78260869565
370736,189828,0.005655172413793104,0.010206896551724139,0.009,157076,109272,160434.78260869565
382503,185898,0.005655172413793104,0.010206896551724139,0.012,156538,97503,160434.78260869565
392034,181485,0.005655172413793104,0.010206896551724139,0.015,156620,87976,160434.78260869565
358049,174801,0.005655172413793104,0.010620689655172414,0.006,160684,121957,156355.93220338985
372489,198265,0.005655172413793104,0.010620689655172414,0.009,152982,107519,156355.93220338985
384025,186113,0.005655172413793104,0.010620689655172414,0.012,154814,95975,156355.93220338985
393189,187425,0.005655172413793104,0.010620689655172414,0.015,153348,86821,156355.93220338985
360340,180666,0.005655172413793104,0.011034482758620689,0.006,157101,119669,152479.33884297524
374399,201706,0.005655172413793104,0.011034482758620689,0.009,150254,105610,152479.33884297524
385458,203716,0.005655172413793104,0.011034482758620689,0.012,148047,94551,152479.33884297524
394398,203689,0.005655172413793104,0.011034482758620689,0.015,146756,85604,152479.33884297524
362368,194865,0.005655172413793104,0.011448275862068966,0.006,151916,117639,148790.32258064515
375940,196590,0.005655172413793104,0.011448275862068966,0.009,149841,104067,148790.32258064515
386670,211084,0.005655172413793104,0.011448275862068966,0.012,144375,93336,148790.32258064515
395442,204632,0.005655172413793104,0.011448275862068966,0.015,145182,84558,148790.32258064515
364492,213556,0.005655172413793104,0.01186206896551724,0.006,146150,115514,145275.5905511811
377562,178260,0.005655172413793104,0.01186206896551724,0.009,152855,102445,145275.5905511811
387942,205299,0.005655172413793104,0.01186206896551724,0.012,144608,92066,145275.5905511811
396470,209588,0.005655172413793104,0.01186206896551724,0.015,142349,83537,145275.5905511811
366625,219294,0.005655172413793104,0.012275862068965518,0.006,142900,113385,141923.07692307694
379133,221157,0.005655172413793104,0.012275862068965518,0.009,140323,100873,141923.07692307694
389193,197036,0.005655172413793104,0.012275862068965518,0.012,145593,90816,141923.07692307694
397607,212353,0.005655172413793104,0.012275862068965518,0.015,140264,82403,141923.07692307694
368370,223488,0.005655172413793104,0.012689655172413793,0.006,140108,111638,138721.80451127823
380734,221014,0.005655172413793104,0.012689655172413793,0.009,138806,99276,138721.80451127823
390443,215715,0.005655172413793104,0.012689655172413793,0.012,138892,89561,138721.80451127823
398498,220145,0.005655172413793104,0.012689655172413793,0.015,136595,81511,138721.80451127823
370391,231350,0.005655172413793104,0.01310344827586207,0.006,136694,109619,135661.76470588235
382151,231675,0.005655172413793104,0.01310344827586207,0.009,134475,97852,135661.76470588235
391681,233151,0.005655172413793104,0.01310344827586207,0.012,132578,88329,135661.76470588235
399513,228250,0.005655172413793104,0.01310344827586207,0.015,132989,80495,135661.76470588235
372087,241857,0.005655172413793104,0.013517241379310345,0.006,132933,107919,132733.8129496403
383669,226955,0.005655172413793104,0.013517241379310345,0.009,134120,96335,132733.8129496403
392816,238709,0.005655172413793104,0.013517241379310345,0.012,129834,87193,132733.8129496403
400461,235943,0.005655172413793104,0.013517241379310345,0.015,129441,79548,132733.8129496403
373772,245711,0.005655172413793104,0.01393103448275862,0.006,130255,106231,129929.57746478874
384975,244076,0.005655172413793104,0.01393103448275862,0.009,128562,95032,129929.57746478874
394009,241161,0.005655172413793104,0.01393103448275862,0.012,127792,85998,129929.57746478874
401441,239504,0.005655172413793104,0.01393103448275862,0.015,127368,78568,129929.57746478874
375584,251276,0.005655172413793104,0.014344827586206896,0.006,127595,104416,127241.37931034484
386397,255308,0.005655172413793104,0.014344827586206896,0.009,124536,93603,127241.37931034484
395118,248971,0.005655172413793104,0.014344827586206896,0.012,124531,84888,127241.37931034484
402391,246521,0.005655172413793104,0.014344827586206896,0.015,124209,77619,127241.37931034484
377264,230079,0.005655172413793104,0.014758620689655172,0.006,129872,102736,124662.16216216217
387661,242668,0.005655172413793104,0.014758620689655172,0.009,126103,92348,124662.16216216217
396333,258348,0.005655172413793104,0.014758620689655172,0.012,120924,83673,124662.16216216217
403287,252005,0.005655172413793104,0.014758620689655172,0.015,121478,76720,124662.16216216217
378745,275135,0.005655172413793104,0.015172413793103448,0.006,120086,101258,122185.43046357617
388973,257320,0.005655172413793104,0.015172413793103448,0.009,121460,91037,122185.43046357617
397299,261400,0.005655172413793104,0.015172413793103448,0.012,118869,82701,122185.43046357617
404190,256221,0.005655172413793104,0.015172413793103448,0.015,119272,75819,122185.43046357617
380258,262967,0.005655172413793104,0.015586206896551724,0.006,120848,99750,119805.19480519481
390190,251111,0.005655172413793104,0.015586206896551724,0.009,121593,89819,119805.19480519481
398310,262984,0.005655172413793104,0.015586206896551724,0.012,117488,81700,119805.19480519481
405046,249286,0.005655172413793104,0.015586206896551724,0.015,120374,74956,119805.19480519481
381785,245897,0.005655172413793104,0.016,0.006,122362,98222,117515.92356687896
391385,268557,0.005655172413793104,0.016,0.009,116359,88623,117515.92356687896
399367,263345,0.005655172413793104,0.016,0.012,116309,80643,117515.92356687896
405872,267654,0.005655172413793104,0.016,0.015,114095,74136,117515.92356687896
298572,12484,0.006068965517241379,0.004,0.006,258903,181433,271232.87671232875
327116,12261,0.006068965517241379,0.004,0.009,253610,152888,271232.87671232875
348014,15203,0.006068965517241379,0.004,0.012,248961,131996,271232.87671232875
363702,19141,0.006068965517241379,0.004,0.015,244972,116306,271232.87671232875
303152,14527,0.006068965517241379,0.004413793103448276,0.006,253673,176849,260526.31578947365
330358,18721,0.006068965517241379,0.004413793103448276,0.009,247828,149647,260526.31578947365
350313,16405,0.006068965517241379,0.004413793103448276,0.012,245591,129695,260526.31578947365
365662,20544,0.006068965517241379,0.004413793103448276,0.015,241945,114338,260526.31578947365
307433,15635,0.006068965517241379,0.004827586206896552,0.006,248809,172573,250632.9113924051
333523,17366,0.006068965517241379,0.004827586206896552,0.009,244726,146486,250632.9113924051
352645,19232,0.006068965517241379,0.004827586206896552,0.012,241709,127363,250632.9113924051
367578,15406,0.006068965517241379,0.004827586206896552,0.015,241417,112429,250632.9113924051
311786,6154,0.006068965517241379,0.005241379310344827,0.006,246837,168220,241463.41463414635
336499,10006,0.006068965517241379,0.005241379310344827,0.009,243533,143503,241463.41463414635
354938,21927,0.006068965517241379,0.005241379310344827,0.012,237992,125067,241463.41463414635
369321,21897,0.006068965517241379,0.005241379310344827,0.015,236659,110689,241463.41463414635
315614,10136,0.006068965517241379,0.005655172413793104,0.006,241527,164395,232941.17647058822
339410,27872,0.006068965517241379,0.005655172413793104,0.009,234780,140599,232941.17647058822
357198,25386,0.006068965517241379,0.005655172413793104,0.012,234046,122806,232941.17647058822
371067,32007,0.006068965517241379,0.005655172413793104,0.015,230674,108940,232941.17647058822
319279,52782,0.006068965517241379,0.006068965517241379,0.006,226790,160727,225000.0
342092,46883,0.006068965517241379,0.006068965517241379,0.009,225856,137913,225000.0
359361,40425,0.006068965517241379,0.006068965517241379,0.012,226403,120641,225000.0
372725,30595,0.006068965517241379,0.006068965517241379,0.015,228944,107278,225000.0
322845,71583,0.006068965517241379,0.006482758620689655,0.006,218316,157160,217582.41758241755
344683,66887,0.006068965517241379,0.006482758620689655,0.009,216959,135321,217582.41758241755
361265,61416,0.006068965517241379,0.006482758620689655,0.012,216993,118738,217582.41758241755
374196,61286,0.006068965517241379,0.006482758620689655,0.015,215915,105807,217582.41758241755
326471,78363,0.006068965517241379,0.006896551724137931,0.006,213049,153536,210638.29787234042
347282,82668,0.006068965517241379,0.006896551724137931,0.009,209364,132724,210638.29787234042
363390,79346,0.006068965517241379,0.006896551724137931,0.012,208697,116614,210638.29787234042
375802,80497,0.006068965517241379,0.006896551724137931,0.015,207103,104198,210638.29787234042
329736,112625,0.006068965517241379,0.007310344827586207,0.006,201444,150271,204123.71134020618
349711,101333,0.006068965517241379,0.007310344827586207,0.009,201265,130297,204123.71134020618
365163,102502,0.006068965517241379,0.007310344827586207,0.012,198935,114846,204123.71134020618
377285,95913,0.006068965517241379,0.007310344827586207,0.015,199757,102721,204123.71134020618
332711,119370,0.006068965517241379,0.007724137931034483,0.006,196768,147294,197999.99999999994
352099,122201,0.006068965517241379,0.007724137931034483,0.009,192750,127904,197999.99999999994
366984,109594,0.006068965517241379,0.007724137931034483,0.012,194554,113022,197999.99999999994
378752,106148,0.006068965517241379,0.007724137931034483,0.015,194384,101251,197999.99999999994
335738,134058,0.006068965517241379,0.008137931034482758,0.006,190325,144268,192233.0097087379
354442,132992,0.006068965517241379,0.008137931034482758,0.009,187334,125558,192233.0097087379
368769,118770,0.006068965517241379,0.008137931034482758,0.012,189523,111237,192233.0097087379
380351,125730,0.006068965517241379,0.008137931034482758,0.015,185932,99654,192233.0097087379
338631,145081,0.006068965517241379,0.008551724137931035,0.006,184910,141374,186792.45283018865
356541,130067,0.006068965517241379,0.008551724137931035,0.009,185633,123467,186792.45283018865
370502,138967,0.006068965517241379,0.008551724137931035,0.012,181279,109505,186792.45283018865
381594,134273,0.006068965517241379,0.008551724137931035,0.015,181280,98415,186792.45283018865
341590,148918,0.006068965517241379,0.00896551724137931,0.006,181124,138415,181651.37614678897
358709,144110,0.006068965517241379,0.00896551724137931,0.009,179542,121297,181651.37614678897
372163,143435,0.006068965517241379,0.00896551724137931,0.012,177838,107840,181651.37614678897
382942,133558,0.006068965517241379,0.00896551724137931,0.015,179859,97064,181651.37614678897
344261,145824,0.006068965517241379,0.009379310344827585,0.006,179025,135746,176785.7142857143
360717,157777,0.006068965517241379,0.009379310344827585,0.009,173700,119291,176785.7142857143
373767,161562,0.006068965517241379,0.009379310344827585,0.012,170581,106241,176785.7142857143
384271,145723,0.006068965517241379,0.009379310344827585,0.015,174211,95737,176785.7142857143
346741,164632,0.006068965517241379,0.009793103448275862,0.006,172381,133269,172173.91304347824
362751,167679,0.006068965517241379,0.009793103448275862,0.009,168817,117256,172173.91304347824
375377,165808,0.006068965517241379,0.009793103448275862,0.012,167547,104631,172173.91304347824
385553,156213,0.006068965517241379,0.009793103448275862,0.015,169197,94454,172173.91304347824
349286,181188,0.006068965517241379,0.010206896551724139,0.006,166308,130716,167796.6101694915
364822,164925,0.006068965517241379,0.010206896551724139,0.009,167590,115184,167796.6101694915
376932,165506,0.006068965517241379,0.010206896551724139,0.012,165896,103071,167796.6101694915
386850,170475,0.006068965517241379,0.010206896551724139,0.015,163133,93160,167796.6101694915
351694,177640,0.006068965517241379,0.010620689655172414,0.006,164633,128311,163636.36363636362
366531,186194,0.006068965517241379,0.010620689655172414,0.009,160033,113475,163636.36363636362
378391,172479,0.006068965517241379,0.010620689655172414,0.012,162124,101618,163636.36363636362
388016,182597,0.006068965517241379,0.010620689655172414,0.015,157774,91993,163636.36363636362
353813,199885,0.006068965517241379,0.011034482758620689,0.006,157682,126195,159677.41935483873
368320,185838,0.006068965517241379,0.011034482758620689,0.009,158301,111688,159677.41935483873
379839,181964,0.006068965517241379,0.011034482758620689,0.012,157654,100168,159677.41935483873
389222,174146,0.006068965517241379,0.011034482758620689,0.015,159073,90779,159677.41935483873
356207,196742,0.006068965517241379,0.011448275862068966,0.006,156267,123800,155905.51181102358
370067,188350,0.006068965517241379,0.011448275862068966,0.009,155765,109941,155905.51181102358
381190,190711,0.006068965517241379,0.011448275862068966,0.012,153606,98817,155905.51181102358
390429,187100,0.006068965517241379,0.011448275862068966,0.015,153618,89571,155905.51181102358
358135,206196,0.006068965517241379,0.01186206896551724,0.006,152137,121869,152307.69230769228
371786,197911,0.006068965517241379,0.01186206896551724,0.009,151609,108223,152307.69230769228
382603,194874,0.006068965517241379,0.01186206896551724,0.012,150870,97400,152307.69230769228
391488,200717,0.006068965517241379,0.01186206896551724,0.015,148038,88521,152307.69230769228
360258,219055,0.006068965517241379,0.012275862068965518,0.006,147651,119748,148872.18045112782
373544,178252,0.006068965517241379,0.012275862068965518,0.009,154745,106463,148872.18045112782
384071,213009,0.006068965517241379,0.012275862068965518,0.012,144302,95936,148872.18045112782
392658,204632,0.006068965517241379,0.012275862068965518,0.015,145515,87352,148872.18045112782
362259,222904,0.006068965517241379,0.012689655172413793,0.006,144807,117744,145588.23529411768
374933,211089,0.006068965517241379,0.012689655172413793,0.009,144916,105074,145588.23529411768
385320,219165,0.006068965517241379,0.012689655172413793,0.012,141141,94680,145588.23529411768
393661,214758,0.006068965517241379,0.012689655172413793,0.015,141196,86346,145588.23529411768
364247,232193,0.006068965517241379,0.01310344827586207,0.006,141053,115763,142446.04316546762
376543,217760,0.006068965517241379,0.01310344827586207,0.009,141694,103466,142446.04316546762
386473,219551,0.006068965517241379,0.01310344827586207,0.012,139707,93536,142446.04316546762
394703,207869,0.006068965517241379,0.01310344827586207,0.015,142142,85304,142446.04316546762
366067,222513,0.006068965517241379,0.013517241379310345,0.006,141023,113939,139436.61971830984
378163,230870,0.006068965517241379,0.013517241379310345,0.009,137068,101843,139436.61971830984
387664,224472,0.006068965517241379,0.013517241379310345,0.012,137033,92340,139436.61971830984
395718,203418,0.006068965517241379,0.013517241379310345,0.015,142246,84288,139436.61971830984
367841,213060,0.006068965517241379,0.01393103448275862,0.006,141035,112167,136551.72413793104
379603,228307,0.006068965517241379,0.01393103448275862,0.009,136231,100399,136551.72413793104
388899,233612,0.006068965517241379,0.01393103448275862,0.012,133254,91109,136551.72413793104
396709,229760,0.006068965517241379,0.01393103448275862,0.015,133158,83299,136551.72413793104
369586,237104,0.006068965517241379,0.014344827586206896,0.006,134832,110421,133783.7837837838
380959,214168,0.006068965517241379,0.014344827586206896,0.009,138020,99051,133783.7837837838
390073,240575,0.006068965517241379,0.014344827586206896,0.012,130099,89933,133783.7837837838
397803,207676,0.006068965517241379,0.014344827586206896,0.015,138716,82207,133783.7837837838
371304,232588,0.006068965517241379,0.014758620689655172,0.006,133764,108704,131125.82781456952
382265,241372,0.006068965517241379,0.014758620689655172,0.009,130315,97744,131125.82781456952
391158,232929,0.006068965517241379,0.014758620689655172,0.012,130923,88846,131125.82781456952
398761,234048,0.006068965517241379,0.014758620689655172,0.015,129712,81246,131125.82781456952
372993,261952,0.006068965517241379,0.015172413793103448,0.006,127035,107014,128571.42857142857
383614,243556,0.006068965517241379,0.015172413793103448,0.009,128258,96393,128571.42857142857
392267,245223,0.006068965517241379,0.015172413793103448,0.012,126586,87737,128571.42857142857
399551,232378,0.006068965517241379,0.015172413793103448,0.015,129220,80458,128571.42857142857
374683,246022,0.006068965517241379,0.015586206896551724,0.006,128208,105327,126114.64968152867
384908,260245,0.006068965517241379,0.015586206896551724,0.009,123305,95098,126114.64968152867
393509,253016,0.006068965517241379,0.015586206896551724,0.012,123338,86496,126114.64968152867
400472,240557,0.006068965517241379,0.015586206896551724,0.015,125786,79536,126114.64968152867
376287,246135,0.006068965517241379,0.016,0.006,126579,103719,123749.99999999997
386178,257042,0.006068965517241379,0.016,0.009,122605,93830,123749.99999999997
394548,259083,0.006068965517241379,0.016,0.012,120675,85455,123749.99999999997
401419,250644,0.006068965517241379,0.016,0.015,121823,78591,123749.99999999997
291149,8061,0.006482758620689655,0.004,0.006,264179,188857,278289.4736842105
320197,13496,0.006482758620689655,0.004,0.009,256472,159809,278289.4736842105
341630,18219,0.006482758620689655,0.004,0.012,250765,138380,278289.4736842105
357895,17826,0.006482758620689655,0.004,0.015,247875,122105,278289.4736842105
295689,11935,0.006482758620689655,0.004413793103448276,0.006,258448,184314,267721.5189873418
323624,18476,0.006482758620689655,0.004413793103448276,0.009,251200,156384,267721.5189873418
344166,15693,0.006482758620689655,0.004413793103448276,0.012,248608,135838,267721.5189873418
359890,19337,0.006482758620689655,0.004413793103448276,0.015,244847,120119,267721.5189873418
300240,12910,0.006482758620689655,0.004827586206896552,0.006,253589,179767,257926.82926829264
326716,16165,0.006482758620689655,0.004827586206896552,0.009,248403,153287,257926.82926829264
346421,15735,0.006482758620689655,0.004827586206896552,0.012,245686,133585,257926.82926829264
361710,19365,0.006482758620689655,0.004827586206896552,0.015,242376,118300,257926.82926829264
304299,13267,0.006482758620689655,0.005241379310344827,0.006,249065,175706,248823.5294117647
329776,13607,0.006482758620689655,0.005241379310344827,0.009,245757,150232,248823.5294117647
348801,21815,0.006482758620689655,0.005241379310344827,0.012,240798,131208,248823.5294117647
363561,23283,0.006482758620689655,0.005241379310344827,0.015,238529,116449,248823.5294117647
308309,19430,0.006482758620689655,0.005655172413793104,0.006,243280,171696,240340.9090909091
332684,23991,0.006482758620689655,0.005655172413793104,0.009,239282,147321,240340.9090909091
350978,24919,0.006482758620689655,0.005655172413793104,0.012,237040,129024,240340.9090909091
365411,27117,0.006482758620689655,0.005655172413793104,0.015,234821,114596,240340.9090909091
312147,28529,0.006482758620689655,0.006068965517241379,0.006,237009,167857,232417.58241758242
335514,23893,0.006482758620689655,0.006068965517241379,0.009,236077,144492,232417.58241758242
353331,32294,0.006482758620689655,0.006068965517241379,0.012,231968,126673,232417.58241758242
366939,40022,0.006482758620689655,0.006068965517241379,0.015,228016,113065,232417.58241758242
315801,44677,0.006482758620689655,0.006482758620689655,0.006,229190,164204,225000.0
338264,41425,0.006482758620689655,0.006482758620689655,0.009,227807,141738,225000.0
355231,39441,0.006482758620689655,0.006482758620689655,0.012,227016,124777,225000.0
368731,46968,0.006482758620689655,0.006482758620689655,0.015,223403,111278,225000.0
319310,71140,0.006482758620689655,0.006896551724137931,0.006,219214,160695,218041.23711340205
341030,71383,0.006482758620689655,0.006896551724137931,0.009,216171,138976,218041.23711340205
357342,65313,0.006482758620689655,0.006896551724137931,0.012,216228,122667,218041.23711340205
370229,70694,0.006482758620689655,0.006896551724137931,0.015,213033,109778,218041.23711340205
322760,90323,0.006482758620689655,0.007310344827586207,0.006,211242,157240,211500.0
343384,83237,0.006482758620689655,0.007310344827586207,0.009,210050,136621,211500.0
359281,77900,0.006482758620689655,0.007310344827586207,0.012,209887,120725,211500.0
371945,81606,0.006482758620689655,0.007310344827586207,0.015,207365,108065,211500.0
325899,108551,0.006482758620689655,0.007724137931034483,0.006,203629,154106,205339.8058252427
345823,95638,0.006482758620689655,0.007724137931034483,0.009,203943,134180,205339.8058252427
361180,97586,0.006482758620689655,0.007724137931034483,0.012,201406,118828,205339.8058252427
373396,94353,0.006482758620689655,0.007724137931034483,0.015,201021,106610,205339.8058252427
329161,116825,0.006482758620689655,0.008137931034482758,0.006,198678,150846,199528.30188679247
348175,116371,0.006482758620689655,0.008137931034482758,0.009,195512,131831,199528.30188679247
362996,111694,0.006482758620689655,0.008137931034482758,0.012,194783,117009,199528.30188679247
374883,109467,0.006482758620689655,0.008137931034482758,0.015,194121,105125,199528.30188679247
331973,135457,0.006482758620689655,0.008551724137931035,0.006,191514,148033,194036.6972477064
350459,105655,0.006482758620689655,0.008551724137931035,0.009,195974,129549,194036.6972477064
364788,121022,0.006482758620689655,0.008551724137931035,0.012,189922,115220,194036.6972477064
376352,113209,0.006482758620689655,0.008551724137931035,0.015,191037,103648,194036.6972477064
334857,131929,0.006482758620689655,0.00896551724137931,0.006,189278,145152,188839.2857142857
352745,133545,0.006482758620689655,0.00896551724137931,0.009,186076,127255,188839.2857142857
366566,137664,0.006482758620689655,0.00896551724137931,0.012,182799,113441,188839.2857142857
377732,131827,0.006482758620689655,0.00896551724137931,0.015,183120,102271,188839.2857142857
337708,139983,0.006482758620689655,0.009379310344827585,0.006,184887,142300,183913.04347826086
354795,139618,0.006482758620689655,0.009379310344827585,0.009,182133,125214,183913.04347826086
368238,141322,0.006482758620689655,0.009379310344827585,0.012,179778,111770,183913.04347826086
379124,138246,0.006482758620689655,0.009379310344827585,0.015,179443,100884,183913.04347826086
340233,156328,0.006482758620689655,0.009793103448275862,0.006,178494,139774,179237.28813559323
356807,158489,0.006482758620689655,0.009793103448275862,0.009,175012,123199,179237.28813559323
369983,150497,0.006482758620689655,0.009793103448275862,0.012,175290,110027,179237.28813559323
380442,143833,0.006482758620689655,0.009793103448275862,0.015,176009,99561,179237.28813559323
342803,148106,0.006482758620689655,0.010206896551724139,0.006,177729,137199,174793.38842975209
358754,161354,0.006482758620689655,0.010206896551724139,0.009,172214,121248,174793.38842975209
371463,150243,0.006482758620689655,0.010206896551724139,0.012,173500,108545,174793.38842975209
381751,151617,0.006482758620689655,0.010206896551724139,0.015,171895,98255,174793.38842975209
345257,170908,0.006482758620689655,0.010620689655172414,0.006,170461,134744,170564.51612903227
360845,176287,0.006482758620689655,0.010620689655172414,0.009,166298,119165,170564.51612903227
373124,164500,0.006482758620689655,0.010620689655172414,0.012,167595,106884,170564.51612903227
382991,157424,0.006482758620689655,0.010620689655172414,0.015,168582,97017,170564.51612903227
347724,176901,0.006482758620689655,0.011034482758620689,0.006,167000,132277,166535.4330708662
362652,172380,0.006482758620689655,0.011034482758620689,0.009,165352,117358,166535.4330708662
374580,175841,0.006482758620689655,0.011034482758620689,0.012,162613,105430,166535.4330708662
384376,165895,0.006482758620689655,0.011034482758620689,0.015,164445,95631,166535.4330708662
349862,172218,0.006482758620689655,0.011448275862068966,0.006,165618,130146,162692.30769230766
364383,171090,0.006482758620689655,0.011448275862068966,0.009,163836,115623,162692.30769230766
375979,178513,0.006482758620689655,0.011448275862068966,0.012,160320,104030,162692.30769230766
385521,177457,0.006482758620689655,0.011448275862068966,0.015,159431,94489,162692.30769230766
352124,195519,0.006482758620689655,0.01186206896551724,0.006,158753,127885,159022.55639097744
366156,181684,0.006482758620689655,0.01186206896551724,0.009,159315,113853,159022.55639097744
377419,181536,0.006482758620689655,0.01186206896551724,0.012,157880,102590,159022.55639097744
386616,189848,0.006482758620689655,0.01186206896551724,0.015,154160,93390,159022.55639097744
354229,177650,0.006482758620689655,0.012275862068965518,0.006,160127,125774,155514.70588235295
367971,198145,0.006482758620689655,0.012275862068965518,0.009,153574,112032,155514.70588235295
378773,192745,0.006482758620689655,0.012275862068965518,0.012,153120,101233,155514.70588235295
387761,198088,0.006482758620689655,0.012275862068965518,0.015,150286,92247,155514.70588235295
356350,204597,0.006482758620689655,0.012689655172413793,0.006,152661,123659,152158.273381295
369479,202200,0.006482758620689655,0.012689655172413793,0.009,150913,110528,152158.273381295
380127,198594,0.006482758620689655,0.012689655172413793,0.012,150062,99882,152158.273381295
388893,203422,0.006482758620689655,0.012689655172413793,0.015,147409,91114,152158.273381295
358301,210041,0.006482758620689655,0.01310344827586207,0.006,149607,121705,148943.66197183097
371081,201307,0.006482758620689655,0.01310344827586207,0.009,149413,108926,148943.66197183097
381422,202832,0.006482758620689655,0.01310344827586207,0.012,147599,98585,148943.66197183097
389980,204882,0.006482758620689655,0.01310344827586207,0.015,145842,90027,148943.66197183097
360196,224682,0.006482758620689655,0.013517241379310345,0.006,144924,119808,145862.06896551725
372611,203027,0.006482758620689655,0.013517241379310345,0.009,147426,107393,145862.06896551725
382819,217305,0.006482758620689655,0.013517241379310345,0.012,142228,97190,145862.06896551725
391059,209981,0.006482758620689655,0.013517241379310345,0.015,143071,88950,145862.06896551725
362128,223227,0.006482758620689655,0.01393103448275862,0.006,143443,117875,142905.40540540538
374124,209482,0.006482758620689655,0.01393103448275862,0.009,144222,105884,142905.40540540538
383946,215417,0.006482758620689655,0.01393103448275862,0.012,141406,96061,142905.40540540538
392089,190732,0.006482758620689655,0.01393103448275862,0.015,147635,87920,142905.40540540538
363923,225922,0.006482758620689655,0.014344827586206896,0.006,141231,116080,140066.2251655629
375564,217319,0.006482758620689655,0.014344827586206896,0.009,140854,104443,140066.2251655629
385129,225093,0.006482758620689655,0.014344827586206896,0.012,137436,94879,140066.2251655629
393066,228817,0.006482758620689655,0.014344827586206896,0.015,135096,86937,140066.2251655629
365668,227654,0.006482758620689655,0.014758620689655172,0.006,139030,114340,137337.66233766233
377139,228054,0.006482758620689655,0.014758620689655172,0.009,136979,102871,137337.66233766233
386327,214727,0.006482758620689655,0.014758620689655172,0.012,139001,93676,137337.66233766233
394042,226783,0.006482758620689655,0.014758620689655172,0.015,134694,85961,137337.66233766233
367407,232388,0.006482758620689655,0.015172413793103448,0.006,136478,112599,134713.37579617836
378539,239428,0.006482758620689655,0.015172413793103448,0.009,133050,101463,134713.37579617836
387581,228810,0.006482758620689655,0.015172413793103448,0.012,133997,92420,134713.37579617836
395054,225999,0.006482758620689655,0.015172413793103448,0.015,133782,84948,134713.37579617836
369184,233592,0.006482758620689655,0.015586206896551724,0.006,134630,110818,132187.5
379738,230392,0.006482758620689655,0.015586206896551724,0.009,133657,100271,132187.5
388686,234583,0.006482758620689655,0.015586206896551724,0.012,131409,91314,132187.5
396125,232123,0.006482758620689655,0.015586206896551724,0.015,131031,83882,132187.5
370711,229912,0.006482758620689655,0.016,0.006,133728,109295,129754.60122699385
381200,241820,0.006482758620689655,0.016,0.009,129736,98801,129754.60122699385
389824,239886,0.006482758620689655,0.016,0.012,128800,90183,129754.60122699385
397023,235624,0.006482758620689655,0.016,0.015,129016,82978,129754.60122699385
283965,11600,0.006896551724137931,0.004,0.006,267129,196041,284810.12658227846
313523,13469,0.006896551724137931,0.004,0.009,259639,166483,284810.12658227846
335334,11846,0.006896551724137931,0.004,0.012,255596,144672,284810.12658227846
352089,15866,0.006896551724137931,0.004,0.015,250922,127917,284810.12658227846
288747,9833,0.006896551724137931,0.004413793103448276,0.006,262819,191253,274390.243902439
317055,13920,0.006896551724137931,0.004413793103448276,0.009,255788,162952,274390.243902439
337910,14225,0.006896551724137931,0.004413793103448276,0.012,251801,142096,274390.243902439
354095,16012,0.006896551724137931,0.004413793103448276,0.015,248356,125913,274390.243902439
293254,11981,0.006896551724137931,0.004827586206896552,0.006,257746,186746,264705.88235294115
320128,8533,0.006896551724137931,0.004827586206896552,0.009,253905,159878,264705.88235294115
340377,15741,0.006896551724137931,0.004827586206896552,0.012,248363,139629,264705.88235294115
356041,20670,0.006896551724137931,0.004827586206896552,0.015,244202,123967,264705.88235294115
297540,20093,0.006896551724137931,0.005241379310344827,0.006,251268,182467,255681.8181818182
323447,14933,0.006896551724137931,0.005241379310344827,0.009,248500,156554,255681.8181818182
342861,16685,0.006896551724137931,0.005241379310344827,0.012,245212,137149,255681.8181818182
357941,24576,0.006896551724137931,0.005241379310344827,0.015,240413,122065,255681.8181818182
301579,15977,0.006896551724137931,0.005655172413793104,0.006,248120,178421,247252.74725274724
326459,25029,0.006896551724137931,0.005655172413793104,0.009,242190,153548,247252.74725274724
345067,25800,0.006896551724137931,0.005655172413793104,0.012,239451,134941,247252.74725274724
359814,22131,0.006896551724137931,0.005655172413793104,0.015,238973,120195,247252.74725274724
305354,19236,0.006896551724137931,0.006068965517241379,0.006,243218,174652,239361.70212765958
329187,20735,0.006896551724137931,0.006068965517241379,0.009,240203,150815,239361.70212765958
347409,19056,0.006896551724137931,0.006068965517241379,0.012,239013,132601,239361.70212765958
361562,27114,0.006896551724137931,0.006068965517241379,0.015,234929,118446,239361.70212765958
309035,32018,0.006896551724137931,0.006482758620689655,0.006,236208,170969,231958.76288659792
332058,35793,0.006896551724137931,0.006482758620689655,0.009,232745,147951,231958.76288659792
349491,29123,0.006896551724137931,0.006482758620689655,0.012,233117,130511,231958.76288659792
363257,30586,0.006896551724137931,0.006482758620689655,0.015,231513,116746,231958.76288659792
312623,55348,0.006896551724137931,0.006896551724137931,0.006,227042,167384,225000.0
334829,30038,0.006896551724137931,0.006896551724137931,0.009,231366,145178,225000.0
351577,38680,0.006896551724137931,0.006896551724137931,0.012,227510,128425,225000.0
364952,42173,0.006896551724137931,0.006896551724137931,0.015,225359,115051,225000.0
316236,82794,0.006896551724137931,0.007310344827586207,0.006,217235,163771,218446.60194174756
337221,62982,0.006896551724137931,0.007310344827586207,0.009,219172,142783,218446.60194174756
353715,51711,0.006896551724137931,0.007310344827586207,0.012,221015,126285,218446.60194174756
366697,65720,0.006896551724137931,0.007310344827586207,0.015,215312,113313,218446.60194174756
319366,91455,0.006896551724137931,0.007724137931034483,0.006,211882,160640,212264.1509433962
339912,75799,0.006896551724137931,0.007724137931034483,0.009,212834,140095,212264.1509433962
355701,74424,0.006896551724137931,0.007724137931034483,0.012,211532,124301,212264.1509433962
368188,76284,0.006896551724137931,0.007724137931034483,0.015,209750,111821,212264.1509433962
322607,102561,0.006896551724137931,0.008137931034482758,0.006,206109,157393,206422.01834862385
342178,100398,0.006896551724137931,0.008137931034482758,0.009,203410,137827,206422.01834862385
357501,88294,0.006896551724137931,0.008137931034482758,0.012,205012,122500,206422.01834862385
369748,94001,0.006896551724137931,0.008137931034482758,0.015,201842,110262,206422.01834862385
325562,118561,0.006896551724137931,0.008551724137931035,0.006,199592,154444,200892.85714285713
344617,115967,0.006896551724137931,0.008551724137931035,0.009,196751,135393,200892.85714285713
359333,102229,0.006896551724137931,0.008551724137931035,0.012,198621,120676,200892.85714285713
371181,92753,0.006896551724137931,0.008551724137931035,0.015,200455,108827,200892.85714285713
328484,121139,0.006896551724137931,0.00896551724137931,0.006,195981,151518,195652.17391304346
346727,127643,0.006896551724137931,0.00896551724137931,0.009,191324,133275,195652.17391304346
361197,112600,0.006896551724137931,0.00896551724137931,0.012,193499,118813,195652.17391304346
372675,115060,0.006896551724137931,0.00896551724137931,0.015,191365,107332,195652.17391304346
331290,142199,0.006896551724137931,0.009379310344827585,0.006,188597,148715,190677.9661016949
349031,119863,0.006896551724137931,0.009379310344827585,0.009,191011,130979,190677.9661016949
362808,135283,0.006896551724137931,0.009379310344827585,0.012,184765,117197,190677.9661016949
374107,124906,0.006896551724137931,0.009379310344827585,0.015,186448,105900,190677.9661016949
334018,139924,0.006896551724137931,0.009793103448275862,0.006,186493,145988,185950.4132231405
351158,140448,0.006896551724137931,0.009793103448275862,0.009,183386,128852,185950.4132231405
364607,134269,0.006896551724137931,0.009793103448275862,0.012,183066,115403,185950.4132231405
375481,130211,0.006896551724137931,0.009793103448275862,0.015,183027,104525,185950.4132231405
336789,157765,0.006896551724137931,0.010206896551724139,0.006,180107,143215,181451.6129032258
353099,149059,0.006896551724137931,0.010206896551724139,0.009,178957,126908,181451.6129032258
366186,144490,0.006896551724137931,0.010206896551724139,0.012,178291,113820,181451.6129032258
376872,146053,0.006896551724137931,0.010206896551724139,0.015,176361,103128,181451.6129032258
339281,149052,0.006896551724137931,0.010620689655172414,0.006,179209,140720,177165.35433070868
355085,152026,0.006896551724137931,0.010620689655172414,0.009,176087,124921,177165.35433070868
367822,153491,0.006896551724137931,0.010620689655172414,0.012,173850,112178,177165.35433070868
378213,155366,0.006896551724137931,0.010620689655172414,0.015,171957,101797,177165.35433070868
341587,169329,0.006896551724137931,0.011034482758620689,0.006,172687,138419,173076.92307692312
357024,164016,0.006896551724137931,0.011034482758620689,0.009,171059,122979,173076.92307692312
369458,158374,0.006896551724137931,0.011034482758620689,0.012,170876,110551,173076.92307692312
379418,149497,0.006896551724137931,0.011034482758620689,0.015,172350,100588,173076.92307692312
343933,167632,0.006896551724137931,0.011448275862068966,0.006,170651,136072,169172.93233082705
358830,182201,0.006896551724137931,0.011448275862068966,0.009,164679,121172,169172.93233082705
370973,172202,0.006896551724137931,0.011448275862068966,0.012,165289,109036,169172.93233082705
380646,166756,0.006896551724137931,0.011448275862068966,0.015,165513,99362,169172.93233082705
346361,175786,0.006896551724137931,0.01186206896551724,0.006,166905,133646,165441.17647058822
360671,183647,0.006896551724137931,0.01186206896551724,0.009,162394,119335,165441.17647058822
372398,180102,0.006896551724137931,0.01186206896551724,0.012,161417,107602,165441.17647058822
381857,182162,0.006896551724137931,0.01186206896551724,0.015,159340,98151,165441.17647058822
348410,194519,0.006896551724137931,0.012275862068965518,0.006,160957,131595,161870.5035971223
362544,179422,0.006896551724137931,0.012275862068965518,0.009,161736,117466,161870.5035971223
373774,181352,0.006896551724137931,0.012275862068965518,0.012,159538,106235,161870.5035971223
383022,179357,0.006896551724137931,0.012275862068965518,0.015,158762,96984,161870.5035971223
350590,206839,0.006896551724137931,0.012689655172413793,0.006,156680,129410,158450.70422535215
364123,196006,0.006896551724137931,0.012689655172413793,0.009,155901,115885,158450.70422535215
375164,186468,0.006896551724137931,0.012689655172413793,0.012,156518,104836,158450.70422535215
384212,175789,0.006896551724137931,0.012689655172413793,0.015,158552,95796,158450.70422535215
352724,208441,0.006896551724137931,0.01310344827586207,0.006,154309,127285,155172.41379310345
365765,200385,0.006896551724137931,0.01310344827586207,0.009,153132,114243,155172.41379310345
376535,197530,0.006896551724137931,0.01310344827586207,0.012,152031,103467,155172.41379310345
385315,193046,0.006896551724137931,0.01310344827586207,0.015,152116,94690,155172.41379310345
354633,200425,0.006896551724137931,0.013517241379310345,0.006,153855,125376,152027.027027027
367383,198268,0.006896551724137931,0.013517241379310345,0.009,152038,112620,152027.027027027
377799,190766,0.006896551724137931,0.013517241379310345,0.012,152575,102209,152027.027027027
386466,206230,0.006896551724137931,0.013517241379310345,0.015,146867,93542,152027.027027027
356564,199371,0.006896551724137931,0.01393103448275862,0.006,152077,123445,149006.6225165563
368950,202971,0.006896551724137931,0.01393103448275862,0.009,149347,111056,149006.6225165563
379108,208687,0.006896551724137931,0.01393103448275862,0.012,146332,100895,149006.6225165563
387556,211552,0.006896551724137931,0.01393103448275862,0.015,144092,92450,149006.6225165563
358523,214624,0.006896551724137931,0.014344827586206896,0.006,147468,121487,146103.8961038961
370472,218893,0.006896551724137931,0.014344827586206896,0.009,144083,109535,146103.8961038961
380478,213081,0.006896551724137931,0.014344827586206896,0.012,143857,99531,146103.8961038961
388563,202018,0.006896551724137931,0.014344827586206896,0.015,145816,91444,146103.8961038961
360270,186745,0.006896551724137931,0.014758620689655172,0.006,150554,119730,143312.10191082803
371976,231478,0.006896551724137931,0.014758620689655172,0.009,139821,108033,143312.10191082803
381688,218809,0.006896551724137931,0.014758620689655172,0.012,140982,98322,143312.10191082803
389619,210348,0.006896551724137931,0.014758620689655172,0.015,142216,90384,143312.10191082803
361989,229214,0.006896551724137931,0.015172413793103448,0.006,141213,118017,140625.0
373360,200401,0.006896551724137931,0.015172413793103448,0.009,145279,106648,140625.0
382786,212572,0.006896551724137931,0.015172413793103448,0.012,141370,97223,140625.0
390651,220010,0.006896551724137931,0.015172413793103448,0.015,138280,89358,140625.0
363702,229057,0.006896551724137931,0.015586206896551724,0.006,139587,116305,138036.80981595092
374800,226150,0.006896551724137931,0.015586206896551724,0.009,138058,105209,138036.80981595092
384054,222608,0.006896551724137931,0.015586206896551724,0.012,137492,95956,138036.80981595092
391695,215872,0.006896551724137931,0.015586206896551724,0.015,138403,88305,138036.80981595092
365457,234849,0.006896551724137931,0.016,0.006,136912,114553,135542.16867469877
376143,234155,0.006896551724137931,0.016,0.009,134882,103865,135542.16867469877
385111,235419,0.006896551724137931,0.016,0.012,133017,94899,135542.16867469877
392652,226731,0.006896551724137931,0.016,0.015,134244,87348,135542.16867469877
277173,7007,0.007310344827586207,0.004,0.006,272115,202828,290853.65853658534
307098,10347,0.007310344827586207,0.004,0.009,263674,172907,290853.65853658534
329415,12564,0.007310344827586207,0.004,0.012,258000,150587,290853.65853658534
346588,14378,0.007310344827586207,0.004,0.015,253758,133421,290853.65853658534
282040,6993,0.007310344827586207,0.004413793103448276,0.006,267373,197960,280588.23529411765
310609,13151,0.007310344827586207,0.004413793103448276,0.009,259188,169397,280588.23529411765
332014,12966,0.007310344827586207,0.004413793103448276,0.012,254855,147988,280588.23529411765
348630,18817,0.007310344827586207,0.004413793103448276,0.015,249628,131378,280588.23529411765
286577,10557,0.007310344827586207,0.004827586206896552,0.006,261911,193424,271022.72727272724
313871,12743,0.007310344827586207,0.004827586206896552,0.009,255734,166131,271022.72727272724
334505,15762,0.007310344827586207,0.004827586206896552,0.012,251046,145502,271022.72727272724
350672,17704,0.007310344827586207,0.004827586206896552,0.015,247563,129337,271022.72727272724
290893,9910,0.007310344827586207,0.005241379310344827,0.006,257661,189107,262087.91208791215
317184,15723,0.007310344827586207,0.005241379310344827,0.009,251405,162816,262087.91208791215
336997,17600,0.007310344827586207,0.005241379310344827,0.012,247560,143009,262087.91208791215
352711,19797,0.007310344827586207,0.005241379310344827,0.015,244439,127296,262087.91208791215
294847,10661,0.007310344827586207,0.005655172413793104,0.006,253193,185156,253723.40425531915
320225,14993,0.007310344827586207,0.005655172413793104,0.009,248274,159775,253723.40425531915
339351,21410,0.007310344827586207,0.005655172413793104,0.012,243570,140651,253723.40425531915
354414,16681,0.007310344827586207,0.005655172413793104,0.015,243171,125593,253723.40425531915
298802,25189,0.007310344827586207,0.006068965517241379,0.006,245624,181203,245876.28865979382
323273,26742,0.007310344827586207,0.006068965517241379,0.009,241641,156732,245876.28865979382
341800,21238,0.007310344827586207,0.006068965517241379,0.012,240932,138207,245876.28865979382
356279,20745,0.007310344827586207,0.006068965517241379,0.015,239449,123726,245876.28865979382
302741,33100,0.007310344827586207,0.006482758620689655,0.006,239888,177266,238500.00000000003
325983,30861,0.007310344827586207,0.006482758620689655,0.009,237292,154019,238500.00000000003
343996,22157,0.007310344827586207,0.006482758620689655,0.012,238056,136012,238500.00000000003
358057,19660,0.007310344827586207,0.006482758620689655,0.015,237598,121949,238500.00000000003
306263,35646,0.007310344827586207,0.006896551724137931,0.006,235424,173743,231553.39805825244
328837,41230,0.007310344827586207,0.006896551724137931,0.009,231339,151164,231553.39805825244
345990,36754,0.007310344827586207,0.006896551724137931,0.012,230869,134017,231553.39805825244
359903,41841,0.007310344827586207,0.006896551724137931,0.015,227847,120106,231553.39805825244
309904,59081,0.007310344827586207,0.007310344827586207,0.006,226530,170102,224999.99999999997
331488,50621,0.007310344827586207,0.007310344827586207,0.009,225815,148519,224999.99999999997
348090,38260,0.007310344827586207,0.007310344827586207,0.012,227882,131918,224999.99999999997
361470,40275,0.007310344827586207,0.007310344827586207,0.015,226226,118537,224999.99999999997
313170,62838,0.007310344827586207,0.007724137931034483,0.006,222254,166838,218807.33944954126
333953,61019,0.007310344827586207,0.007724137931034483,0.009,220178,146056,218807.33944954126
350126,64296,0.007310344827586207,0.007724137931034483,0.012,217518,129880,218807.33944954126
363103,60394,0.007310344827586207,0.007724137931034483,0.015,217470,116903,218807.33944954126
316461,91272,0.007310344827586207,0.008137931034482758,0.006,212729,163544,212946.42857142855
336352,87368,0.007310344827586207,0.008137931034482758,0.009,210361,143655,212946.42857142855
352086,79506,0.007310344827586207,0.008137931034482758,0.012,210626,127920,212946.42857142855
364791,75525,0.007310344827586207,0.008137931034482758,0.015,210477,115218,212946.42857142855
319504,97940,0.007310344827586207,0.008551724137931035,0.006,208119,160496,207391.3043478261
338805,90325,0.007310344827586207,0.008551724137931035,0.009,207035,141203,207391.3043478261
353983,90889,0.007310344827586207,0.008551724137931035,0.012,204955,126023,207391.3043478261
366196,95389,0.007310344827586207,0.008551724137931035,0.015,202087,113812,207391.3043478261
322374,117628,0.007310344827586207,0.00896551724137931,0.006,200957,157630,202118.6440677966
341080,108881,0.007310344827586207,0.00896551724137931,0.009,199613,138922,202118.6440677966
355795,102893,0.007310344827586207,0.00896551724137931,0.012,199286,124209,202118.6440677966
367742,104616,0.007310344827586207,0.00896551724137931,0.015,197280,112264,202118.6440677966
325400,125896,0.007310344827586207,0.009379310344827585,0.006,196212,154607,197107.43801652893
343324,116996,0.007310344827586207,0.009379310344827585,0.009,195134,136678,197107.43801652893
357729,118909,0.007310344827586207,0.009379310344827585,0.012,192495,122281,197107.43801652893
369196,116653,0.007310344827586207,0.009379310344827585,0.015,191625,110806,197107.43801652893
328142,122423,0.007310344827586207,0.009793103448275862,0.006,194255,151867,192338.70967741933
345582,129159,0.007310344827586207,0.009793103448275862,0.009,189817,134428,192338.70967741933
359362,120155,0.007310344827586207,0.009793103448275862,0.012,190166,120644,192338.70967741933
370654,119742,0.007310344827586207,0.009793103448275862,0.015,188987,109355,192338.70967741933
330703,128455,0.007310344827586207,0.010206896551724139,0.006,190195,149303,187795.2755905512
347708,119412,0.007310344827586207,0.010206896551724139,0.009,189956,132292,187795.2755905512
361012,133559,0.007310344827586207,0.010206896551724139,0.012,184474,118995,187795.2755905512
372027,130977,0.007310344827586207,0.010206896551724139,0.015,183826,107982,187795.2755905512
333303,148907,0.007310344827586207,0.010620689655172414,0.006,183461,146705,183461.53846153847
349652,140603,0.007310344827586207,0.010620689655172414,0.009,182520,130350,183461.53846153847
362655,134194,0.007310344827586207,0.010620689655172414,0.012,182411,117349,183461.53846153847
373444,140310,0.007310344827586207,0.010620689655172414,0.015,179308,106556,183461.53846153847
335794,164458,0.007310344827586207,0.011034482758620689,0.006,177931,144214,179323.3082706767
351658,146829,0.007310344827586207,0.011034482758620689,0.009,178894,128351,179323.3082706767
364340,133565,0.007310344827586207,0.011034482758620689,0.012,180815,115670,179323.3082706767
374834,143997,0.007310344827586207,0.011034482758620689,0.015,176577,105172,179323.3082706767
338186,162272,0.007310344827586207,0.011448275862068966,0.006,176051,141820,175367.64705882352
353520,163517,0.007310344827586207,0.011448275862068966,0.009,172840,126486,175367.64705882352
365980,156511,0.007310344827586207,0.011448275862068966,0.012,172679,114028,175367.64705882352
376009,160685,0.007310344827586207,0.011448275862068966,0.015,170028,104000,175367.64705882352
340659,172145,0.007310344827586207,0.01186206896551724,0.006,171616,139348,171582.73381294962
355509,157295,0.007310344827586207,0.01186206896551724,0.009,172441,124495,171582.73381294962
367506,168382,0.007310344827586207,0.01186206896551724,0.012,167651,112501,171582.73381294962
377336,147460,0.007310344827586207,0.01186206896551724,0.015,172578,102674,171582.73381294962
342773,179425,0.007310344827586207,0.012275862068965518,0.006,168002,137232,167957.74647887322
357176,171852,0.007310344827586207,0.012275862068965518,0.009,167002,122830,167957.74647887322
368910,174236,0.007310344827586207,0.012275862068965518,0.012,164494,111100,167957.74647887322
378600,175791,0.007310344827586207,0.012275862068965518,0.015,162518,101408,167957.74647887322
344938,176204,0.007310344827586207,0.012689655172413793,0.006,166390,135064,164482.75862068968
358950,176019,0.007310344827586207,0.012689655172413793,0.009,164228,121052,164482.75862068968
370251,177566,0.007310344827586207,0.012689655172413793,0.012,162047,109757,164482.75862068968
379806,176644,0.007310344827586207,0.012689655172413793,0.015,161022,100201,164482.75862068968
347174,178413,0.007310344827586207,0.01310344827586207,0.006,163915,132826,161148.64864864864
360610,172551,0.007310344827586207,0.01310344827586207,0.009,163303,119395,161148.64864864864
371677,181818,0.007310344827586207,0.01310344827586207,0.012,159420,108329,161148.64864864864
380888,186046,0.007310344827586207,0.01310344827586207,0.015,156788,99122,161148.64864864864
349257,187702,0.007310344827586207,0.013517241379310345,0.006,160258,130745,157947.01986754965
362407,183184,0.007310344827586207,0.013517241379310345,0.009,158989,117599,157947.01986754965
373047,189830,0.007310344827586207,0.013517241379310345,0.012,155750,106961,157947.01986754965
381989,188452,0.007310344827586207,0.013517241379310345,0.015,154827,98019,157947.01986754965
351172,182038,0.007310344827586207,0.01393103448275862,0.006,159273,128828,154870.1298701299
363887,188269,0.007310344827586207,0.01393103448275862,0.009,156217,116121,154870.1298701299
374382,180745,0.007310344827586207,0.01393103448275862,0.012,156758,105624,154870.1298701299
383088,189901,0.007310344827586207,0.01393103448275862,0.015,153213,96916,154870.1298701299
353003,204991,0.007310344827586207,0.014344827586206896,0.006,153097,127005,151910.8280254777
365473,213371,0.007310344827586207,0.014344827586206896,0.009,148934,114534,151910.8280254777
375639,193745,0.007310344827586207,0.014344827586206896,0.012,151920,104369,151910.8280254777
384284,198942,0.007310344827586207,0.014344827586206896,0.015,149342,95716,151910.8280254777
354917,186503,0.007310344827586207,0.014758620689655172,0.006,154582,125089,149062.50000000003
366994,196414,0.007310344827586207,0.014758620689655172,0.009,151076,113012,149062.50000000003
376938,206827,0.007310344827586207,0.014758620689655172,0.012,147124,103070,149062.50000000003
385403,207218,0.007310344827586207,0.014758620689655172,0.015,145807,94605,149062.50000000003
356750,227382,0.007310344827586207,0.015172413793103448,0.006,145710,123251,146319.01840490798
368473,223222,0.007310344827586207,0.015172413793103448,0.009,143685,111535,146319.01840490798
378178,213064,0.007310344827586207,0.015172413793103448,0.012,144197,101825,146319.01840490798
386330,207445,0.007310344827586207,0.015172413793103448,0.015,144570,93677,146319.01840490798
358537,184012,0.007310344827586207,0.015586206896551724,0.006,151373,121467,143674.69879518074
370049,218939,0.007310344827586207,0.015586206896551724,0.009,143186,109958,143674.69879518074
379398,215431,0.007310344827586207,0.015586206896551724,0.012,142322,100609,143674.69879518074
387471,207080,0.007310344827586207,0.015586206896551724,0.015,143554,92536,143674.69879518074
360181,216268,0.007310344827586207,0.016,0.006,144007,119827,141124.26035502958
371340,224052,0.007310344827586207,0.016,0.009,140629,108666,141124.26035502958
380537,214977,0.007310344827586207,0.016,0.012,141198,99471,141124.26035502958
388458,217435,0.007310344827586207,0.016,0.015,139466,91551,141124.26035502958
270761,5292,0.007724137931034483,0.004,0.006,276163,209242,296470.5882352941
301091,9785,0.007724137931034483,0.004,0.009,266835,178915,296470.5882352941
323625,11924,0.007724137931034483,0.004,0.012,260733,156380,296470.5882352941
341215,12173,0.007724137931034483,0.004,0.015,256754,138794,296470.5882352941
275438,5942,0.007724137931034483,0.004413793103448276,0.006,271261,204565,286363.63636363635
304478,10793,0.007724137931034483,0.004413793103448276,0.009,262891,175523,286363.63636363635
326304,14916,0.007724137931034483,0.004413793103448276,0.012,256771,153701,286363.63636363635
343350,14500,0.007724137931034483,0.004413793103448276,0.015,253371,136659,286363.63636363635
280107,12065,0.007724137931034483,0.004827586206896552,0.006,265188,199898,276923.07692307694
308023,14347,0.007724137931034483,0.004827586206896552,0.009,258351,171980,276923.07692307694
329021,14241,0.007724137931034483,0.004827586206896552,0.012,254079,150986,276923.07692307694
345486,15918,0.007724137931034483,0.004827586206896552,0.015,250438,134521,276923.07692307694
284561,12164,0.007724137931034483,0.005241379310344827,0.006,260787,195445,268085.1063829788
311260,13457,0.007724137931034483,0.005241379310344827,0.009,255099,168747,268085.1063829788
331411,13246,0.007724137931034483,0.005241379310344827,0.012,251568,148591,268085.1063829788
347340,19524,0.007724137931034483,0.005241379310344827,0.015,246708,132662,268085.1063829788
288551,17722,0.007724137931034483,0.005655172413793104,0.006,255236,191451,259793.8144329897
314332,16065,0.007724137931034483,0.005655172413793104,0.009,251074,165668,259793.8144329897
333814,19366,0.007724137931034483,0.005655172413793104,0.012,246812,146190,259793.8144329897
349286,18946,0.007724137931034483,0.005655172413793104,0.015,244599,130720,259793.8144329897
292565,20382,0.007724137931034483,0.006068965517241379,0.006,250504,187436,252000.0
317379,14932,0.007724137931034483,0.006068965517241379,0.009,248060,162624,252000.0
336152,21833,0.007724137931034483,0.006068965517241379,0.012,243334,143856,252000.0
351136,21511,0.007724137931034483,0.006068965517241379,0.015,241432,128867,252000.0
296459,23584,0.007724137931034483,0.006482758620689655,0.006,245821,183543,244660.1941747573
320110,24770,0.007724137931034483,0.006482758620689655,0.009,242156,159895,244660.1941747573
338575,29940,0.007724137931034483,0.006482758620689655,0.012,238171,141427,244660.1941747573
353100,22569,0.007724137931034483,0.006482758620689655,0.015,238797,126901,244660.1941747573
300257,29419,0.007724137931034483,0.006896551724137931,0.006,240690,179747,237735.84905660377
322934,25460,0.007724137931034483,0.006896551724137931,0.009,238890,157071,237735.84905660377
340632,25499,0.007724137931034483,0.006896551724137931,0.012,237017,139376,237735.84905660377
354740,21608,0.007724137931034483,0.006896551724137931,0.015,236931,125268,237735.84905660377
303628,29755,0.007724137931034483,0.007310344827586207,0.006,236956,176377,231192.6605504587
325639,28826,0.007724137931034483,0.007310344827586207,0.009,234989,154362,231192.6605504587
342789,34399,0.007724137931034483,0.007310344827586207,0.012,231791,137216,231192.6605504587
356448,28009,0.007724137931034483,0.007310344827586207,0.015,232644,123555,231192.6605504587
307001,54725,0.007724137931034483,0.007724137931034483,0.006,227919,173003,225000.0
328387,60841,0.007724137931034483,0.007724137931034483,0.009,223429,151613,225000.0
344876,58839,0.007724137931034483,0.007724137931034483,0.012,221872,135127,225000.0
358141,47439,0.007724137931034483,0.007724137931034483,0.015,224096,121867,225000.0
310295,67549,0.007724137931034483,0.008137931034482758,0.006,221768,169710,219130.4347826087
330935,66006,0.007724137931034483,0.008137931034482758,0.009,219370,149072,219130.4347826087
346998,47990,0.007724137931034483,0.008137931034482758,0.012,222885,133009,219130.4347826087
359773,51540,0.007724137931034483,0.008137931034482758,0.015,220748,120230,219130.4347826087
313449,82271,0.007724137931034483,0.008551724137931035,0.006,215411,166552,213559.32203389832
333222,76437,0.007724137931034483,0.008551724137931035,0.009,213922,146786,213559.32203389832
348800,78318,0.007724137931034483,0.008551724137931035,0.012,211555,131206,213559.32203389832
361476,76007,0.007724137931034483,0.008551724137931035,0.015,210854,118524,213559.32203389832
316491,96096,0.007724137931034483,0.00896551724137931,0.006,209470,163513,208264.46280991737
335741,94033,0.007724137931034483,0.00896551724137931,0.009,206854,144266,208264.46280991737
350709,85915,0.007724137931034483,0.00896551724137931,0.012,207118,129297,208264.46280991737
362940,87820,0.007724137931034483,0.00896551724137931,0.015,205178,117067,208264.46280991737
319580,119307,0.007724137931034483,0.009379310344827585,0.006,201643,160427,203225.80645161294
337947,107862,0.007724137931034483,0.009379310344827585,0.009,200942,142062,203225.80645161294
352500,105834,0.007724137931034483,0.009379310344827585,0.012,199272,127503,203225.80645161294
364558,99833,0.007724137931034483,0.009379310344827585,0.015,199555,115449,203225.80645161294
322378,121051,0.007724137931034483,0.009793103448275862,0.006,198396,157622,198425.19685039372
340060,111038,0.007724137931034483,0.009793103448275862,0.009,197760,139943,198425.19685039372
354451,116489,0.007724137931034483,0.009793103448275862,0.012,194168,125553,198425.19685039372
365925,106627,0.007724137931034483,0.009793103448275862,0.015,195633,114083,198425.19685039372
325139,127283,0.007724137931034483,0.010206896551724139,0.006,194407,154865,193846.15384615384
342373,124513,0.007724137931034483,0.010206896551724139,0.009,192034,137628,193846.15384615384
356180,121577,0.007724137931034483,0.010206896551724139,0.012,190749,123827,193846.15384615384
367346,117366,0.007724137931034483,0.010206896551724139,0.015,190604,112656,193846.15384615384
327655,148487,0.007724137931034483,0.010620689655172414,0.006,187579,152346,189473.68421052632
344382,133138,0.007724137931034483,0.010620689655172414,0.009,187757,135625,189473.68421052632
357783,135988,0.007724137931034483,0.010620689655172414,0.012,184871,122222,189473.68421052632
368768,119084,0.007724137931034483,0.010620689655172414,0.015,188409,111233,189473.68421052632
330248,136893,0.007724137931034483,0.011034482758620689,0.006,187301,149761,185294.11764705883
346382,133414,0.007724137931034483,0.011034482758620689,0.009,185581,133624,185294.11764705883
359393,139956,0.007724137931034483,0.011034482758620689,0.012,181980,120613,185294.11764705883
370100,131648,0.007724137931034483,0.011034482758620689,0.015,182911,109902,185294.11764705883
332718,165409,0.007724137931034483,0.011448275862068966,0.006,179345,147292,181294.96402877697
348440,162265,0.007724137931034483,0.011448275862068966,0.009,176459,131568,181294.96402877697
361005,135907,0.007724137931034483,0.011448275862068966,0.012,181314,119003,181294.96402877697
371521,155000,0.007724137931034483,0.011448275862068966,0.015,174264,108489,181294.96402877697
335022,154726,0.007724137931034483,0.01186206896551724,0.006,179178,144984,177464.78873239434
350192,148589,0.007724137931034483,0.01186206896551724,0.009,177910,129816,177464.78873239434
362581,155595,0.007724137931034483,0.01186206896551724,0.012,174190,117428,177464.78873239434
372761,141710,0.007724137931034483,0.01186206896551724,0.015,176893,107240,177464.78873239434
337286,160031,0.007724137931034483,0.012275862068965518,0.006,175688,142722,173793.10344827586
352209,162159,0.007724137931034483,0.012275862068965518,0.009,172598,127798,173793.10344827586
364075,155507,0.007724137931034483,0.012275862068965518,0.012,172522,115931,173793.10344827586
374081,154842,0.007724137931034483,0.012275862068965518,0.015,171460,105929,173793.10344827586
339597,169451,0.007724137931034483,0.012689655172413793,0.006,171770,140403,170270.27027027027
353887,148574,0.007724137931034483,0.012689655172413793,0.009,174015,126119,170270.27027027027
365519,167012,0.007724137931034483,0.012689655172413793,0.012,167788,114489,170270.27027027027
375236,165164,0.007724137931034483,0.012689655172413793,0.015,166950,104772,170270.27027027027
341841,174180,0.007724137931034483,0.01310344827586207,0.006,168731,138160,166887.41721854307
355638,172149,0.007724137931034483,0.01310344827586207,0.009,166794,124370,166887.41721854307
367017,163205,0.007724137931034483,0.01310344827586207,0.012,167352,112986,166887.41721854307
376511,170856,0.007724137931034483,0.01310344827586207,0.015,163900,103489,166887.41721854307
343906,182719,0.007724137931034483,0.013517241379310345,0.006,165052,136094,163636.36363636365
357292,184797,0.007724137931034483,0.013517241379310345,0.009,162066,122712,163636.36363636365
368425,179485,0.007724137931034483,0.013517241379310345,0.012,161490,111584,163636.36363636365
377745,170939,0.007724137931034483,0.013517241379310345,0.015,162663,102265,163636.36363636365
345837,192489,0.007724137931034483,0.01393103448275862,0.006,161406,134165,160509.5541401274
359080,182841,0.007724137931034483,0.01393103448275862,0.009,160791,120920,160509.5541401274
369836,187953,0.007724137931034483,0.01393103448275862,0.012,157838,110174,160509.5541401274
378795,181161,0.007724137931034483,0.01393103448275862,0.015,158352,101211,160509.5541401274
347836,178583,0.007724137931034483,0.014344827586206896,0.006,161833,132170,157500.0
360570,191982,0.007724137931034483,0.014344827586206896,0.009,157062,119438,157500.0
371113,193552,0.007724137931034483,0.014344827586206896,0.012,154941,108895,157500.0
379949,179039,0.007724137931034483,0.014344827586206896,0.015,157620,100060,157500.0
349895,208797,0.007724137931034483,0.014758620689655172,0.006,154662,130110,154601.22699386504
362174,199296,0.007724137931034483,0.014758620689655172,0.009,153783,117833,154601.22699386504
372444,203158,0.007724137931034483,0.014758620689655172,0.012,151090,107565,154601.22699386504
381036,196987,0.007724137931034483,0.014758620689655172,0.015,151351,98971,154601.22699386504
351622,210238,0.007724137931034483,0.015172413793103448,0.006,152554,128384,151807.22891566265
363658,209895,0.007724137931034483,0.015172413793103448,0.009,149858,116348,151807.22891566265
373687,199811,0.007724137931034483,0.015172413793103448,0.012,150611,106321,151807.22891566265
382083,201492,0.007724137931034483,0.015172413793103448,0.015,148765,97921,151807.22891566265
353436,208383,0.007724137931034483,0.015586206896551724,0.006,151093,126572,149112.42603550295
365309,210862,0.007724137931034483,0.015586206896551724,0.009,148322,114698,149112.42603550295
375059,193199,0.007724137931034483,0.015586206896551724,0.012,150902,104948,149112.42603550295
383183,204630,0.007724137931034483,0.015586206896551724,0.015,146793,96826,149112.42603550295
355155,211810,0.007724137931034483,0.016,0.006,148809,124853,146511.62790697673
366640,216435,0.007724137931034483,0.016,0.009,145546,113366,146511.62790697673
376156,201934,0.007724137931034483,0.016,0.012,147380,103850,146511.62790697673
384210,209292,0.007724137931034483,0.016,0.015,144403,95796,146511.62790697673
264683,6373,0.008137931034482758,0.004,0.006,279392,215319,301704.5454545454
295207,8743,0.008137931034482758,0.004,0.009,270187,184793,301704.5454545454
318074,9855,0.008137931034482758,0.004,0.012,263912,161931,301704.5454545454
335978,9869,0.008137931034482758,0.004,0.015,259761,144027,301704.5454545454
269492,7082,0.008137931034482758,0.004413793103448276,0.006,274497,210510,291758.2417582417
298674,9830,0.008137931034482758,0.004413793103448276,0.009,266121,181332,291758.2417582417
320802,11566,0.008137931034482758,0.004413793103448276,0.012,260380,159203,291758.2417582417
338152,16854,0.008137931034482758,0.004413793103448276,0.015,254748,141854,291758.2417582417
273922,7239,0.008137931034482758,0.004827586206896552,0.006,269929,206079,282446.8085106383
302059,9919,0.008137931034482758,0.004827586206896552,0.009,262544,177945,282446.8085106383
323481,12906,0.008137931034482758,0.004827586206896552,0.012,257032,156522,282446.8085106383
340357,16397,0.008137931034482758,0.004827586206896552,0.015,252481,139650,282446.8085106383
278322,11514,0.008137931034482758,0.005241379310344827,0.006,264588,201683,273711.34020618553
305347,11867,0.008137931034482758,0.005241379310344827,0.009,258489,174657,273711.34020618553
326002,15230,0.008137931034482758,0.005241379310344827,0.012,253419,154004,273711.34020618553
342259,16531,0.008137931034482758,0.005241379310344827,0.015,250003,137743,273711.34020618553
282583,11824,0.008137931034482758,0.005655172413793104,0.006,260179,197419,265499.99999999994
308636,15870,0.008137931034482758,0.005655172413793104,0.009,254019,171371,265499.99999999994
328456,14410,0.008137931034482758,0.005655172413793104,0.012,250931,151551,265499.99999999994
344323,16833,0.008137931034482758,0.005655172413793104,0.015,247538,135687,265499.99999999994
286611,15093,0.008137931034482758,0.006068965517241379,0.006,255382,193390,257766.99029126213
311595,11205,0.008137931034482758,0.006068965517241379,0.009,252062,168411,257766.99029126213
330962,22107,0.008137931034482758,0.006068965517241379,0.012,245774,149047,257766.99029126213
346314,18911,0.008137931034482758,0.006068965517241379,0.015,244518,133692,257766.99029126213
290474,15251,0.008137931034482758,0.006482758620689655,0.006,251305,189527,250471.69811320753
314523,13707,0.008137931034482758,0.006482758620689655,0.009,248165,165478,250471.69811320753
333225,18819,0.008137931034482758,0.006482758620689655,0.012,244179,146784,250471.69811320753
348056,22313,0.008137931034482758,0.006482758620689655,0.015,241131,131947,250471.69811320753
294326,23891,0.008137931034482758,0.006896551724137931,0.006,245588,185674,243577.98165137615
317373,17252,0.008137931034482758,0.006896551724137931,0.009,244118,162633,243577.98165137615
335449,22154,0.008137931034482758,0.006896551724137931,0.012,240580,144558,243577.98165137615
349877,21665,0.008137931034482758,0.006896551724137931,0.015,239144,130129,243577.98165137615
297916,25523,0.008137931034482758,0.007310344827586207,0.006,241527,182086,237053.5714285714
320129,30051,0.008137931034482758,0.007310344827586207,0.009,237662,159877,237053.5714285714
337612,18724,0.008137931034482758,0.007310344827586207,0.012,239116,142394,237053.5714285714
351646,31629,0.008137931034482758,0.007310344827586207,0.015,233663,128360,237053.5714285714
301303,31437,0.008137931034482758,0.007724137931034483,0.006,236646,178697,230869.5652173913
322807,38292,0.008137931034482758,0.007724137931034483,0.009,232583,157199,230869.5652173913
339714,32549,0.008137931034482758,0.007724137931034483,0.012,232496,140294,230869.5652173913
353459,40763,0.008137931034482758,0.007724137931034483,0.015,228601,126551,230869.5652173913
304546,41405,0.008137931034482758,0.008137931034482758,0.006,231098,175458,225000.0
325340,48887,0.008137931034482758,0.008137931034482758,0.009,226948,154665,225000.0
341763,44845,0.008137931034482758,0.008137931034482758,0.012,226443,138244,225000.0
355173,39831,0.008137931034482758,0.008137931034482758,0.015,226840,124834,225000.0
307795,65944,0.008137931034482758,0.008551724137931035,0.006,222576,172212,219421.48760330578
327970,58761,0.008137931034482758,0.008551724137931035,0.009,221729,152038,219421.48760330578
343767,59509,0.008137931034482758,0.008551724137931035,0.012,219888,136241,219421.48760330578
356673,58555,0.008137931034482758,0.008551724137931035,0.015,218853,123333,219421.48760330578
310804,81258,0.008137931034482758,0.00896551724137931,0.006,216340,169199,214112.90322580645
330271,83336,0.008137931034482758,0.00896551724137931,0.009,212839,149734,214112.90322580645
345723,74852,0.008137931034482758,0.00896551724137931,0.012,213096,134285,214112.90322580645
358251,77801,0.008137931034482758,0.00896551724137931,0.015,210789,121751,214112.90322580645
313944,110940,0.008137931034482758,0.009379310344827585,0.006,207271,166057,209055.11811023622
332600,100096,0.008137931034482758,0.009379310344827585,0.009,206011,147406,209055.11811023622
347591,93066,0.008137931034482758,0.009379310344827585,0.012,205702,132415,209055.11811023622
359924,94091,0.008137931034482758,0.009379310344827585,0.015,203809,120083,209055.11811023622
316780,106610,0.008137931034482758,0.009793103448275862,0.006,205205,163220,204230.76923076922
335005,108912,0.008137931034482758,0.009793103448275862,0.009,201448,144998,204230.76923076922
349387,101229,0.008137931034482758,0.009793103448275862,0.012,201351,130619,204230.76923076922
361321,104178,0.008137931034482758,0.009793103448275862,0.015,198902,118686,204230.76923076922
319595,118505,0.008137931034482758,0.010206896551724139,0.006,200061,160412,199624.06015037594
337077,112067,0.008137931034482758,0.010206896551724139,0.009,198363,142925,199624.06015037594
351169,110448,0.008137931034482758,0.010206896551724139,0.012,196705,128838,199624.06015037594
362772,106530,0.008137931034482758,0.010206896551724139,0.015,196421,117236,199624.06015037594
322121,124791,0.008137931034482758,0.010620689655172414,0.006,196065,157887,195220.5882352941
339213,117026,0.008137931034482758,0.010620689655172414,0.009,195018,140789,195220.5882352941
352945,130356,0.008137931034482758,0.010620689655172414,0.012,189311,127063,195220.5882352941
364349,124531,0.008137931034482758,0.010620689655172414,0.015,189273,115658,195220.5882352941
324841,141978,0.008137931034482758,0.011034482758620689,0.006,190251,155168,191007.1942446043
341383,125871,0.008137931034482758,0.011034482758620689,0.009,190709,138622,191007.1942446043
354735,122869,0.008137931034482758,0.011034482758620689,0.012,189455,125273,191007.1942446043
365620,127649,0.008137931034482758,0.011034482758620689,0.015,186710,114382,191007.1942446043
327236,138077,0.008137931034482758,0.011448275862068966,0.006,188573,152770,186971.83098591544
343394,150120,0.008137931034482758,0.011448275862068966,0.009,182786,136613,186971.83098591544
356229,137882,0.008137931034482758,0.011448275862068966,0.012,183590,123776,186971.83098591544
367041,141628,0.008137931034482758,0.011448275862068966,0.015,180868,112969,186971.83098591544
329694,129931,0.008137931034482758,0.01186206896551724,0.006,187595,150308,183103.44827586203
345230,150226,0.008137931034482758,0.01186206896551724,0.009,180660,134776,183103.44827586203
357989,151190,0.008137931034482758,0.01186206896551724,0.012,178257,122018,183103.44827586203
368301,142502,0.008137931034482758,0.01186206896551724,0.015,179091,111703,183103.44827586203
332173,156494,0.008137931034482758,0.012275862068965518,0.006,180313,147834,179391.89189189184
347179,158480,0.008137931034482758,0.012275862068965518,0.009,176813,132821,179391.89189189184
359389,158754,0.008137931034482758,0.012275862068965518,0.012,174548,120618,179391.89189189184
369755,144701,0.008137931034482758,0.012275862068965518,0.015,177069,110252,179391.89189189184
334396,173563,0.008137931034482758,0.012689655172413793,0.006,174853,145614,175827.81456953642
349104,150089,0.008137931034482758,0.012689655172413793,0.009,176829,130903,175827.81456953642
361013,146951,0.008137931034482758,0.012689655172413793,0.012,176131,118987,175827.81456953642
370920,160708,0.008137931034482758,0.012689655172413793,0.015,170820,109086,175827.81456953642
336599,155026,0.008137931034482758,0.01310344827586207,0.006,176049,143411,172402.5974025974
350853,166031,0.008137931034482758,0.01310344827586207,0.009,171349,129157,172402.5974025974
362415,165634,0.008137931034482758,0.01310344827586207,0.012,169486,117593,172402.5974025974
372123,170107,0.008137931034482758,0.01310344827586207,0.015,166728,107881,172402.5974025974
338803,176363,0.008137931034482758,0.013517241379310345,0.006,170127,141204,169108.28025477706
352554,175184,0.008137931034482758,0.013517241379310345,0.009,167453,127453,169108.28025477706
363877,155070,0.008137931034482758,0.013517241379310345,0.012,170723,116129,169108.28025477706
373352,170489,0.008137931034482758,0.013517241379310345,0.015,165248,106651,169108.28025477706
340778,176886,0.008137931034482758,0.01393103448275862,0.006,167857,139225,165937.5
354204,180225,0.008137931034482758,0.01393103448275862,0.009,164719,125802,165937.5
365265,180035,0.008137931034482758,0.01393103448275862,0.012,162782,114743,165937.5
374676,177335,0.008137931034482758,0.01393103448275862,0.015,162014,105334,165937.5
342783,174601,0.008137931034482758,0.014344827586206896,0.006,166219,137223,162883.43558282207
355982,181285,0.008137931034482758,0.014344827586206896,0.009,162799,124025,162883.43558282207
366648,180219,0.008137931034482758,0.014344827586206896,0.012,161242,113360,162883.43558282207
375723,183066,0.008137931034482758,0.014344827586206896,0.015,158996,104280,162883.43558282207
344809,188227,0.008137931034482758,0.014758620689655172,0.006,162032,135191,159939.75903614456
357595,188873,0.008137931034482758,0.014758620689655172,0.009,159503,122413,159939.75903614456
368088,185751,0.008137931034482758,0.014758620689655172,0.012,158383,111922,159939.75903614456
376973,174888,0.008137931034482758,0.014758620689655172,0.015,160137,103037,159939.75903614456
346719,189542,0.008137931034482758,0.015172413793103448,0.006,159927,133291,157100.5917159763
359160,185227,0.008137931034482758,0.015172413793103448,0.009,158638,120847,157100.5917159763
369317,198494,0.008137931034482758,0.015172413793103448,0.012,153790,110690,157100.5917159763
377996,186989,0.008137931034482758,0.015172413793103448,0.015,155469,102006,157100.5917159763
348608,208898,0.008137931034482758,0.015586206896551724,0.006,154685,131400,154360.46511627905
360590,199905,0.008137931034482758,0.015586206896551724,0.009,153892,119419,154360.46511627905
370599,192727,0.008137931034482758,0.015586206896551724,0.012,153862,109404,154360.46511627905
379040,190758,0.008137931034482758,0.015586206896551724,0.015,153236,100965,154360.46511627905
350436,196196,0.008137931034482758,0.016,0.006,155132,129571,151714.28571428568
362042,204126,0.008137931034482758,0.016,0.009,151521,117960,151714.28571428568
371911,204132,0.008137931034482758,0.016,0.012,149774,108099,151714.28571428568
380242,203794,0.008137931034482758,0.016,0.015,148478,99761,151714.28571428568
258752,5621,0.008551724137931035,0.004,0.006,282924,221248,306593.4065934066
289499,7632,0.008551724137931035,0.004,0.009,273246,190501,306593.4065934066
312711,9357,0.008551724137931035,0.004,0.012,266494,167294,306593.4065934066
331023,9524,0.008551724137931035,0.004,0.015,261993,148977,306593.4065934066
263537,5481,0.008551724137931035,0.004413793103448276,0.006,278282,216463,296808.5106382979
293128,7260,0.008551724137931035,0.004413793103448276,0.009,269723,186879,296808.5106382979
315467,13112,0.008551724137931035,0.004413793103448276,0.012,262346,164535,296808.5106382979
333115,12993,0.008551724137931035,0.004413793103448276,0.015,258256,146887,296808.5106382979
268108,5388,0.008551724137931035,0.004827586206896552,0.006,273779,211898,287628.8659793815
296554,9612,0.008551724137931035,0.004827586206896552,0.009,265480,183453,287628.8659793815
318160,12726,0.008551724137931035,0.004827586206896552,0.012,259518,161841,287628.8659793815
335286,14121,0.008551724137931035,0.004827586206896552,0.015,255374,144720,287628.8659793815
272600,10851,0.008551724137931035,0.005241379310344827,0.006,268099,207400,279000.0
299966,11071,0.008551724137931035,0.005241379310344827,0.009,261558,180039,279000.0
320820,12825,0.008551724137931035,0.005241379310344827,0.012,256649,159189,279000.0
337438,17739,0.008551724137931035,0.005241379310344827,0.015,251741,142562,279000.0
276858,7972,0.008551724137931035,0.005655172413793104,0.006,264532,203149,270873.7864077669
303009,11696,0.008551724137931035,0.005655172413793104,0.009,258071,176996,270873.7864077669
323288,13970,0.008551724137931035,0.005655172413793104,0.012,253529,156717,270873.7864077669
339406,16372,0.008551724137931035,0.005655172413793104,0.015,249827,140602,270873.7864077669
280898,9672,0.008551724137931035,0.006068965517241379,0.006,260032,199102,263207.5471698113
306271,12330,0.008551724137931035,0.006068965517241379,0.009,254634,173731,263207.5471698113
325815,15853,0.008551724137931035,0.006068965517241379,0.012,250184,154185,263207.5471698113
341466,14768,0.008551724137931035,0.006068965517241379,0.015,248086,138541,263207.5471698113
284805,16841,0.008551724137931035,0.006482758620689655,0.006,254444,195196,255963.3027522936
309259,13566,0.008551724137931035,0.006482758620689655,0.009,251066,170743,255963.3027522936
328082,17604,0.008551724137931035,0.006482758620689655,0.012,247005,151922,255963.3027522936
343374,19595,0.008551724137931035,0.006482758620689655,0.015,244168,136633,255963.3027522936
288645,15768,0.008551724137931035,0.006896551724137931,0.006,250855,191362,249107.14285714284
312079,14075,0.008551724137931035,0.006896551724137931,0.009,247832,167930,249107.14285714284
330373,21307,0.008551724137931035,0.006896551724137931,0.012,243335,149632,249107.14285714284
345133,20108,0.008551724137931035,0.006896551724137931,0.015,241828,134875,249107.14285714284
292288,18113,0.008551724137931035,0.007310344827586207,0.006,246651,187719,242608.6956521739
314785,12068,0.008551724137931035,0.007310344827586207,0.009,245377,165221,242608.6956521739
332560,27754,0.008551724137931035,0.007310344827586207,0.012,238906,147444,242608.6956521739
347017,17035,0.008551724137931035,0.007310344827586207,0.015,240681,132993,242608.6956521739
295664,18612,0.008551724137931035,0.007724137931034483,0.006,242977,184338,236440.67796610174
317543,30103,0.008551724137931035,0.007724137931034483,0.009,237696,162465,236440.67796610174
334784,22980,0.008551724137931035,0.007724137931034483,0.012,237888,145225,236440.67796610174
348708,31671,0.008551724137931035,0.007724137931034483,0.015,233773,131295,236440.67796610174
299143,37521,0.008551724137931035,0.008137931034482758,0.006,235454,180863,230578.51239669425
320120,33519,0.008551724137931035,0.008137931034482758,0.009,233923,159888,230578.51239669425
336851,39298,0.008551724137931035,0.008137931034482758,0.012,230603,143156,230578.51239669425
350444,33345,0.008551724137931035,0.008137931034482758,0.015,231156,129556,230578.51239669425
302281,36190,0.008551724137931035,0.008551724137931035,0.006,232424,177720,225000.0
322742,53398,0.008551724137931035,0.008551724137931035,0.009,226217,157258,225000.0
338877,43609,0.008551724137931035,0.008551724137931035,0.012,227042,141128,225000.0
352196,44758,0.008551724137931035,0.008551724137931035,0.015,225468,127808,225000.0
305501,70967,0.008551724137931035,0.00896551724137931,0.006,222128,174506,219685.03937007874
325189,52764,0.008551724137931035,0.00896551724137931,0.009,223730,154820,219685.03937007874
340873,60532,0.008551724137931035,0.00896551724137931,0.012,219887,139133,219685.03937007874
353715,63047,0.008551724137931035,0.00896551724137931,0.015,217779,126293,219685.03937007874
308396,78496,0.008551724137931035,0.009379310344827585,0.006,217553,171606,214615.38461538465
327638,78485,0.008551724137931035,0.009379310344827585,0.009,214617,152369,214615.38461538465
342785,75439,0.008551724137931035,0.009379310344827585,0.012,213437,137221,214615.38461538465
355292,74790,0.008551724137931035,0.009379310344827585,0.015,212267,124713,214615.38461538465
311408,96281,0.008551724137931035,0.009793103448275862,0.006,211066,168599,209774.4360902256
329899,91438,0.008551724137931035,0.009793103448275862,0.009,208939,150110,209774.4360902256
344650,80482,0.008551724137931035,0.009793103448275862,0.012,209897,135358,209774.4360902256
356942,93416,0.008551724137931035,0.009793103448275862,0.015,204632,123060,209774.4360902256
314253,122503,0.008551724137931035,0.010206896551724139,0.006,203134,165753,205147.0588235294
332059,100172,0.008551724137931035,0.010206896551724139,0.009,204540,147947,205147.0588235294
346475,94164,0.008551724137931035,0.010206896551724139,0.012,204083,133530,205147.0588235294
358345,94760,0.008551724137931035,0.010206896551724139,0.015,202442,121657,205147.0588235294
316832,115149,0.008551724137931035,0.010620689655172414,0.006,201746,163174,200719.42446043168
334299,115106,0.008551724137931035,0.010620689655172414,0.009,198560,145711,200719.42446043168
348218,104872,0.008551724137931035,0.010620689655172414,0.012,199108,131789,200719.42446043168
359821,107206,0.008551724137931035,0.010620689655172414,0.015,196927,120185,200719.42446043168
319608,121689,0.008551724137931035,0.011034482758620689,0.006,197925,160399,196478.87323943665
336455,122200,0.008551724137931035,0.011034482758620689,0.009,194746,143551,196478.87323943665
349998,121408,0.008551724137931035,0.011034482758620689,0.012,192729,130004,196478.87323943665
361369,116445,0.008551724137931035,0.011034482758620689,0.015,192546,118634,196478.87323943665
322027,128371,0.008551724137931035,0.011448275862068966,0.006,194036,157978,192413.79310344823
338392,127059,0.008551724137931035,0.011448275862068966,0.009,191478,141614,192413.79310344823
351664,122203,0.008551724137931035,0.011448275862068966,0.012,190726,128342,192413.79310344823
362664,125518,0.008551724137931035,0.011448275862068966,0.015,188215,117343,192413.79310344823
324508,145225,0.008551724137931035,0.01186206896551724,0.006,188391,155497,188513.51351351352
340338,124763,0.008551724137931035,0.01186206896551724,0.009,189879,139668,188513.51351351352
353304,126728,0.008551724137931035,0.01186206896551724,0.012,187659,126702,188513.51351351352
364046,128522,0.008551724137931035,0.01186206896551724,0.015,185716,115956,188513.51351351352
326884,152719,0.008551724137931035,0.012275862068965518,0.006,184669,153122,184768.2119205298
342363,141387,0.008551724137931035,0.012275862068965518,0.009,184020,137637,184768.2119205298
354929,142367,0.008551724137931035,0.012275862068965518,0.012,181746,125080,184768.2119205298
365446,139410,0.008551724137931035,0.012275862068965518,0.015,180996,114564,184768.2119205298
329208,159071,0.008551724137931035,0.012689655172413793,0.006,181326,150795,181168.83116883118
344274,149415,0.008551724137931035,0.012689655172413793,0.009,180262,135726,181168.83116883118
356456,145497,0.008551724137931035,0.012689655172413793,0.012,179186,123551,181168.83116883118
366683,148182,0.008551724137931035,0.012689655172413793,0.015,176999,113323,181168.83116883118
331468,156669,0.008551724137931035,0.01310344827586207,0.006,179525,148539,177707.00636942673
346153,154302,0.008551724137931035,0.01310344827586207,0.009,177299,133853,177707.00636942673
358029,147331,0.008551724137931035,0.01310344827586207,0.012,177107,121971,177707.00636942673
367948,159555,0.008551724137931035,0.01310344827586207,0.015,172253,112055,177707.00636942673
333680,172454,0.008551724137931035,0.013517241379310345,0.006,174437,146326,174375.00000000003
347884,156901,0.008551724137931035,0.013517241379310345,0.009,174795,132116,174375.00000000003
359418,165777,0.008551724137931035,0.013517241379310345,0.012,170699,120586,174375.00000000003
369196,156193,0.008551724137931035,0.013517241379310345,0.015,171859,110812,174375.00000000003
335925,175671,0.008551724137931035,0.01393103448275862,0.006,171981,144082,171165.64417177916
349619,168682,0.008551724137931035,0.01393103448275862,0.009,170472,130391,171165.64417177916
360986,153297,0.008551724137931035,0.01393103448275862,0.012,172427,119023,171165.64417177916
370545,156634,0.008551724137931035,0.01393103448275862,0.015,170376,109462,171165.64417177916
337864,185665,0.008551724137931035,0.014344827586206896,0.006,168026,142144,168072.2891566265
351212,165010,0.008551724137931035,0.014344827586206896,0.009,169499,128796,168072.2891566265
362322,168339,0.008551724137931035,0.014344827586206896,0.012,167073,117679,168072.2891566265
371633,166066,0.008551724137931035,0.014344827586206896,0.015,166321,108374,168072.2891566265
340006,186728,0.008551724137931035,0.014758620689655172,0.006,165932,139997,165088.75739644974
353002,174462,0.008551724137931035,0.014758620689655172,0.009,165820,127005,165088.75739644974
363736,185921,0.008551724137931035,0.014758620689655172,0.012,161201,116274,165088.75739644974
372834,177136,0.008551724137931035,0.014758620689655172,0.015,161943,107166,165088.75739644974
341903,189614,0.008551724137931035,0.015172413793103448,0.006,163600,138107,162209.30232558138
354494,184729,0.008551724137931035,0.015172413793103448,0.009,161948,125514,162209.30232558138
365009,174473,0.008551724137931035,0.015172413793103448,0.012,162649,114999,162209.30232558138
374002,175695,0.008551724137931035,0.015172413793103448,0.015,161150,106008,162209.30232558138
343735,195233,0.008551724137931035,0.015586206896551724,0.006,160713,136271,159428.57142857142
356040,191631,0.008551724137931035,0.015586206896551724,0.009,158877,123968,159428.57142857142
366340,182614,0.008551724137931035,0.015586206896551724,0.012,159165,113662,159428.57142857142
375069,180508,0.008551724137931035,0.015586206896551724,0.015,158560,104937,159428.57142857142
345579,195248,0.008551724137931035,0.016,0.006,159021,134427,156741.57303370786
357627,193166,0.008551724137931035,0.016,0.009,156902,122382,156741.57303370786
367687,196960,0.008551724137931035,0.016,0.012,154358,112323,156741.57303370786
376140,181148,0.008551724137931035,0.016,0.015,157146,103868,156741.57303370786
253123,4438,0.00896551724137931,0.004,0.006,286522,226881,311170.21276595746
284124,7008,0.00896551724137931,0.004,0.009,276184,195877,311170.21276595746
307618,10994,0.00896551724137931,0.004,0.012,268354,172382,311170.21276595746
326036,8528,0.00896551724137931,0.004,0.015,264445,153969,311170.21276595746
257849,4994,0.00896551724137931,0.004413793103448276,0.006,281645,222151,301546.3917525773
287694,6593,0.00896551724137931,0.004413793103448276,0.009,272660,192312,301546.3917525773
310336,10792,0.00896551724137931,0.004413793103448276,0.012,265431,169666,301546.3917525773
328316,13857,0.00896551724137931,0.004413793103448276,0.015,260022,151692,301546.3917525773
262569,7260,0.00896551724137931,0.004827586206896552,0.006,276614,217438,292500.0
291213,10335,0.00896551724137931,0.004827586206896552,0.009,268048,188794,292500.0
313096,13661,0.00896551724137931,0.004827586206896552,0.012,261599,166910,292500.0
330494,11748,0.00896551724137931,0.004827586206896552,0.015,258295,149509,292500.0
266897,7008,0.00896551724137931,0.005241379310344827,0.006,272327,213104,283980.58252427186
294512,8627,0.00896551724137931,0.005241379310344827,0.009,265163,185490,283980.58252427186
315740,10925,0.00896551724137931,0.005241379310344827,0.012,259615,164268,283980.58252427186
332610,14746,0.00896551724137931,0.005241379310344827,0.015,254915,147398,283980.58252427186
271217,9118,0.00896551724137931,0.005655172413793104,0.006,267585,208784,275943.3962264151
297733,10886,0.00896551724137931,0.005655172413793104,0.009,261122,182273,275943.3962264151
318255,14674,0.00896551724137931,0.005655172413793104,0.012,255734,161751,275943.3962264151
334660,16340,0.00896551724137931,0.005655172413793104,0.015,251977,145342,275943.3962264151
275309,6928,0.00896551724137931,0.006068965517241379,0.006,264011,204692,268348.62385321106
300842,13501,0.00896551724137931,0.006068965517241379,0.009,257144,179164,268348.62385321106
320839,13753,0.00896551724137931,0.006068965517241379,0.012,253271,159168,268348.62385321106
336772,13491,0.00896551724137931,0.006068965517241379,0.015,250614,143234,268348.62385321106
279365,9536,0.00896551724137931,0.006482758620689655,0.006,259430,200642,261160.7142857143
303880,12161,0.00896551724137931,0.006482758620689655,0.009,254316,176125,261160.7142857143
323133,18731,0.00896551724137931,0.006482758620689655,0.012,249123,156872,261160.7142857143
338710,19710,0.00896551724137931,0.006482758620689655,0.015,246254,141297,261160.7142857143
283142,16979,0.00896551724137931,0.006896551724137931,0.006,254002,196858,254347.82608695654
306954,12946,0.00896551724137931,0.006896551724137931,0.009,250947,173050,254347.82608695654
325464,18813,0.00896551724137931,0.006896551724137931,0.012,246514,154541,254347.82608695654
340492,17590,0.00896551724137931,0.006896551724137931,0.015,244760,139514,254347.82608695654
286692,14904,0.00896551724137931,0.007310344827586207,0.006,250714,193311,247881.35593220333
309727,17372,0.00896551724137931,0.007310344827586207,0.009,246795,170273,247881.35593220333
327855,19542,0.00896551724137931,0.007310344827586207,0.012,243760,152152,247881.35593220333
342425,19015,0.00896551724137931,0.007310344827586207,0.015,242133,137585,247881.35593220333
290230,20131,0.00896551724137931,0.007724137931034483,0.006,246014,189774,241735.53719008263
312381,21317,0.00896551724137931,0.007724137931034483,0.009,242843,167625,241735.53719008263
329995,27312,0.00896551724137931,0.007724137931034483,0.012,238999,150015,241735.53719008263
344106,25334,0.00896551724137931,0.007724137931034483,0.015,237968,135897,241735.53719008263
293636,20363,0.00896551724137931,0.008137931034482758,0.006,242490,186369,235887.09677419355
315087,38976,0.00896551724137931,0.008137931034482758,0.009,235444,164916,235887.09677419355
332187,25978,0.00896551724137931,0.008137931034482758,0.012,237009,147817,235887.09677419355
345893,27424,0.00896551724137931,0.008137931034482758,0.015,235217,134113,235887.09677419355
296989,34764,0.00896551724137931,0.008551724137931035,0.006,236136,183017,230314.9606299213
317669,29406,0.00896551724137931,0.008551724137931035,0.009,235205,162332,230314.9606299213
334256,46745,0.00896551724137931,0.008551724137931035,0.012,228612,145750,230314.9606299213
347600,40761,0.00896551724137931,0.008551724137931035,0.015,228964,132403,230314.9606299213
300062,54296,0.00896551724137931,0.00896551724137931,0.006,228961,179941,225000.0
320248,52093,0.00896551724137931,0.00896551724137931,0.009,226792,159759,225000.0
336225,40550,0.00896551724137931,0.00896551724137931,0.012,228185,143775,225000.0
349375,44980,0.00896551724137931,0.00896551724137931,0.015,225669,130628,225000.0
303283,59741,0.00896551724137931,0.009379310344827585,0.006,224812,176719,219924.8120300752
322630,65360,0.00896551724137931,0.009379310344827585,0.009,220889,157380,219924.8120300752
338110,65381,0.00896551724137931,0.009379310344827585,0.012,218926,141892,219924.8120300752
350954,58923,0.00896551724137931,0.009379310344827585,0.015,219406,129055,219924.8120300752
306092,77399,0.00896551724137931,0.009793103448275862,0.006,218390,173912,215073.5294117647
324990,85843,0.00896551724137931,0.009793103448275862,0.009,213371,155018,215073.5294117647
339990,72056,0.00896551724137931,0.009793103448275862,0.012,214908,140015,215073.5294117647
352462,67073,0.00896551724137931,0.009793103448275862,0.015,215072,127544,215073.5294117647
309011,100673,0.00896551724137931,0.010206896551724139,0.006,210959,170998,210431.654676259
327247,89443,0.00896551724137931,0.010206896551724139,0.009,210194,152762,210431.654676259
341875,88111,0.00896551724137931,0.010206896551724139,0.012,208403,138130,210431.654676259
354004,78152,0.00896551724137931,0.010206896551724139,0.015,209858,126004,210431.654676259
311740,105045,0.00896551724137931,0.010620689655172414,0.006,207314,168262,205985.91549295778
329496,104801,0.00896551724137931,0.010620689655172414,0.009,204175,150505,205985.91549295778
343703,94272,0.00896551724137931,0.010620689655172414,0.012,204671,136300,205985.91549295778
355550,87037,0.00896551724137931,0.010620689655172414,0.015,205438,124450,205985.91549295778
314376,117833,0.00896551724137931,0.011034482758620689,0.006,202276,165631,201724.1379310345
331570,111321,0.00896551724137931,0.011034482758620689,0.009,200317,148439,201724.1379310345
345445,106650,0.00896551724137931,0.011034482758620689,0.012,199435,134557,201724.1379310345
356988,106657,0.00896551724137931,0.011034482758620689,0.015,197773,123018,201724.1379310345
317057,122155,0.00896551724137931,0.011448275862068966,0.006,198864,162953,197635.1351351351
333583,116295,0.00896551724137931,0.011448275862068966,0.009,197005,146421,197635.1351351351
347264,115317,0.00896551724137931,0.011448275862068966,0.012,195197,132746,197635.1351351351
358473,119379,0.00896551724137931,0.011448275862068966,0.015,192408,121527,197635.1351351351
319523,124695,0.00896551724137931,0.01186206896551724,0.006,195896,160483,193708.60927152316
335765,123892,0.00896551724137931,0.01186206896551724,0.009,193224,144237,193708.60927152316
348840,112267,0.00896551724137931,0.01186206896551724,0.012,194183,131166,193708.60927152316
359926,118826,0.00896551724137931,0.01186206896551724,0.015,190992,120083,193708.60927152316
321942,144845,0.00896551724137931,0.012275862068965518,0.006,189782,158063,189935.0649350649
337747,132404,0.00896551724137931,0.012275862068965518,0.009,189188,142260,189935.0649350649
350582,133143,0.00896551724137931,0.012275862068965518,0.012,186976,129420,189935.0649350649
361199,128016,0.00896551724137931,0.012275862068965518,0.015,186757,118808,189935.0649350649
324307,141891,0.00896551724137931,0.012689655172413793,0.006,188018,155699,186305.73248407643
339676,149008,0.00896551724137931,0.012689655172413793,0.009,183394,140328,186305.73248407643
352136,139299,0.00896551724137931,0.012689655172413793,0.012,183593,127864,186305.73248407643
362542,135463,0.00896551724137931,0.012689655172413793,0.015,183168,117464,186305.73248407643
326630,157436,0.00896551724137931,0.01310344827586207,0.006,183082,153378,182812.5
341416,148404,0.00896551724137931,0.01310344827586207,0.009,181746,138589,182812.5
353599,150151,0.00896551724137931,0.01310344827586207,0.012,179148,126409,182812.5
363959,144903,0.00896551724137931,0.01310344827586207,0.015,178947,116048,182812.5
328961,160098,0.00896551724137931,0.013517241379310345,0.006,180356,151042,179447.8527607362
343267,149331,0.00896551724137931,0.013517241379310345,0.009,179571,136742,179447.8527607362
355174,154750,0.00896551724137931,0.013517241379310345,0.012,176296,124835,179447.8527607362
365111,150853,0.00896551724137931,0.013517241379310345,0.015,175775,114897,179447.8527607362
330999,153296,0.00896551724137931,0.01393103448275862,0.006,179371,149006,176204.81927710844
345123,161069,0.00896551724137931,0.01393103448275862,0.009,175165,134884,176204.81927710844
356615,159062,0.00896551724137931,0.01393103448275862,0.012,173588,123391,176204.81927710844
366484,156235,0.00896551724137931,0.01393103448275862,0.015,172900,113526,176204.81927710844
333225,178593,0.00896551724137931,0.014344827586206896,0.006,172952,146777,173076.9230769231
346743,163532,0.00896551724137931,0.014344827586206896,0.009,172893,133262,173076.9230769231
358087,159823,0.00896551724137931,0.014344827586206896,0.012,172025,121922,173076.9230769231
367619,164090,0.00896551724137931,0.014344827586206896,0.015,169317,112387,173076.9230769231
335180,172629,0.00896551724137931,0.014758620689655172,0.006,171906,144829,170058.13953488372
348424,175735,0.00896551724137931,0.014758620689655172,0.009,168610,131581,170058.13953488372
359480,163228,0.00896551724137931,0.014758620689655172,0.012,169666,120526,170058.13953488372
368827,164309,0.00896551724137931,0.014758620689655172,0.015,168030,111175,170058.13953488372
337143,168704,0.00896551724137931,0.015172413793103448,0.006,170684,142863,167142.85714285713
350078,177937,0.00896551724137931,0.015172413793103448,0.009,166518,129928,167142.85714285713
360973,175052,0.00896551724137931,0.015172413793103448,0.012,165153,119033,167142.85714285713
369973,165339,0.00896551724137931,0.015172413793103448,0.015,166394,110035,167142.85714285713
339084,184314,0.00896551724137931,0.015586206896551724,0.006,166067,140922,164325.8426966292
351707,182164,0.00896551724137931,0.015586206896551724,0.009,164022,128302,164325.8426966292
362283,185879,0.00896551724137931,0.015586206896551724,0.012,161083,117717,164325.8426966292
371177,175457,0.00896551724137931,0.015586206896551724,0.015,162375,108833,164325.8426966292
340957,187010,0.00896551724137931,0.016,0.006,163808,139049,161602.20994475135
353275,192631,0.00896551724137931,0.016,0.009,160240,126725,161602.20994475135
363527,187034,0.00896551724137931,0.016,0.012,159461,116479,161602.20994475135
372269,174609,0.00896551724137931,0.016,0.015,161395,107739,161602.20994475135
247586,4263,0.009379310344827585,0.004,0.006,289589,232418,315463.91752577317
278768,5685,0.009379310344827585,0.004,0.009,279260,201238,315463.91752577317
302520,6339,0.009379310344827585,0.004,0.012,272163,177485,315463.91752577317
321293,10541,0.009379310344827585,0.004,0.015,265785,158713,315463.91752577317
252461,5065,0.009379310344827585,0.004413793103448276,0.006,284837,227543,305999.99999999994
282389,6838,0.009379310344827585,0.004413793103448276,0.009,275317,197616,305999.99999999994
305490,9521,0.009379310344827585,0.004413793103448276,0.012,268159,174517,305999.99999999994
323690,11126,0.009379310344827585,0.004413793103448276,0.015,263055,156312,305999.99999999994
257190,5586,0.009379310344827585,0.004827586206896552,0.006,280204,222816,297087.3786407767
285978,9525,0.009379310344827585,0.004827586206896552,0.009,271017,194028,297087.3786407767
308123,11140,0.009379310344827585,0.004827586206896552,0.012,264787,171882,297087.3786407767
325777,13243,0.009379310344827585,0.004827586206896552,0.015,259861,154228,297087.3786407767
261552,6429,0.009379310344827585,0.005241379310344827,0.006,275664,218452,288679.2452830188
289343,10533,0.009379310344827585,0.005241379310344827,0.009,267280,190659,288679.2452830188
310791,11601,0.009379310344827585,0.005241379310344827,0.012,261815,169213,288679.2452830188
327959,13262,0.009379310344827585,0.005241379310344827,0.015,257447,152044,288679.2452830188
265841,6281,0.009379310344827585,0.005655172413793104,0.006,271452,214161,280733.9449541284
292721,12158,0.009379310344827585,0.005655172413793104,0.009,263477,187284,280733.9449541284
313420,12141,0.009379310344827585,0.005655172413793104,0.012,258830,166582,280733.9449541284
330055,13861,0.009379310344827585,0.005655172413793104,0.015,254893,149951,280733.9449541284
270035,7780,0.009379310344827585,0.006068965517241379,0.006,267058,209970,273214.2857142857
295864,10013,0.009379310344827585,0.006068965517241379,0.009,260807,184143,273214.2857142857
315891,12968,0.009379310344827585,0.006068965517241379,0.012,255852,164115,273214.2857142857
332085,13452,0.009379310344827585,0.006068965517241379,0.015,252709,147917,273214.2857142857
273946,12270,0.009379310344827585,0.006482758620689655,0.006,262187,206055,266086.95652173914
298957,8026,0.009379310344827585,0.006482758620689655,0.009,258149,181050,266086.95652173914
318317,13761,0.009379310344827585,0.006482758620689655,0.012,253001,161685,266086.95652173914
334041,14586,0.009379310344827585,0.006482758620689655,0.015,250068,145966,266086.95652173914
277792,14771,0.009379310344827585,0.006896551724137931,0.006,257764,202214,259322.03389830506
301868,13814,0.009379310344827585,0.006896551724137931,0.009,253532,178138,259322.03389830506
320682,14509,0.009379310344827585,0.006896551724137931,0.012,250221,159321,259322.03389830506
335951,15482,0.009379310344827585,0.006896551724137931,0.015,247529,144054,259322.03389830506
281529,13397,0.009379310344827585,0.007310344827586207,0.006,254380,198471,252892.56198347104
304685,15120,0.009379310344827585,0.007310344827586207,0.009,250128,175321,252892.56198347104
323067,17805,0.009379310344827585,0.007310344827586207,0.012,246641,156942,252892.56198347104
337873,14382,0.009379310344827585,0.007310344827586207,0.015,245687,142133,252892.56198347104
285047,12023,0.009379310344827585,0.007724137931034483,0.006,250999,194959,246774.19354838703
307500,24777,0.009379310344827585,0.007724137931034483,0.009,244758,172507,246774.19354838703
325350,22024,0.009379310344827585,0.007724137931034483,0.012,242958,154657,246774.19354838703
339738,22077,0.009379310344827585,0.007724137931034483,0.015,241120,140271,246774.19354838703
288465,15840,0.009379310344827585,0.008137931034482758,0.006,246670,191536,240944.88188976378
310212,15964,0.009379310344827585,0.008137931034482758,0.009,244148,169797,240944.88188976378
327388,16638,0.009379310344827585,0.008137931034482758,0.012,242107,152619,240944.88188976378
341530,25371,0.009379310344827585,0.008137931034482758,0.015,237951,138478,240944.88188976378
291798,25086,0.009379310344827585,0.008551724137931035,0.006,241446,188204,235384.6153846154
312874,23365,0.009379310344827585,0.008551724137931035,0.009,239478,167128,235384.6153846154
329480,35122,0.009379310344827585,0.008551724137931035,0.012,234416,150523,235384.6153846154
343233,31063,0.009379310344827585,0.008551724137931035,0.015,234154,136770,235384.6153846154
294969,29953,0.009379310344827585,0.00896551724137931,0.006,237220,185035,230075.1879699248
315377,36244,0.009379310344827585,0.00896551724137931,0.009,233577,164630,230075.1879699248
331558,32618,0.009379310344827585,0.00896551724137931,0.012,232839,148443,230075.1879699248
344948,28262,0.009379310344827585,0.00896551724137931,0.015,233040,135054,230075.1879699248
298064,42860,0.009379310344827585,0.009379310344827585,0.006,231530,181941,225000.0
317809,49088,0.009379310344827585,0.009379310344827585,0.009,227795,162197,225000.0
333649,45567,0.009379310344827585,0.009379310344827585,0.012,226998,146361,225000.0
346559,41799,0.009379310344827585,0.009379310344827585,0.015,226874,133445,225000.0
301166,67717,0.009379310344827585,0.009793103448275862,0.006,223629,178841,220143.88489208632
320212,58700,0.009379310344827585,0.009793103448275862,0.009,222912,159795,220143.88489208632
335622,60020,0.009379310344827585,0.009793103448275862,0.012,220792,144381,220143.88489208632
348197,68358,0.009379310344827585,0.009793103448275862,0.015,216852,131809,220143.88489208632
303947,82347,0.009379310344827585,0.010206896551724139,0.006,217968,176057,215492.95774647887
322429,75750,0.009379310344827585,0.010206896551724139,0.009,216394,157576,215492.95774647887
337380,78713,0.009379310344827585,0.010206896551724139,0.012,213525,142628,215492.95774647887
349845,74798,0.009379310344827585,0.010206896551724139,0.015,213155,130160,215492.95774647887
306859,95315,0.009379310344827585,0.010620689655172414,0.006,212617,173148,211034.48275862067
324677,94172,0.009379310344827585,0.010620689655172414,0.009,209625,155328,211034.48275862067
339255,87463,0.009379310344827585,0.010620689655172414,0.012,209178,140751,211034.48275862067
351309,85747,0.009379310344827585,0.010620689655172414,0.015,208064,128699,211034.48275862067
309540,95211,0.009379310344827585,0.011034482758620689,0.006,209954,170468,206756.75675675675
326905,98665,0.009379310344827585,0.011034482758620689,0.009,206298,153095,206756.75675675675
341089,102909,0.009379310344827585,0.011034482758620689,0.012,203018,138911,206756.75675675675
352871,96026,0.009379310344827585,0.011034482758620689,0.015,203323,127129,206756.75675675675
312136,108157,0.009379310344827585,0.011448275862068966,0.006,205023,167870,202649.00662251652
329016,111703,0.009379310344827585,0.011448275862068966,0.009,201129,150992,202649.00662251652
342893,104199,0.009379310344827585,0.011448275862068966,0.012,200835,137116,202649.00662251652
354283,97339,0.009379310344827585,0.011448275862068966,0.015,201273,125723,202649.00662251652
314658,121272,0.009379310344827585,0.01186206896551724,0.006,199986,165348,198701.29870129869
331053,123250,0.009379310344827585,0.01186206896551724,0.009,196394,148952,198701.29870129869
344462,112455,0.009379310344827585,0.01186206896551724,0.012,196806,135544,198701.29870129869
355717,115259,0.009379310344827585,0.01186206896551724,0.015,194322,124289,198701.29870129869
317125,131399,0.009379310344827585,0.012275862068965518,0.006,195837,162880,194904.45859872608
333063,126825,0.009379310344827585,0.012275862068965518,0.009,193493,146942,194904.45859872608
346208,122922,0.009379310344827585,0.012275862068965518,0.012,192180,133792,194904.45859872608
357213,122940,0.009379310344827585,0.012275862068965518,0.015,190553,122797,194904.45859872608
319543,134682,0.009379310344827585,0.012689655172413793,0.006,192891,160463,191250.0
335049,134600,0.009379310344827585,0.012689655172413793,0.009,189796,144959,191250.0
347760,132913,0.009379310344827585,0.012689655172413793,0.012,187951,132246,191250.0
358534,131713,0.009379310344827585,0.012689655172413793,0.015,186557,121466,191250.0
321972,139008,0.009379310344827585,0.01310344827586207,0.006,189824,158035,187730.06134969322
336952,141365,0.009379310344827585,0.01310344827586207,0.009,186327,143054,187730.06134969322
349396,140882,0.009379310344827585,0.01310344827586207,0.012,184169,130610,187730.06134969322
359835,132847,0.009379310344827585,0.01310344827586207,0.015,184787,120171,187730.06134969322
324107,151799,0.009379310344827585,0.013517241379310345,0.006,185213,155894,184337.34939759035
338806,147167,0.009379310344827585,0.013517241379310345,0.009,183152,141200,184337.34939759035
351003,146599,0.009379310344827585,0.013517241379310345,0.012,181084,128997,184337.34939759035
361186,137600,0.009379310344827585,0.013517241379310345,0.015,181919,118814,184337.34939759035
326385,135241,0.009379310344827585,0.01393103448275862,0.006,185975,153624,181065.08875739644
340659,160173,0.009379310344827585,0.01393103448275862,0.009,178551,139351,181065.08875739644
352479,155437,0.009379310344827585,0.01393103448275862,0.012,177259,127529,181065.08875739644
362433,140433,0.009379310344827585,0.01393103448275862,0.015,179735,117573,181065.08875739644
328464,156817,0.009379310344827585,0.014344827586206896,0.006,180229,151541,177906.97674418602
342358,161495,0.009379310344827585,0.014344827586206896,0.009,176424,137648,177906.97674418602
353940,144501,0.009379310344827585,0.014344827586206896,0.012,178475,126061,177906.97674418602
363688,151526,0.009379310344827585,0.014344827586206896,0.015,175256,116318,177906.97674418602
330523,168119,0.009379310344827585,0.014758620689655172,0.006,176171,149480,174857.14285714284
344042,168657,0.009379310344827585,0.014758620689655172,0.009,173177,135965,174857.14285714284
355427,153797,0.009379310344827585,0.014758620689655172,0.012,174655,124573,174857.14285714284
365025,155903,0.009379310344827585,0.014758620689655172,0.015,172705,114979,174857.14285714284
332549,177550,0.009379310344827585,0.015172413793103448,0.006,172686,147452,171910.11235955052
345805,169038,0.009379310344827585,0.015172413793103448,0.009,171440,134205,171910.11235955052
356774,167450,0.009379310344827585,0.015172413793103448,0.012,169781,123232,171910.11235955052
366114,152037,0.009379310344827585,0.015172413793103448,0.015,172470,113892,171910.11235955052
334639,170356,0.009379310344827585,0.015586206896551724,0.006,171934,145369,169060.77348066296
347508,174499,0.009379310344827585,0.015586206896551724,0.009,168608,132498,169060.77348066296
358184,167841,0.009379310344827585,0.015586206896551724,0.012,168177,121825,169060.77348066296
367337,175335,0.009379310344827585,0.015586206896551724,0.015,164780,112673,169060.77348066296
336435,170608,0.009379310344827585,0.016,0.006,169888,143573,166304.34782608692
348953,171499,0.009379310344827585,0.016,0.009,167557,131053,166304.34782608692
359495,183329,0.009379310344827585,0.016,0.012,163070,120508,166304.34782608692
368443,175356,0.009379310344827585,0.016,0.015,163617,111565,166304.34782608692
242465,3349,0.009793103448275862,0.004,0.006,292874,237536,319500.0
273714,6662,0.009793103448275862,0.004,0.009,281543,206287,319500.0
297792,8359,0.009793103448275862,0.004,0.012,273787,182215,319500.0
316679,8608,0.009793103448275862,0.004,0.015,268432,163327,319500.0
247240,3865,0.009793103448275862,0.004413793103448276,0.006,288181,232763,310194.17475728155
277377,6967,0.009793103448275862,0.004413793103448276,0.009,277857,202624,310194.17475728155
300634,10207,0.009793103448275862,0.004413793103448276,0.012,270270,179373,310194.17475728155
319042,9837,0.009793103448275862,0.004413793103448276,0.015,265517,160958,310194.17475728155
251940,4408,0.009793103448275862,0.004827586206896552,0.006,283591,228064,301415.09433962265
280890,9082,0.009793103448275862,0.004827586206896552,0.009,273785,199114,301415.09433962265
303418,8896,0.009793103448275862,0.004827586206896552,0.012,267753,176582,301415.09433962265
321251,10625,0.009793103448275862,0.004827586206896552,0.015,262774,158755,301415.09433962265
256399,6034,0.009793103448275862,0.005241379310344827,0.006,278822,223605,293119.2660550459
284420,8080,0.009793103448275862,0.005241379310344827,0.009,270584,195580,293119.2660550459
306093,9955,0.009793103448275862,0.005241379310344827,0.012,264604,173907,293119.2660550459
323416,12039,0.009793103448275862,0.005241379310344827,0.015,259883,156589,293119.2660550459
260710,6058,0.009793103448275862,0.005655172413793104,0.006,274651,219294,285267.8571428571
287640,8726,0.009793103448275862,0.005655172413793104,0.009,267040,192361,285267.8571428571
308787,10168,0.009793103448275862,0.005655172413793104,0.012,261728,171216,285267.8571428571
325553,12243,0.009793103448275862,0.005655172413793104,0.015,257425,154449,285267.8571428571
265021,6714,0.009793103448275862,0.006068965517241379,0.006,270420,214983,277826.0869565217
290893,9127,0.009793103448275862,0.006068965517241379,0.009,263668,189113,277826.0869565217
311332,12849,0.009793103448275862,0.006068965517241379,0.012,258241,168670,277826.0869565217
327604,16073,0.009793103448275862,0.006068965517241379,0.015,253872,152399,277826.0869565217
268934,7164,0.009793103448275862,0.006482758620689655,0.006,266357,211069,270762.71186440677
294016,12803,0.009793103448275862,0.006482758620689655,0.009,259587,185984,270762.71186440677
313671,14078,0.009793103448275862,0.006482758620689655,0.012,255236,166334,270762.71186440677
329641,15502,0.009793103448275862,0.006482758620689655,0.015,251776,150365,270762.71186440677
272713,8210,0.009793103448275862,0.006896551724137931,0.006,262365,207291,264049.58677685953
296988,14522,0.009793103448275862,0.006896551724137931,0.009,256016,183020,264049.58677685953
316096,18551,0.009793103448275862,0.006896551724137931,0.012,251311,163907,264049.58677685953
331679,15972,0.009793103448275862,0.006896551724137931,0.015,249430,148330,264049.58677685953
276455,8155,0.009793103448275862,0.007310344827586207,0.006,258590,203546,257661.29032258064
299933,16673,0.009793103448275862,0.007310344827586207,0.009,252451,180067,257661.29032258064
318392,15077,0.009793103448275862,0.007310344827586207,0.012,249811,161613,257661.29032258064
333482,18581,0.009793103448275862,0.007310344827586207,0.015,246428,146521,257661.29032258064
280031,12918,0.009793103448275862,0.007724137931034483,0.006,253992,199974,251574.80314960628
302642,10820,0.009793103448275862,0.007724137931034483,0.009,250999,177362,251574.80314960628
320676,16552,0.009793103448275862,0.007724137931034483,0.012,246899,159325,251574.80314960628
335429,20320,0.009793103448275862,0.007724137931034483,0.015,243707,144580,251574.80314960628
283554,12767,0.009793103448275862,0.008137931034482758,0.006,250529,196452,245769.2307692308
305409,23612,0.009793103448275862,0.008137931034482758,0.009,244901,174597,245769.2307692308
322887,14200,0.009793103448275862,0.008137931034482758,0.012,245140,157119,245769.2307692308
337185,18573,0.009793103448275862,0.008137931034482758,0.015,242171,142820,245769.2307692308
286809,30931,0.009793103448275862,0.008551724137931035,0.006,243555,193195,240225.56390977444
308042,19865,0.009793103448275862,0.008551724137931035,0.009,243031,171964,240225.56390977444
325006,23320,0.009793103448275862,0.008551724137931035,0.012,240168,154995,240225.56390977444
339077,21145,0.009793103448275862,0.008551724137931035,0.015,239290,140926,240225.56390977444
290050,39182,0.009793103448275862,0.00896551724137931,0.006,238704,189955,234926.4705882353
310581,32460,0.009793103448275862,0.00896551724137931,0.009,237223,169425,234926.4705882353
327105,18264,0.009793103448275862,0.00896551724137931,0.012,239295,152901,234926.4705882353
340750,25474,0.009793103448275862,0.00896551724137931,0.015,235969,139250,234926.4705882353
293163,35286,0.009793103448275862,0.009379310344827585,0.006,236278,186839,229856.11510791368
313120,28517,0.009793103448275862,0.009379310344827585,0.009,235561,166880,229856.11510791368
329115,27436,0.009793103448275862,0.009379310344827585,0.012,234456,150886,229856.11510791368
342387,31314,0.009793103448275862,0.009379310344827585,0.015,232238,137619,229856.11510791368
296233,49455,0.009793103448275862,0.009793103448275862,0.006,230470,183769,225000.0
315510,34343,0.009793103448275862,0.009793103448275862,0.009,231606,164491,225000.0
331109,43749,0.009793103448275862,0.009793103448275862,0.012,227730,148896,225000.0
344034,45477,0.009793103448275862,0.009793103448275862,0.015,225957,135972,225000.0
299116,71318,0.009793103448275862,0.010206896551724139,0.006,223381,180890,220344.8275862069
317805,66365,0.009793103448275862,0.010206896551724139,0.009,221443,162198,220344.8275862069
333154,58713,0.009793103448275862,0.010206896551724139,0.012,221494,146849,220344.8275862069
345641,55414,0.009793103448275862,0.010206896551724139,0.015,221144,134365,220344.8275862069
301936,89219,0.009793103448275862,0.010620689655172414,0.006,217244,178067,215878.3783783784
320149,80498,0.009793103448275862,0.010620689655172414,0.009,215816,159860,215878.3783783784
334911,77975,0.009793103448275862,0.010620689655172414,0.012,214184,145093,215878.3783783784
347204,73897,0.009793103448275862,0.010620689655172414,0.015,213822,132802,215878.3783783784
304807,89535,0.009793103448275862,0.011034482758620689,0.006,214500,175200,211589.40397350994
322310,94996,0.009793103448275862,0.011034482758620689,0.009,210077,157696,211589.40397350994
336820,90039,0.009793103448275862,0.011034482758620689,0.012,208984,143190,211589.40397350994
348727,83894,0.009793103448275862,0.011034482758620689,0.015,209159,131281,211589.40397350994
307441,97996,0.009793103448275862,0.011448275862068966,0.006,210195,172566,207467.53246753247
324614,93888,0.009793103448275862,0.011448275862068966,0.009,208112,155390,207467.53246753247
338540,93295,0.009793103448275862,0.011448275862068966,0.012,206294,141468,207467.53246753247
350251,89021,0.009793103448275862,0.011448275862068966,0.015,205929,129757,207467.53246753247
309933,118587,0.009793103448275862,0.01186206896551724,0.006,204049,170073,203503.18471337578
326698,109587,0.009793103448275862,0.01186206896551724,0.009,202382,153309,203503.18471337578
340266,107809,0.009793103448275862,0.01186206896551724,0.012,200566,139739,203503.18471337578
351768,95326,0.009793103448275862,0.01186206896551724,0.015,202468,128242,203503.18471337578
312447,120746,0.009793103448275862,0.012275862068965518,0.006,201160,167558,199687.49999999997
328757,110622,0.009793103448275862,0.012275862068965518,0.009,200108,151246,199687.49999999997
342060,116523,0.009793103448275862,0.012275862068965518,0.012,196437,137942,199687.49999999997
353108,111287,0.009793103448275862,0.012275862068965518,0.015,196233,126900,199687.49999999997
314885,119489,0.009793103448275862,0.012689655172413793,0.006,198944,165121,196012.2699386503
330600,119629,0.009793103448275862,0.012689655172413793,0.009,196001,149402,196012.2699386503
343601,121209,0.009793103448275862,0.012689655172413793,0.012,193531,136407,196012.2699386503
354539,118805,0.009793103448275862,0.012689655172413793,0.015,192480,125467,196012.2699386503
317361,135510,0.009793103448275862,0.01310344827586207,0.006,193846,162646,192469.8795180723
332573,134114,0.009793103448275862,0.01310344827586207,0.009,190860,147432,192469.8795180723
345310,127680,0.009793103448275862,0.01310344827586207,0.012,190166,134699,192469.8795180723
356004,120482,0.009793103448275862,0.01310344827586207,0.015,190524,123999,192469.8795180723
319529,144401,0.009793103448275862,0.013517241379310345,0.006,190083,160478,189053.25443786982
334497,139331,0.009793103448275862,0.013517241379310345,0.009,187813,145506,189053.25443786982
346812,140834,0.009793103448275862,0.013517241379310345,0.012,185172,133190,189053.25443786982
357269,130481,0.009793103448275862,0.013517241379310345,0.015,186292,122740,189053.25443786982
321908,149735,0.009793103448275862,0.01393103448275862,0.006,186921,158099,185755.8139534884
336284,135483,0.009793103448275862,0.01393103448275862,0.009,186777,143721,185755.8139534884
348405,132046,0.009793103448275862,0.01393103448275862,0.012,185739,131604,185755.8139534884
358553,138413,0.009793103448275862,0.01393103448275862,0.015,182639,121450,185755.8139534884
323977,145892,0.009793103448275862,0.014344827586206896,0.006,185331,156030,182571.42857142858
338083,151782,0.009793103448275862,0.014344827586206896,0.009,181501,141923,182571.42857142858
349854,153064,0.009793103448275862,0.014344827586206896,0.012,178874,130154,182571.42857142858
359861,140029,0.009793103448275862,0.014344827586206896,0.015,180798,120142,182571.42857142858
326076,153702,0.009793103448275862,0.014758620689655172,0.006,181985,153930,179494.38202247192
339831,140760,0.009793103448275862,0.014758620689655172,0.009,182109,140172,179494.38202247192
351339,148661,0.009793103448275862,0.014758620689655172,0.012,178492,128667,179494.38202247192
361108,150108,0.009793103448275862,0.014758620689655172,0.015,176615,118901,179494.38202247192
328153,161704,0.009793103448275862,0.015172413793103448,0.006,178727,151855,176519.33701657457
341559,160107,0.009793103448275862,0.015172413793103448,0.009,176248,138449,176519.33701657457
352859,160577,0.009793103448275862,0.015172413793103448,0.012,173998,127151,176519.33701657457
362317,158313,0.009793103448275862,0.015172413793103448,0.015,173044,117691,176519.33701657457
330132,174131,0.009793103448275862,0.015586206896551724,0.006,174787,149874,173641.3043478261
343282,156866,0.009793103448275862,0.015586206896551724,0.009,175200,136727,173641.3043478261
354165,164341,0.009793103448275862,0.015586206896551724,0.012,171651,125839,173641.3043478261
363538,162913,0.009793103448275862,0.015586206896551724,0.015,170482,116468,173641.3043478261
332065,142188,0.009793103448275862,0.016,0.006,177842,147943,170855.614973262
344803,168569,0.009793103448275862,0.016,0.009,171149,135203,170855.614973262
355568,167721,0.009793103448275862,0.016,0.012,169412,124438,170855.614973262
364716,164589,0.009793103448275862,0.016,0.015,168816,115287,170855.614973262
237398,4154,0.010206896551724139,0.004,0.006,295678,242604,323300.9708737864
268766,5091,0.010206896551724139,0.004,0.009,284522,211238,323300.9708737864
293061,8253,0.010206896551724139,0.004,0.012,276069,186939,323300.9708737864
312174,8321,0.010206896551724139,0.004,0.015,270493,167830,323300.9708737864
242418,3888,0.010206896551724139,0.004413793103448276,0.006,291147,237587,314150.9433962264
272537,6816,0.010206896551724139,0.004413793103448276,0.009,280438,207469,314150.9433962264
295953,7353,0.010206896551724139,0.004413793103448276,0.012,273369,184054,314150.9433962264
314631,6320,0.010206896551724139,0.004413793103448276,0.015,268653,165370,314150.9433962264
247022,5380,0.010206896551724139,0.004827586206896552,0.006,286405,232979,305504.58715596335
276134,6444,0.010206896551724139,0.004827586206896552,0.009,277035,203866,305504.58715596335
298694,9136,0.010206896551724139,0.004827586206896552,0.012,269986,181311,305504.58715596335
316829,11298,0.010206896551724139,0.004827586206896552,0.015,264509,163177,305504.58715596335
251492,4137,0.010206896551724139,0.005241379310344827,0.006,282232,228507,297321.4285714286
279574,7400,0.010206896551724139,0.005241379310344827,0.009,273338,200431,297321.4285714286
301422,9188,0.010206896551724139,0.005241379310344827,0.012,267074,178583,297321.4285714286
319019,12483,0.010206896551724139,0.005241379310344827,0.015,261747,160986,297321.4285714286
255767,6097,0.010206896551724139,0.005655172413793104,0.006,277641,224236,289565.2173913043
282858,8176,0.010206896551724139,0.005655172413793104,0.009,269800,197147,289565.2173913043
304094,10174,0.010206896551724139,0.005655172413793104,0.012,264007,175906,289565.2173913043
321224,13406,0.010206896551724139,0.005655172413793104,0.015,259068,158776,289565.2173913043
260102,6867,0.010206896551724139,0.006068965517241379,0.006,273463,219900,282203.3898305085
286168,9561,0.010206896551724139,0.006068965517241379,0.009,266201,193832,282203.3898305085
306781,9549,0.010206896551724139,0.006068965517241379,0.012,261484,173224,282203.3898305085
323396,12269,0.010206896551724139,0.006068965517241379,0.015,257114,156607,282203.3898305085
264114,6513,0.010206896551724139,0.006482758620689655,0.006,269577,215890,275206.611570248
289273,9974,0.010206896551724139,0.006482758620689655,0.009,262911,190727,275206.611570248
309146,11820,0.010206896551724139,0.006482758620689655,0.012,258145,170859,275206.611570248
325451,16039,0.010206896551724139,0.006482758620689655,0.015,253653,154554,275206.611570248
267843,8510,0.010206896551724139,0.006896551724137931,0.006,265335,212156,268548.3870967742
292211,11614,0.010206896551724139,0.006896551724137931,0.009,259371,187792,268548.3870967742
311580,11915,0.010206896551724139,0.006896551724137931,0.012,255556,168426,268548.3870967742
327338,14665,0.010206896551724139,0.006896551724137931,0.015,251873,152665,268548.3870967742
271672,8947,0.010206896551724139,0.007310344827586207,0.006,261587,208328,262204.7244094488
295157,10526,0.010206896551724139,0.007310344827586207,0.009,256640,184844,262204.7244094488
313969,11374,0.010206896551724139,0.007310344827586207,0.012,253154,166038,262204.7244094488
329309,17818,0.010206896551724139,0.007310344827586207,0.015,248663,150700,262204.7244094488
275245,15428,0.010206896551724139,0.007724137931034483,0.006,256679,204760,256153.84615384613
297985,18858,0.010206896551724139,0.007724137931034483,0.009,251611,182019,256153.84615384613
316232,18446,0.010206896551724139,0.007724137931034483,0.012,248642,163769,256153.84615384613
331198,18073,0.010206896551724139,0.007724137931034483,0.015,246442,148802,256153.84615384613
278760,16243,0.010206896551724139,0.008137931034482758,0.006,252956,201247,250375.93984962406
300740,17913,0.010206896551724139,0.008137931034482758,0.009,248946,179261,250375.93984962406
318450,16970,0.010206896551724139,0.008137931034482758,0.012,246637,161556,250375.93984962406
333087,21765,0.010206896551724139,0.008137931034482758,0.015,243227,146922,250375.93984962406
282009,21257,0.010206896551724139,0.008551724137931035,0.006,248560,197994,244852.94117647057
303445,15868,0.010206896551724139,0.008551724137931035,0.009,246677,176557,244852.94117647057
320665,18233,0.010206896551724139,0.008551724137931035,0.012,243892,159336,244852.94117647057
334817,22636,0.010206896551724139,0.008551724137931035,0.015,240869,145189,244852.94117647057
285270,33871,0.010206896551724139,0.00896551724137931,0.006,242830,194734,239568.345323741
306041,25118,0.010206896551724139,0.00896551724137931,0.009,241708,173961,239568.345323741
322821,30620,0.010206896551724139,0.00896551724137931,0.012,238094,157179,239568.345323741
336666,23900,0.010206896551724139,0.00896551724137931,0.015,238442,143341,239568.345323741
288456,36120,0.010206896551724139,0.009379310344827585,0.006,239218,191545,234507.04225352113
308529,43554,0.010206896551724139,0.009379310344827585,0.009,234638,171475,234507.04225352113
324817,34909,0.010206896551724139,0.009379310344827585,0.012,234696,155188,234507.04225352113
338313,32315,0.010206896551724139,0.009379310344827585,0.015,233916,141697,234507.04225352113
291506,48555,0.010206896551724139,0.009793103448275862,0.006,233885,188496,229655.1724137931
311001,41218,0.010206896551724139,0.009793103448275862,0.009,232657,169005,229655.1724137931
326936,39219,0.010206896551724139,0.009793103448275862,0.012,231316,153071,229655.1724137931
339957,41333,0.010206896551724139,0.009793103448275862,0.015,229299,140048,229655.1724137931
294428,33313,0.010206896551724139,0.010206896551724139,0.006,233681,185577,225000.0
313408,35013,0.010206896551724139,0.010206896551724139,0.009,231629,166594,225000.0
328780,46135,0.010206896551724139,0.010206896551724139,0.012,227289,151224,225000.0
341707,50643,0.010206896551724139,0.010206896551724139,0.015,224673,138300,225000.0
297295,66697,0.010206896551724139,0.010620689655172414,0.006,224652,182710,220529.80132450332
315680,67572,0.010206896551724139,0.010620689655172414,0.009,221563,164326,220529.80132450332
330681,57438,0.010206896551724139,0.010620689655172414,0.012,222172,149322,220529.80132450332
343195,54227,0.010206896551724139,0.010620689655172414,0.015,221809,136811,220529.80132450332
300197,78973,0.010206896551724139,0.011034482758620689,0.006,219661,179809,216233.76623376628
318033,76324,0.010206896551724139,0.011034482758620689,0.009,217199,161969,216233.76623376628
332538,67646,0.010206896551724139,0.011034482758620689,0.012,217436,147470,216233.76623376628
344755,77001,0.010206896551724139,0.011034482758620689,0.015,213258,135251,216233.76623376628
302748,93723,0.010206896551724139,0.011448275862068966,0.006,214276,177257,212101.91082802543
320193,92206,0.010206896551724139,0.011448275862068966,0.009,211427,159807,212101.91082802543
334353,88409,0.010206896551724139,0.011448275862068966,0.012,209968,145655,212101.91082802543
346322,79681,0.010206896551724139,0.011448275862068966,0.015,210850,133687,212101.91082802543
305503,96422,0.010206896551724139,0.01186206896551724,0.006,211260,174500,208124.99999999997
322310,104097,0.010206896551724139,0.01186206896551724,0.009,206445,157690,208124.99999999997
336140,103465,0.010206896551724139,0.01186206896551724,0.012,204163,143867,208124.99999999997
347870,95033,0.010206896551724139,0.01186206896551724,0.015,204747,132131,208124.99999999997
307981,102530,0.010206896551724139,0.012275862068965518,0.006,207662,172019,204294.47852760734
324294,106530,0.010206896551724139,0.012275862068965518,0.009,203893,155707,204294.47852760734
337903,97953,0.010206896551724139,0.012275862068965518,0.012,203819,142106,204294.47852760734
349237,100495,0.010206896551724139,0.012275862068965518,0.015,201519,130768,204294.47852760734
310358,117336,0.010206896551724139,0.012689655172413793,0.006,202593,169648,200602.40963855427
326344,103396,0.010206896551724139,0.012689655172413793,0.009,202520,153662,200602.40963855427
339534,116307,0.010206896551724139,0.012689655172413793,0.012,197235,140468,200602.40963855427
350765,111944,0.010206896551724139,0.012689655172413793,0.015,196676,129242,200602.40963855427
312803,115076,0.010206896551724139,0.01310344827586207,0.006,200568,167205,197041.42011834317
328280,112558,0.010206896551724139,0.01310344827586207,0.009,198514,151722,197041.42011834317
341186,111387,0.010206896551724139,0.01310344827586207,0.012,196861,138819,197041.42011834317
352030,109926,0.010206896551724139,0.01310344827586207,0.015,195715,127977,197041.42011834317
315089,130137,0.010206896551724139,0.013517241379310345,0.006,195841,164912,193604.65116279072
330295,134505,0.010206896551724139,0.013517241379310345,0.009,191697,149713,193604.65116279072
342808,121555,0.010206896551724139,0.013517241379310345,0.012,192514,137195,193604.65116279072
353433,119054,0.010206896551724139,0.013517241379310345,0.015,191671,126570,193604.65116279072
317488,132520,0.010206896551724139,0.01393103448275862,0.006,193139,162518,190285.7142857143
332151,133873,0.010206896551724139,0.01393103448275862,0.009,190032,147849,190285.7142857143
344396,133172,0.010206896551724139,0.01393103448275862,0.012,187980,135607,190285.7142857143
354769,125578,0.010206896551724139,0.01393103448275862,0.015,188431,125237,190285.7142857143
319642,147263,0.010206896551724139,0.014344827586206896,0.006,188503,160367,187078.65168539324
333977,139266,0.010206896551724139,0.014344827586206896,0.009,187045,146023,187078.65168539324
345906,135666,0.010206896551724139,0.014344827586206896,0.012,185730,134099,187078.65168539324
356113,131743,0.010206896551724139,0.014344827586206896,0.015,185242,123894,187078.65168539324
321795,161281,0.010206896551724139,0.014758620689655172,0.006,184187,158214,183977.9005524862
335707,150378,0.010206896551724139,0.014758620689655172,0.009,182957,144296,183977.9005524862
347395,143197,0.010206896551724139,0.014758620689655172,0.012,182408,132609,183977.9005524862
357333,142680,0.010206896551724139,0.014758620689655172,0.015,180877,122669,183977.9005524862
323913,157073,0.010206896551724139,0.015172413793103448,0.006,182820,156089,180978.2608695652
337431,152585,0.010206896551724139,0.015172413793103448,0.009,180705,142574,180978.2608695652
348968,151633,0.010206896551724139,0.015172413793103448,0.012,178716,131034,180978.2608695652
358691,144875,0.010206896551724139,0.015172413793103448,0.015,178940,121317,180978.2608695652
325814,169195,0.010206896551724139,0.015586206896551724,0.006,178867,154191,178074.86631016043
339235,158665,0.010206896551724139,0.015586206896551724,0.009,177670,140772,178074.86631016043
350315,141412,0.010206896551724139,0.015586206896551724,0.012,179759,129691,178074.86631016043
359820,160511,0.010206896551724139,0.015586206896551724,0.015,173442,120187,178074.86631016043
327800,160005,0.010206896551724139,0.016,0.006,178431,152207,175263.15789473683
340797,168257,0.010206896551724139,0.016,0.009,174035,139206,175263.15789473683
351815,151546,0.010206896551724139,0.016,0.012,175826,128192,175263.15789473683
361099,163084,0.010206896551724139,0.016,0.015,171485,118911,175263.15789473683
232634,3171,0.010620689655172414,0.004,0.006,298738,247366,326886.7924528302
264062,6050,0.010620689655172414,0.004,0.009,286789,215940,326886.7924528302
288508,5927,0.010620689655172414,0.004,0.012,278965,191492,326886.7924528302
307849,7934,0.010620689655172414,0.004,0.015,272507,172153,326886.7924528302
237581,3485,0.010620689655172414,0.004413793103448276,0.006,294160,242419,317889.90825688076
267914,5758,0.010620689655172414,0.004413793103448276,0.009,283269,212086,317889.90825688076
291352,7127,0.010620689655172414,0.004413793103448276,0.012,275621,188651,317889.90825688076
310259,8497,0.010620689655172414,0.004413793103448276,0.015,269846,169749,317889.90825688076
242247,4442,0.010620689655172414,0.004827586206896552,0.006,289489,237756,309375.0
271384,6318,0.010620689655172414,0.004827586206896552,0.009,279572,208620,309375.0
294179,10433,0.010620689655172414,0.004827586206896552,0.012,271743,185824,309375.0
312496,9826,0.010620689655172414,0.004827586206896552,0.015,266947,167509,309375.0
246829,4131,0.010620689655172414,0.005241379310344827,0.006,285227,233175,301304.347826087
274868,6821,0.010620689655172414,0.005241379310344827,0.009,276028,205133,301304.347826087
297038,9408,0.010620689655172414,0.005241379310344827,0.012,269196,182969,301304.347826087
314739,9408,0.010620689655172414,0.005241379310344827,0.015,264700,165265,301304.347826087
251104,5158,0.010620689655172414,0.005655172413793104,0.006,280843,228898,293644.0677966102
278341,6854,0.010620689655172414,0.005655172413793104,0.009,272706,201660,293644.0677966102
299710,9948,0.010620689655172414,0.005655172413793104,0.012,266295,180290,293644.0677966102
316925,10690,0.010620689655172414,0.005655172413793104,0.015,261914,163081,293644.0677966102
255264,5631,0.010620689655172414,0.006068965517241379,0.006,276697,224737,286363.63636363635
281470,8727,0.010620689655172414,0.006068965517241379,0.009,268958,198531,286363.63636363635
302244,11582,0.010620689655172414,0.006068965517241379,0.012,263084,177758,286363.63636363635
319049,14129,0.010620689655172414,0.006068965517241379,0.015,258482,160956,286363.63636363635
259378,7879,0.010620689655172414,0.006482758620689655,0.006,272275,220623,279435.48387096776
284746,10327,0.010620689655172414,0.006482758620689655,0.009,265359,195257,279435.48387096776
304748,14019,0.010620689655172414,0.006482758620689655,0.012,259734,175253,279435.48387096776
321134,13838,0.010620689655172414,0.006482758620689655,0.015,256307,158872,279435.48387096776
263143,8690,0.010620689655172414,0.006896551724137931,0.006,268302,216861,272834.6456692914
287672,12371,0.010620689655172414,0.006896551724137931,0.009,261797,192333,272834.6456692914
307200,12406,0.010620689655172414,0.006896551724137931,0.012,257579,172806,272834.6456692914
323151,13775,0.010620689655172414,0.006896551724137931,0.015,254103,156857,272834.6456692914
266887,9687,0.010620689655172414,0.007310344827586207,0.006,264386,213117,266538.4615384615
290614,14459,0.010620689655172414,0.007310344827586207,0.009,258170,189390,266538.4615384615
309703,13513,0.010620689655172414,0.007310344827586207,0.012,254749,170303,266538.4615384615
325205,12371,0.010620689655172414,0.007310344827586207,0.015,252316,154795,266538.4615384615
270555,12806,0.010620689655172414,0.007724137931034483,0.006,260192,209446,260526.31578947365
293485,12460,0.010620689655172414,0.007724137931034483,0.009,255758,186519,260526.31578947365
311981,16524,0.010620689655172414,0.007724137931034483,0.012,251422,168022,260526.31578947365
327154,14195,0.010620689655172414,0.007724137931034483,0.015,249632,152853,260526.31578947365
274111,9704,0.010620689655172414,0.008137931034482758,0.006,257266,205889,254779.4117647059
296390,14698,0.010620689655172414,0.008137931034482758,0.009,252313,183612,254779.4117647059
314284,19935,0.010620689655172414,0.008137931034482758,0.012,248070,165716,254779.4117647059
328987,18124,0.010620689655172414,0.008137931034482758,0.015,246292,151022,254779.4117647059
277495,13604,0.010620689655172414,0.008551724137931035,0.006,253086,202506,249280.57553956835
298964,17358,0.010620689655172414,0.008551724137931035,0.009,248907,181041,249280.57553956835
316406,20434,0.010620689655172414,0.008551724137931035,0.012,245545,163600,249280.57553956835
330774,17146,0.010620689655172414,0.008551724137931035,0.015,244529,149228,249280.57553956835
280702,6815,0.010620689655172414,0.00896551724137931,0.006,251102,199299,244014.08450704222
301595,19824,0.010620689655172414,0.00896551724137931,0.009,245585,178411,244014.08450704222
318542,24248,0.010620689655172414,0.00896551724137931,0.012,242138,161460,244014.08450704222
332537,23114,0.010620689655172414,0.00896551724137931,0.015,240690,147468,244014.08450704222
283885,30772,0.010620689655172414,0.009379310344827585,0.006,243391,196116,238965.51724137933
304113,25147,0.010620689655172414,0.009379310344827585,0.009,241692,175889,238965.51724137933
320629,24835,0.010620689655172414,0.009379310344827585,0.012,239707,159377,238965.51724137933
334288,32477,0.010620689655172414,0.009379310344827585,0.015,235884,145717,238965.51724137933
286990,23005,0.010620689655172414,0.009793103448275862,0.006,241694,193016,234121.6216216216
306675,33441,0.010620689655172414,0.009793103448275862,0.009,237081,173332,234121.6216216216
322695,36374,0.010620689655172414,0.009793103448275862,0.012,234395,157305,234121.6216216216
335970,33768,0.010620689655172414,0.009793103448275862,0.015,233576,144031,234121.6216216216
289879,31058,0.010620689655172414,0.010206896551724139,0.006,237191,190126,229470.1986754967
309094,39165,0.010620689655172414,0.010206896551724139,0.009,233249,170906,229470.1986754967
324713,36929,0.010620689655172414,0.010206896551724139,0.012,232093,155295,229470.1986754967
337754,36753,0.010620689655172414,0.010206896551724139,0.015,230829,142253,229470.1986754967
292820,57806,0.010620689655172414,0.010620689655172414,0.006,229468,187186,225000.0
311431,46330,0.010620689655172414,0.010620689655172414,0.009,229171,168569,225000.0
326575,46808,0.010620689655172414,0.010620689655172414,0.012,227324,153431,225000.0
339246,44293,0.010620689655172414,0.010620689655172414,0.015,226748,140760,225000.0
295685,74977,0.010620689655172414,0.011034482758620689,0.006,223576,184316,220700.63694267513
313718,70550,0.010620689655172414,0.011034482758620689,0.009,221252,166289,220700.63694267513
328503,53656,0.010620689655172414,0.011034482758620689,0.012,223494,151506,220700.63694267513
340864,54279,0.010620689655172414,0.011034482758620689,0.015,222058,139141,220700.63694267513
298300,78636,0.010620689655172414,0.011448275862068966,0.006,220145,181703,216562.49999999997
315964,83638,0.010620689655172414,0.011448275862068966,0.009,216059,164039,216562.49999999997
330399,73243,0.010620689655172414,0.011448275862068966,0.012,216382,149608,216562.49999999997
342425,71727,0.010620689655172414,0.011448275862068966,0.015,215238,137581,216562.49999999997
300930,98852,0.010620689655172414,0.01186206896551724,0.006,214033,179075,212576.6871165644
318065,93148,0.010620689655172414,0.01186206896551724,0.009,211691,161935,212576.6871165644
332155,88421,0.010620689655172414,0.01186206896551724,0.012,210543,147845,212576.6871165644
343994,82469,0.010620689655172414,0.01186206896551724,0.015,210503,136006,212576.6871165644
303506,99539,0.010620689655172414,0.012275862068965518,0.006,211408,176500,208734.9397590361
320096,98406,0.010620689655172414,0.012275862068965518,0.009,208463,159910,208734.9397590361
333837,98562,0.010620689655172414,0.012275862068965518,0.012,206047,146171,208734.9397590361
345413,94411,0.010620689655172414,0.012275862068965518,0.015,205407,134595,208734.9397590361
306115,114513,0.010620689655172414,0.012689655172413793,0.006,206307,173891,205029.58579881655
322248,108017,0.010620689655172414,0.012689655172413793,0.009,204259,157759,205029.58579881655
335675,110098,0.010620689655172414,0.012689655172413793,0.012,201295,144331,205029.58579881655
346916,98237,0.010620689655172414,0.012689655172413793,0.015,202734,133084,205029.58579881655
308408,129672,0.010620689655172414,0.01310344827586207,0.006,201382,171597,201453.488372093
324140,117065,0.010620689655172414,0.01310344827586207,0.009,200241,155864,201453.488372093
337222,115108,0.010620689655172414,0.01310344827586207,0.012,198305,142786,201453.488372093
348300,110027,0.010620689655172414,0.01310344827586207,0.015,197944,131706,201453.488372093
310878,112925,0.010620689655172414,0.013517241379310345,0.006,201929,169123,198000.0
326201,117968,0.010620689655172414,0.013517241379310345,0.009,198079,153803,198000.0
338979,111671,0.010620689655172414,0.013517241379310345,0.012,197481,141025,198000.0
349692,118021,0.010620689655172414,0.013517241379310345,0.015,194144,130314,198000.0
313134,127156,0.010620689655172414,0.01393103448275862,0.006,197225,166874,194662.92134831462
327988,129807,0.010620689655172414,0.01393103448275862,0.009,193744,152016,194662.92134831462
340470,128968,0.010620689655172414,0.01393103448275862,0.012,191541,139535,194662.92134831462
351124,120276,0.010620689655172414,0.01393103448275862,0.015,192098,128886,194662.92134831462
315332,133756,0.010620689655172414,0.014344827586206896,0.006,194040,164676,191436.46408839777
329840,121227,0.010620689655172414,0.014344827586206896,0.009,193642,150165,191436.46408839777
342018,129412,0.010620689655172414,0.014344827586206896,0.012,189737,137990,191436.46408839777
352463,129535,0.010620689655172414,0.014344827586206896,0.015,188120,127538,191436.46408839777
317559,152734,0.010620689655172414,0.014758620689655172,0.006,188710,162448,188315.21739130435
331676,132765,0.010620689655172414,0.014758620689655172,0.009,189345,148330,188315.21739130435
343566,133252,0.010620689655172414,0.014758620689655172,0.012,187251,136440,188315.21739130435
353698,131772,0.010620689655172414,0.014758620689655172,0.015,186104,126308,188315.21739130435
319696,129052,0.010620689655172414,0.015172413793103448,0.006,190500,160306,185294.1176470588
333482,137056,0.010620689655172414,0.015172413793103448,0.009,186637,146518,185294.1176470588
345132,144689,0.010620689655172414,0.015172413793103448,0.012,182900,134868,185294.1176470588
354995,130916,0.010620689655172414,0.015172413793103448,0.015,184922,125012,185294.1176470588
321641,143878,0.010620689655172414,0.015586206896551724,0.006,186126,158364,182368.42105263157
335188,145946,0.010620689655172414,0.015586206896551724,0.009,183055,144821,182368.42105263157
346563,145439,0.010620689655172414,0.015586206896551724,0.012,181235,133447,182368.42105263157
356297,130709,0.010620689655172414,0.015586206896551724,0.015,183637,123713,182368.42105263157
323669,165767,0.010620689655172414,0.016,0.006,180601,156337,179533.67875647664
336905,152899,0.010620689655172414,0.016,0.009,179962,143105,179533.67875647664
347997,156622,0.010620689655172414,0.016,0.012,177166,132003,179533.67875647664
357436,147242,0.010620689655172414,0.016,0.015,177878,122569,179533.67875647664
228185,2314,0.011034482758620689,0.004,0.006,301737,251820,330275.2293577981
259535,4241,0.011034482758620689,0.004,0.009,289647,220464,330275.2293577981
284110,7655,0.011034482758620689,0.004,0.012,280559,195897,330275.2293577981
303602,9257,0.011034482758620689,0.004,0.015,273975,176404,330275.2293577981
233011,3226,0.011034482758620689,0.004413793103448276,0.006,297022,246989,321428.5714285714
263314,4729,0.011034482758620689,0.004413793103448276,0.009,285956,216688,321428.5714285714
287009,5861,0.011034482758620689,0.004413793103448276,0.012,278128,192997,321428.5714285714
305967,7444,0.011034482758620689,0.004413793103448276,0.015,272119,174038,321428.5714285714
237739,3903,0.011034482758620689,0.004827586206896552,0.006,292450,242261,313043.47826086957
266940,6369,0.011034482758620689,0.004827586206896552,0.009,282027,213066,313043.47826086957
289825,7330,0.011034482758620689,0.004827586206896552,0.012,274812,190181,313043.47826086957
308313,9756,0.011034482758620689,0.004827586206896552,0.015,268893,171688,313043.47826086957
242097,3874,0.011034482758620689,0.005241379310344827,0.006,288109,237905,305084.74576271186
270407,7175,0.011034482758620689,0.005241379310344827,0.009,278396,209598,305084.74576271186
292725,8181,0.011034482758620689,0.005241379310344827,0.012,271747,187278,305084.74576271186
310608,10897,0.011034482758620689,0.005241379310344827,0.015,266112,169394,305084.74576271186
246491,5089,0.011034482758620689,0.005655172413793104,0.006,283736,233514,297520.66115702473
273766,8151,0.011034482758620689,0.005655172413793104,0.009,274795,206239,297520.66115702473
295362,9088,0.011034482758620689,0.005655172413793104,0.012,268732,184639,297520.66115702473
312787,11996,0.011034482758620689,0.005655172413793104,0.015,263424,167214,297520.66115702473
250641,4818,0.011034482758620689,0.006068965517241379,0.006,279733,229358,290322.58064516133
277086,6790,0.011034482758620689,0.006068965517241379,0.009,271911,202921,290322.58064516133
297923,8870,0.011034482758620689,0.006068965517241379,0.012,266050,182081,290322.58064516133
314924,12459,0.011034482758620689,0.006068965517241379,0.015,260920,165080,290322.58064516133
254803,6098,0.011034482758620689,0.006482758620689655,0.006,275529,225203,283464.56692913384
280200,8755,0.011034482758620689,0.006482758620689655,0.009,268247,199806,283464.56692913384
300582,11396,0.011034482758620689,0.006482758620689655,0.012,262685,179425,283464.56692913384
317129,13883,0.011034482758620689,0.006482758620689655,0.015,258232,162878,283464.56692913384
258676,8177,0.011034482758620689,0.006896551724137931,0.006,271325,221324,276923.07692307694
283370,10422,0.011034482758620689,0.006896551724137931,0.009,264762,196634,276923.07692307694
302987,12309,0.011034482758620689,0.006896551724137931,0.012,259830,177014,276923.07692307694
319094,14747,0.011034482758620689,0.006896551724137931,0.015,255711,160911,276923.07692307694
262319,6154,0.011034482758620689,0.007310344827586207,0.006,268039,217684,270676.6917293233
286242,12219,0.011034482758620689,0.007310344827586207,0.009,261246,193759,270676.6917293233
305369,13345,0.011034482758620689,0.007310344827586207,0.012,256992,174635,270676.6917293233
321102,13681,0.011034482758620689,0.007310344827586207,0.015,253872,158900,270676.6917293233
265994,8830,0.011034482758620689,0.007724137931034483,0.006,263889,214011,264705.88235294115
289185,14090,0.011034482758620689,0.007724137931034483,0.009,257915,190822,264705.88235294115
307732,15333,0.011034482758620689,0.007724137931034483,0.012,253967,172274,264705.88235294115
323034,18104,0.011034482758620689,0.007724137931034483,0.015,250360,156967,264705.88235294115
269486,9050,0.011034482758620689,0.008137931034482758,0.006,260344,210518,258992.80575539565
291895,12971,0.011034482758620689,0.008137931034482758,0.009,255286,188109,258992.80575539565
310020,17965,0.011034482758620689,0.008137931034482758,0.012,250782,169984,258992.80575539565
324990,18811,0.011034482758620689,0.008137931034482758,0.015,248048,155010,258992.80575539565
272931,11767,0.011034482758620689,0.008551724137931035,0.006,256441,207070,253521.12676056338
294698,9994,0.011034482758620689,0.008551724137931035,0.009,253172,185309,253521.12676056338
312347,21396,0.011034482758620689,0.008551724137931035,0.012,247449,167660,253521.12676056338
326791,17834,0.011034482758620689,0.008551724137931035,0.015,246276,153213,253521.12676056338
276263,10345,0.011034482758620689,0.00896551724137931,0.006,253348,203743,248275.86206896548
297392,12212,0.011034482758620689,0.00896551724137931,0.009,249923,182615,248275.86206896548
314372,17796,0.011034482758620689,0.00896551724137931,0.012,246121,165632,248275.86206896548
328615,18331,0.011034482758620689,0.00896551724137931,0.015,244104,151391,248275.86206896548
279454,7219,0.011034482758620689,0.009379310344827585,0.006,250730,200546,243243.24324324323
299857,17190,0.011034482758620689,0.009379310344827585,0.009,246042,180148,243243.24324324323
316525,21261,0.011034482758620689,0.009379310344827585,0.012,242912,163481,243243.24324324323
330381,28992,0.011034482758620689,0.009379310344827585,0.015,238882,149625,243243.24324324323
282610,14398,0.011034482758620689,0.009793103448275862,0.006,246267,197396,238410.59602649004
302340,26019,0.011034482758620689,0.009793103448275862,0.009,241397,177663,238410.59602649004
318614,25577,0.011034482758620689,0.009793103448275862,0.012,239533,161389,238410.59602649004
332168,21864,0.011034482758620689,0.009793103448275862,0.015,239053,147842,238410.59602649004
285497,36162,0.011034482758620689,0.010206896551724139,0.006,239255,194504,233766.23376623378
304832,28366,0.011034482758620689,0.010206896551724139,0.009,238331,175169,233766.23376623378
320665,39200,0.011034482758620689,0.010206896551724139,0.012,233702,159344,233766.23376623378
333793,36250,0.011034482758620689,0.010206896551724139,0.015,232935,146212,233766.23376623378
288434,42118,0.011034482758620689,0.010620689655172414,0.006,235260,191572,229299.3630573248
307212,32714,0.011034482758620689,0.010620689655172414,0.009,234854,172788,229299.3630573248
322664,34719,0.011034482758620689,0.010620689655172414,0.012,232790,157342,229299.3630573248
335548,38845,0.011034482758620689,0.010620689655172414,0.015,230344,144459,229299.3630573248
291311,64741,0.011034482758620689,0.011034482758620689,0.006,228492,188690,225000.0
309552,49977,0.011034482758620689,0.011034482758620689,0.009,228602,170448,225000.0
324578,42968,0.011034482758620689,0.011034482758620689,0.012,228573,155425,225000.0
337059,53268,0.011034482758620689,0.011034482758620689,0.015,224378,142943,225000.0
293963,71064,0.011034482758620689,0.011448275862068966,0.006,224577,186039,220858.89570552146
311731,58515,0.011034482758620689,0.011448275862068966,0.009,224345,168277,220858.89570552146
326334,63537,0.011034482758620689,0.011448275862068966,0.012,221219,153668,220858.89570552146
338638,60518,0.011034482758620689,0.011448275862068966,0.015,220567,141368,220858.89570552146
296641,78223,0.011034482758620689,0.01186206896551724,0.006,220675,183365,216867.46987951803
313992,74789,0.011034482758620689,0.01186206896551724,0.009,218480,166012,216867.46987951803
328272,73089,0.011034482758620689,0.01186206896551724,0.012,216852,151732,216867.46987951803
340286,72613,0.011034482758620689,0.01186206896551724,0.015,215337,139718,216867.46987951803
299339,97136,0.011034482758620689,0.012275862068965518,0.006,214955,180665,213017.7514792899
315985,90066,0.011034482758620689,0.012275862068965518,0.009,212918,164021,213017.7514792899
329998,85612,0.011034482758620689,0.012275862068965518,0.012,211763,150012,213017.7514792899
341662,76947,0.011034482758620689,0.012275862068965518,0.015,212517,138343,213017.7514792899
301724,102475,0.011034482758620689,0.012689655172413793,0.006,211517,178281,209302.32558139536
318161,100262,0.011034482758620689,0.012689655172413793,0.009,208605,161846,209302.32558139536
331674,95905,0.011034482758620689,0.012689655172413793,0.012,207339,148331,209302.32558139536
343193,96498,0.011034482758620689,0.012689655172413793,0.015,205384,136807,209302.32558139536
304293,104910,0.011034482758620689,0.01310344827586207,0.006,208719,175714,205714.2857142857
320115,109017,0.011034482758620689,0.01310344827586207,0.009,204711,159887,205714.2857142857
333482,105355,0.011034482758620689,0.01310344827586207,0.012,203177,146521,205714.2857142857
344613,98916,0.011034482758620689,0.01310344827586207,0.015,203130,135395,205714.2857142857
306570,113740,0.011034482758620689,0.013517241379310345,0.006,204917,173436,202247.19101123593
322127,116044,0.011034482758620689,0.013517241379310345,0.009,201313,157882,202247.19101123593
335044,113887,0.011034482758620689,0.013517241379310345,0.012,199287,144962,202247.19101123593
346037,106707,0.011034482758620689,0.013517241379310345,0.015,199487,133969,202247.19101123593
308877,119263,0.011034482758620689,0.01393103448275862,0.006,201649,171127,198895.0276243094
324026,118781,0.011034482758620689,0.01393103448275862,0.009,198699,155982,198895.0276243094
336678,119576,0.011034482758620689,0.01393103448275862,0.012,196239,143325,198895.0276243094
347515,114377,0.011034482758620689,0.01393103448275862,0.015,195890,132492,198895.0276243094
311134,121503,0.011034482758620689,0.014344827586206896,0.006,199051,168870,195652.17391304343
325953,124752,0.011034482758620689,0.014344827586206896,0.009,195570,154056,195652.17391304343
338279,126080,0.011034482758620689,0.014344827586206896,0.012,193038,141721,195652.17391304343
348779,116460,0.011034482758620689,0.014344827586206896,0.015,193794,131228,195652.17391304343
313362,129041,0.011034482758620689,0.014758620689655172,0.006,195668,166645,192513.36898395722
327706,133196,0.011034482758620689,0.014758620689655172,0.009,191956,152299,192513.36898395722
339863,123835,0.011034482758620689,0.014758620689655172,0.012,191945,140146,192513.36898395722
350189,125207,0.011034482758620689,0.014758620689655172,0.015,190048,129821,192513.36898395722
315521,139197,0.011034482758620689,0.015172413793103448,0.006,191988,164486,189473.6842105263
329496,141458,0.011034482758620689,0.015172413793103448,0.009,188563,150509,189473.6842105263
341414,124622,0.011034482758620689,0.015172413793103448,0.012,190218,138593,189473.6842105263
351472,124819,0.011034482758620689,0.015172413793103448,0.015,188710,128537,189473.6842105263
317588,138731,0.011034482758620689,0.015586206896551724,0.006,190030,162413,186528.49740932643
331241,136721,0.011034482758620689,0.015586206896551724,0.009,187771,148763,186528.49740932643
342870,135401,0.011034482758620689,0.015586206896551724,0.012,186076,137140,186528.49740932643
352687,131007,0.011034482758620689,0.015586206896551724,0.015,185728,127315,186528.49740932643
319625,154443,0.011034482758620689,0.016,0.006,185529,160383,183673.4693877551
332944,152411,0.011034482758620689,0.016,0.009,182791,147064,183673.4693877551
344316,152040,0.011034482758620689,0.016,0.012,180625,135684,183673.4693877551
353947,141652,0.011034482758620689,0.016,0.015,181556,126059,183673.4693877551
223815,2204,0.011448275862068966,0.004,0.006,304411,256186,333482.1428571429
255130,4135,0.011448275862068966,0.004,0.009,292030,224874,333482.1428571429
279718,4977,0.011448275862068966,0.004,0.012,283456,200287,333482.1428571429
299531,6017,0.011448275862068966,0.004,0.015,276916,180469,333482.1428571429
228613,3937,0.011448275862068966,0.004413793103448276,0.006,299551,251388,324782.6086956522
258926,4999,0.011448275862068966,0.004413793103448276,0.009,288230,221075,324782.6086956522
282738,6490,0.011448275862068966,0.004413793103448276,0.012,280051,197268,324782.6086956522
301958,7698,0.011448275862068966,0.004413793103448276,0.015,273894,178049,324782.6086956522
233240,2347,0.011448275862068966,0.004827586206896552,0.006,295434,246758,316525.4237288136
262623,5852,0.011448275862068966,0.004827586206896552,0.009,284500,217380,316525.4237288136
285684,6435,0.011448275862068966,0.004827586206896552,0.012,277173,194323,316525.4237288136
304295,6593,0.011448275862068966,0.004827586206896552,0.015,271764,175711,316525.4237288136
237747,3315,0.011448275862068966,0.005241379310344827,0.006,291026,242256,308677.68595041323
266129,5377,0.011448275862068966,0.005241379310344827,0.009,281297,213873,308677.68595041323
288504,6733,0.011448275862068966,0.005241379310344827,0.012,274273,191500,308677.68595041323
306515,9686,0.011448275862068966,0.005241379310344827,0.015,268401,173491,308677.68595041323
242130,4465,0.011448275862068966,0.005655172413793104,0.006,286622,237870,301209.67741935485
269505,6819,0.011448275862068966,0.005655172413793104,0.009,277545,210501,301209.67741935485
291093,10564,0.011448275862068966,0.005655172413793104,0.012,270350,188911,301209.67741935485
308794,12189,0.011448275862068966,0.005655172413793104,0.015,265236,171209,301209.67741935485
246255,5244,0.011448275862068966,0.006068965517241379,0.006,282454,233749,294094.4881889764
272712,8030,0.011448275862068966,0.006068965517241379,0.009,273928,207294,294094.4881889764
293825,8301,0.011448275862068966,0.006068965517241379,0.012,268345,186182,294094.4881889764
311054,9789,0.011448275862068966,0.006068965517241379,0.015,263684,168951,294094.4881889764
250272,5589,0.011448275862068966,0.006482758620689655,0.006,278497,229732,287307.6923076923
275902,11199,0.011448275862068966,0.006482758620689655,0.009,270078,204099,287307.6923076923
296440,10197,0.011448275862068966,0.006482758620689655,0.012,265150,183567,287307.6923076923
313050,12044,0.011448275862068966,0.006482758620689655,0.015,260693,166955,287307.6923076923
254302,5996,0.011448275862068966,0.006896551724137931,0.006,274563,225702,280827.06766917295
278949,7462,0.011448275862068966,0.006896551724137931,0.009,267938,201055,280827.06766917295
298870,8547,0.011448275862068966,0.006896551724137931,0.012,263023,181136,280827.06766917295
315115,12107,0.011448275862068966,0.006896551724137931,0.015,258445,164889,280827.06766917295
258069,8616,0.011448275862068966,0.007310344827586207,0.006,270403,221931,274632.3529411765
282066,10404,0.011448275862068966,0.007310344827586207,0.009,264165,197935,274632.3529411765
301270,11021,0.011448275862068966,0.007310344827586207,0.012,259794,178732,274632.3529411765
317169,12330,0.011448275862068966,0.007310344827586207,0.015,256189,162833,274632.3529411765
261605,8620,0.011448275862068966,0.007724137931034483,0.006,266804,218399,268705.035971223
284866,10854,0.011448275862068966,0.007724137931034483,0.009,261144,195138,268705.035971223
303756,13007,0.011448275862068966,0.007724137931034483,0.012,256728,176247,268705.035971223
319224,12856,0.011448275862068966,0.007724137931034483,0.015,253875,160776,268705.035971223
265156,8899,0.011448275862068966,0.008137931034482758,0.006,263265,214849,263028.1690140845
287760,10374,0.011448275862068966,0.008137931034482758,0.009,258375,192247,263028.1690140845
305950,13784,0.011448275862068966,0.008137931034482758,0.012,254102,174051,263028.1690140845
321054,17578,0.011448275862068966,0.008137931034482758,0.015,250302,158952,263028.1690140845
268602,10130,0.011448275862068966,0.008551724137931035,0.006,259623,211404,257586.20689655174
290509,14234,0.011448275862068966,0.008551724137931035,0.009,254628,189498,257586.20689655174
308209,17725,0.011448275862068966,0.008551724137931035,0.012,250629,171795,257586.20689655174
322948,16204,0.011448275862068966,0.008551724137931035,0.015,248684,157058,257586.20689655174
271907,15233,0.011448275862068966,0.00896551724137931,0.006,255328,208094,252364.86486486485
293201,19347,0.011448275862068966,0.00896551724137931,0.009,250693,186799,252364.86486486485
310507,17525,0.011448275862068966,0.00896551724137931,0.012,248353,169497,252364.86486486485
324816,17546,0.011448275862068966,0.00896551724137931,0.015,246225,155193,252364.86486486485
275090,8025,0.011448275862068966,0.009379310344827585,0.006,253446,204915,247350.99337748345
295697,14946,0.011448275862068966,0.009379310344827585,0.009,249051,184309,247350.99337748345
312528,21666,0.011448275862068966,0.009379310344827585,0.012,244971,167478,247350.99337748345
326666,20490,0.011448275862068966,0.009379310344827585,0.015,243385,153339,247350.99337748345
278197,14103,0.011448275862068966,0.009793103448275862,0.006,249200,201807,242532.46753246753
298242,20590,0.011448275862068966,0.009793103448275862,0.009,245129,181764,242532.46753246753
314688,24642,0.011448275862068966,0.009793103448275862,0.012,241958,165312,242532.46753246753
328321,25978,0.011448275862068966,0.009793103448275862,0.015,239775,151681,242532.46753246753
281330,26998,0.011448275862068966,0.010206896551724139,0.006,243870,198672,237898.08917197454
300652,23117,0.011448275862068966,0.010206896551724139,0.009,242026,179350,237898.08917197454
316776,23649,0.011448275862068966,0.010206896551724139,0.012,240024,163225,237898.08917197454
330125,28880,0.011448275862068966,0.010206896551724139,0.015,237060,149879,237898.08917197454
284138,34379,0.011448275862068966,0.010620689655172414,0.006,239630,195866,233437.50000000003
303049,47813,0.011448275862068966,0.010620689655172414,0.009,233954,176955,233437.50000000003
318654,24642,0.011448275862068966,0.010620689655172414,0.012,237608,161347,233437.50000000003
331700,33267,0.011448275862068966,0.010620689655172414,0.015,233919,148305,233437.50000000003
286996,25804,0.011448275862068966,0.011034482758620689,0.006,238201,193009,229141.10429447857
305390,41348,0.011448275862068966,0.011034482758620689,0.009,233068,174611,229141.10429447857
320640,36701,0.011448275862068966,0.011034482758620689,0.012,232424,159360,229141.10429447857
333339,42631,0.011448275862068966,0.011034482758620689,0.015,229401,146667,229141.10429447857
289747,41082,0.011448275862068966,0.011448275862068966,0.006,232784,190255,224999.99999999997
307637,32106,0.011448275862068966,0.011448275862068966,0.009,232743,172370,224999.99999999997
322465,48537,0.011448275862068966,0.011448275862068966,0.012,227325,157540,224999.99999999997
335026,42300,0.011448275862068966,0.011448275862068966,0.015,227727,144975,224999.99999999997
292428,64341,0.011448275862068966,0.01186206896551724,0.006,226129,187576,221005.9171597633
309871,66047,0.011448275862068966,0.01186206896551724,0.009,223002,170135,221005.9171597633
324426,55147,0.011448275862068966,0.01186206896551724,0.012,223671,155579,221005.9171597633
336539,57697,0.011448275862068966,0.01186206896551724,0.015,221629,143470,221005.9171597633
295088,80121,0.011448275862068966,0.012275862068965518,0.006,220825,184915,217151.16279069768
312040,80834,0.011448275862068966,0.012275862068965518,0.009,217604,167961,217151.16279069768
326173,78235,0.011448275862068966,0.012275862068965518,0.012,215942,153827,217151.16279069768
338113,72156,0.011448275862068966,0.012275862068965518,0.015,215842,141889,217151.16279069768
297605,94916,0.011448275862068966,0.012689655172413793,0.006,215865,182401,213428.57142857148
314132,94510,0.011448275862068966,0.012689655172413793,0.009,212587,165877,213428.57142857148
327983,85015,0.011448275862068966,0.012689655172413793,0.012,212380,152024,213428.57142857148
339638,82805,0.011448275862068966,0.012689655172413793,0.015,211278,140365,213428.57142857148
300061,87943,0.011448275862068966,0.01310344827586207,0.006,214566,179940,209831.4606741573
316170,97492,0.011448275862068966,0.01310344827586207,0.009,209818,163838,209831.4606741573
329664,98079,0.011448275862068966,0.01310344827586207,0.012,207306,150344,209831.4606741573
341002,93842,0.011448275862068966,0.01310344827586207,0.015,206658,139000,209831.4606741573
302542,110209,0.011448275862068966,0.013517241379310345,0.006,208466,177458,206353.591160221
318141,107560,0.011448275862068966,0.013517241379310345,0.009,205660,161860,206353.591160221
331304,104190,0.011448275862068966,0.013517241379310345,0.012,204100,148699,206353.591160221
342454,96872,0.011448275862068966,0.013517241379310345,0.015,204224,137552,206353.591160221
304911,118123,0.011448275862068966,0.01393103448275862,0.006,204910,175090,202989.13043478265
320172,109471,0.011448275862068966,0.01393103448275862,0.009,203266,159835,202989.13043478265
332989,97896,0.011448275862068966,0.01393103448275862,0.012,203896,147021,202989.13043478265
343945,111864,0.011448275862068966,0.01393103448275862,0.015,198674,136062,202989.13043478265
307128,116190,0.011448275862068966,0.014344827586206896,0.006,203029,172872,199732.6203208556
322066,125637,0.011448275862068966,0.014344827586206896,0.009,198098,157944,199732.6203208556
334567,120381,0.011448275862068966,0.014344827586206896,0.012,196742,145442,199732.6203208556
345245,114650,0.011448275862068966,0.014344827586206896,0.015,196384,134761,199732.6203208556
309306,125472,0.011448275862068966,0.014758620689655172,0.006,199301,170699,196578.94736842104
323874,129336,0.011448275862068966,0.014758620689655172,0.009,195421,156127,196578.94736842104
336159,122838,0.011448275862068966,0.014758620689655172,0.012,194590,143850,196578.94736842104
346689,111694,0.011448275862068966,0.014758620689655172,0.015,195738,133318,196578.94736842104
311566,134422,0.011448275862068966,0.015172413793103448,0.006,195765,168434,193523.31606217616
325741,122880,0.011448275862068966,0.015172413793103448,0.009,195011,154269,193523.31606217616
337663,130700,0.011448275862068966,0.015172413793103448,0.012,191063,142343,193523.31606217616
347920,120136,0.011448275862068966,0.015172413793103448,0.015,192086,132085,193523.31606217616
313686,133730,0.011448275862068966,0.015586206896551724,0.006,193846,166321,190561.22448979592
327521,123207,0.011448275862068966,0.015586206896551724,0.009,193064,152486,190561.22448979592
339196,125341,0.011448275862068966,0.015586206896551724,0.012,190814,140804,190561.22448979592
349222,130793,0.011448275862068966,0.015586206896551724,0.015,187912,130784,190561.22448979592
315646,147258,0.011448275862068966,0.016,0.006,189792,164359,187688.44221105526
329212,139037,0.011448275862068966,0.016,0.009,188231,150797,187688.44221105526
340735,140058,0.011448275862068966,0.016,0.012,185796,139272,187688.44221105526
350539,136670,0.011448275862068966,0.016,0.015,184977,129471,187688.44221105526
219482,1995,0.01186206896551724,0.004,0.006,307136,260515,336521.73913043475
251012,4218,0.01186206896551724,0.004,0.009,294249,228990,336521.73913043475
275614,5197,0.01186206896551724,0.004,0.012,285422,204387,336521.73913043475
295433,6812,0.01186206896551724,0.004,0.015,278470,184568,336521.73913043475
224411,2750,0.01186206896551724,0.004413793103448276,0.006,302434,255593,327966.1016949152
254719,3922,0.01186206896551724,0.004413793103448276,0.009,290836,225281,327966.1016949152
278598,4779,0.01186206896551724,0.004413793103448276,0.012,282593,201403,327966.1016949152
297914,7481,0.01186206896551724,0.004413793103448276,0.015,275798,182088,327966.1016949152
228959,3144,0.01186206896551724,0.004827586206896552,0.006,297959,251045,319834.71074380167
258391,4525,0.01186206896551724,0.004827586206896552,0.009,287208,221612,319834.71074380167
281501,6749,0.01186206896551724,0.004827586206896552,0.012,279130,198504,319834.71074380167
300285,7997,0.01186206896551724,0.004827586206896552,0.015,273175,179717,319834.71074380167
233484,2462,0.01186206896551724,0.005241379310344827,0.006,293874,246519,312096.7741935484
261908,7066,0.01186206896551724,0.005241379310344827,0.009,283145,218093,312096.7741935484
284341,6487,0.01186206896551724,0.005241379310344827,0.012,276386,195665,312096.7741935484
302631,9491,0.01186206896551724,0.005241379310344827,0.015,270293,177377,312096.7741935484
237804,3638,0.01186206896551724,0.005655172413793104,0.006,289470,242200,304724.4094488189
265230,5827,0.01186206896551724,0.005655172413793104,0.009,280169,214771,304724.4094488189
287089,8222,0.01186206896551724,0.005655172413793104,0.012,273154,192911,304724.4094488189
304817,10603,0.01186206896551724,0.005655172413793104,0.015,267568,175185,304724.4094488189
242049,2890,0.01186206896551724,0.006068965517241379,0.006,285657,237956,297692.3076923077
268537,6297,0.01186206896551724,0.006068965517241379,0.009,276841,211465,297692.3076923077
289816,7434,0.01186206896551724,0.006068965517241379,0.012,270685,190188,297692.3076923077
307028,9334,0.01186206896551724,0.006068965517241379,0.015,265701,172977,297692.3076923077
246083,4553,0.01186206896551724,0.006482758620689655,0.006,281442,233918,290977.44360902254
271713,6604,0.01186206896551724,0.006482758620689655,0.009,273590,208293,290977.44360902254
292294,9632,0.01186206896551724,0.006482758620689655,0.012,267364,187712,290977.44360902254
309244,12356,0.01186206896551724,0.006482758620689655,0.015,262477,170757,290977.44360902254
249923,5261,0.01186206896551724,0.006896551724137931,0.006,277464,230081,284558.8235294118
274841,10337,0.01186206896551724,0.006896551724137931,0.009,269631,205165,284558.8235294118
294846,9873,0.01186206896551724,0.006896551724137931,0.012,264730,185156,284558.8235294118
311340,12315,0.01186206896551724,0.006896551724137931,0.015,260274,168660,284558.8235294118
253760,6148,0.01186206896551724,0.007310344827586207,0.006,273640,226243,278417.2661870503
277826,9021,0.01186206896551724,0.007310344827586207,0.009,266939,202180,278417.2661870503
297265,10208,0.01186206896551724,0.007310344827586207,0.012,262155,182739,278417.2661870503
313387,14103,0.01186206896551724,0.007310344827586207,0.015,257528,166613,278417.2661870503
257358,7056,0.01186206896551724,0.007724137931034483,0.006,269878,222644,272535.21126760566
280736,11549,0.01186206896551724,0.007724137931034483,0.009,263358,199268,272535.21126760566
299655,9784,0.01186206896551724,0.007724137931034483,0.012,259754,180348,272535.21126760566
315330,11339,0.01186206896551724,0.007724137931034483,0.015,256212,164674,272535.21126760566
260944,10061,0.01186206896551724,0.008137931034482758,0.006,265832,219057,266896.5517241379
283702,9888,0.01186206896551724,0.008137931034482758,0.009,260889,196300,266896.5517241379
301990,12867,0.01186206896551724,0.008137931034482758,0.012,256458,178013,266896.5517241379
317311,16081,0.01186206896551724,0.008137931034482758,0.015,252659,162698,266896.5517241379
264330,6873,0.01186206896551724,0.008551724137931035,0.006,263049,215674,261486.4864864865
286393,12495,0.01186206896551724,0.008551724137931035,0.009,257473,193613,261486.4864864865
304315,12941,0.01186206896551724,0.008551724137931035,0.012,254029,175694,261486.4864864865
319190,12909,0.01186206896551724,0.008551724137931035,0.015,251587,160818,261486.4864864865
267670,9287,0.01186206896551724,0.00896551724137931,0.006,259268,212334,256291.39072847684
289141,14152,0.01186206896551724,0.00896551724137931,0.009,254341,190860,256291.39072847684
306532,19085,0.01186206896551724,0.00896551724137931,0.012,250088,173470,256291.39072847684
321065,16563,0.01186206896551724,0.00896551724137931,0.015,248392,158944,256291.39072847684
271008,15960,0.01186206896551724,0.009379310344827585,0.006,254817,208993,251298.7012987013
291673,19612,0.01186206896551724,0.009379310344827585,0.009,250427,188333,251298.7012987013
308734,14384,0.01186206896551724,0.009379310344827585,0.012,249030,171266,251298.7012987013
322861,16553,0.01186206896551724,0.009379310344827585,0.015,246408,157140,251298.7012987013
274139,16738,0.01186206896551724,0.009793103448275862,0.006,251593,205862,246496.8152866242
294258,17994,0.01186206896551724,0.009793103448275862,0.009,248197,185743,246496.8152866242
310829,30718,0.01186206896551724,0.009793103448275862,0.012,242483,169178,246496.8152866242
324606,18860,0.01186206896551724,0.009793103448275862,0.015,243782,155399,246496.8152866242
277142,19247,0.01186206896551724,0.010206896551724139,0.006,248058,202858,241875.0
296667,16639,0.01186206896551724,0.010206896551724139,0.009,245939,183338,241875.0
312808,22525,0.01186206896551724,0.010206896551724139,0.012,242452,167197,241875.0
326355,24507,0.01186206896551724,0.010206896551724139,0.015,240238,153654,241875.0
280044,19443,0.01186206896551724,0.010620689655172414,0.006,245096,199957,237423.31288343557
299126,26853,0.01186206896551724,0.010620689655172414,0.009,241131,180874,237423.31288343557
314834,38192,0.01186206896551724,0.010620689655172414,0.012,236244,165170,237423.31288343557
328100,27586,0.01186206896551724,0.010620689655172414,0.015,237460,151909,237423.31288343557
282909,30814,0.01186206896551724,0.011034482758620689,0.006,240211,197093,233132.53012048194
301446,34181,0.01186206896551724,0.011034482758620689,0.009,237128,178559,233132.53012048194
316869,32592,0.01186206896551724,0.011034482758620689,0.012,235589,163132,233132.53012048194
329689,26846,0.01186206896551724,0.011034482758620689,0.015,235815,150317,233132.53012048194
285726,48667,0.01186206896551724,0.011448275862068966,0.006,234400,194275,228994.08284023666
303785,40235,0.01186206896551724,0.011448275862068966,0.009,233436,176222,228994.08284023666
318684,44898,0.01186206896551724,0.011448275862068966,0.012,230412,161320,228994.08284023666
331320,46828,0.01186206896551724,0.011448275862068966,0.015,228369,148684,228994.08284023666
288385,29068,0.01186206896551724,0.01186206896551724,0.006,235031,191621,224999.99999999997
305948,49625,0.01186206896551724,0.01186206896551724,0.009,229074,174053,224999.99999999997
320538,43239,0.01186206896551724,0.01186206896551724,0.012,228903,159464,224999.99999999997
332898,41744,0.01186206896551724,0.01186206896551724,0.015,228054,147110,224999.99999999997
291021,77513,0.01186206896551724,0.012275862068965518,0.006,224142,188980,221142.8571428571
308185,64806,0.01186206896551724,0.012275862068965518,0.009,223606,171822,221142.8571428571
322386,68860,0.01186206896551724,0.012275862068965518,0.012,220539,157616,221142.8571428571
334463,54705,0.01186206896551724,0.012275862068965518,0.015,222713,145543,221142.8571428571
293623,78366,0.01186206896551724,0.012689655172413793,0.006,221593,186383,217415.73033707865
310346,73657,0.01186206896551724,0.012689655172413793,0.009,219522,169661,217415.73033707865
324178,78383,0.01186206896551724,0.012689655172413793,0.012,216283,155824,217415.73033707865
336013,63067,0.01186206896551724,0.012689655172413793,0.015,218734,143996,217415.73033707865
296045,95783,0.01186206896551724,0.01310344827586207,0.006,216193,183959,213812.15469613258
312315,81630,0.01186206896551724,0.01310344827586207,0.009,215740,167691,213812.15469613258
325908,85686,0.01186206896551724,0.01310344827586207,0.012,212660,154097,213812.15469613258
337566,80313,0.01186206896551724,0.01310344827586207,0.015,212394,142441,213812.15469613258
298467,96603,0.01186206896551724,0.013517241379310345,0.006,213662,181537,210326.08695652173
314394,97171,0.01186206896551724,0.013517241379310345,0.009,210458,165613,210326.08695652173
327615,93865,0.01186206896551724,0.013517241379310345,0.012,208879,152390,210326.08695652173
338939,88129,0.01186206896551724,0.013517241379310345,0.015,208647,141067,210326.08695652173
300831,103483,0.01186206896551724,0.01393103448275862,0.006,210227,179174,206951.87165775403
316341,95516,0.01186206896551724,0.01393103448275862,0.009,208875,163668,206951.87165775403
329302,94479,0.01186206896551724,0.01393103448275862,0.012,207008,150706,206951.87165775403
340383,102227,0.01186206896551724,0.01393103448275862,0.015,203344,139625,206951.87165775403
303150,114869,0.01186206896551724,0.014344827586206896,0.006,206239,176856,203684.2105263158
318241,114566,0.01186206896551724,0.014344827586206896,0.009,203019,161765,203684.2105263158
330922,104332,0.01186206896551724,0.014344827586206896,0.012,202911,149080,203684.2105263158
341769,108208,0.01186206896551724,0.014344827586206896,0.015,200235,138234,203684.2105263158
305491,117607,0.01186206896551724,0.014758620689655172,0.006,203583,174510,200518.1347150259
320177,118986,0.01186206896551724,0.014758620689655172,0.009,200176,159831,200518.1347150259
332614,120048,0.01186206896551724,0.014758620689655172,0.012,197558,147392,200518.1347150259
343234,111231,0.01186206896551724,0.014758620689655172,0.015,197979,136773,200518.1347150259
307574,124519,0.01186206896551724,0.015172413793103448,0.006,200338,172431,197448.97959183672
322034,124251,0.01186206896551724,0.015172413793103448,0.009,197322,157970,197448.97959183672
334077,121316,0.01186206896551724,0.015172413793103448,0.012,195573,145925,197448.97959183672
344555,115125,0.01186206896551724,0.015172413793103448,0.015,195501,135445,197448.97959183672
309728,131159,0.01186206896551724,0.015586206896551724,0.006,197144,170274,194472.36180904522
323753,131634,0.01186206896551724,0.015586206896551724,0.009,194074,156254,194472.36180904522
335670,122838,0.01186206896551724,0.015586206896551724,0.012,193669,144339,194472.36180904522
345814,117837,0.01186206896551724,0.015586206896551724,0.015,193345,134192,194472.36180904522
311787,137063,0.01186206896551724,0.016,0.006,194238,168219,191584.15841584155
325576,133913,0.01186206896551724,0.016,0.009,191897,154426,191584.15841584155
337112,128729,0.01186206896551724,0.016,0.012,190761,142894,191584.15841584155
347178,130779,0.01186206896551724,0.016,0.015,188653,132831,191584.15841584155
215371,1772,0.012275862068965518,0.004,0.006,309604,264627,339406.77966101695
246841,4007,0.012275862068965518,0.004,0.009,296570,233164,339406.77966101695
271519,4999,0.012275862068965518,0.004,0.012,287425,208485,339406.77966101695
291573,6936,0.012275862068965518,0.004,0.015,280233,188427,339406.77966101695
220212,2617,0.012275862068965518,0.004413793103448276,0.006,305055,259792,330991.7355371901
250589,3945,0.012275862068965518,0.004413793103448276,0.009,293081,229414,330991.7355371901
274626,5981,0.012275862068965518,0.004413793103448276,0.012,284240,205374,330991.7355371901
293979,6317,0.012275862068965518,0.004413793103448276,0.015,277971,186024,330991.7355371901
224914,2444,0.012275862068965518,0.004827586206896552,0.006,300681,255085,322983.87096774194
254252,4748,0.012275862068965518,0.004827586206896552,0.009,289394,225754,322983.87096774194
277479,6332,0.012275862068965518,0.004827586206896552,0.012,281243,202522,322983.87096774194
296449,6641,0.012275862068965518,0.004827586206896552,0.015,275373,183551,322983.87096774194
229438,3603,0.012275862068965518,0.005241379310344827,0.006,296252,250568,315354.33070866147
257810,6770,0.012275862068965518,0.005241379310344827,0.009,285489,222191,315354.33070866147
280288,6443,0.012275862068965518,0.005241379310344827,0.012,278435,199716,315354.33070866147
298736,8157,0.012275862068965518,0.005241379310344827,0.015,272512,181270,315354.33070866147
233649,3265,0.012275862068965518,0.005655172413793104,0.006,292214,246353,308076.92307692306
261096,5680,0.012275862068965518,0.005655172413793104,0.009,282467,218906,308076.92307692306
283148,6944,0.012275862068965518,0.005655172413793104,0.012,275560,196852,308076.92307692306
301013,8261,0.012275862068965518,0.005655172413793104,0.015,270161,178993,308076.92307692306
237914,4228,0.012275862068965518,0.006068965517241379,0.006,287999,242086,301127.8195488722
264413,6485,0.012275862068965518,0.006068965517241379,0.009,279050,215589,301127.8195488722
285781,7822,0.012275862068965518,0.006068965517241379,0.012,272642,194225,301127.8195488722
303282,9929,0.012275862068965518,0.006068965517241379,0.015,267312,176725,301127.8195488722
241920,4730,0.012275862068965518,0.006482758620689655,0.006,284058,238084,294485.2941176471
267760,7256,0.012275862068965518,0.006482758620689655,0.009,275759,212243,294485.2941176471
288383,7940,0.012275862068965518,0.006482758620689655,0.012,269931,191618,294485.2941176471
305436,10572,0.012275862068965518,0.006482758620689655,0.015,264831,174573,294485.2941176471
245935,5190,0.012275862068965518,0.006896551724137931,0.006,280178,234070,288129.49640287773
270856,6927,0.012275862068965518,0.006896551724137931,0.009,272759,209151,288129.49640287773
290945,10156,0.012275862068965518,0.006896551724137931,0.012,266727,189056,288129.49640287773
307523,11177,0.012275862068965518,0.006896551724137931,0.015,262418,172483,288129.49640287773
249707,5918,0.012275862068965518,0.007310344827586207,0.006,276397,230300,282042.25352112675
273853,9133,0.012275862068965518,0.007310344827586207,0.009,269228,206147,282042.25352112675
293378,11196,0.012275862068965518,0.007310344827586207,0.012,263927,186626,282042.25352112675
309625,11809,0.012275862068965518,0.007310344827586207,0.015,260056,170383,282042.25352112675
253325,6779,0.012275862068965518,0.007724137931034483,0.006,272679,226676,276206.8965517241
276719,8475,0.012275862068965518,0.007724137931034483,0.009,266479,203284,276206.8965517241
295788,10867,0.012275862068965518,0.007724137931034483,0.012,261520,184216,276206.8965517241
311590,14318,0.012275862068965518,0.007724137931034483,0.015,257145,168410,276206.8965517241
256825,6369,0.012275862068965518,0.008137931034482758,0.006,269208,223179,270608.1081081081
279632,8452,0.012275862068965518,0.008137931034482758,0.009,263589,200369,270608.1081081081
298248,12790,0.012275862068965518,0.008137931034482758,0.012,258523,181755,270608.1081081081
313632,14563,0.012275862068965518,0.008137931034482758,0.015,255002,166375,270608.1081081081
260266,11134,0.012275862068965518,0.008551724137931035,0.006,264951,219738,265231.7880794702
282368,13207,0.012275862068965518,0.008551724137931035,0.009,259679,197636,265231.7880794702
300462,12129,0.012275862068965518,0.008551724137931035,0.012,256355,179539,265231.7880794702
315483,16329,0.012275862068965518,0.008551724137931035,0.015,252380,164523,265231.7880794702
263649,12239,0.012275862068965518,0.00896551724137931,0.006,261460,216357,260064.93506493504
285164,12025,0.012275862068965518,0.00896551724137931,0.009,257201,194843,260064.93506493504
302738,17475,0.012275862068965518,0.00896551724137931,0.012,252597,177268,260064.93506493504
317347,15022,0.012275862068965518,0.00896551724137931,0.015,250721,162659,260064.93506493504
266842,11472,0.012275862068965518,0.009379310344827585,0.006,258408,213162,255095.5414012739
287706,10745,0.012275862068965518,0.009379310344827585,0.009,254822,192298,255095.5414012739
304847,16376,0.012275862068965518,0.009379310344827585,0.012,250541,175158,255095.5414012739
319257,19409,0.012275862068965518,0.009379310344827585,0.015,247418,160750,255095.5414012739
269989,17811,0.012275862068965518,0.009793103448275862,0.006,254154,210011,250312.5
290316,19089,0.012275862068965518,0.009793103448275862,0.009,250319,189684,250312.5
306978,15237,0.012275862068965518,0.009793103448275862,0.012,248626,173026,250312.5
320985,14885,0.012275862068965518,0.009793103448275862,0.015,246784,159021,250312.5
273115,19751,0.012275862068965518,0.010206896551724139,0.006,250755,206885,245705.52147239266
292791,22920,0.012275862068965518,0.010206896551724139,0.009,246892,187215,245705.52147239266
309150,23918,0.012275862068965518,0.010206896551724139,0.012,244206,170851,245705.52147239266
322766,23412,0.012275862068965518,0.010206896551724139,0.015,242409,157237,245705.52147239266
276066,17396,0.012275862068965518,0.010620689655172414,0.006,248230,203940,241265.06024096385
295252,25391,0.012275862068965518,0.010620689655172414,0.009,243836,184754,241265.06024096385
311183,28381,0.012275862068965518,0.010620689655172414,0.012,240900,168821,241265.06024096385
324539,26074,0.012275862068965518,0.010620689655172414,0.015,239763,155462,241265.06024096385
278917,26249,0.012275862068965518,0.011034482758620689,0.006,243782,201084,236982.2485207101
297557,30120,0.012275862068965518,0.011034482758620689,0.009,240412,182447,236982.2485207101
313131,33122,0.012275862068965518,0.011034482758620689,0.012,237604,166876,236982.2485207101
326128,30738,0.012275862068965518,0.011034482758620689,0.015,236598,153876,236982.2485207101
281678,27864,0.012275862068965518,0.011448275862068966,0.006,240696,198323,232848.83720930232
299897,33737,0.012275862068965518,0.011448275862068966,0.009,237206,180106,232848.83720930232
314992,35457,0.012275862068965518,0.011448275862068966,0.012,234947,165013,232848.83720930232
327841,31794,0.012275862068965518,0.011448275862068966,0.015,234488,152169,232848.83720930232
284477,34345,0.012275862068965518,0.01186206896551724,0.006,236871,195523,228857.14285714284
302133,36867,0.012275862068965518,0.01186206896551724,0.009,234268,177873,228857.14285714284
316879,37274,0.012275862068965518,0.01186206896551724,0.012,232510,163124,228857.14285714284
329462,39954,0.012275862068965518,0.01186206896551724,0.015,230430,150547,228857.14285714284
287098,41530,0.012275862068965518,0.012275862068965518,0.006,233064,192903,224999.99999999997
304296,30614,0.012275862068965518,0.012275862068965518,0.009,233320,175709,224999.99999999997
318738,53984,0.012275862068965518,0.012275862068965518,0.012,226407,161264,224999.99999999997
331043,41644,0.012275862068965518,0.012275862068965518,0.015,228245,148957,224999.99999999997
289699,62779,0.012275862068965518,0.012689655172413793,0.006,226995,190307,221270.71823204422
306526,75175,0.012275862068965518,0.012689655172413793,0.009,221701,173482,221270.71823204422
320521,53738,0.012275862068965518,0.012689655172413793,0.012,224560,159484,221270.71823204422
332489,57446,0.012275862068965518,0.012689655172413793,0.015,222258,147517,221270.71823204422
292147,75569,0.012275862068965518,0.01310344827586207,0.006,222433,187858,217663.04347826086
308610,72264,0.012275862068965518,0.01310344827586207,0.009,220267,171398,217663.04347826086
322382,72462,0.012275862068965518,0.01310344827586207,0.012,218118,157625,217663.04347826086
334019,70122,0.012275862068965518,0.01310344827586207,0.015,217142,145986,217663.04347826086
294588,78939,0.012275862068965518,0.013517241379310345,0.006,219477,185416,214171.1229946524
310620,85040,0.012275862068965518,0.013517241379310345,0.009,215541,169382,214171.1229946524
324071,73301,0.012275862068965518,0.013517241379310345,0.012,216157,155938,214171.1229946524
335510,81075,0.012275862068965518,0.013517241379310345,0.015,212574,144492,214171.1229946524
296992,104122,0.012275862068965518,0.01393103448275862,0.006,213058,183014,210789.47368421056
312570,93679,0.012275862068965518,0.01393103448275862,0.009,211719,167436,210789.47368421056
325799,92259,0.012275862068965518,0.01393103448275862,0.012,209773,154206,210789.47368421056
336946,86816,0.012275862068965518,0.01393103448275862,0.015,209494,143062,210789.47368421056
299406,108167,0.012275862068965518,0.014344827586206896,0.006,210170,180598,207512.95336787566
314605,95197,0.012275862068965518,0.014344827586206896,0.009,209483,165403,207512.95336787566
327370,96433,0.012275862068965518,0.014344827586206896,0.012,207073,152635,207512.95336787566
338469,88484,0.012275862068965518,0.014344827586206896,0.015,207484,141538,207512.95336787566
301556,105291,0.012275862068965518,0.014758620689655172,0.006,208408,178448,204336.73469387757
316430,107188,0.012275862068965518,0.014758620689655172,0.009,205076,163570,204336.73469387757
328987,110947,0.012275862068965518,0.014758620689655172,0.012,201972,151018,204336.73469387757
339782,98062,0.012275862068965518,0.014758620689655172,0.015,203483,140226,204336.73469387757
303788,119244,0.012275862068965518,0.015172413793103448,0.006,204114,176218,201256.2814070352
318377,111490,0.012275862068965518,0.015172413793103448,0.009,202445,161626,201256.2814070352
330583,105290,0.012275862068965518,0.015172413793103448,0.012,201642,149423,201256.2814070352
341198,113856,0.012275862068965518,0.015172413793103448,0.015,197873,138811,201256.2814070352
305918,119563,0.012275862068965518,0.015586206896551724,0.006,201880,174087,198267.3267326733
320093,122984,0.012275862068965518,0.015586206896551724,0.009,198285,159913,198267.3267326733
332104,115746,0.012275862068965518,0.015586206896551724,0.012,197610,147900,198267.3267326733
342477,119830,0.012275862068965518,0.015586206896551724,0.015,194918,137529,198267.3267326733
308024,125987,0.012275862068965518,0.016,0.006,198897,171981,195365.85365853657
321908,135933,0.012275862068965518,0.016,0.009,194075,158092,195365.85365853657
333660,120754,0.012275862068965518,0.016,0.012,194947,146343,195365.85365853657
343821,127502,0.012275862068965518,0.016,0.015,191484,136188,195365.85365853657
211559,1520,0.012689655172413793,0.004,0.006,312132,268441,342148.7603305785
242862,2854,0.012689655172413793,0.004,0.009,299012,237139,342148.7603305785
267720,4416,0.012689655172413793,0.004,0.012,289550,212285,342148.7603305785
287830,4801,0.012689655172413793,0.004,0.015,282681,192176,342148.7603305785
216239,1772,0.012689655172413793,0.004413793103448276,0.006,307613,263760,333870.9677419355
246608,4498,0.012689655172413793,0.004413793103448276,0.009,295146,233393,333870.9677419355
270745,4693,0.012689655172413793,0.004413793103448276,0.012,286567,209257,333870.9677419355
290197,5606,0.012689655172413793,0.004413793103448276,0.015,279962,189805,333870.9677419355
220943,2215,0.012689655172413793,0.004827586206896552,0.006,303224,259055,325984.25196850393
250215,3364,0.012689655172413793,0.004827586206896552,0.009,291975,229789,325984.25196850393
273607,5969,0.012689655172413793,0.004827586206896552,0.012,283312,206395,325984.25196850393
292610,6660,0.012689655172413793,0.004827586206896552,0.015,277188,187395,325984.25196850393
225481,2749,0.012689655172413793,0.005241379310344827,0.006,298919,254519,318461.5384615385
253769,5228,0.012689655172413793,0.005241379310344827,0.009,288089,226232,318461.5384615385
276507,6253,0.012689655172413793,0.005241379310344827,0.012,280459,203493,318461.5384615385
295060,8429,0.012689655172413793,0.005241379310344827,0.015,274216,184947,318461.5384615385
229751,3201,0.012689655172413793,0.005655172413793104,0.006,294747,250252,311278.1954887218
257161,5457,0.012689655172413793,0.005655172413793104,0.009,284777,222843,311278.1954887218
279183,7234,0.012689655172413793,0.005655172413793104,0.012,277450,200819,311278.1954887218
297376,8298,0.012689655172413793,0.005655172413793104,0.015,271914,182629,311278.1954887218
233876,3516,0.012689655172413793,0.006068965517241379,0.006,290738,246128,304411.7647058824
260506,6709,0.012689655172413793,0.006068965517241379,0.009,281341,219500,304411.7647058824
281892,7053,0.012689655172413793,0.006068965517241379,0.012,274802,198110,304411.7647058824
299491,8954,0.012689655172413793,0.006068965517241379,0.015,269411,180513,304411.7647058824
238037,3497,0.012689655172413793,0.006482758620689655,0.006,286913,241970,297841.726618705
263782,6519,0.012689655172413793,0.006482758620689655,0.009,278182,216218,297841.726618705
284629,8327,0.012689655172413793,0.006482758620689655,0.012,271776,195378,297841.726618705
301700,9787,0.012689655172413793,0.006482758620689655,0.015,266913,178304,297841.726618705
241881,4305,0.012689655172413793,0.006896551724137931,0.006,282971,238118,291549.2957746479
266835,8236,0.012689655172413793,0.006896551724137931,0.009,274706,213169,291549.2957746479
287195,8038,0.012689655172413793,0.006896551724137931,0.012,269348,192807,291549.2957746479
303854,10073,0.012689655172413793,0.006896551724137931,0.015,264601,176148,291549.2957746479
245689,5455,0.012689655172413793,0.007310344827586207,0.006,279108,234314,285517.2413793103
269873,6482,0.012689655172413793,0.007310344827586207,0.009,272131,210131,285517.2413793103
289614,9422,0.012689655172413793,0.007310344827586207,0.012,266411,190389,285517.2413793103
305899,9997,0.012689655172413793,0.007310344827586207,0.015,262386,174107,285517.2413793103
249327,6452,0.012689655172413793,0.007724137931034483,0.006,275340,230678,279729.7297297297
272886,9474,0.012689655172413793,0.007724137931034483,0.009,268497,207119,279729.7297297297
292020,11288,0.012689655172413793,0.007724137931034483,0.012,263429,187982,279729.7297297297
308018,11038,0.012689655172413793,0.007724137931034483,0.015,259922,171989,279729.7297297297
252869,5762,0.012689655172413793,0.008137931034482758,0.006,272025,227135,274172.1854304636
275703,8108,0.012689655172413793,0.008137931034482758,0.009,265939,204301,274172.1854304636
294413,10856,0.012689655172413793,0.008137931034482758,0.012,261096,185589,274172.1854304636
309955,12934,0.012689655172413793,0.008137931034482758,0.015,257270,170047,274172.1854304636
256385,7277,0.012689655172413793,0.008551724137931035,0.006,268330,223615,268831.16883116885
278554,9492,0.012689655172413793,0.008551724137931035,0.009,262818,201448,268831.16883116885
296684,14624,0.012689655172413793,0.008551724137931035,0.012,257703,183318,268831.16883116885
311866,13588,0.012689655172413793,0.008551724137931035,0.015,255007,168139,268831.16883116885
259712,6824,0.012689655172413793,0.00896551724137931,0.006,265116,220291,263694.26751592354
281229,10962,0.012689655172413793,0.00896551724137931,0.009,259757,198775,263694.26751592354
299018,12966,0.012689655172413793,0.00896551724137931,0.012,255803,180989,263694.26751592354
313755,12123,0.012689655172413793,0.00896551724137931,0.015,253367,166249,263694.26751592354
262910,10081,0.012689655172413793,0.009379310344827585,0.006,261310,217090,258750.0
283866,12942,0.012689655172413793,0.009379310344827585,0.009,256629,196137,258750.0
301254,13907,0.012689655172413793,0.009379310344827585,0.012,253272,178752,258750.0
315622,17589,0.012689655172413793,0.009379310344827585,0.015,249785,164383,258750.0
266079,8516,0.012689655172413793,0.009793103448275862,0.006,258451,213926,253987.7300613497
286478,16606,0.012689655172413793,0.009793103448275862,0.009,253207,193523,253987.7300613497
303398,15948,0.012689655172413793,0.009793103448275862,0.012,250495,176608,253987.7300613497
317439,21574,0.012689655172413793,0.009793103448275862,0.015,246687,162567,253987.7300613497
269171,12494,0.012689655172413793,0.010206896551724139,0.006,254712,210835,249397.5903614458
288967,16531,0.012689655172413793,0.010206896551724139,0.009,250639,191036,249397.5903614458
305472,23913,0.012689655172413793,0.010206896551724139,0.012,246238,174529,249397.5903614458
319210,21310,0.012689655172413793,0.010206896551724139,0.015,244818,160796,249397.5903614458
272143,18295,0.012689655172413793,0.010620689655172414,0.006,250747,207858,244970.41420118342
291416,16394,0.012689655172413793,0.010620689655172414,0.009,248163,188585,244970.41420118342
307513,15097,0.012689655172413793,0.010620689655172414,0.012,246354,172492,244970.41420118342
320991,20549,0.012689655172413793,0.010620689655172414,0.015,243171,159009,244970.41420118342
274999,27912,0.012689655172413793,0.011034482758620689,0.006,246239,205005,240697.67441860464
293865,22584,0.012689655172413793,0.011034482758620689,0.009,244381,186140,240697.67441860464
309430,28052,0.012689655172413793,0.011034482758620689,0.012,240948,170574,240697.67441860464
322656,21486,0.012689655172413793,0.011034482758620689,0.015,241045,157346,240697.67441860464
277877,32758,0.012689655172413793,0.011448275862068966,0.006,242634,202124,236571.42857142855
296112,35139,0.012689655172413793,0.011448275862068966,0.009,239297,183892,236571.42857142855
311410,28479,0.012689655172413793,0.011448275862068966,0.012,238752,168592,236571.42857142855
324407,36960,0.012689655172413793,0.011448275862068966,0.015,234888,155596,236571.42857142855
280650,47258,0.012689655172413793,0.01186206896551724,0.006,237539,199350,232584.26966292132
298495,40136,0.012689655172413793,0.01186206896551724,0.009,235955,181509,232584.26966292132
313355,32502,0.012689655172413793,0.01186206896551724,0.012,235798,166655,232584.26966292132
325966,37197,0.012689655172413793,0.01186206896551724,0.015,233087,154036,232584.26966292132
283334,44232,0.012689655172413793,0.012275862068965518,0.006,235370,196670,228729.28176795578
300636,41516,0.012689655172413793,0.012275862068965518,0.009,233360,179371,228729.28176795578
315213,45780,0.012689655172413793,0.012275862068965518,0.012,230519,164787,228729.28176795578
327517,43028,0.012689655172413793,0.012275862068965518,0.015,229744,152488,228729.28176795578
285839,60198,0.012689655172413793,0.012689655172413793,0.006,230176,194167,225000.00000000003
302852,40127,0.012689655172413793,0.012689655172413793,0.009,231433,177149,225000.00000000003
316972,34922,0.012689655172413793,0.012689655172413793,0.012,231248,163033,225000.00000000003
329145,38585,0.012689655172413793,0.012689655172413793,0.015,229216,150864,225000.00000000003
288339,70924,0.012689655172413793,0.01310344827586207,0.006,225984,191665,221390.37433155082
304960,59382,0.012689655172413793,0.01310344827586207,0.009,225294,175044,221390.37433155082
318837,63681,0.012689655172413793,0.01310344827586207,0.012,222374,161170,221390.37433155082
330711,68331,0.012689655172413793,0.01310344827586207,0.015,219551,149296,221390.37433155082
290806,86313,0.012689655172413793,0.013517241379310345,0.006,221049,189199,217894.73684210525
306888,73889,0.012689655172413793,0.013517241379310345,0.009,220192,173117,217894.73684210525
320596,70222,0.012689655172413793,0.013517241379310345,0.012,218994,159411,217894.73684210525
332172,60737,0.012689655172413793,0.013517241379310345,0.015,219944,147837,217894.73684210525
293260,83491,0.012689655172413793,0.01393103448275862,0.006,219206,186746,214507.77202072542
308942,79200,0.012689655172413793,0.01393103448275862,0.009,217145,171059,214507.77202072542
322244,81504,0.012689655172413793,0.01393103448275862,0.012,214497,157762,214507.77202072542
333690,78683,0.012689655172413793,0.01393103448275862,0.015,213614,146317,214507.77202072542
295580,94927,0.012689655172413793,0.014344827586206896,0.006,215107,184423,211224.48979591834
310891,95014,0.012689655172413793,0.014344827586206896,0.009,211980,169114,211224.48979591834
323928,86481,0.012689655172413793,0.014344827586206896,0.012,211590,156080,211224.48979591834
335034,94324,0.012689655172413793,0.014344827586206896,0.015,207879,144967,211224.48979591834
297870,104672,0.012689655172413793,0.014758620689655172,0.006,211324,182138,208040.20100502513
312836,97290,0.012689655172413793,0.014758620689655172,0.009,209550,167166,208040.20100502513
325635,104240,0.012689655172413793,0.014758620689655172,0.012,205776,154371,208040.20100502513
336451,90336,0.012689655172413793,0.014758620689655172,0.015,207462,143557,208040.20100502513
300104,114825,0.012689655172413793,0.015172413793103448,0.006,207621,179905,204950.49504950497
314780,107618,0.012689655172413793,0.015172413793103448,0.009,205692,165227,204950.49504950497
327242,111525,0.012689655172413793,0.015172413793103448,0.012,202469,152763,204950.49504950497
337931,99441,0.012689655172413793,0.015172413793103448,0.015,203582,142073,204950.49504950497
302265,127244,0.012689655172413793,0.015586206896551724,0.006,203686,177742,201951.21951219512
316555,104638,0.012689655172413793,0.015586206896551724,0.009,204359,163451,201951.21951219512
328717,111012,0.012689655172413793,0.015586206896551724,0.012,200945,151289,201951.21951219512
339181,105109,0.012689655172413793,0.015586206896551724,0.015,200707,140825,201951.21951219512
304374,115833,0.012689655172413793,0.016,0.006,203300,175628,199038.4615384615
318390,117888,0.012689655172413793,0.016,0.009,200011,161610,199038.4615384615
330254,114689,0.012689655172413793,0.016,0.012,198508,149752,199038.4615384615
340534,116943,0.012689655172413793,0.016,0.015,196253,139471,199038.4615384615
207683,966,0.01310344827586207,0.004,0.006,314717,272318,344758.0645161291
238940,2978,0.01310344827586207,0.004,0.009,301139,241062,344758.0645161291
263904,3918,0.01310344827586207,0.004,0.012,291596,216096,344758.0645161291
284051,4936,0.01310344827586207,0.004,0.015,284349,195949,344758.0645161291
212483,2018,0.01310344827586207,0.004413793103448276,0.006,310000,267519,336614.1732283465
242823,3044,0.01310344827586207,0.004413793103448276,0.009,297628,237183,336614.1732283465
266830,4850,0.01310344827586207,0.004413793103448276,0.012,288439,213170,336614.1732283465
286575,5908,0.01310344827586207,0.004413793103448276,0.015,281576,193431,336614.1732283465
217189,2119,0.01310344827586207,0.004827586206896552,0.006,305687,262812,328846.1538461539
246470,4182,0.01310344827586207,0.004827586206896552,0.009,293861,233534,328846.1538461539
269879,6860,0.01310344827586207,0.004827586206896552,0.012,284977,210126,328846.1538461539
288958,6599,0.01310344827586207,0.004827586206896552,0.015,278916,191043,328846.1538461539
221619,2220,0.01310344827586207,0.005241379310344827,0.006,301530,258380,321428.5714285715
249952,4386,0.01310344827586207,0.005241379310344827,0.009,290548,230049,321428.5714285715
272644,6025,0.01310344827586207,0.005241379310344827,0.012,282476,207360,321428.5714285715
291289,7994,0.01310344827586207,0.005241379310344827,0.015,276091,188714,321428.5714285715
225922,2834,0.01310344827586207,0.005655172413793104,0.006,297291,254082,314338.2352941176
253421,4240,0.01310344827586207,0.005655172413793104,0.009,287283,226579,314338.2352941176
275555,5401,0.01310344827586207,0.005655172413793104,0.012,279916,204448,314338.2352941176
293629,9432,0.01310344827586207,0.005655172413793104,0.015,273320,186375,314338.2352941176
230050,3670,0.01310344827586207,0.006068965517241379,0.006,293224,249954,307553.9568345324
256679,5041,0.01310344827586207,0.006068965517241379,0.009,283843,223325,307553.9568345324
278253,8365,0.01310344827586207,0.006068965517241379,0.012,276394,201750,307553.9568345324
295869,8402,0.01310344827586207,0.006068965517241379,0.015,271301,184135,307553.9568345324
234205,4081,0.01310344827586207,0.006482758620689655,0.006,289308,245798,301056.33802816906
259950,6685,0.01310344827586207,0.006482758620689655,0.009,280325,220051,301056.33802816906
280835,7731,0.01310344827586207,0.006482758620689655,0.012,273918,199171,301056.33802816906
298075,9108,0.01310344827586207,0.006482758620689655,0.015,268894,181929,301056.33802816906
238034,5423,0.01310344827586207,0.006896551724137931,0.006,285280,241968,294827.5862068966
263083,6413,0.01310344827586207,0.006896551724137931,0.009,277362,216921,294827.5862068966
283476,7957,0.01310344827586207,0.006896551724137931,0.012,271334,196531,294827.5862068966
300228,11260,0.01310344827586207,0.006896551724137931,0.015,265975,179776,294827.5862068966
241878,5145,0.01310344827586207,0.007310344827586207,0.006,281729,238122,288851.35135135136
266131,7480,0.01310344827586207,0.007310344827586207,0.009,274138,213873,288851.35135135136
285880,9806,0.01310344827586207,0.007310344827586207,0.012,268305,194123,288851.35135135136
302396,12260,0.01310344827586207,0.007310344827586207,0.015,263508,177611,288851.35135135136
245448,4985,0.01310344827586207,0.007724137931034483,0.006,278202,234553,283112.58278145693
269124,8414,0.01310344827586207,0.007724137931034483,0.009,271018,210882,283112.58278145693
288355,9329,0.01310344827586207,0.007724137931034483,0.012,265921,191651,283112.58278145693
304388,11122,0.01310344827586207,0.007724137931034483,0.015,261700,175617,283112.58278145693
249128,6093,0.01310344827586207,0.008137931034482758,0.006,274536,230873,277597.40259740263
271973,8466,0.01310344827586207,0.008137931034482758,0.009,268144,208028,277597.40259740263
290815,11286,0.01310344827586207,0.008137931034482758,0.012,262963,189192,277597.40259740263
306467,11474,0.01310344827586207,0.008137931034482758,0.015,259479,173534,277597.40259740263
252594,7380,0.01310344827586207,0.008551724137931035,0.006,270908,227409,272292.99363057327
274724,8933,0.01310344827586207,0.008551724137931035,0.009,265216,205277,272292.99363057327
293130,10209,0.01310344827586207,0.008551724137931035,0.012,260878,186877,272292.99363057327
308419,12011,0.01310344827586207,0.008551724137931035,0.015,257246,171581,272292.99363057327
255854,7404,0.01310344827586207,0.00896551724137931,0.006,267678,224151,267187.5
277526,10929,0.01310344827586207,0.00896551724137931,0.009,262016,202475,267187.5
295343,12099,0.01310344827586207,0.00896551724137931,0.012,258024,184664,267187.5
310302,12816,0.01310344827586207,0.00896551724137931,0.015,254982,169699,267187.5
259145,9597,0.01310344827586207,0.009379310344827585,0.006,264024,220859,262269.9386503068
280147,12630,0.01310344827586207,0.009379310344827585,0.009,258961,199854,262269.9386503068
297560,13487,0.01310344827586207,0.009379310344827585,0.012,255381,182442,262269.9386503068
312131,14816,0.01310344827586207,0.009379310344827585,0.015,252395,167873,262269.9386503068
262308,12005,0.01310344827586207,0.009793103448275862,0.006,260467,217695,257530.1204819277
282737,12004,0.01310344827586207,0.009793103448275862,0.009,256486,197265,257530.1204819277
299694,13649,0.01310344827586207,0.009793103448275862,0.012,253087,180307,257530.1204819277
313970,16834,0.01310344827586207,0.009793103448275862,0.015,249852,166035,257530.1204819277
265400,11503,0.01310344827586207,0.010206896551724139,0.006,257505,214600,252958.57988165686
285264,14000,0.01310344827586207,0.010206896551724139,0.009,253450,194740,252958.57988165686
301887,17731,0.01310344827586207,0.010206896551724139,0.012,249861,178113,252958.57988165686
315765,22884,0.01310344827586207,0.010206896551724139,0.015,246223,164237,252958.57988165686
268314,11331,0.01310344827586207,0.010620689655172414,0.006,254584,211690,248546.511627907
287793,14901,0.01310344827586207,0.010620689655172414,0.009,250789,192207,248546.511627907
303948,26858,0.01310344827586207,0.010620689655172414,0.012,245397,176059,248546.511627907
317584,22187,0.01310344827586207,0.010620689655172414,0.015,244505,162416,248546.511627907
271245,13276,0.01310344827586207,0.011034482758620689,0.006,251308,208760,244285.71428571435
290215,14903,0.01310344827586207,0.011034482758620689,0.009,248281,189786,244285.71428571435
305979,23621,0.01310344827586207,0.011034482758620689,0.012,244091,174022,244285.71428571435
319259,23600,0.01310344827586207,0.011034482758620689,0.015,242284,160748,244285.71428571435
274111,30456,0.01310344827586207,0.011448275862068966,0.006,245684,205895,240168.5393258427
292464,20360,0.01310344827586207,0.011448275862068966,0.009,244767,187540,240168.5393258427
307938,17941,0.01310344827586207,0.011448275862068966,0.012,243428,172069,240168.5393258427
320985,24771,0.01310344827586207,0.011448275862068966,0.015,240102,159015,240168.5393258427
276835,25670,0.01310344827586207,0.01186206896551724,0.006,243673,203166,236187.8453038674
294805,33347,0.01310344827586207,0.01186206896551724,0.009,239713,185195,236187.8453038674
309810,30098,0.01310344827586207,0.01186206896551724,0.012,238398,170198,236187.8453038674
322560,30192,0.01310344827586207,0.01186206896551724,0.015,236840,157448,236187.8453038674
279497,29154,0.01310344827586207,0.012275862068965518,0.006,240444,200508,232336.95652173914
297090,34522,0.01310344827586207,0.012275862068965518,0.009,237183,182912,232336.95652173914
311744,35749,0.01310344827586207,0.012275862068965518,0.012,235025,168263,232336.95652173914
324170,24388,0.01310344827586207,0.012275862068965518,0.015,236641,155835,232336.95652173914
282087,37244,0.01310344827586207,0.012689655172413793,0.006,236570,197917,228609.62566844927
299186,36976,0.01310344827586207,0.012689655172413793,0.009,234472,180820,228609.62566844927
313537,38345,0.01310344827586207,0.012689655172413793,0.012,232455,166465,228609.62566844927
325809,34155,0.01310344827586207,0.012689655172413793,0.015,232296,154191,228609.62566844927
284633,39054,0.01310344827586207,0.01310344827586207,0.006,233744,195370,225000.0
301364,52096,0.01310344827586207,0.01310344827586207,0.009,229171,178637,225000.0
315346,51936,0.01310344827586207,0.01310344827586207,0.012,227317,164661,225000.0
327329,43091,0.01310344827586207,0.01310344827586207,0.015,228195,152674,225000.0
287111,62494,0.01310344827586207,0.013517241379310345,0.006,227537,192893,221502.59067357515
303371,67497,0.01310344827586207,0.013517241379310345,0.009,223957,176634,221502.59067357515
317151,61864,0.01310344827586207,0.013517241379310345,0.012,223098,162857,221502.59067357515
328912,56764,0.01310344827586207,0.013517241379310345,0.015,222930,151090,221502.59067357515
289584,66608,0.01310344827586207,0.01393103448275862,0.006,224541,190421,218112.2448979592
305452,66089,0.01310344827586207,0.01393103448275862,0.009,222174,174554,218112.2448979592
318891,69477,0.01310344827586207,0.01393103448275862,0.012,219528,161111,218112.2448979592
330301,63781,0.01310344827586207,0.01393103448275862,0.015,219452,149706,218112.2448979592
291906,90204,0.01310344827586207,0.014344827586206896,0.006,218554,188095,214824.1206030151
307410,87684,0.01310344827586207,0.014344827586206896,0.009,215909,172591,214824.1206030151
320560,77296,0.01310344827586207,0.014344827586206896,0.012,215911,159449,214824.1206030151
331816,80558,0.01310344827586207,0.014344827586206896,0.015,213497,148193,214824.1206030151
294290,94131,0.01310344827586207,0.014758620689655172,0.006,215699,185716,211633.66336633664
309355,85465,0.01310344827586207,0.014758620689655172,0.009,214374,170654,211633.66336633664
322164,90535,0.01310344827586207,0.014758620689655172,0.012,211155,157841,211633.66336633664
333297,86950,0.01310344827586207,0.014758620689655172,0.015,210299,146710,211633.66336633664
296446,99134,0.01310344827586207,0.015172413793103448,0.006,212774,183560,208536.58536585365
311212,93128,0.01310344827586207,0.015172413793103448,0.009,210919,168794,208536.58536585365
323804,99546,0.01310344827586207,0.015172413793103448,0.012,207384,156197,208536.58536585365
334697,89365,0.01310344827586207,0.015172413793103448,0.015,208201,145310,208536.58536585365
298621,101723,0.01310344827586207,0.015586206896551724,0.006,210151,181383,205528.84615384619
313058,101328,0.01310344827586207,0.015586206896551724,0.009,207538,166947,205528.84615384619
325381,109588,0.01310344827586207,0.015586206896551724,0.012,203416,154625,205528.84615384619
336076,94314,0.01310344827586207,0.015586206896551724,0.015,205386,143928,205528.84615384619
300769,111669,0.01310344827586207,0.016,0.006,206558,179232,202606.63507109004
314964,113916,0.01310344827586207,0.016,0.009,203301,165043,202606.63507109004
327008,93048,0.01310344827586207,0.016,0.012,205645,152999,202606.63507109004
337342,106106,0.01310344827586207,0.016,0.015,200994,142660,202606.63507109004
204077,995,0.013517241379310345,0.004,0.006,316971,275923,347244.0944881889
235267,2850,0.013517241379310345,0.004,0.009,303287,244736,347244.0944881889
260099,4017,0.013517241379310345,0.004,0.012,293430,219902,347244.0944881889
280390,5900,0.013517241379310345,0.004,0.015,285737,199614,347244.0944881889
208791,1295,0.013517241379310345,0.004413793103448276,0.006,312528,271213,339230.76923076925
239046,2354,0.013517241379310345,0.004413793103448276,0.009,299890,240955,339230.76923076925
263241,4009,0.013517241379310345,0.004413793103448276,0.012,290575,216759,339230.76923076925
283006,5749,0.013517241379310345,0.004413793103448276,0.015,283292,197001,339230.76923076925
213380,1923,0.013517241379310345,0.004827586206896552,0.006,308134,266623,331578.94736842107
242651,3222,0.013517241379310345,0.004827586206896552,0.009,296273,237353,331578.94736842107
266146,5232,0.013517241379310345,0.004827586206896552,0.012,287363,213856,331578.94736842107
285408,6246,0.013517241379310345,0.004827586206896552,0.015,280738,194599,331578.94736842107
217890,1906,0.013517241379310345,0.005241379310344827,0.006,303956,262113,324264.7058823529
246201,5105,0.013517241379310345,0.005241379310344827,0.009,292446,233803,324264.7058823529
269049,6300,0.013517241379310345,0.005241379310344827,0.012,284315,210957,324264.7058823529
287757,6790,0.013517241379310345,0.005241379310344827,0.015,278215,192244,324264.7058823529
222146,2472,0.013517241379310345,0.005655172413793104,0.006,299826,257858,317266.1870503597
249709,4131,0.013517241379310345,0.005655172413793104,0.009,289430,230296,317266.1870503597
271773,6556,0.013517241379310345,0.005655172413793104,0.012,281473,208229,317266.1870503597
290116,7305,0.013517241379310345,0.005655172413793104,0.015,275708,189890,317266.1870503597
226361,3021,0.013517241379310345,0.006068965517241379,0.006,295800,253638,310563.38028169016
252990,4534,0.013517241379310345,0.006068965517241379,0.009,286160,227014,310563.38028169016
274508,6734,0.013517241379310345,0.006068965517241379,0.012,278750,205493,310563.38028169016
292326,9551,0.013517241379310345,0.006068965517241379,0.015,272690,187678,310563.38028169016
230434,3362,0.013517241379310345,0.006482758620689655,0.006,291911,249565,304137.9310344827
256267,5422,0.013517241379310345,0.006482758620689655,0.009,282807,223733,304137.9310344827
277198,7831,0.013517241379310345,0.006482758620689655,0.012,275861,202808,304137.9310344827
294658,10612,0.013517241379310345,0.006482758620689655,0.015,270144,185346,304137.9310344827
234371,3414,0.013517241379310345,0.006896551724137931,0.006,288151,245629,297972.97297297296
259422,5151,0.013517241379310345,0.006896551724137931,0.009,279851,220578,297972.97297297296
279811,7203,0.013517241379310345,0.006896551724137931,0.012,273449,200194,297972.97297297296
296754,10815,0.013517241379310345,0.006896551724137931,0.015,267896,183252,297972.97297297296
238054,4301,0.013517241379310345,0.007310344827586207,0.006,284333,241947,292052.9801324503
262468,6909,0.013517241379310345,0.007310344827586207,0.009,276459,217539,292052.9801324503
282281,9156,0.013517241379310345,0.007310344827586207,0.012,270377,197723,292052.9801324503
298879,9574,0.013517241379310345,0.007310344827586207,0.015,266048,181122,292052.9801324503
241789,4061,0.013517241379310345,0.007724137931034483,0.006,280892,238212,286363.63636363635
265425,8660,0.013517241379310345,0.007724137931034483,0.009,273138,214579,286363.63636363635
284844,10167,0.013517241379310345,0.007724137931034483,0.012,267661,195159,286363.63636363635
300911,11034,0.013517241379310345,0.007724137931034483,0.015,263474,179093,286363.63636363635
245388,5050,0.013517241379310345,0.008137931034482758,0.006,277238,234612,280891.7197452229
268257,7497,0.013517241379310345,0.008137931034482758,0.009,270533,211745,280891.7197452229
287143,10993,0.013517241379310345,0.008137931034482758,0.012,265011,192859,280891.7197452229
302922,11685,0.013517241379310345,0.008137931034482758,0.015,261170,177084,280891.7197452229
248856,6220,0.013517241379310345,0.008551724137931035,0.006,273624,231144,275625.0
271094,8803,0.013517241379310345,0.008551724137931035,0.009,267469,208911,275625.0
289489,10051,0.013517241379310345,0.008551724137931035,0.012,262886,190512,275625.0
304906,12901,0.013517241379310345,0.008551724137931035,0.015,258742,175099,275625.0
252186,8003,0.013517241379310345,0.00896551724137931,0.006,270046,227814,270552.14723926375
273849,9026,0.013517241379310345,0.00896551724137931,0.009,264679,206156,270552.14723926375
291826,12129,0.013517241379310345,0.00896551724137931,0.012,259973,188180,270552.14723926375
306918,12788,0.013517241379310345,0.00896551724137931,0.015,256752,173085,270552.14723926375
255381,11764,0.013517241379310345,0.009379310344827585,0.006,266188,224623,265662.6506024096
276503,8913,0.013517241379310345,0.009379310344827585,0.009,261999,203501,265662.6506024096
293998,14340,0.013517241379310345,0.009379310344827585,0.012,257143,186004,265662.6506024096
308727,14241,0.013517241379310345,0.009379310344827585,0.015,254314,171278,265662.6506024096
258580,10637,0.013517241379310345,0.009793103448275862,0.006,263290,221426,260946.74556213018
279207,10843,0.013517241379310345,0.009793103448275862,0.009,258976,200800,260946.74556213018
296184,15279,0.013517241379310345,0.009793103448275862,0.012,254660,183820,260946.74556213018
310607,14586,0.013517241379310345,0.009793103448275862,0.015,252215,169396,260946.74556213018
261684,11610,0.013517241379310345,0.010206896551724139,0.006,260066,218316,256395.3488372093
281732,10387,0.013517241379310345,0.010206896551724139,0.009,256508,198275,256395.3488372093
298308,18692,0.013517241379310345,0.010206896551724139,0.012,251601,181697,256395.3488372093
312384,17395,0.013517241379310345,0.010206896551724139,0.015,249524,167620,256395.3488372093
264678,10596,0.013517241379310345,0.010620689655172414,0.006,257260,215327,252000.0
284195,13020,0.013517241379310345,0.010620689655172414,0.009,253403,195811,252000.0
300432,14602,0.013517241379310345,0.010620689655172414,0.012,250474,179569,252000.0
314246,15664,0.013517241379310345,0.010620689655172414,0.015,248134,165761,252000.0
267594,10955,0.013517241379310345,0.011034482758620689,0.006,254283,212409,247752.80898876404
286628,14045,0.013517241379310345,0.011034482758620689,0.009,250744,193379,247752.80898876404
302424,21746,0.013517241379310345,0.011034482758620689,0.012,246528,177581,247752.80898876404
315884,23303,0.013517241379310345,0.011034482758620689,0.015,244131,164121,247752.80898876404
270408,15710,0.013517241379310345,0.011448275862068966,0.006,250687,209598,243646.40883977897
288896,20067,0.013517241379310345,0.011448275862068966,0.009,247088,191108,243646.40883977897
304409,21087,0.013517241379310345,0.011448275862068966,0.012,244618,175596,243646.40883977897
317689,24589,0.013517241379310345,0.011448275862068966,0.015,241943,162314,243646.40883977897
273232,32006,0.013517241379310345,0.01186206896551724,0.006,245300,206774,239673.9130434782
291244,28125,0.013517241379310345,0.01186206896551724,0.009,243055,188757,239673.9130434782
306463,31973,0.013517241379310345,0.01186206896551724,0.012,239950,173539,239673.9130434782
319249,26413,0.013517241379310345,0.01186206896551724,0.015,239649,160754,239673.9130434782
275888,40898,0.013517241379310345,0.012275862068965518,0.006,241202,204114,235828.87700534755
293502,25248,0.013517241379310345,0.012275862068965518,0.009,241368,186498,235828.87700534755
308261,36019,0.013517241379310345,0.012275862068965518,0.012,236964,171744,235828.87700534755
320891,36311,0.013517241379310345,0.012275862068965518,0.015,235229,159114,235828.87700534755
278558,31768,0.013517241379310345,0.012689655172413793,0.006,240010,201442,232105.26315789472
295642,31602,0.013517241379310345,0.012689655172413793,0.009,237805,184359,232105.26315789472
310218,33925,0.013517241379310345,0.012689655172413793,0.012,235519,169788,232105.26315789472
322475,35744,0.013517241379310345,0.012689655172413793,0.015,233634,157528,232105.26315789472
281106,50725,0.013517241379310345,0.01310344827586207,0.006,234529,198894,228497.40932642485
297882,41296,0.013517241379310345,0.01310344827586207,0.009,233640,182124,228497.40932642485
311999,47655,0.013517241379310345,0.01310344827586207,0.012,230382,168007,228497.40932642485
324038,43052,0.013517241379310345,0.01310344827586207,0.015,230015,155968,228497.40932642485
283536,35836,0.013517241379310345,0.013517241379310345,0.006,234352,196465,225000.0
299959,48505,0.013517241379310345,0.013517241379310345,0.009,230090,180048,225000.0
313736,44600,0.013517241379310345,0.013517241379310345,0.012,229218,166270,225000.0
325576,49495,0.013517241379310345,0.013517241379310345,0.015,226678,154430,225000.0
285964,45651,0.013517241379310345,0.01393103448275862,0.006,230437,194042,221608.040201005
301945,60611,0.013517241379310345,0.01393103448275862,0.009,225599,178057,221608.040201005
315465,44871,0.013517241379310345,0.01393103448275862,0.012,227358,164539,221608.040201005
327104,53118,0.013517241379310345,0.01393103448275862,0.015,224098,152902,221608.040201005
288352,78051,0.013517241379310345,0.014344827586206896,0.006,223092,191650,218316.8316831683
303941,71594,0.013517241379310345,0.014344827586206896,0.009,221377,176062,218316.8316831683
317207,68577,0.013517241379310345,0.014344827586206896,0.012,220077,162801,218316.8316831683
328632,67988,0.013517241379310345,0.014344827586206896,0.015,218677,151377,218316.8316831683
290740,88937,0.013517241379310345,0.014758620689655172,0.006,219236,189264,215121.95121951218
305870,81211,0.013517241379310345,0.014758620689655172,0.009,217549,174137,215121.95121951218
318862,82586,0.013517241379310345,0.014758620689655172,0.012,215097,161144,215121.95121951218
330010,76558,0.013517241379310345,0.014758620689655172,0.015,214895,149998,215121.95121951218
292937,95525,0.013517241379310345,0.015172413793103448,0.006,215990,187071,212019.23076923075
307801,94939,0.013517241379310345,0.015172413793103448,0.009,212959,172201,212019.23076923075
320497,87759,0.013517241379310345,0.015172413793103448,0.012,212181,159505,212019.23076923075
331518,88554,0.013517241379310345,0.015172413793103448,0.015,210289,148491,212019.23076923075
295196,106413,0.013517241379310345,0.015586206896551724,0.006,212173,184808,209004.73933649287
309753,93736,0.013517241379310345,0.015586206896551724,0.009,211318,170254,209004.73933649287
322077,101011,0.013517241379310345,0.015586206896551724,0.012,207520,157927,209004.73933649287
332837,97126,0.013517241379310345,0.015586206896551724,0.015,206656,147169,209004.73933649287
297358,108873,0.013517241379310345,0.016,0.006,209686,182646,206074.76635514013
311498,108572,0.013517241379310345,0.016,0.009,206687,168508,206074.76635514013
323727,108707,0.013517241379310345,0.016,0.012,204172,156273,206074.76635514013
334224,99859,0.013517241379310345,0.016,0.015,204476,145784,206074.76635514013
200459,1055,0.01393103448275862,0.004,0.006,319153,279542,349615.38461538457
231716,3322,0.01393103448275862,0.004,0.009,305161,248287,349615.38461538457
256602,4040,0.01393103448275862,0.004,0.012,295251,223398,349615.38461538457
276974,5924,0.01393103448275862,0.004,0.015,287413,203030,349615.38461538457
205321,1232,0.01393103448275862,0.004413793103448276,0.006,314792,274679,341729.32330827066
235357,2676,0.01393103448275862,0.004413793103448276,0.009,301833,244646,341729.32330827066
259619,4676,0.01393103448275862,0.004413793103448276,0.012,292247,220381,341729.32330827066
279429,5003,0.01393103448275862,0.004413793103448276,0.015,285243,200576,341729.32330827066
209927,1263,0.01393103448275862,0.004827586206896552,0.006,310524,270073,334191.1764705882
239059,4082,0.01393103448275862,0.004827586206896552,0.009,298082,240944,334191.1764705882
262526,4633,0.01393103448275862,0.004827586206896552,0.012,289385,217474,334191.1764705882
281849,4355,0.01393103448275862,0.004827586206896552,0.015,283009,198156,334191.1764705882
214366,1752,0.01393103448275862,0.005241379310344827,0.006,306322,265634,326978.417266187
242587,4831,0.01393103448275862,0.005241379310344827,0.009,294643,237411,326978.417266187
265514,4675,0.01393103448275862,0.005241379310344827,0.012,286623,214489,326978.417266187
284243,5900,0.01393103448275862,0.005241379310344827,0.015,280163,195761,326978.417266187
218616,2845,0.01393103448275862,0.005655172413793104,0.006,302058,261383,320070.42253521126
246066,4689,0.01393103448275862,0.005655172413793104,0.009,291397,233934,320070.42253521126
268227,4661,0.01393103448275862,0.005655172413793104,0.012,283911,211778,320070.42253521126
286674,7288,0.01393103448275862,0.005655172413793104,0.015,277404,193333,320070.42253521126
222764,2775,0.01393103448275862,0.006068965517241379,0.006,298210,257239,313448.275862069
249343,5405,0.01393103448275862,0.006068965517241379,0.009,288026,230661,313448.275862069
270987,7630,0.01393103448275862,0.006068965517241379,0.012,280423,209019,313448.275862069
288892,6586,0.01393103448275862,0.006068965517241379,0.015,275326,191113,313448.275862069
226824,2838,0.01393103448275862,0.006482758620689655,0.006,294362,253175,307094.5945945946
252669,5081,0.01393103448275862,0.006482758620689655,0.009,285049,227338,307094.5945945946
273715,5775,0.01393103448275862,0.006482758620689655,0.012,278273,206291,307094.5945945946
291156,6967,0.01393103448275862,0.006482758620689655,0.015,272932,188849,307094.5945945946
230715,3305,0.01393103448275862,0.006896551724137931,0.006,290582,249286,300993.37748344365
255773,6980,0.01393103448275862,0.006896551724137931,0.009,281496,224232,300993.37748344365
276270,6768,0.01393103448275862,0.006896551724137931,0.012,275465,203731,300993.37748344365
293355,10170,0.01393103448275862,0.006896551724137931,0.015,269748,186651,300993.37748344365
234502,3779,0.01393103448275862,0.007310344827586207,0.006,286893,245498,295129.87012987013
258797,6641,0.01393103448275862,0.007310344827586207,0.009,278628,221202,295129.87012987013
278802,8200,0.01393103448275862,0.007310344827586207,0.012,272540,201200,295129.87012987013
295420,8634,0.01393103448275862,0.007310344827586207,0.015,268016,184583,295129.87012987013
238159,4045,0.01393103448275862,0.007724137931034483,0.006,283297,241843,289490.4458598726
261787,7088,0.01393103448275862,0.007724137931034483,0.009,275626,218217,289490.4458598726
281285,9039,0.01393103448275862,0.007724137931034483,0.012,269857,198721,289490.4458598726
297508,9861,0.01393103448275862,0.007724137931034483,0.015,265561,182496,289490.4458598726
241765,4985,0.01393103448275862,0.008137931034482758,0.006,279702,238235,284062.5
264715,7842,0.01393103448275862,0.008137931034482758,0.009,272624,215290,284062.5
283665,8788,0.01393103448275862,0.008137931034482758,0.012,267498,196338,284062.5
299547,9173,0.01393103448275862,0.008137931034482758,0.015,263624,180454,284062.5
245146,6549,0.01393103448275862,0.008551724137931035,0.006,276088,234858,278834.35582822084
267607,9489,0.01393103448275862,0.008551724137931035,0.009,269459,212393,278834.35582822084
286076,9712,0.01393103448275862,0.008551724137931035,0.012,264908,193924,278834.35582822084
301637,10816,0.01393103448275862,0.008551724137931035,0.015,261034,178366,278834.35582822084
248608,4775,0.01393103448275862,0.00896551724137931,0.006,273101,231398,273795.1807228915
270385,8977,0.01393103448275862,0.00896551724137931,0.009,266820,209616,273795.1807228915
288312,11359,0.01393103448275862,0.00896551724137931,0.012,262150,191691,273795.1807228915
303511,11669,0.01393103448275862,0.00896551724137931,0.015,258803,176496,273795.1807228915
251775,7289,0.01393103448275862,0.009379310344827585,0.006,269473,228224,268934.91124260356
273061,9564,0.01393103448275862,0.009379310344827585,0.009,264059,206939,268934.91124260356
290553,11122,0.01393103448275862,0.009379310344827585,0.012,259875,189449,268934.91124260356
305423,13225,0.01393103448275862,0.009379310344827585,0.015,256339,174579,268934.91124260356
254954,7640,0.01393103448275862,0.009793103448275862,0.006,266290,225050,264244.1860465116
275604,10699,0.01393103448275862,0.009793103448275862,0.009,261176,204397,264244.1860465116
292764,10764,0.01393103448275862,0.009793103448275862,0.012,257716,187242,264244.1860465116
307308,15200,0.01393103448275862,0.009793103448275862,0.015,253831,172701,264244.1860465116
258091,10369,0.01393103448275862,0.010206896551724139,0.006,262791,221913,259714.2857142857
278129,9890,0.01393103448275862,0.010206896551724139,0.009,258790,201873,259714.2857142857
295000,14017,0.01393103448275862,0.010206896551724139,0.012,254691,185004,259714.2857142857
309158,15196,0.01393103448275862,0.010206896551724139,0.015,251870,170850,259714.2857142857
261102,12918,0.01393103448275862,0.010620689655172414,0.006,259398,218903,255337.07865168538
280646,11233,0.01393103448275862,0.010620689655172414,0.009,255991,199354,255337.07865168538
297062,14386,0.01393103448275862,0.010620689655172414,0.012,252425,182938,255337.07865168538
310880,17394,0.01393103448275862,0.010620689655172414,0.015,249394,169126,255337.07865168538
263989,11013,0.01393103448275862,0.011034482758620689,0.006,256820,216016,251104.97237569065
283120,14615,0.01393103448275862,0.011034482758620689,0.009,252794,196887,251104.97237569065
299072,15441,0.01393103448275862,0.011034482758620689,0.012,250042,180934,251104.97237569065
312664,19242,0.01393103448275862,0.011034482758620689,0.015,246985,167345,251104.97237569065
266825,22148,0.01393103448275862,0.011448275862068966,0.006,252165,213176,247010.86956521735
285452,14940,0.01393103448275862,0.011448275862068966,0.009,250385,194549,247010.86956521735
301093,21891,0.01393103448275862,0.011448275862068966,0.012,246415,178916,247010.86956521735
314399,21569,0.01393103448275862,0.011448275862068966,0.015,244500,165609,247010.86956521735
269688,25679,0.01393103448275862,0.01186206896551724,0.006,248882,210312,243048.12834224597
287813,18817,0.01393103448275862,0.01186206896551724,0.009,247199,192187,243048.12834224597
303037,25656,0.01393103448275862,0.01186206896551724,0.012,243416,176970,243048.12834224597
316116,18520,0.01393103448275862,0.01186206896551724,0.015,243547,163891,243048.12834224597
272300,22285,0.01393103448275862,0.012275862068965518,0.006,246684,207704,239210.52631578947
290048,17890,0.01393103448275862,0.012275862068965518,0.009,245098,189952,239210.52631578947
305018,25090,0.01393103448275862,0.012275862068965518,0.012,241570,174987,239210.52631578947
317653,26942,0.01393103448275862,0.012275862068965518,0.015,239482,162352,239210.52631578947
274936,18875,0.01393103448275862,0.012689655172413793,0.006,244585,205068,235492.22797927467
292306,22341,0.01393103448275862,0.012689655172413793,0.009,241907,187697,235492.22797927467
306791,35081,0.01393103448275862,0.012689655172413793,0.012,237202,173211,235492.22797927467
319322,40540,0.01393103448275862,0.012689655172413793,0.015,234153,160678,235492.22797927467
277523,30943,0.01393103448275862,0.01310344827586207,0.006,240162,202483,231887.7551020408
294426,31788,0.01393103448275862,0.01310344827586207,0.009,237812,185574,231887.7551020408
308647,37322,0.01393103448275862,0.01310344827586207,0.012,234817,171358,231887.7551020408
320861,34179,0.01393103448275862,0.01310344827586207,0.015,234131,159147,231887.7551020408
280114,34704,0.01393103448275862,0.013517241379310345,0.006,237011,199891,228391.95979899497
296511,38115,0.01393103448275862,0.013517241379310345,0.009,234386,183496,228391.95979899497
310424,45095,0.01393103448275862,0.013517241379310345,0.012,231089,169582,228391.95979899497
322425,45876,0.01393103448275862,0.013517241379310345,0.015,229421,157579,228391.95979899497
282446,42967,0.01393103448275862,0.01393103448275862,0.006,233394,197557,225000.0
298530,44140,0.01393103448275862,0.01393103448275862,0.009,231091,181474,225000.0
312276,39329,0.01393103448275862,0.01393103448275862,0.012,230610,167725,225000.0
323988,46909,0.01393103448275862,0.01393103448275862,0.015,227516,156021,225000.0
284925,56517,0.01393103448275862,0.014344827586206896,0.006,228940,195075,221707.31707317074
300576,60707,0.01393103448275862,0.014344827586206896,0.009,225869,179424,221707.31707317074
313917,48594,0.01393103448275862,0.014344827586206896,0.012,226710,166088,221707.31707317074
325417,67129,0.01393103448275862,0.014344827586206896,0.015,220691,154585,221707.31707317074
287169,69417,0.01393103448275862,0.014758620689655172,0.006,224679,192835,218509.61538461538
302597,74222,0.01393103448275862,0.014758620689655172,0.009,221185,177410,218509.61538461538
315602,69255,0.01393103448275862,0.014758620689655172,0.012,220227,164403,218509.61538461538
326904,76254,0.01393103448275862,0.014758620689655172,0.015,216777,153102,218509.61538461538
289483,84491,0.01393103448275862,0.015172413793103448,0.006,220215,190518,215402.84360189573
304474,89535,0.01393103448275862,0.015172413793103448,0.009,216319,175532,215402.84360189573
317291,82177,0.01393103448275862,0.015172413793103448,0.012,215564,162710,215402.84360189573
328325,79697,0.01393103448275862,0.015172413793103448,0.015,214414,151681,215402.84360189573
291728,86474,0.01393103448275862,0.015586206896551724,0.006,217758,188272,212383.17757009345
306343,92372,0.01393103448275862,0.015586206896551724,0.009,213960,173663,212383.17757009345
318887,86377,0.01393103448275862,0.015586206896551724,0.012,212881,161117,212383.17757009345
329822,87723,0.01393103448275862,0.015586206896551724,0.015,210922,150180,212383.17757009345
293825,94868,0.01393103448275862,0.016,0.006,214431,186179,209447.0046082949
308190,100588,0.01393103448275862,0.016,0.009,210521,171812,209447.0046082949
320509,104106,0.01393103448275862,0.016,0.012,207358,159491,209447.0046082949
331146,98072,0.01393103448275862,0.016,0.015,206876,148855,209447.0046082949
197086,1021,0.014344827586206896,0.004,0.006,321402,282915,351879.69924812025
228131,2823,0.014344827586206896,0.004,0.009,307285,251873,351879.69924812025
253107,2875,0.014344827586206896,0.004,0.012,297420,226893,351879.69924812025
273429,4521,0.014344827586206896,0.004,0.015,289498,206575,351879.69924812025
201791,1339,0.014344827586206896,0.004413793103448276,0.006,316995,278211,344117.6470588235
231859,2757,0.014344827586206896,0.004413793103448276,0.009,303874,248144,344117.6470588235
256093,3755,0.014344827586206896,0.004413793103448276,0.012,294288,223907,344117.6470588235
275984,4765,0.014344827586206896,0.004413793103448276,0.015,286928,204017,344117.6470588235
206391,1694,0.014344827586206896,0.004827586206896552,0.006,312683,273610,336690.6474820144
235596,2724,0.014344827586206896,0.004827586206896552,0.009,300463,244404,336690.6474820144
259080,5584,0.014344827586206896,0.004827586206896552,0.012,290955,220923,336690.6474820144
278494,6139,0.014344827586206896,0.004827586206896552,0.015,284090,201511,336690.6474820144
210776,1452,0.014344827586206896,0.005241379310344827,0.006,308712,269225,329577.4647887324
239042,4909,0.014344827586206896,0.005241379310344827,0.009,296597,240962,329577.4647887324
261997,4781,0.014344827586206896,0.005241379310344827,0.012,288399,218010,329577.4647887324
280854,5999,0.014344827586206896,0.005241379310344827,0.015,281796,199149,329577.4647887324
215150,2009,0.014344827586206896,0.005655172413793104,0.006,304511,264849,322758.6206896552
242578,4576,0.014344827586206896,0.005655172413793104,0.009,293501,237428,322758.6206896552
264789,5195,0.014344827586206896,0.005655172413793104,0.012,285584,215217,322758.6206896552
283199,7278,0.014344827586206896,0.005655172413793104,0.015,279075,196805,322758.6206896552
219219,2593,0.014344827586206896,0.006068965517241379,0.006,300525,260782,316216.2162162162
245923,3513,0.014344827586206896,0.006068965517241379,0.009,290551,234078,316216.2162162162
267541,6926,0.014344827586206896,0.006068965517241379,0.012,282461,212459,316216.2162162162
285548,7167,0.014344827586206896,0.006068965517241379,0.015,276799,194459,316216.2162162162
223312,2121,0.014344827586206896,0.006482758620689655,0.006,296873,256689,309933.77483443706
249069,5523,0.014344827586206896,0.006482758620689655,0.009,286968,230931,309933.77483443706
270213,6130,0.014344827586206896,0.006482758620689655,0.012,280060,209788,309933.77483443706
287771,6306,0.014344827586206896,0.006482758620689655,0.015,274831,192229,309933.77483443706
227168,2667,0.014344827586206896,0.006896551724137931,0.006,293037,252836,303896.1038961039
252241,5863,0.014344827586206896,0.006896551724137931,0.009,283878,227763,303896.1038961039
272883,6574,0.014344827586206896,0.006896551724137931,0.012,277377,207124,303896.1038961039
290002,9343,0.014344827586206896,0.006896551724137931,0.015,271706,190004,303896.1038961039
231026,2943,0.014344827586206896,0.007310344827586207,0.006,289424,248974,298089.1719745223
255320,6044,0.014344827586206896,0.007310344827586207,0.009,280863,224684,298089.1719745223
275385,6949,0.014344827586206896,0.007310344827586207,0.012,274780,204620,298089.1719745223
292087,9470,0.014344827586206896,0.007310344827586207,0.015,269483,187918,298089.1719745223
234683,3827,0.014344827586206896,0.007724137931034483,0.006,285720,245317,292500.0
258316,7423,0.014344827586206896,0.007724137931034483,0.009,277649,221684,292500.0
277829,8395,0.014344827586206896,0.007724137931034483,0.012,271901,202172,292500.0
294237,9074,0.014344827586206896,0.007724137931034483,0.015,267449,185763,292500.0
238166,5896,0.014344827586206896,0.008137931034482758,0.006,281926,241837,287116.5644171779
261292,6567,0.014344827586206896,0.008137931034482758,0.009,275003,218708,287116.5644171779
280263,8312,0.014344827586206896,0.008137931034482758,0.012,269523,199743,287116.5644171779
296232,8893,0.014344827586206896,0.008137931034482758,0.015,265397,183770,287116.5644171779
241739,6037,0.014344827586206896,0.008551724137931035,0.006,278548,238264,281927.71084337344
264061,6641,0.014344827586206896,0.008551724137931035,0.009,272209,215942,281927.71084337344
282658,8582,0.014344827586206896,0.008551724137931035,0.012,267053,197348,281927.71084337344
298255,10500,0.014344827586206896,0.008551724137931035,0.015,262859,181746,281927.71084337344
245085,5917,0.014344827586206896,0.00896551724137931,0.006,275336,234915,276923.07692307694
266853,8432,0.014344827586206896,0.00896551724137931,0.009,269097,213148,276923.07692307694
285008,10861,0.014344827586206896,0.00896551724137931,0.012,264173,194999,276923.07692307694
300299,12448,0.014344827586206896,0.00896551724137931,0.015,260279,179702,276923.07692307694
248308,6501,0.014344827586206896,0.009379310344827585,0.006,272036,231695,272093.023255814
269577,8073,0.014344827586206896,0.009379310344827585,0.009,266486,210423,272093.023255814
287218,9974,0.014344827586206896,0.009379310344827585,0.012,262088,192783,272093.023255814
302216,13671,0.014344827586206896,0.009379310344827585,0.015,257877,177789,272093.023255814
251451,7387,0.014344827586206896,0.009793103448275862,0.006,268775,228548,267428.5714285714
272148,11843,0.014344827586206896,0.009793103448275862,0.009,263065,207852,267428.5714285714
289408,11827,0.014344827586206896,0.009793103448275862,0.012,259367,190597,267428.5714285714
304017,15181,0.014344827586206896,0.009793103448275862,0.015,255534,175984,267428.5714285714
254535,7592,0.014344827586206896,0.010206896551724139,0.006,265705,225465,262921.34831460676
274703,8906,0.014344827586206896,0.010206896551724139,0.009,261142,205301,262921.34831460676
291647,13245,0.014344827586206896,0.010206896551724139,0.012,256801,188353,262921.34831460676
305874,15606,0.014344827586206896,0.010206896551724139,0.015,253492,174132,262921.34831460676
257589,9595,0.014344827586206896,0.010620689655172414,0.006,262388,222417,258563.53591160226
277195,12485,0.014344827586206896,0.010620689655172414,0.009,257858,202807,258563.53591160226
293739,13567,0.014344827586206896,0.010620689655172414,0.012,254559,186267,258563.53591160226
307677,15891,0.014344827586206896,0.010620689655172414,0.015,251505,172325,258563.53591160226
260546,8837,0.014344827586206896,0.011034482758620689,0.006,259633,219454,254347.82608695654
279644,16114,0.014344827586206896,0.011034482758620689,0.009,254622,200360,254347.82608695654
295818,17449,0.014344827586206896,0.011034482758620689,0.012,251437,184189,254347.82608695654
309415,16069,0.014344827586206896,0.011034482758620689,0.015,249600,170589,254347.82608695654
263355,11670,0.014344827586206896,0.011448275862068966,0.006,256326,216649,250267.3796791444
282133,21353,0.014344827586206896,0.011448275862068966,0.009,251155,197871,250267.3796791444
297825,17945,0.014344827586206896,0.011448275862068966,0.012,249282,182175,250267.3796791444
311151,20919,0.014344827586206896,0.011448275862068966,0.015,246407,168853,250267.3796791444
266244,11496,0.014344827586206896,0.01186206896551724,0.006,253586,213759,246315.7894736842
284445,19427,0.014344827586206896,0.01186206896551724,0.009,249192,195562,246315.7894736842
299744,18949,0.014344827586206896,0.01186206896551724,0.012,246982,180262,246315.7894736842
312885,21421,0.014344827586206896,0.01186206896551724,0.015,244473,167117,246315.7894736842
268854,4980,0.014344827586206896,0.012275862068965518,0.006,251855,211150,242487.04663212431
286718,26309,0.014344827586206896,0.012275862068965518,0.009,245542,193282,242487.04663212431
301646,21930,0.014344827586206896,0.012275862068965518,0.012,244272,178358,242487.04663212431
314507,32140,0.014344827586206896,0.012275862068965518,0.015,239822,165494,242487.04663212431
271595,10285,0.014344827586206896,0.012689655172413793,0.006,248416,208409,238775.51020408163
288930,15253,0.014344827586206896,0.012689655172413793,0.009,245502,191070,238775.51020408163
303546,23804,0.014344827586206896,0.012689655172413793,0.012,241865,176459,238775.51020408163
316151,25489,0.014344827586206896,0.012689655172413793,0.015,239905,163849,238775.51020408163
274132,28587,0.014344827586206896,0.01310344827586207,0.006,243044,205868,235175.87939698494
291019,33625,0.014344827586206896,0.01310344827586207,0.009,239603,188985,235175.87939698494
305469,27916,0.014344827586206896,0.01310344827586207,0.012,238953,174531,235175.87939698494
317721,40387,0.014344827586206896,0.01310344827586207,0.015,234272,162282,235175.87939698494
276584,41505,0.014344827586206896,0.013517241379310345,0.006,238538,203420,231683.1683168317
293159,32542,0.014344827586206896,0.013517241379310345,0.009,237689,186843,231683.1683168317
307303,41548,0.014344827586206896,0.013517241379310345,0.012,233872,172701,231683.1683168317
319313,33471,0.014344827586206896,0.013517241379310345,0.015,234403,160693,231683.1683168317
279136,29657,0.014344827586206896,0.01393103448275862,0.006,237842,200865,228292.68292682926
295244,31455,0.014344827586206896,0.01393103448275862,0.009,235759,184762,228292.68292682926
309082,33884,0.014344827586206896,0.01393103448275862,0.012,233816,170924,228292.68292682926
320908,45792,0.014344827586206896,0.01393103448275862,0.015,229557,159099,228292.68292682926
281488,39870,0.014344827586206896,0.014344827586206896,0.006,233988,198517,225000.0
297349,45608,0.014344827586206896,0.014344827586206896,0.009,230979,182652,225000.0
310719,43314,0.014344827586206896,0.014344827586206896,0.012,229867,169282,225000.0
322417,46394,0.014344827586206896,0.014344827586206896,0.015,227790,157591,225000.0
283783,55132,0.014344827586206896,0.014758620689655172,0.006,229378,196221,221800.94786729856
299264,58485,0.014344827586206896,0.014758620689655172,0.009,226471,180737,221800.94786729856
312431,64526,0.014344827586206896,0.014758620689655172,0.012,223288,167569,221800.94786729856
323896,60981,0.014344827586206896,0.014758620689655172,0.015,222543,156111,221800.94786729856
286072,74075,0.014344827586206896,0.015172413793103448,0.006,224353,193929,218691.5887850467
301225,80893,0.014344827586206896,0.015172413793103448,0.009,220248,178775,218691.5887850467
314191,73195,0.014344827586206896,0.015172413793103448,0.012,219554,165815,218691.5887850467
325322,69823,0.014344827586206896,0.015172413793103448,0.015,218774,154679,218691.5887850467
288301,82806,0.014344827586206896,0.015586206896551724,0.006,220850,191703,215668.20276497697
303098,84698,0.014344827586206896,0.015586206896551724,0.009,217677,176908,215668.20276497697
315822,76574,0.014344827586206896,0.015586206896551724,0.012,217130,164179,215668.20276497697
326692,75196,0.014344827586206896,0.015586206896551724,0.015,215877,153314,215668.20276497697
290496,82376,0.014344827586206896,0.016,0.006,218811,189510,212727.2727272727
304958,91813,0.014344827586206896,0.016,0.009,214477,175048,212727.2727272727
317409,88431,0.014344827586206896,0.016,0.012,212868,162591,212727.2727272727
328104,81300,0.014344827586206896,0.016,0.015,212860,151901,212727.2727272727
193765,1290,0.014758620689655172,0.004,0.006,323463,286237,354044.1176470588
224758,1787,0.014758620689655172,0.004,0.009,309430,255246,354044.1176470588
249594,3232,0.014758620689655172,0.004,0.012,299098,230408,354044.1176470588
270128,3578,0.014758620689655172,0.004,0.015,291376,209877,354044.1176470588
198485,1183,0.014758620689655172,0.004413793103448276,0.006,319195,281512,346402.87769784173
228465,2956,0.014758620689655172,0.004413793103448276,0.009,305743,251539,346402.87769784173
252716,4503,0.014758620689655172,0.004413793103448276,0.012,295784,227288,346402.87769784173
272629,6015,0.014758620689655172,0.004413793103448276,0.015,288159,207376,346402.87769784173
203129,1488,0.014758620689655172,0.004827586206896552,0.006,314936,276873,339084.5070422535
232147,2920,0.014758620689655172,0.004827586206896552,0.009,302381,247854,339084.5070422535
255717,4062,0.014758620689655172,0.004827586206896552,0.012,293199,224288,339084.5070422535
275158,5477,0.014758620689655172,0.004827586206896552,0.015,285954,204848,339084.5070422535
207491,1901,0.014758620689655172,0.005241379310344827,0.006,310798,272506,332068.96551724133
235706,2701,0.014758620689655172,0.005241379310344827,0.009,299158,244300,332068.96551724133
258615,5058,0.014758620689655172,0.005241379310344827,0.012,290095,221389,332068.96551724133
277519,5616,0.014758620689655172,0.005241379310344827,0.015,283533,202485,332068.96551724133
211735,2076,0.014758620689655172,0.005655172413793104,0.006,306753,268266,325337.8378378378
239109,3871,0.014758620689655172,0.005655172413793104,0.009,295629,240891,325337.8378378378
261471,4816,0.014758620689655172,0.005655172413793104,0.012,287519,218534,325337.8378378378
279933,5789,0.014758620689655172,0.005655172413793104,0.015,281135,200068,325337.8378378378
215904,2572,0.014758620689655172,0.006068965517241379,0.006,302808,264100,318874.1721854305
242431,4754,0.014758620689655172,0.006068965517241379,0.009,292290,237573,318874.1721854305
264164,5888,0.014758620689655172,0.006068965517241379,0.012,284514,215842,318874.1721854305
282285,6882,0.014758620689655172,0.006068965517241379,0.015,278536,197715,318874.1721854305
219938,2251,0.014758620689655172,0.006482758620689655,0.006,299127,260067,312662.33766233764
245722,3856,0.014758620689655172,0.006482758620689655,0.009,289388,234283,312662.33766233764
266854,5458,0.014758620689655172,0.006482758620689655,0.012,282033,213147,312662.33766233764
284463,8078,0.014758620689655172,0.006482758620689655,0.015,275939,195541,312662.33766233764
223802,3088,0.014758620689655172,0.006896551724137931,0.006,295288,256201,306687.89808917197
248898,4403,0.014758620689655172,0.006896551724137931,0.009,286257,231106,306687.89808917197
269441,6361,0.014758620689655172,0.006896551724137931,0.012,279235,210563,306687.89808917197
286695,8984,0.014758620689655172,0.006896551724137931,0.015,273453,193311,306687.89808917197
227549,3398,0.014758620689655172,0.007310344827586207,0.006,291609,252455,300937.5
251911,5374,0.014758620689655172,0.007310344827586207,0.009,283086,228093,300937.5
272003,6154,0.014758620689655172,0.007310344827586207,0.012,276763,207999,300937.5
288828,8280,0.014758620689655172,0.007310344827586207,0.015,271485,191176,300937.5
231200,3570,0.014758620689655172,0.007724137931034483,0.006,288099,248804,295398.7730061349
255008,6023,0.014758620689655172,0.007724137931034483,0.009,280027,224995,295398.7730061349
274586,8333,0.014758620689655172,0.007724137931034483,0.012,273791,205418,295398.7730061349
291009,11173,0.014758620689655172,0.007724137931034483,0.015,268512,188992,295398.7730061349
234853,3714,0.014758620689655172,0.008137931034482758,0.006,284614,245152,290060.24096385535
257828,5672,0.014758620689655172,0.008137931034482758,0.009,277286,222176,290060.24096385535
276979,8204,0.014758620689655172,0.008137931034482758,0.012,271404,203021,290060.24096385535
293000,10082,0.014758620689655172,0.008137931034482758,0.015,266716,187001,290060.24096385535
238225,4842,0.014758620689655172,0.008551724137931035,0.006,281127,241772,284911.2426035503
260736,6393,0.014758620689655172,0.008551724137931035,0.009,274320,219269,284911.2426035503
279306,8346,0.014758620689655172,0.008551724137931035,0.012,268970,200696,284911.2426035503
295019,9706,0.014758620689655172,0.008551724137931035,0.015,264761,184986,284911.2426035503
241625,3793,0.014758620689655172,0.00896551724137931,0.006,278057,238379,279941.8604651162
263443,6460,0.014758620689655172,0.00896551724137931,0.009,271598,216557,279941.8604651162
281720,8408,0.014758620689655172,0.00896551724137931,0.012,266627,198285,279941.8604651162
297059,9938,0.014758620689655172,0.00896551724137931,0.015,262653,182949,279941.8604651162
244965,5884,0.014758620689655172,0.009379310344827585,0.006,274531,235037,275142.8571428571
266148,9056,0.014758620689655172,0.009379310344827585,0.009,268340,213852,275142.8571428571
283998,10945,0.014758620689655172,0.009379310344827585,0.012,263694,196003,275142.8571428571
298939,11607,0.014758620689655172,0.009379310344827585,0.015,260188,181067,275142.8571428571
248114,6506,0.014758620689655172,0.009793103448275862,0.006,271307,231886,270505.6179775281
268779,10385,0.014758620689655172,0.009793103448275862,0.009,265489,211223,270505.6179775281
286121,11476,0.014758620689655172,0.009793103448275862,0.012,261322,193883,270505.6179775281
300841,13065,0.014758620689655172,0.009793103448275862,0.015,257806,179165,270505.6179775281
251240,7288,0.014758620689655172,0.010206896551724139,0.006,268129,228760,266022.0994475138
271360,10822,0.014758620689655172,0.010206896551724139,0.009,262825,208645,266022.0994475138
288396,13527,0.014758620689655172,0.010206896551724139,0.012,258588,191608,266022.0994475138
302765,13871,0.014758620689655172,0.010206896551724139,0.015,255634,177235,266022.0994475138
254167,8906,0.014758620689655172,0.010620689655172414,0.006,264900,225838,261684.78260869565
273886,9671,0.014758620689655172,0.010620689655172414,0.009,260571,206120,261684.78260869565
290415,15785,0.014758620689655172,0.010620689655172414,0.012,255898,189589,261684.78260869565
304520,12899,0.014758620689655172,0.010620689655172414,0.015,253982,175486,261684.78260869565
257122,10210,0.014758620689655172,0.011034482758620689,0.006,261804,222878,257486.6310160428
276356,12102,0.014758620689655172,0.011034482758620689,0.009,257611,203647,257486.6310160428
292589,16412,0.014758620689655172,0.011034482758620689,0.012,253593,187415,257486.6310160428
306276,16544,0.014758620689655172,0.011034482758620689,0.015,251140,173729,257486.6310160428
259963,8825,0.014758620689655172,0.011448275862068966,0.006,259173,220041,253421.0526315789
278717,10620,0.014758620689655172,0.011448275862068966,0.009,255501,201287,253421.0526315789
294603,14333,0.014758620689655172,0.011448275862068966,0.012,252026,185398,253421.0526315789
308084,19196,0.014758620689655172,0.011448275862068966,0.015,248592,171916,253421.0526315789
262809,8756,0.014758620689655172,0.01186206896551724,0.006,256405,217196,249481.86528497408
281056,23047,0.014758620689655172,0.01186206896551724,0.009,250633,198948,249481.86528497408
296549,13503,0.014758620689655172,0.01186206896551724,0.012,250159,183458,249481.86528497408
309762,14728,0.014758620689655172,0.01186206896551724,0.015,247975,170244,249481.86528497408
265501,22278,0.014758620689655172,0.012275862068965518,0.006,251608,214498,245663.26530612243
283404,21947,0.014758620689655172,0.012275862068965518,0.009,248534,196602,245663.26530612243
298458,21200,0.014758620689655172,0.012275862068965518,0.012,246337,181547,245663.26530612243
311502,19309,0.014758620689655172,0.012275862068965518,0.015,244968,168503,245663.26530612243
268169,13108,0.014758620689655172,0.012689655172413793,0.006,250386,211832,241959.7989949749
285592,27040,0.014758620689655172,0.012689655172413793,0.009,245285,194408,241959.7989949749
300356,25944,0.014758620689655172,0.012689655172413793,0.012,243269,179648,241959.7989949749
313054,20920,0.014758620689655172,0.012689655172413793,0.015,242818,166950,241959.7989949749
270717,19315,0.014758620689655172,0.01310344827586207,0.006,246861,209287,238366.33663366333
287751,27820,0.014758620689655172,0.01310344827586207,0.009,242905,192253,238366.33663366333
302297,31311,0.014758620689655172,0.01310344827586207,0.012,240076,177703,238366.33663366333
314708,33175,0.014758620689655172,0.01310344827586207,0.015,237838,165292,238366.33663366333
273346,32687,0.014758620689655172,0.013517241379310345,0.006,242321,206659,234878.04878048776
289903,28807,0.014758620689655172,0.013517241379310345,0.009,240574,190098,234878.04878048776
304051,36667,0.014758620689655172,0.013517241379310345,0.012,236937,175953,234878.04878048776
316282,32159,0.014758620689655172,0.013517241379310345,0.015,236481,163727,234878.04878048776
275717,39410,0.014758620689655172,0.01393103448275862,0.006,238890,204287,231490.3846153846
292022,43902,0.014758620689655172,0.01393103448275862,0.009,235511,187985,231490.3846153846
305871,32762,0.014758620689655172,0.01393103448275862,0.012,235997,174129,231490.3846153846
317846,31831,0.014758620689655172,0.01393103448275862,0.015,234910,162163,231490.3846153846
278121,54565,0.014758620689655172,0.014344827586206896,0.006,234233,201880,228199.0521327014
294025,47417,0.014758620689655172,0.014344827586206896,0.009,232805,185979,228199.0521327014
307664,38026,0.014758620689655172,0.014344827586206896,0.012,232948,172343,228199.0521327014
319318,37868,0.014758620689655172,0.014344827586206896,0.015,231741,160683,228199.0521327014
280469,66495,0.014758620689655172,0.014758620689655172,0.006,230257,199533,225000.0
296017,49010,0.014758620689655172,0.014758620689655172,0.009,230479,183988,225000.0
309352,43565,0.014758620689655172,0.014758620689655172,0.012,229952,170648,225000.0
320899,39542,0.014758620689655172,0.014758620689655172,0.015,229717,159108,225000.0
282825,66542,0.014758620689655172,0.015172413793103448,0.006,227938,197183,221889.40092165893
297968,65054,0.014758620689655172,0.015172413793103448,0.009,225456,182036,221889.40092165893
311009,56944,0.014758620689655172,0.015172413793103448,0.012,225213,168997,221889.40092165893
322287,62682,0.014758620689655172,0.015172413793103448,0.015,222357,157718,221889.40092165893
285050,78898,0.014758620689655172,0.015586206896551724,0.006,224015,194956,218863.63636363632
299898,74611,0.014758620689655172,0.015586206896551724,0.009,221743,180104,218863.63636363632
312710,70264,0.014758620689655172,0.015586206896551724,0.012,220535,167298,218863.63636363632
323722,67321,0.014758620689655172,0.015586206896551724,0.015,219668,156283,218863.63636363632
287216,93966,0.014758620689655172,0.016,0.006,219723,192788,215919.2825112107
301830,80837,0.014758620689655172,0.016,0.009,218707,178170,215919.2825112107
314339,72341,0.014758620689655172,0.016,0.012,218409,165668,215919.2825112107
325142,75315,0.014758620689655172,0.016,0.015,216218,154864,215919.2825112107
190611,662,0.015172413793103448,0.004,0.006,325666,289390,356115.1079136691
221425,1442,0.015172413793103448,0.004,0.009,311444,258579,356115.1079136691
246302,3469,0.015172413793103448,0.004,0.012,300725,233697,356115.1079136691
266847,4131,0.015172413793103448,0.004,0.015,292793,213157,356115.1079136691
195268,1161,0.015172413793103448,0.004413793103448276,0.006,321313,284734,348591.54929577466
225237,2946,0.015172413793103448,0.004413793103448276,0.009,307638,254763,348591.54929577466
249405,3476,0.015172413793103448,0.004413793103448276,0.012,297832,230596,348591.54929577466
269454,4109,0.015172413793103448,0.004413793103448276,0.015,290348,210550,348591.54929577466
199869,1392,0.015172413793103448,0.004827586206896552,0.006,317092,280131,341379.3103448276
228864,2297,0.015172413793103448,0.004827586206896552,0.009,304428,251136,341379.3103448276
252374,3739,0.015172413793103448,0.004827586206896552,0.012,294982,227631,341379.3103448276
271896,4734,0.015172413793103448,0.004827586206896552,0.015,287746,208110,341379.3103448276
204219,1596,0.015172413793103448,0.005241379310344827,0.006,313032,275782,334459.4594594595
232328,2582,0.015172413793103448,0.005241379310344827,0.009,301100,247675,334459.4594594595
255287,5434,0.015172413793103448,0.005241379310344827,0.012,291792,224715,334459.4594594595
274279,5098,0.015172413793103448,0.005241379310344827,0.015,285267,205722,334459.4594594595
208480,1323,0.015172413793103448,0.005655172413793104,0.006,309062,271523,327814.56953642383
235788,3436,0.015172413793103448,0.005655172413793104,0.009,297705,244215,327814.56953642383
258176,4264,0.015172413793103448,0.005655172413793104,0.012,289420,221824,327814.56953642383
276755,5913,0.015172413793103448,0.005655172413793104,0.015,282729,203246,327814.56953642383
212579,1715,0.015172413793103448,0.006068965517241379,0.006,305159,267425,321428.5714285714
239196,3597,0.015172413793103448,0.006068965517241379,0.009,294544,240807,321428.5714285714
260892,5079,0.015172413793103448,0.006068965517241379,0.012,286557,219114,321428.5714285714
279010,7007,0.015172413793103448,0.006068965517241379,0.015,280162,200992,321428.5714285714
216556,2465,0.015172413793103448,0.006482758620689655,0.006,301306,263448,315286.6242038217
242378,5733,0.015172413793103448,0.006482758620689655,0.009,290936,237620,315286.6242038217
263613,4503,0.015172413793103448,0.006482758620689655,0.012,284112,216394,315286.6242038217
281287,6662,0.015172413793103448,0.006482758620689655,0.015,277963,198715,315286.6242038217
220496,3064,0.015172413793103448,0.006896551724137931,0.006,297519,259507,309375.0
245528,4180,0.015172413793103448,0.006896551724137931,0.009,288272,234471,309375.0
266167,6829,0.015172413793103448,0.006896551724137931,0.012,280924,213833,309375.0
283467,7938,0.015172413793103448,0.006896551724137931,0.015,275370,196537,309375.0
224216,2805,0.015172413793103448,0.007310344827586207,0.006,293994,255787,303680.981595092
248638,4303,0.015172413793103448,0.007310344827586207,0.009,285317,231363,303680.981595092
268820,6614,0.015172413793103448,0.007310344827586207,0.012,278492,211180,303680.981595092
285712,9169,0.015172413793103448,0.007310344827586207,0.015,272863,194288,303680.981595092
227945,3857,0.015172413793103448,0.007724137931034483,0.006,290315,252056,298192.7710843373
251593,5637,0.015172413793103448,0.007724137931034483,0.009,282167,228406,298192.7710843373
271238,6715,0.015172413793103448,0.007724137931034483,0.012,275972,208766,298192.7710843373
287856,8033,0.015172413793103448,0.007724137931034483,0.015,271029,192147,298192.7710843373
231526,3194,0.015172413793103448,0.008137931034482758,0.006,287038,248474,292899.40828402364
254554,5796,0.015172413793103448,0.008137931034482758,0.009,279260,225447,292899.40828402364
273694,7233,0.015172413793103448,0.008137931034482758,0.012,273467,206308,292899.40828402364
289888,9427,0.015172413793103448,0.008137931034482758,0.015,268545,190112,292899.40828402364
234936,4404,0.015172413793103448,0.008551724137931035,0.006,283450,245066,287790.69767441857
257391,6132,0.015172413793103448,0.008551724137931035,0.009,276432,222614,287790.69767441857
276094,8380,0.015172413793103448,0.008551724137931035,0.012,270785,203912,287790.69767441857
291867,10116,0.015172413793103448,0.008551724137931035,0.015,266273,188137,287790.69767441857
238359,4080,0.015172413793103448,0.00896551724137931,0.006,280309,241641,282857.1428571429
260145,6472,0.015172413793103448,0.00896551724137931,0.009,273620,219855,282857.1428571429
278409,9702,0.015172413793103448,0.00896551724137931,0.012,268112,201594,282857.1428571429
293885,10307,0.015172413793103448,0.00896551724137931,0.015,264179,186121,282857.1428571429
241565,5609,0.015172413793103448,0.009379310344827585,0.006,276859,238432,278089.88764044945
262888,8812,0.015172413793103448,0.009379310344827585,0.009,270482,217117,278089.88764044945
280713,11019,0.015172413793103448,0.009379310344827585,0.012,265472,199293,278089.88764044945
295833,12390,0.015172413793103448,0.009379310344827585,0.015,261627,184173,278089.88764044945
244738,6074,0.015172413793103448,0.009793103448275862,0.006,273709,235266,273480.6629834254
265549,9566,0.015172413793103448,0.009793103448275862,0.009,267723,214453,273480.6629834254
282942,11415,0.015172413793103448,0.009793103448275862,0.012,263183,197059,273480.6629834254
297797,12743,0.015172413793103448,0.009793103448275862,0.015,259579,182210,273480.6629834254
247826,8689,0.015172413793103448,0.010206896551724139,0.006,270256,232178,269021.73913043475
268083,9448,0.015172413793103448,0.010206896551724139,0.009,265176,211919,269021.73913043475
285194,12018,0.015172413793103448,0.010206896551724139,0.012,260816,194809,269021.73913043475
299606,12691,0.015172413793103448,0.010206896551724139,0.015,257626,180400,269021.73913043475
250856,10467,0.015172413793103448,0.010620689655172414,0.006,267013,229142,264705.8823529412
270608,8847,0.015172413793103448,0.010620689655172414,0.009,262772,209396,264705.8823529412
287265,14614,0.015172413793103448,0.010620689655172414,0.012,258015,192741,264705.8823529412
301489,13005,0.015172413793103448,0.010620689655172414,0.015,255635,178511,264705.8823529412
253837,11159,0.015172413793103448,0.011034482758620689,0.006,264004,226168,260526.31578947377
273081,12679,0.015172413793103448,0.011034482758620689,0.009,259578,206923,260526.31578947377
289414,13049,0.015172413793103448,0.011034482758620689,0.012,256262,190593,260526.31578947377
303282,15888,0.015172413793103448,0.011034482758620689,0.015,252988,176725,260526.31578947377
256709,12209,0.015172413793103448,0.011448275862068966,0.006,261026,223294,256476.68393782384
275557,13424,0.015172413793103448,0.011448275862068966,0.009,256982,204443,256476.68393782384
291366,17700,0.015172413793103448,0.011448275862068966,0.012,253058,188634,256476.68393782384
304964,18597,0.015172413793103448,0.011448275862068966,0.015,250428,175041,256476.68393782384
259476,15759,0.015172413793103448,0.01186206896551724,0.006,257668,220528,252551.02040816328
277869,17000,0.015172413793103448,0.01186206896551724,0.009,253929,202132,252551.02040816328
293380,19109,0.015172413793103448,0.01186206896551724,0.012,250673,186626,252551.02040816328
306693,20183,0.015172413793103448,0.01186206896551724,0.015,248179,173311,252551.02040816328
262217,21347,0.015172413793103448,0.012275862068965518,0.006,254167,217788,248743.71859296484
280136,16575,0.015172413793103448,0.012275862068965518,0.009,251726,199869,248743.71859296484
295357,17524,0.015172413793103448,0.012275862068965518,0.012,249051,184649,248743.71859296484
308373,22641,0.015172413793103448,0.012275862068965518,0.015,245736,171632,248743.71859296484
264851,23628,0.015172413793103448,0.012689655172413793,0.006,251188,215150,245049.50495049512
282374,20595,0.015172413793103448,0.012689655172413793,0.009,248634,197630,245049.50495049512
297235,24758,0.015172413793103448,0.012689655172413793,0.012,245395,182770,245049.50495049512
310064,22466,0.015172413793103448,0.012689655172413793,0.015,244059,169941,245049.50495049512
267496,30194,0.015172413793103448,0.01310344827586207,0.006,247557,212508,241463.41463414635
284578,24193,0.015172413793103448,0.01310344827586207,0.009,245719,195428,241463.41463414635
299122,27466,0.015172413793103448,0.01310344827586207,0.012,242840,180879,241463.41463414635
311715,24643,0.015172413793103448,0.01310344827586207,0.015,241790,168292,241463.41463414635
270017,26129,0.015172413793103448,0.013517241379310345,0.006,245718,209984,237980.76923076925
286742,26427,0.015172413793103448,0.013517241379310345,0.009,243147,193259,237980.76923076925
301017,31991,0.015172413793103448,0.013517241379310345,0.012,239907,178990,237980.76923076925
313312,32526,0.015172413793103448,0.013517241379310345,0.015,238073,166689,237980.76923076925
272564,26997,0.015172413793103448,0.01393103448275862,0.006,243092,207439,234597.15639810427
288838,41355,0.015172413793103448,0.01393103448275862,0.009,238147,191168,234597.15639810427
302743,31649,0.015172413793103448,0.01393103448275862,0.012,238115,177258,234597.15639810427
314824,34551,0.015172413793103448,0.01393103448275862,0.015,235914,165182,234597.15639810427
274960,29741,0.015172413793103448,0.014344827586206896,0.006,240276,205047,231308.4112149533
290949,45792,0.015172413793103448,0.014344827586206896,0.009,235260,189054,231308.4112149533
304519,36672,0.015172413793103448,0.014344827586206896,0.012,235142,175485,231308.4112149533
316355,38476,0.015172413793103448,0.014344827586206896,0.015,233270,163649,231308.4112149533
277334,44416,0.015172413793103448,0.014758620689655172,0.006,235795,202671,228110.599078341
292934,33637,0.015172413793103448,0.014758620689655172,0.009,235520,187073,228110.599078341
306322,46239,0.015172413793103448,0.014758620689655172,0.012,231197,173678,228110.599078341
317933,48175,0.015172413793103448,0.014758620689655172,0.015,229252,162074,228110.599078341
279577,38613,0.015172413793103448,0.015172413793103448,0.006,234346,200424,225000.0
294839,37851,0.015172413793103448,0.015172413793103448,0.009,232721,185165,225000.0
307967,50775,0.015172413793103448,0.015172413793103448,0.012,228521,172034,225000.0
319345,41478,0.015172413793103448,0.015172413793103448,0.015,229322,160660,225000.0
281892,68312,0.015172413793103448,0.015586206896551724,0.006,227965,198115,221973.09417040358
296851,67641,0.015172413793103448,0.015586206896551724,0.009,225289,183156,221973.09417040358
309631,63363,0.015172413793103448,0.015586206896551724,0.012,224029,170375,221973.09417040358
320805,54585,0.015172413793103448,0.015586206896551724,0.015,224593,159201,221973.09417040358
284097,77094,0.015172413793103448,0.016,0.006,224534,195910,219026.54867256636
298646,70411,0.015172413793103448,0.016,0.009,222828,181356,219026.54867256636
311256,66817,0.015172413793103448,0.016,0.012,221624,168749,219026.54867256636
322235,69421,0.015172413793103448,0.016,0.015,219436,157771,219026.54867256636
187600,777,0.015586206896551724,0.004,0.006,327642,292399,358098.59154929576
218219,1602,0.015586206896551724,0.004,0.009,313211,261785,358098.59154929576
243160,2731,0.015586206896551724,0.004,0.012,302635,236840,358098.59154929576
263606,3393,0.015586206896551724,0.004,0.015,294532,216397,358098.59154929576
192228,974,0.015586206896551724,0.004413793103448276,0.006,323414,287775,350689.6551724138
221962,2603,0.015586206896551724,0.004413793103448276,0.009,309592,258041,350689.6551724138
246127,2762,0.015586206896551724,0.004413793103448276,0.012,299791,233872,350689.6551724138
266190,3710,0.015586206896551724,0.004413793103448276,0.015,292031,213811,350689.6551724138
196763,970,0.015586206896551724,0.004827586206896552,0.006,319215,283238,343581.0810810811
225619,2607,0.015586206896551724,0.004827586206896552,0.009,306224,254382,343581.0810810811
249166,3516,0.015586206896551724,0.004827586206896552,0.012,296783,230835,343581.0810810811
268685,5782,0.015586206896551724,0.004827586206896552,0.015,289024,211321,343581.0810810811
201100,1692,0.015586206896551724,0.005241379310344827,0.006,315100,278898,336754.96688741725
229092,2618,0.015586206896551724,0.005241379310344827,0.009,303005,250908,336754.96688741725
252115,5203,0.015586206896551724,0.005241379310344827,0.012,293568,227891,336754.96688741725
271149,6690,0.015586206896551724,0.005241379310344827,0.015,286407,208857,336754.96688741725
205350,1268,0.015586206896551724,0.005655172413793104,0.006,311203,274649,330194.80519480514
232549,3244,0.015586206896551724,0.005655172413793104,0.009,299673,247455,330194.80519480514
254957,4510,0.015586206896551724,0.005655172413793104,0.012,291062,225044,330194.80519480514
273517,5081,0.015586206896551724,0.005655172413793104,0.015,284573,206484,330194.80519480514
209378,1565,0.015586206896551724,0.006068965517241379,0.006,307306,270623,323885.3503184713
235910,2941,0.015586206896551724,0.006068965517241379,0.009,296560,244092,323885.3503184713
257665,4728,0.015586206896551724,0.006068965517241379,0.012,288338,222341,323885.3503184713
275923,7606,0.015586206896551724,0.006068965517241379,0.015,281521,204077,323885.3503184713
213462,2501,0.015586206896551724,0.006482758620689655,0.006,303464,266543,317812.5
239119,4147,0.015586206896551724,0.006482758620689655,0.009,293237,240885,317812.5
260360,5598,0.015586206896551724,0.006482758620689655,0.012,285520,219645,317812.5
278109,6701,0.015586206896551724,0.006482758620689655,0.015,279561,201891,317812.5
217266,2227,0.015586206896551724,0.006896551724137931,0.006,299821,262733,311963.19018404913
242385,4233,0.015586206896551724,0.006896551724137931,0.009,290240,237616,311963.19018404913
263045,6851,0.015586206896551724,0.006896551724137931,0.012,282672,216959,311963.19018404913
280396,6703,0.015586206896551724,0.006896551724137931,0.015,277330,199604,311963.19018404913
221043,2738,0.015586206896551724,0.007310344827586207,0.006,296196,258954,306325.30120481923
245360,4457,0.015586206896551724,0.007310344827586207,0.009,287247,234642,306325.30120481923
265618,6378,0.015586206896551724,0.007310344827586207,0.012,280304,214389,306325.30120481923
282521,8072,0.015586206896551724,0.007310344827586207,0.015,274816,197481,306325.30120481923
224728,4790,0.015586206896551724,0.007724137931034483,0.006,292396,255270,300887.573964497
248424,4632,0.015586206896551724,0.007724137931034483,0.009,284318,231576,300887.573964497
268096,6259,0.015586206896551724,0.007724137931034483,0.012,277875,211910,300887.573964497
284707,7588,0.015586206896551724,0.007724137931034483,0.015,272766,195299,300887.573964497
228266,3426,0.015586206896551724,0.008137931034482758,0.006,289219,251738,295639.534883721
251365,6642,0.015586206896551724,0.008137931034482758,0.009,281054,228641,295639.534883721
270519,8243,0.015586206896551724,0.008137931034482758,0.012,274985,209486,295639.534883721
286742,8105,0.015586206896551724,0.008137931034482758,0.015,270527,193259,295639.534883721
231766,3643,0.015586206896551724,0.008551724137931035,0.006,285842,248239,290571.4285714285
254175,6169,0.015586206896551724,0.008551724137931035,0.009,278392,225829,290571.4285714285
272943,8131,0.015586206896551724,0.008551724137931035,0.012,272626,207063,290571.4285714285
288778,9020,0.015586206896551724,0.008551724137931035,0.015,268223,191226,290571.4285714285
235097,4649,0.015586206896551724,0.00896551724137931,0.006,282455,244904,285674.15730337077
256962,6282,0.015586206896551724,0.00896551724137931,0.009,275694,223037,285674.15730337077
275250,7931,0.015586206896551724,0.00896551724137931,0.012,270339,204754,285674.15730337077
290805,10265,0.015586206896551724,0.00896551724137931,0.015,265826,189196,285674.15730337077
238351,4741,0.015586206896551724,0.009379310344827585,0.006,279291,241652,280939.22651933704
259683,6934,0.015586206896551724,0.009379310344827585,0.009,272885,220322,280939.22651933704
277570,9382,0.015586206896551724,0.009379310344827585,0.012,267698,202431,280939.22651933704
292771,10321,0.015586206896551724,0.009379310344827585,0.015,263819,187231,280939.22651933704
241552,4269,0.015586206896551724,0.009793103448275862,0.006,276271,238448,276358.6956521739
262406,8244,0.015586206896551724,0.009793103448275862,0.009,270017,217601,276358.6956521739
279792,9428,0.015586206896551724,0.009793103448275862,0.012,265449,200213,276358.6956521739
294736,12520,0.015586206896551724,0.009793103448275862,0.015,261276,185264,276358.6956521739
244606,7219,0.015586206896551724,0.010206896551724139,0.006,272773,235391,271925.13368983957
264981,8296,0.015586206896551724,0.010206896551724139,0.009,267465,215026,271925.13368983957
282031,10966,0.015586206896551724,0.010206896551724139,0.012,262860,197970,271925.13368983957
296541,12682,0.015586206896551724,0.010206896551724139,0.015,259287,183463,271925.13368983957
247726,7785,0.015586206896551724,0.010620689655172414,0.006,269748,232279,267631.5789473684
267403,11276,0.015586206896551724,0.010620689655172414,0.009,264328,212601,267631.5789473684
284119,10905,0.015586206896551724,0.010620689655172414,0.012,260726,195885,267631.5789473684
298387,12418,0.015586206896551724,0.010620689655172414,0.015,257430,181614,267631.5789473684
250569,8964,0.015586206896551724,0.011034482758620689,0.006,266668,229431,263471.5025906736
269983,10715,0.015586206896551724,0.011034482758620689,0.009,261997,210018,263471.5025906736
286265,10682,0.015586206896551724,0.011034482758620689,0.012,258650,193742,263471.5025906736
300266,15594,0.015586206896551724,0.011034482758620689,0.015,254707,179736,263471.5025906736
253436,7723,0.015586206896551724,0.011448275862068966,0.006,264017,226564,259438.77551020408
272306,11437,0.015586206896551724,0.011448275862068966,0.009,259465,207697,259438.77551020408
288375,11034,0.015586206896551724,0.011448275862068966,0.012,256479,191629,259438.77551020408
302046,15550,0.015586206896551724,0.011448275862068966,0.015,252890,177961,259438.77551020408
256291,7878,0.015586206896551724,0.01186206896551724,0.006,261234,223710,255527.63819095478
274688,11604,0.015586206896551724,0.01186206896551724,0.009,257038,205318,255527.63819095478
290388,12496,0.015586206896551724,0.01186206896551724,0.012,254067,189619,255527.63819095478
303792,16809,0.015586206896551724,0.01186206896551724,0.015,250741,176210,255527.63819095478
259074,11523,0.015586206896551724,0.012275862068965518,0.006,257937,220926,251732.67326732675
277021,13372,0.015586206896551724,0.012275862068965518,0.009,254399,202984,251732.67326732675
292305,16215,0.015586206896551724,0.012275862068965518,0.012,251154,187701,251732.67326732675
305487,13243,0.015586206896551724,0.012275862068965518,0.015,249874,174519,251732.67326732675
261652,12182,0.015586206896551724,0.012689655172413793,0.006,255218,218352,248048.78048780494
279287,14017,0.015586206896551724,0.012689655172413793,0.009,251971,200713,248048.78048780494
294179,16183,0.015586206896551724,0.012689655172413793,0.012,249194,185824,248048.78048780494
307082,19941,0.015586206896551724,0.012689655172413793,0.015,246371,172922,248048.78048780494
264350,10268,0.015586206896551724,0.01310344827586207,0.006,252898,215657,244471.15384615381
281430,17577,0.015586206896551724,0.01310344827586207,0.009,249080,198574,244471.15384615381
296146,21951,0.015586206896551724,0.01310344827586207,0.012,245944,183861,244471.15384615381
308705,22491,0.015586206896551724,0.01310344827586207,0.015,244000,171300,244471.15384615381
266801,25778,0.015586206896551724,0.013517241379310345,0.006,248104,213203,240995.26066350713
283677,20010,0.015586206896551724,0.013517241379310345,0.009,246458,196324,240995.26066350713
297989,24789,0.015586206896551724,0.013517241379310345,0.012,243403,182011,240995.26066350713
310314,27874,0.015586206896551724,0.013517241379310345,0.015,240928,169690,240995.26066350713
269316,18813,0.015586206896551724,0.01393103448275862,0.006,246660,210685,237616.82242990655
285704,21463,0.015586206896551724,0.01393103448275862,0.009,244008,194300,237616.82242990655
299766,30532,0.015586206896551724,0.01393103448275862,0.012,240221,180240,237616.82242990655
311882,28611,0.015586206896551724,0.01393103448275862,0.015,239072,168122,237616.82242990655
271772,17137,0.015586206896551724,0.014344827586206896,0.006,244433,208230,234331.79723502306
287793,37002,0.015586206896551724,0.014344827586206896,0.009,238988,192206,234331.79723502306
301545,36673,0.015586206896551724,0.014344827586206896,0.012,237029,178461,234331.79723502306
313520,41450,0.015586206896551724,0.014344827586206896,0.015,234196,166481,234331.79723502306
274159,34717,0.015586206896551724,0.014758620689655172,0.006,239596,205846,231136.36363636362
289845,44256,0.015586206896551724,0.014758620689655172,0.009,235625,190160,231136.36363636362
303261,42304,0.015586206896551724,0.014758620689655172,0.012,233976,176742,231136.36363636362
314982,40015,0.015586206896551724,0.014758620689655172,0.015,232965,165025,231136.36363636362
276496,54168,0.015586206896551724,0.015172413793103448,0.006,234514,203504,228026.90582959642
291773,36161,0.015586206896551724,0.015172413793103448,0.009,235148,188232,228026.90582959642
305000,50786,0.015586206896551724,0.015172413793103448,0.012,230345,175006,228026.90582959642
316457,46306,0.015586206896551724,0.015172413793103448,0.015,229835,163549,228026.90582959642
278746,49573,0.015586206896551724,0.015586206896551724,0.006,232929,201257,225000.0
293711,60940,0.015586206896551724,0.015586206896551724,0.009,228626,186293,225000.0
306730,52698,0.015586206896551724,0.015586206896551724,0.012,228194,173277,225000.0
317929,44371,0.015586206896551724,0.015586206896551724,0.015,228782,162077,225000.0
280890,65649,0.015586206896551724,0.016,0.006,228537,199112,222052.40174672485
295605,56103,0.015586206896551724,0.016,0.009,227580,184399,222052.40174672485
308327,58066,0.015586206896551724,0.016,0.012,225392,171676,222052.40174672485
319370,63003,0.015586206896551724,0.016,0.015,222695,160636,222052.40174672485
184512,867,0.016,0.004,0.006,329604,295488,360000.0
215143,1813,0.016,0.004,0.009,315062,264856,360000.0
239948,2757,0.016,0.004,0.012,304287,240054,360000.0
260548,3295,0.016,0.004,0.015,296097,219457,360000.0
189155,1099,0.016,0.004413793103448276,0.006,325337,290847,352702.7027027027
218901,1411,0.016,0.004413793103448276,0.009,311698,261103,352702.7027027027
243030,2953,0.016,0.004413793103448276,0.012,301395,236970,352702.7027027027
263097,3729,0.016,0.004413793103448276,0.015,293569,216904,352702.7027027027
193624,935,0.016,0.004827586206896552,0.006,321242,286376,345695.3642384106
222503,1640,0.016,0.004827586206896552,0.009,308315,257499,345695.3642384106
245962,3925,0.016,0.004827586206896552,0.012,298307,234039,345695.3642384106
265603,4421,0.016,0.004827586206896552,0.015,290931,214398,345695.3642384106
198055,1354,0.016,0.005241379310344827,0.006,317196,281944,338961.038961039
225997,2904,0.016,0.005241379310344827,0.009,304736,254006,338961.038961039
248980,3922,0.016,0.005241379310344827,0.012,295605,231025,338961.038961039
268049,4792,0.016,0.005241379310344827,0.015,288513,211957,338961.038961039
202283,1611,0.016,0.005655172413793104,0.006,313246,277720,332484.076433121
229426,2661,0.016,0.005655172413793104,0.009,301648,250577,332484.076433121
251715,3383,0.016,0.005655172413793104,0.012,293037,228285,332484.076433121
270451,5129,0.016,0.005655172413793104,0.015,286102,209549,332484.076433121
206335,1290,0.016,0.006068965517241379,0.006,309538,273662,326250.0
232786,3348,0.016,0.006068965517241379,0.009,298383,247220,326250.0
254537,5082,0.016,0.006068965517241379,0.012,290008,225464,326250.0
272845,6206,0.016,0.006068965517241379,0.015,283520,207157,326250.0
210266,1520,0.016,0.006482758620689655,0.006,305703,269736,320245.39877300616
235980,4241,0.016,0.006482758620689655,0.009,295156,244023,320245.39877300616
257280,4707,0.016,0.006482758620689655,0.012,287497,222720,320245.39877300616
275063,6915,0.016,0.006482758620689655,0.015,281047,204943,320245.39877300616
214177,2801,0.016,0.006896551724137931,0.006,301897,265826,314457.8313253012
239184,4184,0.016,0.006896551724137931,0.009,292215,240817,314457.8313253012
259909,5614,0.016,0.006896551724137931,0.012,284737,220091,314457.8313253012
277299,6693,0.016,0.006896551724137931,0.015,278927,202707,314457.8313253012
217947,2253,0.016,0.007310344827586207,0.006,298444,262058,308875.7396449704
242241,5529,0.016,0.007310344827586207,0.009,288911,237763,308875.7396449704
262452,5777,0.016,0.007310344827586207,0.012,282172,217553,308875.7396449704
279501,7977,0.016,0.007310344827586207,0.015,276370,200500,308875.7396449704
221619,2468,0.016,0.007724137931034483,0.006,294925,258386,303488.3720930232
245287,5449,0.016,0.007724137931034483,0.009,286084,234714,303488.3720930232
264967,6057,0.016,0.007724137931034483,0.012,279664,215034,303488.3720930232
281613,7225,0.016,0.007724137931034483,0.015,274439,198391,303488.3720930232
225151,4030,0.016,0.008137931034482758,0.006,291298,254854,298285.7142857143
248253,5353,0.016,0.008137931034482758,0.009,283256,231753,298285.7142857143
267459,7151,0.016,0.008137931034482758,0.012,276963,212542,298285.7142857143
283741,8185,0.016,0.008137931034482758,0.015,272110,196264,298285.7142857143
228560,5181,0.016,0.008551724137931035,0.006,287807,251437,293258.4269662922
251044,4978,0.016,0.008551724137931035,0.009,280608,228960,293258.4269662922
269855,7309,0.016,0.008551724137931035,0.012,274599,210151,293258.4269662922
285780,9264,0.016,0.008551724137931035,0.015,269730,194221,293258.4269662922
231928,5212,0.016,0.00896551724137931,0.006,284583,248076,288397.7900552486
253864,5207,0.016,0.00896551724137931,0.009,277854,226137,288397.7900552486
272175,7470,0.016,0.00896551724137931,0.012,272247,207827,288397.7900552486
287823,9637,0.016,0.00896551724137931,0.015,267625,192182,288397.7900552486
235272,5161,0.016,0.009379310344827585,0.006,281416,244731,283695.6521739131
256551,7449,0.016,0.009379310344827585,0.009,274732,223453,283695.6521739131
274509,9160,0.016,0.009379310344827585,0.012,269571,205497,283695.6521739131
289743,10994,0.016,0.009379310344827585,0.015,265235,190262,283695.6521739131
238363,7110,0.016,0.009793103448275862,0.006,278019,241635,279144.38502673793
259193,7345,0.016,0.009793103448275862,0.009,272146,220808,279144.38502673793
276756,8718,0.016,0.009793103448275862,0.012,267399,203246,279144.38502673793
291728,10829,0.016,0.009793103448275862,0.015,263312,188272,279144.38502673793
241505,4773,0.016,0.010206896551724139,0.006,275411,238498,274736.84210526315
261840,8307,0.016,0.010206896551724139,0.009,269421,218161,274736.84210526315
278951,8821,0.016,0.010206896551724139,0.012,265191,201055,274736.84210526315
293577,12788,0.016,0.010206896551724139,0.015,260847,186424,274736.84210526315
244585,6566,0.016,0.010620689655172414,0.006,272166,235416,270466.3212435233
264329,9111,0.016,0.010620689655172414,0.009,266787,215675,270466.3212435233
281102,11087,0.016,0.010620689655172414,0.012,262433,198904,270466.3212435233
295418,13379,0.016,0.010620689655172414,0.015,258795,184586,270466.3212435233
247434,5547,0.016,0.011034482758620689,0.006,269456,232567,266326.53061224497
266849,10614,0.016,0.011034482758620689,0.009,264002,213154,266326.53061224497
283186,10551,0.016,0.011034482758620689,0.012,260462,196818,266326.53061224497
297241,10088,0.016,0.011034482758620689,0.015,257803,182764,266326.53061224497
250358,8439,0.016,0.011448275862068966,0.006,266153,229643,262311.5577889447
269266,12894,0.016,0.011448275862068966,0.009,261144,210739,262311.5577889447
285311,15619,0.016,0.011448275862068966,0.012,257182,194694,262311.5577889447
299045,16561,0.016,0.011448275862068966,0.015,254263,180956,262311.5577889447
253197,12198,0.016,0.01186206896551724,0.006,262828,226803,258415.8415841584
271673,15283,0.016,0.01186206896551724,0.009,258352,208327,258415.8415841584
287272,13131,0.016,0.01186206896551724,0.012,255706,192732,258415.8415841584
300840,14021,0.016,0.01186206896551724,0.015,253079,179160,258415.8415841584
255853,18157,0.016,0.012275862068965518,0.006,259233,224149,254634.14634146343
273998,17592,0.016,0.012275862068965518,0.009,255558,206007,254634.14634146343
289286,16600,0.016,0.012275862068965518,0.012,252934,190720,254634.14634146343
302472,19789,0.016,0.012275862068965518,0.015,249796,177534,254634.14634146343
258536,20864,0.016,0.012689655172413793,0.006,256231,221464,250961.5384615385
276253,23684,0.016,0.012689655172413793,0.009,252147,203748,250961.5384615385
291227,17109,0.016,0.012689655172413793,0.012,250823,188773,250961.5384615385
304225,15902,0.016,0.012689655172413793,0.015,249026,175777,250961.5384615385
261244,24629,0.016,0.01310344827586207,0.006,253079,218759,247393.36492890993
278370,20098,0.016,0.01310344827586207,0.009,250580,201635,247393.36492890993
293096,17866,0.016,0.01310344827586207,0.012,248698,186908,247393.36492890993
305883,18350,0.016,0.01310344827586207,0.015,246663,174124,247393.36492890993
263711,15055,0.016,0.013517241379310345,0.006,251949,216294,243925.23364485984
280534,30861,0.016,0.013517241379310345,0.009,246390,199469,243925.23364485984
294980,27117,0.016,0.013517241379310345,0.012,244668,185021,243925.23364485984
307425,27044,0.016,0.013517241379310345,0.015,242744,172580,243925.23364485984
266183,18845,0.016,0.01393103448275862,0.006,248886,213821,240552.99539170507
282673,36669,0.016,0.01393103448275862,0.009,243154,197328,240552.99539170507
296857,21809,0.016,0.01393103448275862,0.012,244012,183143,240552.99539170507
309103,30619,0.016,0.01393103448275862,0.015,240198,170903,240552.99539170507
268651,33255,0.016,0.014344827586206896,0.006,244420,211350,237272.72727272726
284763,28228,0.016,0.014344827586206896,0.009,242675,195239,237272.72727272726
298664,33184,0.016,0.014344827586206896,0.012,239594,181340,237272.72727272726
310626,31593,0.016,0.014344827586206896,0.015,238336,169374,237272.72727272726
271084,38212,0.016,0.014758620689655172,0.006,241432,208916,234080.71748878926
286865,48703,0.016,0.014758620689655172,0.009,236844,193137,234080.71748878926
300341,26182,0.016,0.014758620689655172,0.012,239366,179660,234080.71748878926
312112,35642,0.016,0.014758620689655172,0.015,235725,167892,234080.71748878926
273347,48484,0.016,0.015172413793103448,0.006,237637,206654,230973.45132743364
288764,33277,0.016,0.015172413793103448,0.009,237628,191240,230973.45132743364
302107,36771,0.016,0.015172413793103448,0.012,235250,177893,230973.45132743364
313612,46215,0.016,0.015172413793103448,0.015,231532,166393,230973.45132743364
275608,51069,0.016,0.015586206896551724,0.006,235067,204393,227947.59825327512
290710,36977,0.016,0.015586206896551724,0.009,235034,189294,227947.59825327512
303735,46338,0.016,0.015586206896551724,0.012,231462,176268,227947.59825327512
315094,41427,0.016,0.015586206896551724,0.015,231154,164911,227947.59825327512
277895,56621,0.016,0.016,0.006,232156,202111,225000.0
292623,61297,0.016,0.016,0.009,228703,187381,225000.0
305415,49772,0.016,0.016,0.012,229025,174591,225000.0
316545,45664,0.016,0.016,0.015,228599,163459,225000.0
