wasted_computation_no_offload,wasted_computation_offload,charge_rate,discharge_rate,AI_computation,offload,no_offload,best_offload
342628,101699,0.004,0.004,0.006,209401,137376,225000.0
367160,85466,0.004,0.004,0.009,210263,112847,225000.0
383861,82378,0.004,0.004,0.012,209019,96147,225000.0
396502,90221,0.004,0.004,0.015,204218,83508,225000.0
346751,131734,0.004,0.004413793103448276,0.006,196339,133258,213934.4262295082
369619,126372,0.004,0.004413793103448276,0.009,193104,110389,213934.4262295082
385784,111195,0.004,0.004413793103448276,0.012,195678,94225,213934.4262295082
397911,92844,0.004,0.004413793103448276,0.015,200955,82092,213934.4262295082
350370,160471,0.004,0.004827586206896552,0.006,184288,129636,203906.25000000003
372312,125922,0.004,0.004827586206896552,0.009,190296,107688,203906.25000000003
387792,129515,0.004,0.004827586206896552,0.012,186536,92218,203906.25000000003
399350,113211,0.004,0.004827586206896552,0.015,190983,80657,203906.25000000003
353807,174502,0.004,0.005241379310344827,0.006,176481,126199,194776.1194029851
374812,151058,0.004,0.005241379310344827,0.009,178991,105198,194776.1194029851
389519,140257,0.004,0.005241379310344827,0.012,180233,90490,194776.1194029851
400790,142194,0.004,0.005241379310344827,0.015,177873,79210,194776.1194029851
357181,177959,0.004,0.005655172413793104,0.006,172305,122827,186428.57142857142
377105,164201,0.004,0.005655172413793104,0.009,172181,102905,186428.57142857142
391283,155909,0.004,0.005655172413793104,0.012,172550,88726,186428.57142857142
402059,155675,0.004,0.005655172413793104,0.015,170925,77950,186428.57142857142
360390,190507,0.004,0.006068965517241379,0.006,165623,119616,178767.12328767127
379422,174181,0.004,0.006068965517241379,0.009,166351,100585,178767.12328767127
392849,180164,0.004,0.006068965517241379,0.012,161877,87160,178767.12328767127
403317,169178,0.004,0.006068965517241379,0.015,164155,76692,178767.12328767127
363522,218540,0.004,0.006482758620689655,0.006,155013,116488,171710.52631578947
381357,188563,0.004,0.006482758620689655,0.009,159261,98650,171710.52631578947
394707,189944,0.004,0.006482758620689655,0.012,156556,85300,171710.52631578947
404641,184132,0.004,0.006482758620689655,0.015,156898,75369,171710.52631578947
366486,212483,0.004,0.006896551724137931,0.006,153827,113521,165189.87341772154
383580,209986,0.004,0.006896551724137931,0.009,150532,96430,165189.87341772154
396005,201514,0.004,0.006896551724137931,0.012,150675,84004,165189.87341772154
405774,196125,0.004,0.006896551724137931,0.015,150862,74235,165189.87341772154
369183,225600,0.004,0.007310344827586207,0.006,147587,110819,159146.34146341463
385370,220682,0.004,0.007310344827586207,0.009,145075,94636,159146.34146341463
397545,217183,0.004,0.007310344827586207,0.012,143625,82461,159146.34146341463
406916,206413,0.004,0.007310344827586207,0.015,145544,73092,159146.34146341463
371558,221181,0.004,0.007724137931034483,0.006,146223,108450,153529.4117647059
387263,230588,0.004,0.007724137931034483,0.009,140004,92743,153529.4117647059
399152,217423,0.004,0.007724137931034483,0.012,141751,80851,153529.4117647059
408048,217543,0.004,0.007724137931034483,0.015,140316,71960,153529.4117647059
374039,260133,0.004,0.008137931034482758,0.006,133925,105968,148295.45454545456
389011,232584,0.004,0.008137931034482758,0.009,137593,90992,148295.45454545456
400389,227737,0.004,0.008137931034482758,0.012,136743,79618,148295.45454545456
409352,227030,0.004,0.008137931034482758,0.015,135506,70656,148295.45454545456
376314,254913,0.004,0.008551724137931035,0.006,133209,103694,143406.59340659343
390789,245433,0.004,0.008551724137931035,0.009,131827,89214,143406.59340659343
401691,239791,0.004,0.008551724137931035,0.012,131310,78312,143406.59340659343
410288,222948,0.004,0.008551724137931035,0.015,135570,69722,143406.59340659343
378766,251264,0.004,0.00896551724137931,0.006,131694,101244,138829.78723404257
392422,258298,0.004,0.00896551724137931,0.009,126374,87584,138829.78723404257
403024,248668,0.004,0.00896551724137931,0.012,126802,76982,138829.78723404257
411440,256419,0.004,0.00896551724137931,0.015,122527,68567,138829.78723404257
381017,265104,0.004,0.009379310344827585,0.006,126409,98985,134536.08247422683
394296,266717,0.004,0.009379310344827585,0.009,122266,85714,134536.08247422683
404420,269363,0.004,0.009379310344827585,0.012,118817,75582,134536.08247422683
412313,253664,0.004,0.009379310344827585,0.015,122434,67697,134536.08247422683
382892,261436,0.004,0.009793103448275862,0.006,125385,97114,130500.0
395600,278978,0.004,0.009793103448275862,0.009,117159,84408,130500.0
405599,262261,0.004,0.009793103448275862,0.012,119877,74411,130500.0
413272,254658,0.004,0.009793103448275862,0.015,120935,66738,130500.0
384909,278522,0.004,0.010206896551724139,0.006,119143,95093,126699.02912621362
397128,278613,0.004,0.010206896551724139,0.009,115713,82875,126699.02912621362
406710,267031,0.004,0.010206896551724139,0.012,117162,73300,126699.02912621362
414139,276567,0.004,0.010206896551724139,0.015,112315,65870,126699.02912621362
386964,284086,0.004,0.010620689655172414,0.006,116255,93046,123113.20754716982
398636,290107,0.004,0.010620689655172414,0.009,111150,81371,123113.20754716982
407859,290183,0.004,0.010620689655172414,0.012,108508,72151,123113.20754716982
415108,268612,0.004,0.010620689655172414,0.015,114014,64900,123113.20754716982
388639,298797,0.004,0.011034482758620689,0.006,111091,91368,119724.77064220185
400049,285081,0.004,0.011034482758620689,0.009,111192,79958,119724.77064220185
409031,288641,0.004,0.011034482758620689,0.012,107968,70970,119724.77064220185
415961,288059,0.004,0.011034482758620689,0.015,106329,64048,119724.77064220185
390392,310972,0.004,0.011448275862068966,0.006,106727,89617,116517.85714285714
401335,304073,0.004,0.011448275862068966,0.009,104556,78668,116517.85714285714
409911,298264,0.004,0.011448275862068966,0.012,103868,70096,116517.85714285714
416887,280437,0.004,0.011448275862068966,0.015,108019,63122,116517.85714285714
392107,311833,0.004,0.01186206896551724,0.006,105219,87902,113478.26086956522
402758,294483,0.004,0.01186206896551724,0.009,105919,77252,113478.26086956522
411010,292559,0.004,0.01186206896551724,0.012,104515,68999,113478.26086956522
417728,286709,0.004,0.01186206896551724,0.015,105005,62282,113478.26086956522
393825,299753,0.004,0.012275862068965518,0.006,105920,86185,110593.22033898305
403978,305516,0.004,0.012275862068965518,0.009,101731,76030,110593.22033898305
412078,305914,0.004,0.012275862068965518,0.012,99480,67932,110593.22033898305
418595,291837,0.004,0.012275862068965518,0.015,102289,61406,110593.22033898305
395475,308039,0.004,0.012689655172413793,0.006,102752,84530,107851.23966942151
405148,317791,0.004,0.012689655172413793,0.009,97391,74860,107851.23966942151
413000,309878,0.004,0.012689655172413793,0.012,97195,67003,107851.23966942151
419431,301242,0.004,0.012689655172413793,0.015,98404,60579,107851.23966942151
396762,309779,0.004,0.01310344827586207,0.006,101110,83246,105241.93548387098
406307,303857,0.004,0.01310344827586207,0.009,99713,73700,105241.93548387098
414063,305600,0.004,0.01310344827586207,0.012,97446,65947,105241.93548387098
420106,317344,0.004,0.01310344827586207,0.015,92477,59903,105241.93548387098
398268,318204,0.004,0.013517241379310345,0.006,97796,81740,102755.90551181104
407552,327180,0.004,0.013517241379310345,0.009,92696,72457,102755.90551181104
415040,310282,0.004,0.013517241379310345,0.012,95211,64967,102755.90551181104
420882,318841,0.004,0.013517241379310345,0.015,91161,59127,102755.90551181104
399741,326322,0.004,0.01393103448275862,0.006,94771,80259,100384.61538461539
408651,328515,0.004,0.01393103448275862,0.009,91168,71357,100384.61538461539
415782,322625,0.004,0.01393103448275862,0.012,90738,64226,100384.61538461539
421780,308111,0.004,0.01393103448275862,0.015,93659,58230,100384.61538461539
401044,334006,0.004,0.014344827586206896,0.006,92138,78963,98120.30075187972
409710,335219,0.004,0.014344827586206896,0.009,88591,70296,98120.30075187972
416729,325357,0.004,0.014344827586206896,0.012,89047,63271,98120.30075187972
422307,316220,0.004,0.014344827586206896,0.015,90323,57699,98120.30075187972
402309,323116,0.004,0.014758620689655172,0.006,93110,77700,95955.8823529412
410906,338138,0.004,0.014758620689655172,0.009,86788,69104,95955.8823529412
417592,329448,0.004,0.014758620689655172,0.012,87029,62418,95955.8823529412
423101,323055,0.004,0.014758620689655172,0.015,87579,56909,95955.8823529412
403823,318818,0.004,0.015172413793103448,0.006,92695,76187,93884.89208633095
411710,335164,0.004,0.015172413793103448,0.009,86680,68297,93884.89208633095
418312,334968,0.004,0.015172413793103448,0.012,84630,61696,93884.89208633095
423746,327096,0.004,0.015172413793103448,0.015,85471,56257,93884.89208633095
404923,329181,0.004,0.015586206896551724,0.006,89483,75087,91901.40845070424
412783,328456,0.004,0.015586206896551724,0.009,87457,67224,91901.40845070424
419100,328536,0.004,0.015586206896551724,0.012,85605,60910,91901.40845070424
424457,330079,0.004,0.015586206896551724,0.015,83927,55553,91901.40845070424
406239,329238,0.004,0.016,0.006,88382,73768,90000.0
413865,338737,0.004,0.016,0.009,83890,66145,90000.0
419959,334206,0.004,0.016,0.012,83212,60051,90000.0
425067,332887,0.004,0.016,0.015,82470,54942,90000.0
333082,87225,0.004413793103448276,0.004,0.006,219117,146919,236065.57377049178
358246,75481,0.004413793103448276,0.004,0.009,217902,121763,236065.57377049178
376286,66465,0.004413793103448276,0.004,0.012,218304,103724,236065.57377049178
389590,67507,0.004413793103448276,0.004,0.015,215981,90420,236065.57377049178
337023,110755,0.004413793103448276,0.004413793103448276,0.006,208072,142985,225000.0
360984,107504,0.004413793103448276,0.004413793103448276,0.009,203922,119024,225000.0
378190,81356,0.004413793103448276,0.004413793103448276,0.012,210081,101818,225000.0
390964,78026,0.004413793103448276,0.004413793103448276,0.015,209627,89044,225000.0
340852,135554,0.004413793103448276,0.004827586206896552,0.006,197056,139153,214925.37313432834
363868,104542,0.004413793103448276,0.004827586206896552,0.009,201746,116132,214925.37313432834
380175,111741,0.004413793103448276,0.004827586206896552,0.012,196586,99832,214925.37313432834
392622,108426,0.004413793103448276,0.004827586206896552,0.015,195817,87388,214925.37313432834
344531,127873,0.004413793103448276,0.005241379310344827,0.006,195212,135474,205714.28571428574
366539,135922,0.004413793103448276,0.005241379310344827,0.009,188366,113467,205714.28571428574
382078,122764,0.004413793103448276,0.005241379310344827,0.012,190129,97929,205714.28571428574
393987,114399,0.004413793103448276,0.005241379310344827,0.015,191581,86022,205714.28571428574
348070,165672,0.004413793103448276,0.005655172413793104,0.006,181375,131939,197260.27397260274
368906,148942,0.004413793103448276,0.005655172413793104,0.009,181388,111094,197260.27397260274
383929,145353,0.004413793103448276,0.005655172413793104,0.012,179965,96078,197260.27397260274
395424,136955,0.004413793103448276,0.005655172413793104,0.015,181136,84578,197260.27397260274
351335,178526,0.004413793103448276,0.006068965517241379,0.006,174715,128667,189473.68421052632
371186,153042,0.004413793103448276,0.006068965517241379,0.009,177507,108816,189473.68421052632
385621,158074,0.004413793103448276,0.006068965517241379,0.012,173325,94384,189473.68421052632
396943,152511,0.004413793103448276,0.006068965517241379,0.015,173532,83067,189473.68421052632
354485,168553,0.004413793103448276,0.006482758620689655,0.006,174022,125521,182278.48101265822
373592,171351,0.004413793103448276,0.006482758620689655,0.009,169401,106418,182278.48101265822
387445,164317,0.004413793103448276,0.006482758620689655,0.012,169122,92555,182278.48101265822
398279,174261,0.004413793103448276,0.006482758620689655,0.015,163818,81730,182278.48101265822
357543,198856,0.004413793103448276,0.006896551724137931,0.006,163290,122466,175609.75609756098
375593,189066,0.004413793103448276,0.006896551724137931,0.009,161448,104414,175609.75609756098
389023,175197,0.004413793103448276,0.006896551724137931,0.012,163433,90986,175609.75609756098
399552,180967,0.004413793103448276,0.006896551724137931,0.015,159767,80458,175609.75609756098
360569,198277,0.004413793103448276,0.007310344827586207,0.006,160476,119438,169411.76470588235
377645,197601,0.004413793103448276,0.007310344827586207,0.009,156573,102358,169411.76470588235
390722,197970,0.004413793103448276,0.007310344827586207,0.012,153930,89288,169411.76470588235
400809,189517,0.004413793103448276,0.007310344827586207,0.015,155066,79201,169411.76470588235
363096,203591,0.004413793103448276,0.007724137931034483,0.006,156496,116912,163636.36363636365
379758,218083,0.004413793103448276,0.007724137931034483,0.009,148215,100242,163636.36363636365
392111,199979,0.004413793103448276,0.007724137931034483,0.012,151405,87897,163636.36363636365
401973,199912,0.004413793103448276,0.007724137931034483,0.015,149807,78027,163636.36363636365
365694,237515,0.004413793103448276,0.008137931034482758,0.006,145324,114312,158241.75824175822
381796,224412,0.004413793103448276,0.008137931034482758,0.009,144392,98209,158241.75824175822
393800,220777,0.004413793103448276,0.008137931034482758,0.012,143047,86210,158241.75824175822
403054,216656,0.004413793103448276,0.008137931034482758,0.015,142511,76954,158241.75824175822
368183,237465,0.004413793103448276,0.008551724137931035,0.006,142949,111823,153191.48936170214
383640,237001,0.004413793103448276,0.008551724137931035,0.009,139040,96365,153191.48936170214
395056,219348,0.004413793103448276,0.008551724137931035,0.012,141824,84950,153191.48936170214
404188,221639,0.004413793103448276,0.008551724137931035,0.015,139405,75820,153191.48936170214
370654,230573,0.004413793103448276,0.00896551724137931,0.006,142278,109346,148453.6082474227
385295,239733,0.004413793103448276,0.00896551724137931,0.009,136188,94705,148453.6082474227
396441,231947,0.004413793103448276,0.00896551724137931,0.012,136084,83567,148453.6082474227
405386,233675,0.004413793103448276,0.00896551724137931,0.015,133895,74624,148453.6082474227
372863,255886,0.004413793103448276,0.009379310344827585,0.006,134023,107143,144000.0
387028,258077,0.004413793103448276,0.009379310344827585,0.009,129325,92982,144000.0
397795,248772,0.004413793103448276,0.009379310344827585,0.012,129442,82213,144000.0
406442,231508,0.004413793103448276,0.009379310344827585,0.015,133263,73568,144000.0
374986,242340,0.004413793103448276,0.009793103448275862,0.006,135095,105019,139805.82524271842
388643,256515,0.004413793103448276,0.009793103448275862,0.009,128170,91366,139805.82524271842
399062,254094,0.004413793103448276,0.009793103448275862,0.012,126318,80947,139805.82524271842
407387,240730,0.004413793103448276,0.009793103448275862,0.015,128895,72620,139805.82524271842
377208,259754,0.004413793103448276,0.010206896551724139,0.006,129268,102801,135849.05660377358
390394,256711,0.004413793103448276,0.010206896551724139,0.009,126374,89614,135849.05660377358
400324,263966,0.004413793103448276,0.010206896551724139,0.012,121929,79685,135849.05660377358
408367,255076,0.004413793103448276,0.010206896551724139,0.015,122975,71642,135849.05660377358
379192,249312,0.004413793103448276,0.010620689655172414,0.006,129650,100815,132110.09174311926
391758,270164,0.004413793103448276,0.010620689655172414,0.009,121095,88251,132110.09174311926
401577,265525,0.004413793103448276,0.010620689655172414,0.012,119960,78430,132110.09174311926
409407,264515,0.004413793103448276,0.010620689655172414,0.015,118696,70600,132110.09174311926
381235,262270,0.004413793103448276,0.011034482758620689,0.006,124590,98775,128571.42857142858
393434,283511,0.004413793103448276,0.011034482758620689,0.009,116197,86573,128571.42857142858
402749,275313,0.004413793103448276,0.011034482758620689,0.012,115705,77260,128571.42857142858
410324,268541,0.004413793103448276,0.011034482758620689,0.015,116315,69684,128571.42857142858
383010,280906,0.004413793103448276,0.011448275862068966,0.006,118889,96996,125217.39130434781
394707,286187,0.004413793103448276,0.011448275862068966,0.009,113888,85302,125217.39130434781
404048,278531,0.004413793103448276,0.011448275862068966,0.012,113620,75962,125217.39130434781
411292,265007,0.004413793103448276,0.011448275862068966,0.015,116316,68717,125217.39130434781
384795,295837,0.004413793103448276,0.01186206896551724,0.006,113955,95211,122033.89830508473
396078,299956,0.004413793103448276,0.01186206896551724,0.009,108847,83925,122033.89830508473
404970,286398,0.004413793103448276,0.01186206896551724,0.012,110147,75038,122033.89830508473
412192,289446,0.004413793103448276,0.01186206896551724,0.015,107475,67814,122033.89830508473
386625,282983,0.004413793103448276,0.012275862068965518,0.006,114866,93385,119008.26446280991
397630,291163,0.004413793103448276,0.012275862068965518,0.009,109856,82379,119008.26446280991
406099,286290,0.004413793103448276,0.012275862068965518,0.012,109150,73908,119008.26446280991
413082,279819,0.004413793103448276,0.012275862068965518,0.015,109478,66920,119008.26446280991
388348,302091,0.004413793103448276,0.012689655172413793,0.006,109413,91653,116129.03225806453
398878,300481,0.004413793103448276,0.012689655172413793,0.009,106190,81132,116129.03225806453
407265,282862,0.004413793103448276,0.012689655172413793,0.012,109034,72737,116129.03225806453
414024,297687,0.004413793103448276,0.012689655172413793,0.015,102925,65976,116129.03225806453
389804,301380,0.004413793103448276,0.01310344827586207,0.006,107981,90204,113385.82677165353
400150,294067,0.004413793103448276,0.01310344827586207,0.009,106543,79860,113385.82677165353
408161,298297,0.004413793103448276,0.01310344827586207,0.012,103523,71848,113385.82677165353
414804,297092,0.004413793103448276,0.01310344827586207,0.015,102178,65204,113385.82677165353
391476,306158,0.004413793103448276,0.013517241379310345,0.006,105432,88534,110769.23076923078
401328,303556,0.004413793103448276,0.013517241379310345,0.009,103037,78682,110769.23076923078
409305,305635,0.004413793103448276,0.013517241379310345,0.012,100325,70702,110769.23076923078
415633,298074,0.004413793103448276,0.013517241379310345,0.015,100947,64377,110769.23076923078
392856,323534,0.004413793103448276,0.01393103448275862,0.006,100605,87152,108270.67669172933
402437,313666,0.004413793103448276,0.01393103448275862,0.009,99317,77566,108270.67669172933
410156,303915,0.004413793103448276,0.01393103448275862,0.012,99692,69854,108270.67669172933
416345,309994,0.004413793103448276,0.01393103448275862,0.015,96488,63663,108270.67669172933
394523,329205,0.004413793103448276,0.014344827586206896,0.006,98207,85487,105882.35294117646
403589,311926,0.004413793103448276,0.014344827586206896,0.009,98789,76420,105882.35294117646
411102,315818,0.004413793103448276,0.014344827586206896,0.012,95507,68898,105882.35294117646
417179,308725,0.004413793103448276,0.014344827586206896,0.015,96008,62829,105882.35294117646
395749,305957,0.004413793103448276,0.014758620689655172,0.006,101332,84259,103597.12230215827
404741,315696,0.004413793103448276,0.014758620689655172,0.009,96707,75268,103597.12230215827
412124,315770,0.004413793103448276,0.014758620689655172,0.012,94697,67883,103597.12230215827
418006,308713,0.004413793103448276,0.014758620689655172,0.015,95224,61994,103597.12230215827
397118,314108,0.004413793103448276,0.015172413793103448,0.006,98569,82891,101408.45070422534
405980,316556,0.004413793103448276,0.015172413793103448,0.009,95340,74027,101408.45070422534
412844,325198,0.004413793103448276,0.015172413793103448,0.012,90987,67165,101408.45070422534
418699,305906,0.004413793103448276,0.015172413793103448,0.015,95283,61310,101408.45070422534
398406,334612,0.004413793103448276,0.015586206896551724,0.006,93273,81602,99310.3448275862
406895,322002,0.004413793103448276,0.015586206896551724,0.009,93063,73113,99310.3448275862
413752,319937,0.004413793103448276,0.015586206896551724,0.012,91734,66257,99310.3448275862
419359,323308,0.004413793103448276,0.015586206896551724,0.015,89326,60650,99310.3448275862
399721,321396,0.004413793103448276,0.016,0.006,94645,80285,97297.2972972973
407945,324042,0.004413793103448276,0.016,0.009,91509,72065,97297.2972972973
414679,320166,0.004413793103448276,0.016,0.012,90879,65331,97297.2972972973
420139,324184,0.004413793103448276,0.016,0.015,88345,59871,97297.2972972973
323565,88289,0.004827586206896552,0.004,0.006,224105,156440,246093.75
349942,56380,0.004827586206896552,0.004,0.009,228446,130060,246093.75
368749,61408,0.004827586206896552,0.004,0.012,223462,111251,246093.75
382686,70544,0.004827586206896552,0.004,0.015,217738,97323,246093.75
327766,109975,0.004827586206896552,0.004413793103448276,0.006,213356,152238,235074.62686567166
353005,91774,0.004827586206896552,0.004413793103448276,0.009,213229,127005,235074.62686567166
370983,73390,0.004827586206896552,0.004413793103448276,0.012,216361,109020,235074.62686567166
384278,66497,0.004827586206896552,0.004413793103448276,0.015,216930,95726,235074.62686567166
331844,108891,0.004827586206896552,0.004827586206896552,0.006,209854,148158,225000.0
355702,100110,0.004827586206896552,0.004827586206896552,0.009,207379,124307,225000.0
373080,99092,0.004827586206896552,0.004827586206896552,0.012,204531,106927,225000.0
385998,78474,0.004827586206896552,0.004827586206896552,0.015,210123,94012,225000.0
335618,137730,0.004827586206896552,0.005241379310344827,0.006,198040,144390,215753.42465753423
358431,117264,0.004827586206896552,0.005241379310344827,0.009,198795,121578,215753.42465753423
375082,103345,0.004827586206896552,0.005241379310344827,0.012,200543,104927,215753.42465753423
387492,111514,0.004827586206896552,0.005241379310344827,0.015,195582,92515,215753.42465753423
339334,144005,0.004827586206896552,0.005655172413793104,0.006,192774,140675,207236.84210526312
361162,137479,0.004827586206896552,0.005655172413793104,0.009,189324,118844,207236.84210526312
376785,129163,0.004827586206896552,0.005655172413793104,0.012,189126,103219,207236.84210526312
388930,121347,0.004827586206896552,0.005655172413793104,0.015,189915,91078,207236.84210526312
342702,159104,0.004827586206896552,0.006068965517241379,0.006,185074,137306,199367.08860759495
363575,156873,0.004827586206896552,0.006068965517241379,0.009,180724,116435,199367.08860759495
378646,139061,0.004827586206896552,0.006068965517241379,0.012,183483,101358,199367.08860759495
390443,132016,0.004827586206896552,0.006068965517241379,0.015,184168,89560,199367.08860759495
346030,169654,0.004827586206896552,0.006482758620689655,0.006,179098,133978,192073.1707317073
366002,167571,0.004827586206896552,0.006482758620689655,0.009,174714,114005,192073.1707317073
380648,153925,0.004827586206896552,0.006482758620689655,0.012,176257,99362,192073.1707317073
391853,150238,0.004827586206896552,0.006482758620689655,0.015,175600,88154,192073.1707317073
349260,194498,0.004827586206896552,0.006896551724137931,0.006,169868,130750,185294.1176470588
368097,179943,0.004827586206896552,0.006896551724137931,0.009,168567,111911,185294.1176470588
382184,175138,0.004827586206896552,0.006896551724137931,0.012,167181,97825,185294.1176470588
393224,161476,0.004827586206896552,0.006896551724137931,0.015,169836,86779,185294.1176470588
352128,206474,0.004827586206896552,0.007310344827586207,0.006,163689,127878,178977.2727272727
370277,186909,0.004827586206896552,0.007310344827586207,0.009,164163,109731,178977.2727272727
383955,167590,0.004827586206896552,0.007310344827586207,0.012,167729,96054,178977.2727272727
394486,168677,0.004827586206896552,0.007310344827586207,0.015,165572,85523,178977.2727272727
354951,202250,0.004827586206896552,0.007724137931034483,0.006,162069,125057,173076.9230769231
372334,188691,0.004827586206896552,0.007724137931034483,0.009,161487,107668,173076.9230769231
385498,186409,0.004827586206896552,0.007724137931034483,0.012,159705,94510,173076.9230769231
395837,189751,0.004827586206896552,0.007724137931034483,0.015,156631,84170,173076.9230769231
357699,200284,0.004827586206896552,0.008137931034482758,0.006,159976,122309,167553.1914893617
374418,195887,0.004827586206896552,0.008137931034482758,0.009,157263,105589,167553.1914893617
387274,209255,0.004827586206896552,0.008137931034482758,0.012,150448,92733,167553.1914893617
397221,195706,0.004827586206896552,0.008137931034482758,0.015,153021,82786,167553.1914893617
360316,197598,0.004827586206896552,0.008551724137931035,0.006,158145,119690,162371.13402061857
376377,228004,0.004827586206896552,0.008551724137931035,0.009,145902,103630,162371.13402061857
388625,211874,0.004827586206896552,0.008551724137931035,0.012,148028,91382,162371.13402061857
398432,204255,0.004827586206896552,0.008551724137931035,0.015,148583,81578,162371.13402061857
362995,235718,0.004827586206896552,0.00896551724137931,0.006,146477,117007,157500.0
378248,228874,0.004827586206896552,0.00896551724137931,0.009,143746,101760,157500.0
390079,225388,0.004827586206896552,0.00896551724137931,0.012,141950,89930,157500.0
399458,212487,0.004827586206896552,0.00896551724137931,0.015,144322,80552,157500.0
365227,237357,0.004827586206896552,0.009379310344827585,0.006,143874,114779,152912.62135922333
380030,234716,0.004827586206896552,0.009379310344827585,0.009,140351,99978,152912.62135922333
391500,231687,0.004827586206896552,0.009379310344827585,0.012,138443,88506,152912.62135922333
400660,224788,0.004827586206896552,0.009379310344827585,0.015,138811,79350,152912.62135922333
367456,258993,0.004827586206896552,0.009793103448275862,0.006,136627,112548,148584.90566037735
381808,228878,0.004827586206896552,0.009793103448275862,0.009,140112,98201,148584.90566037735
392875,231537,0.004827586206896552,0.009793103448275862,0.012,137099,87131,148584.90566037735
401649,229551,0.004827586206896552,0.009793103448275862,0.015,135911,78360,148584.90566037735
369914,260609,0.004827586206896552,0.010206896551724139,0.006,134204,110088,144495.4128440367
383609,255738,0.004827586206896552,0.010206896551724139,0.009,131194,96399,144495.4128440367
394246,235902,0.004827586206896552,0.010206896551724139,0.012,134154,85764,144495.4128440367
402922,236406,0.004827586206896552,0.010206896551724139,0.015,132352,77082,144495.4128440367
372004,234545,0.004827586206896552,0.010620689655172414,0.006,137840,108006,140625.00000000003
385265,247761,0.004827586206896552,0.010620689655172414,0.009,131719,94739,140625.00000000003
395669,255520,0.004827586206896552,0.010620689655172414,0.012,126910,84338,140625.00000000003
403773,251134,0.004827586206896552,0.010620689655172414,0.015,126380,76237,140625.00000000003
374106,264496,0.004827586206896552,0.011034482758620689,0.006,129560,105898,136956.52173913043
386724,265537,0.004827586206896552,0.011034482758620689,0.009,125207,93283,136956.52173913043
396900,266618,0.004827586206896552,0.011034482758620689,0.012,122342,83102,136956.52173913043
404826,255192,0.004827586206896552,0.011034482758620689,0.015,123934,75177,136956.52173913043
375938,273182,0.004827586206896552,0.011448275862068966,0.006,125879,104062,133474.57627118647
388235,276482,0.004827586206896552,0.011448275862068966,0.009,121051,91774,133474.57627118647
397971,257826,0.004827586206896552,0.011448275862068966,0.012,123661,82038,133474.57627118647
405831,260662,0.004827586206896552,0.011448275862068966,0.015,121039,74178,133474.57627118647
377717,279685,0.004827586206896552,0.01186206896551724,0.006,122530,102289,130165.28925619833
389662,284001,0.004827586206896552,0.01186206896551724,0.009,117452,90343,130165.28925619833
399305,259298,0.004827586206896552,0.01186206896551724,0.012,121905,80705,130165.28925619833
406831,257198,0.004827586206896552,0.01186206896551724,0.015,121086,73177,130165.28925619833
379621,288131,0.004827586206896552,0.012275862068965518,0.006,119192,100386,127016.12903225805
391184,272275,0.004827586206896552,0.012275862068965518,0.009,119090,88816,127016.12903225805
400429,278039,0.004827586206896552,0.012275862068965518,0.012,115225,79573,127016.12903225805
407809,274300,0.004827586206896552,0.012275862068965518,0.015,114485,72201,127016.12903225805
381436,298767,0.004827586206896552,0.012689655172413793,0.006,115418,98574,124015.74803149607
392553,283696,0.004827586206896552,0.012689655172413793,0.009,114850,87449,124015.74803149607
401439,276053,0.004827586206896552,0.012689655172413793,0.012,114614,78570,124015.74803149607
408787,280546,0.004827586206896552,0.012689655172413793,0.015,111512,71215,124015.74803149607
383066,304696,0.004827586206896552,0.01310344827586207,0.006,112306,96937,121153.84615384616
393827,296616,0.004827586206896552,0.01310344827586207,0.009,110403,86182,121153.84615384616
402520,288586,0.004827586206896552,0.01310344827586207,0.012,109791,77486,121153.84615384616
409549,283547,0.004827586206896552,0.01310344827586207,0.015,109766,70459,121153.84615384616
384732,301200,0.004827586206896552,0.013517241379310345,0.006,111690,95276,118421.05263157896
395256,294988,0.004827586206896552,0.013517241379310345,0.009,109480,84754,118421.05263157896
403571,290984,0.004827586206896552,0.013517241379310345,0.012,108165,76438,118421.05263157896
410513,277825,0.004827586206896552,0.013517241379310345,0.015,110605,69497,118421.05263157896
386264,303423,0.004827586206896552,0.01393103448275862,0.006,109824,93744,115808.82352941178
396461,299047,0.004827586206896552,0.01393103448275862,0.009,107283,83546,115808.82352941178
404595,287461,0.004827586206896552,0.01393103448275862,0.012,108133,75411,115808.82352941178
411255,297071,0.004827586206896552,0.01393103448275862,0.015,103686,68748,115808.82352941178
388035,283757,0.004827586206896552,0.014344827586206896,0.006,112012,91972,113309.35251798562
397807,299916,0.004827586206896552,0.014344827586206896,0.009,105706,82203,113309.35251798562
405681,304179,0.004827586206896552,0.014344827586206896,0.012,102273,74329,113309.35251798562
412187,287474,0.004827586206896552,0.014344827586206896,0.015,105737,67823,113309.35251798562
389384,295162,0.004827586206896552,0.014758620689655172,0.006,108513,90625,110915.49295774648
398947,310889,0.004827586206896552,0.014758620689655172,0.009,102096,81063,110915.49295774648
406712,310259,0.004827586206896552,0.014758620689655172,0.012,99791,73298,110915.49295774648
412895,302549,0.004827586206896552,0.014758620689655172,0.015,100155,67108,110915.49295774648
390792,317979,0.004827586206896552,0.015172413793103448,0.006,102601,89214,108620.6896551724
400041,306390,0.004827586206896552,0.015172413793103448,0.009,101898,79966,108620.6896551724
407465,311800,0.004827586206896552,0.015172413793103448,0.012,98281,72544,108620.6896551724
413875,304392,0.004827586206896552,0.015172413793103448,0.015,98851,66132,108620.6896551724
392190,296131,0.004827586206896552,0.015586206896551724,0.006,105502,87816,106418.91891891892
401127,321325,0.004827586206896552,0.015586206896551724,0.009,97320,78876,106418.91891891892
408468,304706,0.004827586206896552,0.015586206896551724,0.012,99327,71540,106418.91891891892
414501,308874,0.004827586206896552,0.015586206896551724,0.015,96706,65508,106418.91891891892
393650,318486,0.004827586206896552,0.016,0.006,99970,86360,104304.6357615894
402214,310541,0.004827586206896552,0.016,0.009,98810,77794,104304.6357615894
409399,321509,0.004827586206896552,0.016,0.012,94053,70611,104304.6357615894
415339,313045,0.004827586206896552,0.016,0.015,94776,64671,104304.6357615894
314780,76125,0.005241379310344827,0.004,0.006,232313,165225,255223.8805970149
341945,62958,0.005241379310344827,0.004,0.009,229977,138057,255223.8805970149
361643,55852,0.005241379310344827,0.004,0.012,228620,118364,255223.8805970149
376080,43690,0.005241379310344827,0.004,0.015,230730,103923,255223.8805970149
319145,81603,0.005241379310344827,0.004413793103448276,0.006,226363,160860,244285.7142857143
345197,69872,0.005241379310344827,0.004413793103448276,0.009,224252,134804,244285.7142857143
363849,71883,0.005241379310344827,0.004413793103448276,0.012,220003,116161,244285.7142857143
377939,67376,0.005241379310344827,0.004413793103448276,0.015,219360,102071,244285.7142857143
323293,97518,0.005241379310344827,0.004827586206896552,0.006,218062,156713,234246.57534246575
348132,93801,0.005241379310344827,0.004827586206896552,0.009,213384,131871,234246.57534246575
366075,76631,0.005241379310344827,0.004827586206896552,0.012,215776,113928,234246.57534246575
379565,77408,0.005241379310344827,0.004827586206896552,0.015,213227,100443,234246.57534246575
327408,112626,0.005241379310344827,0.005241379310344827,0.006,209685,152599,225000.0
350757,107761,0.005241379310344827,0.005241379310344827,0.009,205862,129246,225000.0
368149,96963,0.005241379310344827,0.005241379310344827,0.012,206031,111852,225000.0
381149,89523,0.005241379310344827,0.005241379310344827,0.015,206584,98854,225000.0
330962,137923,0.005241379310344827,0.005655172413793104,0.006,199257,149045,216455.69620253163
353448,110122,0.005241379310344827,0.005655172413793104,0.009,202222,126558,216455.69620253163
370003,115414,0.005241379310344827,0.005655172413793104,0.012,197282,110006,216455.69620253163
382864,99564,0.005241379310344827,0.005655172413793104,0.015,200837,97136,216455.69620253163
334623,140663,0.005241379310344827,0.006068965517241379,0.006,195261,145382,208536.58536585365
356104,134840,0.005241379310344827,0.006068965517241379,0.009,191707,123896,208536.58536585365
371924,125122,0.005241379310344827,0.006068965517241379,0.012,191746,108080,208536.58536585365
384412,109193,0.005241379310344827,0.006068965517241379,0.015,195425,95588,208536.58536585365
337938,151038,0.005241379310344827,0.006482758620689655,0.006,189286,142068,201176.4705882353
358513,159732,0.005241379310344827,0.006482758620689655,0.009,181398,121495,201176.4705882353
373836,147238,0.005241379310344827,0.006482758620689655,0.012,182042,106172,201176.4705882353
385743,132353,0.005241379310344827,0.006482758620689655,0.015,185132,94265,201176.4705882353
341208,175588,0.005241379310344827,0.006896551724137931,0.006,179979,138795,194318.18181818182
360884,162703,0.005241379310344827,0.006896551724137931,0.009,177941,119122,194318.18181818182
375766,149645,0.005241379310344827,0.006896551724137931,0.012,179251,104244,194318.18181818182
387341,140816,0.005241379310344827,0.006896551724137931,0.015,180284,92660,194318.18181818182
344311,180103,0.005241379310344827,0.007310344827586207,0.006,175597,135697,187912.08791208788
363144,170220,0.005241379310344827,0.007310344827586207,0.009,173566,116864,187912.08791208788
377417,159366,0.005241379310344827,0.007310344827586207,0.012,173952,102591,187912.08791208788
388572,159587,0.005241379310344827,0.007310344827586207,0.015,171919,91436,187912.08791208788
347256,173035,0.005241379310344827,0.007724137931034483,0.006,174392,132752,181914.89361702127
365411,184763,0.005241379310344827,0.007724137931034483,0.009,167036,114598,181914.89361702127
379317,177079,0.005241379310344827,0.007724137931034483,0.012,166179,100690,181914.89361702127
389962,171682,0.005241379310344827,0.007724137931034483,0.015,165959,90046,181914.89361702127
350087,193135,0.005241379310344827,0.008137931034482758,0.006,166984,129919,176288.6597938144
367489,200020,0.005241379310344827,0.008137931034482758,0.009,160445,112517,176288.6597938144
380840,190932,0.005241379310344827,0.008137931034482758,0.012,160006,99170,176288.6597938144
391278,183133,0.005241379310344827,0.008137931034482758,0.015,160391,88724,176288.6597938144
352978,202498,0.005241379310344827,0.008551724137931035,0.006,161878,127027,171000.0
369579,208238,0.005241379310344827,0.008551724137931035,0.009,155868,110430,171000.0
382384,190348,0.005241379310344827,0.008551724137931035,0.012,158318,97624,171000.0
392577,194444,0.005241379310344827,0.008551724137931035,0.015,155147,87423,171000.0
355394,205721,0.005241379310344827,0.00896551724137931,0.006,158653,124612,166019.41747572817
371673,210943,0.005241379310344827,0.00896551724137931,0.009,153184,108334,166019.41747572817
383908,194750,0.005241379310344827,0.00896551724137931,0.012,155239,96098,166019.41747572817
393834,204145,0.005241379310344827,0.00896551724137931,0.015,150259,86176,166019.41747572817
357847,228473,0.005241379310344827,0.009379310344827585,0.006,151216,122161,161320.75471698112
373364,226432,0.005241379310344827,0.009379310344827585,0.009,146847,106644,161320.75471698112
385420,204288,0.005241379310344827,0.009379310344827585,0.012,150613,94587,161320.75471698112
395000,204470,0.005241379310344827,0.009379310344827585,0.015,148719,85009,161320.75471698112
360442,228958,0.005241379310344827,0.009793103448275862,0.006,148767,119558,156880.73394495412
375232,227066,0.005241379310344827,0.009793103448275862,0.009,144811,104775,156880.73394495412
386874,211306,0.005241379310344827,0.009793103448275862,0.012,146848,93132,156880.73394495412
396172,216336,0.005241379310344827,0.009793103448275862,0.015,143486,83834,156880.73394495412
362794,233631,0.005241379310344827,0.010206896551724139,0.006,145534,117211,152678.57142857142
377181,229401,0.005241379310344827,0.010206896551724139,0.009,142425,102826,152678.57142857142
388342,235332,0.005241379310344827,0.010206896551724139,0.012,137944,91668,152678.57142857142
397321,225982,0.005241379310344827,0.010206896551724139,0.015,139097,82686,152678.57142857142
364964,238070,0.005241379310344827,0.010620689655172414,0.006,142161,115046,148695.65217391308
378685,253228,0.005241379310344827,0.010620689655172414,0.009,134441,101323,148695.65217391308
389692,245018,0.005241379310344827,0.010620689655172414,0.012,133763,90318,148695.65217391308
398413,232919,0.005241379310344827,0.010620689655172414,0.015,135489,81593,148695.65217391308
366964,256912,0.005241379310344827,0.011034482758620689,0.006,136058,113043,144915.25423728817
380382,248103,0.005241379310344827,0.011034482758620689,0.009,134191,99621,144915.25423728817
390983,246618,0.005241379310344827,0.011034482758620689,0.012,131795,89018,144915.25423728817
399518,244151,0.005241379310344827,0.011034482758620689,0.015,130674,80491,144915.25423728817
368998,250378,0.005241379310344827,0.011448275862068966,0.006,135708,111010,141322.31404958677
382025,257487,0.005241379310344827,0.011448275862068966,0.009,130182,97975,141322.31404958677
392236,256960,0.005241379310344827,0.011448275862068966,0.012,127372,87770,141322.31404958677
400641,244259,0.005241379310344827,0.011448275862068966,0.015,129441,79369,141322.31404958677
371023,245172,0.005241379310344827,0.01186206896551724,0.006,134872,108983,137903.22580645158
383706,266464,0.005241379310344827,0.01186206896551724,0.009,126266,96301,137903.22580645158
393441,244238,0.005241379310344827,0.01186206896551724,0.012,129924,86568,137903.22580645158
401568,256803,0.005241379310344827,0.01186206896551724,0.015,124351,78435,137903.22580645158
373025,253977,0.005241379310344827,0.012275862068965518,0.006,131066,106985,134645.6692913386
385213,265096,0.005241379310344827,0.012275862068965518,0.009,125277,94794,134645.6692913386
394660,263731,0.005241379310344827,0.012275862068965518,0.012,123043,85349,134645.6692913386
402558,260620,0.005241379310344827,0.012275862068965518,0.015,121947,77450,134645.6692913386
374760,281427,0.005241379310344827,0.012689655172413793,0.006,123722,105243,131538.46153846156
386554,283193,0.005241379310344827,0.012689655172413793,0.009,119127,93446,131538.46153846156
395969,257430,0.005241379310344827,0.012689655172413793,0.012,123639,84031,131538.46153846156
403591,271248,0.005241379310344827,0.012689655172413793,0.015,117695,76419,131538.46153846156
376568,290938,0.005241379310344827,0.01310344827586207,0.006,120067,103438,128571.42857142857
387891,283128,0.005241379310344827,0.01310344827586207,0.009,117924,92117,128571.42857142857
397167,272144,0.005241379310344827,0.01310344827586207,0.012,118121,82841,128571.42857142857
404623,267087,0.005241379310344827,0.01310344827586207,0.015,117872,75384,128571.42857142857
378250,284115,0.005241379310344827,0.013517241379310345,0.006,120035,101755,125735.29411764705
389365,268168,0.005241379310344827,0.013517241379310345,0.009,120217,90645,125735.29411764705
398194,271661,0.005241379310344827,0.013517241379310345,0.012,117196,81806,125735.29411764705
405414,262645,0.005241379310344827,0.013517241379310345,0.015,118301,74594,125735.29411764705
380111,274132,0.005241379310344827,0.01393103448275862,0.006,120461,99899,123021.58273381295
390620,294650,0.005241379310344827,0.01393103448275862,0.009,112340,89386,123021.58273381295
399184,293853,0.005241379310344827,0.01393103448275862,0.012,109902,80821,123021.58273381295
406420,292963,0.005241379310344827,0.01393103448275862,0.015,107942,73590,123021.58273381295
381590,301623,0.005241379310344827,0.014344827586206896,0.006,113627,98418,120422.5352112676
391937,296696,0.005241379310344827,0.014344827586206896,0.009,110686,88064,120422.5352112676
400259,293720,0.005241379310344827,0.014344827586206896,0.012,108865,79749,120422.5352112676
407227,271449,0.005241379310344827,0.014344827586206896,0.015,113622,72783,120422.5352112676
383168,304981,0.005241379310344827,0.014758620689655172,0.006,111270,96839,117931.03448275861
393245,305353,0.005241379310344827,0.014758620689655172,0.009,107483,86765,117931.03448275861
401316,292038,0.005241379310344827,0.014758620689655172,0.012,108235,78690,117931.03448275861
408195,284081,0.005241379310344827,0.014758620689655172,0.015,108883,71812,117931.03448275861
384685,292601,0.005241379310344827,0.015172413793103448,0.006,112270,95322,115540.54054054052
394445,311115,0.005241379310344827,0.015172413793103448,0.009,105035,85565,115540.54054054052
402363,306960,0.005241379310344827,0.015172413793103448,0.012,103258,77647,115540.54054054052
409035,290855,0.005241379310344827,0.015172413793103448,0.015,106124,70973,115540.54054054052
386143,284055,0.005241379310344827,0.015586206896551724,0.006,112382,93863,113245.03311258278
395599,309367,0.005241379310344827,0.015586206896551724,0.009,104194,84408,113245.03311258278
403255,296997,0.005241379310344827,0.015586206896551724,0.012,104864,76754,113245.03311258278
409707,303949,0.005241379310344827,0.015586206896551724,0.015,101277,70302,113245.03311258278
387547,305591,0.005241379310344827,0.016,0.006,107155,92461,111038.96103896102
396736,312759,0.005241379310344827,0.016,0.009,102223,83270,111038.96103896102
404253,309226,0.005241379310344827,0.016,0.012,100680,75756,111038.96103896102
410540,299692,0.005241379310344827,0.016,0.015,101731,69469,111038.96103896102
306523,45656,0.005655172413793104,0.004,0.006,245641,173480,263571.4285714285
334571,46613,0.005655172413793104,0.004,0.009,239076,145432,263571.4285714285
354554,49051,0.005655172413793104,0.004,0.012,234123,125452,263571.4285714285
369820,42818,0.005655172413793104,0.004,0.015,233571,110187,263571.4285714285
310925,72637,0.005655172413793104,0.004413793103448276,0.006,233692,169080,252739.7260273973
337723,65651,0.005655172413793104,0.004413793103448276,0.009,229444,142284,252739.7260273973
356910,66726,0.005655172413793104,0.004413793103448276,0.012,225079,123097,252739.7260273973
371730,59361,0.005655172413793104,0.004413793103448276,0.015,224957,108270,252739.7260273973
315189,83382,0.005655172413793104,0.004827586206896552,0.006,226622,164817,242763.15789473685
340735,73312,0.005655172413793104,0.004827586206896552,0.009,223665,139267,242763.15789473685
359280,68834,0.005655172413793104,0.004827586206896552,0.012,221621,120730,242763.15789473685
373486,67231,0.005655172413793104,0.004827586206896552,0.015,219717,106524,242763.15789473685
319385,116312,0.005655172413793104,0.005241379310344827,0.006,213696,160615,233544.30379746837
343412,88655,0.005655172413793104,0.005241379310344827,0.009,215696,136595,233544.30379746837
361513,75021,0.005655172413793104,0.005241379310344827,0.012,216841,118496,233544.30379746837
375103,77780,0.005655172413793104,0.005241379310344827,0.015,213657,104905,233544.30379746837
323114,115353,0.005655172413793104,0.005655172413793104,0.006,210206,156894,225000.0
346353,106235,0.005655172413793104,0.005655172413793104,0.009,207075,133657,225000.0
363425,100121,0.005655172413793104,0.005655172413793104,0.012,205743,116579,225000.0
376748,98061,0.005655172413793104,0.005655172413793104,0.015,204202,103258,225000.0
326728,141247,0.005655172413793104,0.006068965517241379,0.006,199819,153278,217058.82352941178
348988,113814,0.005655172413793104,0.006068965517241379,0.009,202144,131012,217058.82352941178
365434,108674,0.005655172413793104,0.006068965517241379,0.012,200540,114573,217058.82352941178
378374,92079,0.005655172413793104,0.006068965517241379,0.015,204317,101635,217058.82352941178
330227,138730,0.005655172413793104,0.006482758620689655,0.006,197183,149775,209659.0909090909
351529,149463,0.005655172413793104,0.006482758620689655,0.009,188710,128471,209659.0909090909
367463,135310,0.005655172413793104,0.006482758620689655,0.012,189315,112544,209659.0909090909
380054,127098,0.005655172413793104,0.006482758620689655,0.015,189865,99953,209659.0909090909
333566,160861,0.005655172413793104,0.006896551724137931,0.006,188555,146440,202747.25274725276
353954,144186,0.005655172413793104,0.006896551724137931,0.009,187550,126049,202747.25274725276
369495,140755,0.005655172413793104,0.006896551724137931,0.012,185421,110506,202747.25274725276
381418,133292,0.005655172413793104,0.006896551724137931,0.015,185828,98591,202747.25274725276
336754,157053,0.005655172413793104,0.007310344827586207,0.006,186084,143251,196276.59574468085
356499,151751,0.005655172413793104,0.007310344827586207,0.009,182805,123504,196276.59574468085
371192,143364,0.005655172413793104,0.007310344827586207,0.012,182553,108816,196276.59574468085
382977,144007,0.005655172413793104,0.007310344827586207,0.015,180245,97024,196276.59574468085
339857,170481,0.005655172413793104,0.007724137931034483,0.006,179981,140151,190206.1855670103
358692,171444,0.005655172413793104,0.007724137931034483,0.009,174899,121318,190206.1855670103
372953,162724,0.005655172413793104,0.007724137931034483,0.012,174215,107055,190206.1855670103
384290,164636,0.005655172413793104,0.007724137931034483,0.015,171400,95717,190206.1855670103
342943,183331,0.005655172413793104,0.008137931034482758,0.006,174149,137060,184500.0
360821,169144,0.005655172413793104,0.008137931034482758,0.009,173303,119185,184500.0
374632,179190,0.005655172413793104,0.008137931034482758,0.012,167226,105373,184500.0
385719,169972,0.005655172413793104,0.008137931034482758,0.015,167947,94291,184500.0
345623,196767,0.005655172413793104,0.008551724137931035,0.006,168397,134386,179126.21359223302
362947,189974,0.005655172413793104,0.008551724137931035,0.009,165071,117060,179126.21359223302
376358,181893,0.005655172413793104,0.008551724137931035,0.012,164488,103651,179126.21359223302
387127,178628,0.005655172413793104,0.008551724137931035,0.015,163521,92876,179126.21359223302
348444,203467,0.005655172413793104,0.00896551724137931,0.006,164307,131563,174056.60377358494
365154,214273,0.005655172413793104,0.00896551724137931,0.009,156467,114853,174056.60377358494
377963,194992,0.005655172413793104,0.00896551724137931,0.012,158631,102044,174056.60377358494
388362,186489,0.005655172413793104,0.00896551724137931,0.015,159369,91648,174056.60377358494
350932,205744,0.005655172413793104,0.009379310344827585,0.006,161204,129078,169266.0550458716
366916,211748,0.005655172413793104,0.009379310344827585,0.009,154968,113093,169266.0550458716
379661,206294,0.005655172413793104,0.009379310344827585,0.012,153476,100342,169266.0550458716
389606,184724,0.005655172413793104,0.009379310344827585,0.015,158419,90404,169266.0550458716
353363,224138,0.005655172413793104,0.009793103448275862,0.006,154780,126645,164732.14285714284
368882,221731,0.005655172413793104,0.009793103448275862,0.009,150554,111126,164732.14285714284
380982,217763,0.005655172413793104,0.009793103448275862,0.012,148294,99026,164732.14285714284
390788,199850,0.005655172413793104,0.009793103448275862,0.015,151898,89221,164732.14285714284
355744,241468,0.005655172413793104,0.010206896551724139,0.006,148730,124262,160434.78260869565
370736,217253,0.005655172413793104,0.010206896551724139,0.009,149747,109272,160434.78260869565
382503,213519,0.005655172413793104,0.010206896551724139,0.012,148204,97503,160434.78260869565
392034,212563,0.005655172413793104,0.010206896551724139,0.015,146503,87976,160434.78260869565
358049,258699,0.005655172413793104,0.010620689655172414,0.006,142768,121957,156355.93220338985
372489,224077,0.005655172413793104,0.010620689655172414,0.009,146159,107519,156355.93220338985
384025,226255,0.005655172413793104,0.010620689655172414,0.012,142812,95975,156355.93220338985
393189,225975,0.005655172413793104,0.010620689655172414,0.015,140868,86821,156355.93220338985
360340,245896,0.005655172413793104,0.011034482758620689,0.006,143337,119669,152479.33884297524
374399,242705,0.005655172413793104,0.011034482758620689,0.009,139774,105610,152479.33884297524
385458,241979,0.005655172413793104,0.011034482758620689,0.012,136637,94551,152479.33884297524
394398,229335,0.005655172413793104,0.011034482758620689,0.015,138451,85604,152479.33884297524
362368,238817,0.005655172413793104,0.011448275862068966,0.006,142970,117639,148790.32258064515
375940,250488,0.005655172413793104,0.011448275862068966,0.009,136044,104067,148790.32258064515
386670,233980,0.005655172413793104,0.011448275862068966,0.012,137768,93336,148790.32258064515
395442,236560,0.005655172413793104,0.011448275862068966,0.015,134934,84558,148790.32258064515
364492,268002,0.005655172413793104,0.01186206896551724,0.006,134798,115514,145275.5905511811
377562,252351,0.005655172413793104,0.01186206896551724,0.009,133869,102445,145275.5905511811
387942,235350,0.005655172413793104,0.01186206896551724,0.012,136001,92066,145275.5905511811
396470,245249,0.005655172413793104,0.01186206896551724,0.015,131117,83537,145275.5905511811
366625,255697,0.005655172413793104,0.012275862068965518,0.006,135493,113385,141923.07692307694
379133,254893,0.005655172413793104,0.012275862068965518,0.009,131662,100873,141923.07692307694
389193,242103,0.005655172413793104,0.012275862068965518,0.012,132644,90816,141923.07692307694
397607,248560,0.005655172413793104,0.012275862068965518,0.015,128911,82403,141923.07692307694
368370,253987,0.005655172413793104,0.012689655172413793,0.006,134146,111638,138721.80451127823
380734,250115,0.005655172413793104,0.012689655172413793,0.009,131332,99276,138721.80451127823
390443,252542,0.005655172413793104,0.012689655172413793,0.012,128381,89561,138721.80451127823
398498,254978,0.005655172413793104,0.012689655172413793,0.015,125728,81511,138721.80451127823
370391,273287,0.005655172413793104,0.01310344827586207,0.006,128345,109619,135661.76470588235
382151,272199,0.005655172413793104,0.01310344827586207,0.009,124696,97852,135661.76470588235
391681,263142,0.005655172413793104,0.01310344827586207,0.012,124254,88329,135661.76470588235
399513,268128,0.005655172413793104,0.01310344827586207,0.015,120644,80495,135661.76470588235
372087,286576,0.005655172413793104,0.013517241379310345,0.006,124216,107919,132733.8129496403
383669,279210,0.005655172413793104,0.013517241379310345,0.009,121645,96335,132733.8129496403
392816,265399,0.005655172413793104,0.013517241379310345,0.012,122342,87193,132733.8129496403
400461,265964,0.005655172413793104,0.013517241379310345,0.015,120232,79548,132733.8129496403
373772,278613,0.005655172413793104,0.01393103448275862,0.006,123949,106231,129929.57746478874
384975,271456,0.005655172413793104,0.01393103448275862,0.009,122007,95032,129929.57746478874
394009,273049,0.005655172413793104,0.01393103448275862,0.012,118943,85998,129929.57746478874
401441,269679,0.005655172413793104,0.01393103448275862,0.015,118229,78568,129929.57746478874
375584,292438,0.005655172413793104,0.014344827586206896,0.006,120047,104416,127241.37931034484
386397,296816,0.005655172413793104,0.014344827586206896,0.009,114745,93603,127241.37931034484
395118,267316,0.005655172413793104,0.014344827586206896,0.012,119542,84888,127241.37931034484
402391,270816,0.005655172413793104,0.014344827586206896,0.015,116824,77619,127241.37931034484
377264,290615,0.005655172413793104,0.014758620689655172,0.006,118688,102736,124662.16216216217
387661,301472,0.005655172413793104,0.014758620689655172,0.009,112341,92348,124662.16216216217
396333,284386,0.005655172413793104,0.014758620689655172,0.012,113879,83673,124662.16216216217
403287,286076,0.005655172413793104,0.014758620689655172,0.015,111336,76720,124662.16216216217
378745,297133,0.005655172413793104,0.015172413793103448,0.006,115971,101258,122185.43046357617
388973,294005,0.005655172413793104,0.015172413793103448,0.009,112911,91037,122185.43046357617
397299,297484,0.005655172413793104,0.015172413793103448,0.012,109228,82701,122185.43046357617
404190,285119,0.005655172413793104,0.015172413793103448,0.015,110798,75819,122185.43046357617
380258,296306,0.005655172413793104,0.015586206896551724,0.006,114759,99750,119805.19480519481
390190,291382,0.005655172413793104,0.015586206896551724,0.009,112362,89819,119805.19480519481
398310,294229,0.005655172413793104,0.015586206896551724,0.012,109162,81700,119805.19480519481
405046,294139,0.005655172413793104,0.015586206896551724,0.015,107274,74956,119805.19480519481
381785,280933,0.005655172413793104,0.016,0.006,116021,98222,117515.92356687896
391385,307475,0.005655172413793104,0.016,0.009,107406,88623,117515.92356687896
399367,294355,0.005655172413793104,0.016,0.012,108186,80643,117515.92356687896
405872,287067,0.005655172413793104,0.016,0.015,108422,74136,117515.92356687896
298572,44696,0.006068965517241379,0.004,0.006,250229,181433,271232.87671232875
327116,41273,0.006068965517241379,0.004,0.009,244257,152888,271232.87671232875
348014,36139,0.006068965517241379,0.004,0.012,241687,131996,271232.87671232875
363702,39422,0.006068965517241379,0.004,0.015,237330,116306,271232.87671232875
303152,69754,0.006068965517241379,0.004413793103448276,0.006,239018,176849,260526.31578947365
330358,61881,0.006068965517241379,0.004413793103448276,0.009,234271,149647,260526.31578947365
350313,48997,0.006068965517241379,0.004413793103448276,0.012,234309,129695,260526.31578947365
365662,46755,0.006068965517241379,0.004413793103448276,0.015,232240,114338,260526.31578947365
307433,74929,0.006068965517241379,0.004827586206896552,0.006,233388,172573,250632.9113924051
333523,72828,0.006068965517241379,0.004827586206896552,0.009,227489,146486,250632.9113924051
352645,70506,0.006068965517241379,0.004827586206896552,0.012,224015,127363,250632.9113924051
367578,47291,0.006068965517241379,0.004827586206896552,0.015,229758,112429,250632.9113924051
311786,100055,0.006068965517241379,0.005241379310344827,0.006,222695,168220,241463.41463414635
336499,88007,0.006068965517241379,0.005241379310344827,0.009,219498,143503,241463.41463414635
354938,75062,0.006068965517241379,0.005241379310344827,0.012,219905,125067,241463.41463414635
369321,63392,0.006068965517241379,0.005241379310344827,0.015,221539,110689,241463.41463414635
315614,104543,0.006068965517241379,0.005655172413793104,0.006,217654,164395,232941.17647058822
339410,102103,0.006068965517241379,0.005655172413793104,0.009,212160,140599,232941.17647058822
357198,82602,0.006068965517241379,0.005655172413793104,0.012,214748,122806,232941.17647058822
371067,80475,0.006068965517241379,0.005655172413793104,0.015,213284,108940,232941.17647058822
319279,118077,0.006068965517241379,0.006068965517241379,0.006,210532,160727,225000.0
342092,106230,0.006068965517241379,0.006068965517241379,0.009,208164,137913,225000.0
359361,101441,0.006068965517241379,0.006068965517241379,0.012,206151,120641,225000.0
372725,82392,0.006068965517241379,0.006068965517241379,0.015,210429,107278,225000.0
322845,122529,0.006068965517241379,0.006482758620689655,0.006,205865,157160,217582.41758241755
344683,126719,0.006068965517241379,0.006482758620689655,0.009,199241,135321,217582.41758241755
361265,111875,0.006068965517241379,0.006482758620689655,0.012,200419,118738,217582.41758241755
374196,104447,0.006068965517241379,0.006482758620689655,0.015,200609,105807,217582.41758241755
326471,153127,0.006068965517241379,0.006896551724137931,0.006,195114,153536,210638.29787234042
347282,133578,0.006068965517241379,0.006896551724137931,0.009,194720,132724,210638.29787234042
363390,130075,0.006068965517241379,0.006896551724137931,0.012,192151,116614,210638.29787234042
375802,116154,0.006068965517241379,0.006896551724137931,0.015,194625,104198,210638.29787234042
329736,164451,0.006068965517241379,0.007310344827586207,0.006,189219,150271,204123.71134020618
349711,150065,0.006068965517241379,0.007310344827586207,0.009,187407,130297,204123.71134020618
365163,132835,0.006068965517241379,0.007310344827586207,0.012,189256,114846,204123.71134020618
377285,123583,0.006068965517241379,0.007310344827586207,0.015,190254,102721,204123.71134020618
332711,182555,0.006068965517241379,0.007724137931034483,0.006,181936,147294,197999.99999999994
352099,159397,0.006068965517241379,0.007724137931034483,0.009,182167,127904,197999.99999999994
366984,148788,0.006068965517241379,0.007724137931034483,0.012,182043,113022,197999.99999999994
378752,145247,0.006068965517241379,0.007724137931034483,0.015,181014,101251,197999.99999999994
335738,182324,0.006068965517241379,0.008137931034482758,0.006,179215,144268,192233.0097087379
354442,165093,0.006068965517241379,0.008137931034482758,0.009,178344,125558,192233.0097087379
368769,161656,0.006068965517241379,0.008137931034482758,0.012,176163,111237,192233.0097087379
380351,160429,0.006068965517241379,0.008137931034482758,0.015,174092,99654,192233.0097087379
338631,182426,0.006068965517241379,0.008551724137931035,0.006,176494,141374,186792.45283018865
356541,174204,0.006068965517241379,0.008551724137931035,0.009,173375,123467,186792.45283018865
370502,170077,0.006068965517241379,0.008551724137931035,0.012,171474,109505,186792.45283018865
381594,163049,0.006068965517241379,0.008551724137931035,0.015,171596,98415,186792.45283018865
341590,192395,0.006068965517241379,0.00896551724137931,0.006,171506,138415,181651.37614678897
358709,198571,0.006068965517241379,0.00896551724137931,0.009,164689,121297,181651.37614678897
372163,182144,0.006068965517241379,0.00896551724137931,0.012,165986,107840,181651.37614678897
382942,174682,0.006068965517241379,0.00896551724137931,0.015,166187,97064,181651.37614678897
344261,206479,0.006068965517241379,0.009379310344827585,0.006,165939,135746,176785.7142857143
360717,183947,0.006068965517241379,0.009379310344827585,0.009,166509,119291,176785.7142857143
373767,185935,0.006068965517241379,0.009379310344827585,0.012,163179,106241,176785.7142857143
384271,186202,0.006068965517241379,0.009379310344827585,0.015,160783,95737,176785.7142857143
346741,212325,0.006068965517241379,0.009793103448275862,0.006,162088,133269,172173.91304347824
362751,199951,0.006068965517241379,0.009793103448275862,0.009,160293,117256,172173.91304347824
375377,202817,0.006068965517241379,0.009793103448275862,0.012,156309,104631,172173.91304347824
385553,200198,0.006068965517241379,0.009793103448275862,0.015,154762,94454,172173.91304347824
349286,226283,0.006068965517241379,0.010206896551724139,0.006,156765,130716,167796.6101694915
364822,210447,0.006068965517241379,0.010206896551724139,0.009,155724,115184,167796.6101694915
376932,193041,0.006068965517241379,0.010206896551724139,0.012,157665,103071,167796.6101694915
386850,198891,0.006068965517241379,0.010206896551724139,0.015,153908,93160,167796.6101694915
351694,239451,0.006068965517241379,0.010620689655172414,0.006,151918,128311,163636.36363636362
366531,217689,0.006068965517241379,0.010620689655172414,0.009,151941,113475,163636.36363636362
378391,213905,0.006068965517241379,0.010620689655172414,0.012,149978,101618,163636.36363636362
388016,212400,0.006068965517241379,0.010620689655172414,0.015,148211,91993,163636.36363636362
353813,230968,0.006068965517241379,0.011034482758620689,0.006,151255,126195,159677.41935483873
368320,231539,0.006068965517241379,0.011034482758620689,0.009,146506,111688,159677.41935483873
379839,223912,0.006068965517241379,0.011034482758620689,0.012,145525,100168,159677.41935483873
389222,212734,0.006068965517241379,0.011034482758620689,0.015,146698,90779,159677.41935483873
356207,242290,0.006068965517241379,0.011448275862068966,0.006,146908,123800,155905.51181102358
370067,236135,0.006068965517241379,0.011448275862068966,0.009,143713,109941,155905.51181102358
381190,234737,0.006068965517241379,0.011448275862068966,0.012,140746,98817,155905.51181102358
390429,231356,0.006068965517241379,0.011448275862068966,0.015,139479,89571,155905.51181102358
358135,250463,0.006068965517241379,0.01186206896551724,0.006,143365,121869,152307.69230769228
371786,234473,0.006068965517241379,0.01186206896551724,0.009,142379,108223,152307.69230769228
382603,235516,0.006068965517241379,0.01186206896551724,0.012,139192,97400,152307.69230769228
391488,227619,0.006068965517241379,0.01186206896551724,0.015,139586,88521,152307.69230769228
360258,251022,0.006068965517241379,0.012275862068965518,0.006,141243,119748,148872.18045112782
373544,237109,0.006068965517241379,0.012275862068965518,0.009,140146,106463,148872.18045112782
384071,252500,0.006068965517241379,0.012275862068965518,0.012,133083,95936,148872.18045112782
392658,231389,0.006068965517241379,0.012275862068965518,0.015,137229,87352,148872.18045112782
362259,259372,0.006068965517241379,0.012689655172413793,0.006,137682,117744,145588.23529411768
374933,239225,0.006068965517241379,0.012689655172413793,0.009,138101,105074,145588.23529411768
385320,242845,0.006068965517241379,0.012689655172413793,0.012,134606,94680,145588.23529411768
393661,241628,0.006068965517241379,0.012689655172413793,0.015,132829,86346,145588.23529411768
364247,261542,0.006068965517241379,0.01310344827586207,0.006,135349,115763,142446.04316546762
376543,253245,0.006068965517241379,0.01310344827586207,0.009,133154,103466,142446.04316546762
386473,261031,0.006068965517241379,0.01310344827586207,0.012,128149,93536,142446.04316546762
394703,245216,0.006068965517241379,0.01310344827586207,0.015,130714,85304,142446.04316546762
366067,252731,0.006068965517241379,0.013517241379310345,0.006,135308,113939,139436.61971830984
378163,261194,0.006068965517241379,0.013517241379310345,0.009,129795,101843,139436.61971830984
387664,259621,0.006068965517241379,0.013517241379310345,0.012,127243,92340,139436.61971830984
395718,271842,0.006068965517241379,0.013517241379310345,0.015,121597,84288,139436.61971830984
367841,275627,0.006068965517241379,0.01393103448275862,0.006,129152,112167,136551.72413793104
379603,258773,0.006068965517241379,0.01393103448275862,0.009,128797,100399,136551.72413793104
388899,253117,0.006068965517241379,0.01393103448275862,0.012,128008,91109,136551.72413793104
396709,261859,0.006068965517241379,0.01393103448275862,0.015,123516,83299,136551.72413793104
369586,297961,0.006068965517241379,0.014344827586206896,0.006,123424,110421,133783.7837837838
380959,273156,0.006068965517241379,0.014344827586206896,0.009,124242,99051,133783.7837837838
390073,276284,0.006068965517241379,0.014344827586206896,0.012,120540,89933,133783.7837837838
397803,267995,0.006068965517241379,0.014344827586206896,0.015,120557,82207,133783.7837837838
371304,282899,0.006068965517241379,0.014758620689655172,0.006,124689,108704,131125.82781456952
382265,276970,0.006068965517241379,0.014758620689655172,0.009,121914,97744,131125.82781456952
391158,276887,0.006068965517241379,0.014758620689655172,0.012,119173,88846,131125.82781456952
398761,273337,0.006068965517241379,0.014758620689655172,0.015,118068,81246,131125.82781456952
372993,301117,0.006068965517241379,0.015172413793103448,0.006,119687,107014,128571.42857142857
383614,282079,0.006068965517241379,0.015172413793103448,0.009,119580,96393,128571.42857142857
392267,270468,0.006068965517241379,0.015172413793103448,0.012,119823,87737,128571.42857142857
399551,262235,0.006068965517241379,0.015172413793103448,0.015,120486,80458,128571.42857142857
374683,276065,0.006068965517241379,0.015586206896551724,0.006,122872,105327,126114.64968152867
384908,295039,0.006068965517241379,0.015586206896551724,0.009,115242,95098,126114.64968152867
393509,286964,0.006068965517241379,0.015586206896551724,0.012,114355,86496,126114.64968152867
400472,272948,0.006068965517241379,0.015586206896551724,0.015,116346,79536,126114.64968152867
376287,293395,0.006068965517241379,0.016,0.006,118182,103719,123749.99999999997
386178,298277,0.006068965517241379,0.016,0.009,113433,93830,123749.99999999997
394548,270753,0.006068965517241379,0.016,0.012,117560,85455,123749.99999999997
401419,286435,0.006068965517241379,0.016,0.015,111439,78591,123749.99999999997
291149,44214,0.006482758620689655,0.004,0.006,254677,188857,278289.4736842105
320197,40832,0.006482758620689655,0.004,0.009,247883,159809,278289.4736842105
341630,37914,0.006482758620689655,0.004,0.012,243875,138380,278289.4736842105
357895,29865,0.006482758620689655,0.004,0.015,243392,122105,278289.4736842105
295689,60515,0.006482758620689655,0.004413793103448276,0.006,245740,184314,267721.5189873418
323624,57045,0.006482758620689655,0.004413793103448276,0.009,239257,156384,267721.5189873418
344166,42680,0.006482758620689655,0.004413793103448276,0.012,239301,135838,267721.5189873418
359890,35283,0.006482758620689655,0.004413793103448276,0.015,238923,120119,267721.5189873418
300240,73697,0.006482758620689655,0.004827586206896552,0.006,238031,179767,257926.82926829264
326716,68727,0.006482758620689655,0.004827586206896552,0.009,232196,153287,257926.82926829264
346421,54312,0.006482758620689655,0.004827586206896552,0.012,232485,133585,257926.82926829264
361710,42640,0.006482758620689655,0.004827586206896552,0.015,233962,118300,257926.82926829264
304299,88678,0.006482758620689655,0.005241379310344827,0.006,230157,175706,248823.5294117647
329776,71546,0.006482758620689655,0.005241379310344827,0.009,228187,150232,248823.5294117647
348801,62915,0.006482758620689655,0.005241379310344827,0.012,227049,131208,248823.5294117647
363561,66026,0.006482758620689655,0.005241379310344827,0.015,223182,116449,248823.5294117647
308309,103453,0.006482758620689655,0.005655172413793104,0.006,222360,171696,240340.9090909091
332684,89186,0.006482758620689655,0.005655172413793104,0.009,219684,147321,240340.9090909091
350978,81544,0.006482758620689655,0.005655172413793104,0.012,218162,129024,240340.9090909091
365411,68380,0.006482758620689655,0.005655172413793104,0.015,220075,114596,240340.9090909091
312147,112441,0.006482758620689655,0.006068965517241379,0.006,216315,167857,232417.58241758242
335514,98730,0.006482758620689655,0.006068965517241379,0.009,213918,144492,232417.58241758242
353331,75667,0.006482758620689655,0.006068965517241379,0.012,217611,126673,232417.58241758242
366939,84810,0.006482758620689655,0.006068965517241379,0.015,212154,113065,232417.58241758242
315801,117697,0.006482758620689655,0.006482758620689655,0.006,211438,164204,225000.0
338264,114509,0.006482758620689655,0.006482758620689655,0.009,206453,141738,225000.0
355231,111985,0.006482758620689655,0.006482758620689655,0.012,203404,124777,225000.0
368731,91880,0.006482758620689655,0.006482758620689655,0.015,207641,111278,225000.0
319310,134232,0.006482758620689655,0.006896551724137931,0.006,204285,160695,218041.23711340205
341030,126671,0.006482758620689655,0.006896551724137931,0.009,200448,138976,218041.23711340205
357342,113586,0.006482758620689655,0.006896551724137931,0.012,200763,122667,218041.23711340205
370229,119910,0.006482758620689655,0.006896551724137931,0.015,196052,109778,218041.23711340205
322760,157420,0.006482758620689655,0.007310344827586207,0.006,195704,157240,211500.0
343384,156657,0.006482758620689655,0.007310344827586207,0.009,189300,136621,211500.0
359281,123668,0.006482758620689655,0.007310344827586207,0.012,195310,120725,211500.0
371945,125878,0.006482758620689655,0.007310344827586207,0.015,192127,108065,211500.0
325899,153024,0.006482758620689655,0.007724137931034483,0.006,193552,154106,205339.8058252427
345823,142585,0.006482758620689655,0.007724137931034483,0.009,190796,134180,205339.8058252427
361180,139269,0.006482758620689655,0.007724137931034483,0.012,188279,118828,205339.8058252427
373396,126498,0.006482758620689655,0.007724137931034483,0.015,190151,106610,205339.8058252427
329161,170392,0.006482758620689655,0.008137931034482758,0.006,186554,150846,199528.30188679247
348175,151263,0.006482758620689655,0.008137931034482758,0.009,185836,131831,199528.30188679247
362996,145091,0.006482758620689655,0.008137931034482758,0.012,184468,117009,199528.30188679247
374883,144141,0.006482758620689655,0.008137931034482758,0.015,182436,105125,199528.30188679247
331973,164867,0.006482758620689655,0.008551724137931035,0.006,184818,148033,194036.6972477064
350459,174297,0.006482758620689655,0.008551724137931035,0.009,177378,129549,194036.6972477064
364788,154157,0.006482758620689655,0.008551724137931035,0.012,179674,115220,194036.6972477064
376352,148903,0.006482758620689655,0.008551724137931035,0.015,179169,103648,194036.6972477064
334857,179937,0.006482758620689655,0.00896551724137931,0.006,179016,145152,188839.2857142857
352745,172770,0.006482758620689655,0.00896551724137931,0.009,175437,127255,188839.2857142857
366566,164865,0.006482758620689655,0.00896551724137931,0.012,174480,113441,188839.2857142857
377732,158212,0.006482758620689655,0.00896551724137931,0.015,174455,102271,188839.2857142857
337708,188727,0.006482758620689655,0.009379310344827585,0.006,174367,142300,183913.04347826086
354795,187181,0.006482758620689655,0.009379310344827585,0.009,169447,125214,183913.04347826086
368238,190360,0.006482758620689655,0.009379310344827585,0.012,165093,111770,183913.04347826086
379124,166250,0.006482758620689655,0.009379310344827585,0.015,170291,100884,183913.04347826086
340233,181674,0.006482758620689655,0.009793103448275862,0.006,173310,139774,179237.28813559323
356807,191732,0.006482758620689655,0.009793103448275862,0.009,166266,123199,179237.28813559323
369983,187059,0.006482758620689655,0.009793103448275862,0.012,164291,110027,179237.28813559323
380442,172599,0.006482758620689655,0.009793103448275862,0.015,166644,99561,179237.28813559323
342803,209194,0.006482758620689655,0.010206896551724139,0.006,164851,137199,174793.38842975209
358754,198394,0.006482758620689655,0.010206896551724139,0.009,162558,121248,174793.38842975209
371463,198987,0.006482758620689655,0.010206896551724139,0.012,159096,108545,174793.38842975209
381751,197877,0.006482758620689655,0.010206896551724139,0.015,157105,98255,174793.38842975209
345257,223753,0.006482758620689655,0.010620689655172414,0.006,159732,134744,170564.51612903227
360845,201744,0.006482758620689655,0.010620689655172414,0.009,159821,119165,170564.51612903227
373124,193651,0.006482758620689655,0.010620689655172414,0.012,159182,106884,170564.51612903227
382991,196017,0.006482758620689655,0.010620689655172414,0.015,156233,97017,170564.51612903227
347724,214384,0.006482758620689655,0.011034482758620689,0.006,159160,132277,166535.4330708662
362652,232776,0.006482758620689655,0.011034482758620689,0.009,149989,117358,166535.4330708662
374580,223021,0.006482758620689655,0.011034482758620689,0.012,149118,105430,166535.4330708662
384376,205170,0.006482758620689655,0.011034482758620689,0.015,152071,95631,166535.4330708662
349862,226100,0.006482758620689655,0.011448275862068966,0.006,154695,130146,162692.30769230766
364383,231202,0.006482758620689655,0.011448275862068966,0.009,148738,115623,162692.30769230766
375979,221322,0.006482758620689655,0.011448275862068966,0.012,148115,104030,162692.30769230766
385521,212788,0.006482758620689655,0.011448275862068966,0.015,148411,94489,162692.30769230766
352124,230398,0.006482758620689655,0.01186206896551724,0.006,151760,127885,159022.55639097744
366156,209982,0.006482758620689655,0.01186206896551724,0.009,152316,113853,159022.55639097744
377419,220415,0.006482758620689655,0.01186206896551724,0.012,146925,102590,159022.55639097744
386616,213609,0.006482758620689655,0.01186206896551724,0.015,146810,93390,159022.55639097744
354229,239833,0.006482758620689655,0.012275862068965518,0.006,148084,125774,155514.70588235295
367971,228714,0.006482758620689655,0.012275862068965518,0.009,146071,112032,155514.70588235295
378773,224101,0.006482758620689655,0.012275862068965518,0.012,144446,101233,155514.70588235295
387761,208208,0.006482758620689655,0.012275862068965518,0.015,147290,92247,155514.70588235295
356350,243715,0.006482758620689655,0.012689655172413793,0.006,145319,123659,152158.273381295
369479,237821,0.006482758620689655,0.012689655172413793,0.009,142303,110528,152158.273381295
380127,235398,0.006482758620689655,0.012689655172413793,0.012,139815,99882,152158.273381295
388893,227961,0.006482758620689655,0.012689655172413793,0.015,139858,91114,152158.273381295
358301,255184,0.006482758620689655,0.01310344827586207,0.006,141009,121705,148943.66197183097
371081,239617,0.006482758620689655,0.01310344827586207,0.009,140281,108926,148943.66197183097
381422,238645,0.006482758620689655,0.01310344827586207,0.012,137720,98585,148943.66197183097
389980,246733,0.006482758620689655,0.01310344827586207,0.015,133169,90027,148943.66197183097
360196,266729,0.006482758620689655,0.013517241379310345,0.006,137117,119808,145862.06896551725
372611,253203,0.006482758620689655,0.013517241379310345,0.009,135314,107393,145862.06896551725
382819,246367,0.006482758620689655,0.013517241379310345,0.012,134316,97190,145862.06896551725
391059,242777,0.006482758620689655,0.013517241379310345,0.015,133122,88950,145862.06896551725
362128,251610,0.006482758620689655,0.01393103448275862,0.006,138216,117875,142905.40540540538
374124,254151,0.006482758620689655,0.01393103448275862,0.009,133717,105884,142905.40540540538
383946,258774,0.006482758620689655,0.01393103448275862,0.012,129637,96061,142905.40540540538
392089,247034,0.006482758620689655,0.01393103448275862,0.015,130880,87920,142905.40540540538
363923,278454,0.006482758620689655,0.014344827586206896,0.006,131530,116080,140066.2251655629
375564,260782,0.006482758620689655,0.014344827586206896,0.009,130665,104443,140066.2251655629
385129,257892,0.006482758620689655,0.014344827586206896,0.012,128780,94879,140066.2251655629
393066,252210,0.006482758620689655,0.014344827586206896,0.015,128298,86937,140066.2251655629
365668,267187,0.006482758620689655,0.014758620689655172,0.006,131917,114340,137337.66233766233
377139,272366,0.006482758620689655,0.014758620689655172,0.009,126871,102871,137337.66233766233
386327,265838,0.006482758620689655,0.014758620689655172,0.012,125405,93676,137337.66233766233
394042,254514,0.006482758620689655,0.014758620689655172,0.015,126478,85961,137337.66233766233
367407,265523,0.006482758620689655,0.015172413793103448,0.006,130756,112599,134713.37579617836
378539,262844,0.006482758620689655,0.015172413793103448,0.009,127661,101463,134713.37579617836
387581,270673,0.006482758620689655,0.015172413793103448,0.012,123058,92420,134713.37579617836
395054,269477,0.006482758620689655,0.015172413793103448,0.015,121237,84948,134713.37579617836
369184,275888,0.006482758620689655,0.015586206896551724,0.006,127152,110818,132187.5
379738,263614,0.006482758620689655,0.015586206896551724,0.009,126004,100271,132187.5
388686,273569,0.006482758620689655,0.015586206896551724,0.012,121180,91314,132187.5
396125,274257,0.006482758620689655,0.015586206896551724,0.015,118787,83882,132187.5
370711,281812,0.006482758620689655,0.016,0.006,124705,109295,129754.60122699385
381200,282662,0.006482758620689655,0.016,0.009,120580,98801,129754.60122699385
389824,273515,0.006482758620689655,0.016,0.012,120067,90183,129754.60122699385
397023,281571,0.006482758620689655,0.016,0.015,115794,82978,129754.60122699385
283965,29226,0.006896551724137931,0.004,0.006,262612,196041,284810.12658227846
313523,29317,0.006896551724137931,0.004,0.009,254682,166483,284810.12658227846
335334,32933,0.006896551724137931,0.004,0.012,248379,144672,284810.12658227846
352089,26225,0.006896551724137931,0.004,0.015,247162,127917,284810.12658227846
288747,58000,0.006896551724137931,0.004413793103448276,0.006,250414,191253,274390.243902439
317055,37357,0.006896551724137931,0.004413793103448276,0.009,248650,162952,274390.243902439
337910,32051,0.006896551724137931,0.004413793103448276,0.012,245803,142096,274390.243902439
354095,38309,0.006896551724137931,0.004413793103448276,0.015,240292,125913,274390.243902439
293254,55601,0.006896551724137931,0.004827586206896552,0.006,246820,186746,264705.88235294115
320128,48784,0.006896551724137931,0.004827586206896552,0.009,241822,159878,264705.88235294115
340377,46888,0.006896551724137931,0.004827586206896552,0.012,237926,139629,264705.88235294115
356041,50190,0.006896551724137931,0.004827586206896552,0.015,233657,123967,264705.88235294115
297540,74682,0.006896551724137931,0.005241379310344827,0.006,237766,182467,255681.8181818182
323447,61326,0.006896551724137931,0.005241379310344827,0.009,234686,156554,255681.8181818182
342861,57100,0.006896551724137931,0.005241379310344827,0.012,231828,137149,255681.8181818182
357941,56435,0.006896551724137931,0.005241379310344827,0.015,229050,122065,255681.8181818182
301579,102214,0.006896551724137931,0.005655172413793104,0.006,226804,178421,247252.74725274724
326459,76525,0.006896551724137931,0.005655172413793104,0.009,226959,153548,247252.74725274724
345067,70176,0.006896551724137931,0.005655172413793104,0.012,224831,134941,247252.74725274724
359814,55446,0.006896551724137931,0.005655172413793104,0.015,227219,120195,247252.74725274724
305354,98676,0.006896551724137931,0.006068965517241379,0.006,224218,174652,239361.70212765958
329187,96268,0.006896551724137931,0.006068965517241379,0.009,218186,150815,239361.70212765958
347409,89040,0.006896551724137931,0.006068965517241379,0.012,216316,132601,239361.70212765958
361562,82424,0.006896551724137931,0.006068965517241379,0.015,215542,118446,239361.70212765958
309035,130345,0.006896551724137931,0.006482758620689655,0.006,213083,170969,231958.76288659792
332058,107408,0.006896551724137931,0.006482758620689655,0.009,212190,147951,231958.76288659792
349491,90361,0.006896551724137931,0.006482758620689655,0.012,213448,130511,231958.76288659792
363257,79316,0.006896551724137931,0.006482758620689655,0.015,214617,116746,231958.76288659792
312623,127486,0.006896551724137931,0.006896551724137931,0.006,210116,167384,225000.0
334829,115242,0.006896551724137931,0.006896551724137931,0.009,207255,145178,225000.0
351577,109358,0.006896551724137931,0.006896551724137931,0.012,205072,128425,225000.0
364952,96727,0.006896551724137931,0.006896551724137931,0.015,206606,115051,225000.0
316236,141316,0.006896551724137931,0.007310344827586207,0.006,203687,163771,218446.60194174756
337221,130254,0.006896551724137931,0.007310344827586207,0.009,200411,142783,218446.60194174756
353715,118798,0.006896551724137931,0.007310344827586207,0.012,199961,126285,218446.60194174756
366697,109016,0.006896551724137931,0.007310344827586207,0.015,200504,113313,218446.60194174756
319366,153080,0.006896551724137931,0.007724137931034483,0.006,197787,160640,212264.1509433962
339912,137714,0.006896551724137931,0.007724137931034483,0.009,195811,140095,212264.1509433962
355701,131252,0.006896551724137931,0.007724137931034483,0.012,193773,124301,212264.1509433962
368188,116687,0.006896551724137931,0.007724137931034483,0.015,196040,111821,212264.1509433962
322607,157730,0.006896551724137931,0.008137931034482758,0.006,193699,157393,206422.01834862385
342178,147036,0.006896551724137931,0.008137931034482758,0.009,190720,137827,206422.01834862385
357501,142032,0.006896551724137931,0.008137931034482758,0.012,188420,122500,206422.01834862385
369748,129964,0.006896551724137931,0.008137931034482758,0.015,189859,110262,206422.01834862385
325562,171848,0.006896551724137931,0.008551724137931035,0.006,187728,154444,200892.85714285713
344617,150695,0.006896551724137931,0.008551724137931035,0.009,187367,135393,200892.85714285713
359333,140344,0.006896551724137931,0.008551724137931035,0.012,187068,120676,200892.85714285713
371181,138623,0.006896551724137931,0.008551724137931035,0.015,185229,108827,200892.85714285713
328484,179320,0.006896551724137931,0.00896551724137931,0.006,183383,151518,195652.17391304346
346727,157172,0.006896551724137931,0.00896551724137931,0.009,183404,133275,195652.17391304346
361197,135858,0.006896551724137931,0.00896551724137931,0.012,186332,118813,195652.17391304346
372675,155031,0.006896551724137931,0.00896551724137931,0.015,178155,107332,195652.17391304346
331290,179997,0.006896551724137931,0.009379310344827585,0.006,180519,148715,190677.9661016949
349031,179302,0.006896551724137931,0.009379310344827585,0.009,175410,130979,190677.9661016949
362808,167678,0.006896551724137931,0.009379310344827585,0.012,175088,117197,190677.9661016949
374107,155561,0.006896551724137931,0.009379310344827585,0.015,176387,105900,190677.9661016949
334018,189622,0.006896551724137931,0.009793103448275862,0.006,175951,145988,185950.4132231405
351158,189793,0.006896551724137931,0.009793103448275862,0.009,170666,128852,185950.4132231405
364607,189542,0.006896551724137931,0.009793103448275862,0.012,166727,115403,185950.4132231405
375481,165581,0.006896551724137931,0.009793103448275862,0.015,171725,104525,185950.4132231405
336789,196313,0.006896551724137931,0.010206896551724139,0.006,172135,143215,181451.6129032258
353099,197479,0.006896551724137931,0.010206896551724139,0.009,166621,126908,181451.6129032258
366186,189026,0.006896551724137931,0.010206896551724139,0.012,165228,113820,181451.6129032258
376872,169896,0.006896551724137931,0.010206896551724139,0.015,168766,103128,181451.6129032258
339281,216662,0.006896551724137931,0.010620689655172414,0.006,165425,140720,177165.35433070868
355085,184772,0.006896551724137931,0.010620689655172414,0.009,167796,124921,177165.35433070868
367822,182121,0.006896551724137931,0.010620689655172414,0.012,165631,112178,177165.35433070868
378213,194005,0.006896551724137931,0.010620689655172414,0.015,159665,101797,177165.35433070868
341587,206187,0.006896551724137931,0.011034482758620689,0.006,165490,138419,173076.92307692312
357024,208273,0.006896551724137931,0.011034482758620689,0.009,160039,122979,173076.92307692312
369458,209888,0.006896551724137931,0.011034482758620689,0.012,156106,110551,173076.92307692312
379418,192621,0.006896551724137931,0.011034482758620689,0.015,158823,100588,173076.92307692312
343933,209076,0.006896551724137931,0.011448275862068966,0.006,162545,136072,169172.93233082705
358830,219501,0.006896551724137931,0.011448275862068966,0.009,155348,121172,169172.93233082705
370973,218266,0.006896551724137931,0.011448275862068966,0.012,152114,109036,169172.93233082705
380646,190573,0.006896551724137931,0.011448275862068966,0.015,157982,99362,169172.93233082705
346361,225710,0.006896551724137931,0.01186206896551724,0.006,157096,133646,165441.17647058822
360671,210193,0.006896551724137931,0.01186206896551724,0.009,156057,119335,165441.17647058822
372398,217517,0.006896551724137931,0.01186206896551724,0.012,150926,107602,165441.17647058822
381857,205487,0.006896551724137931,0.01186206896551724,0.015,152081,98151,165441.17647058822
348410,234914,0.006896551724137931,0.012275862068965518,0.006,153369,131595,161870.5035971223
362544,220810,0.006896551724137931,0.012275862068965518,0.009,151770,117466,161870.5035971223
373774,236709,0.006896551724137931,0.012275862068965518,0.012,144073,106235,161870.5035971223
383022,221174,0.006896551724137931,0.012275862068965518,0.015,146042,96984,161870.5035971223
350590,222559,0.006896551724137931,0.012689655172413793,0.006,153759,129410,158450.70422535215
364123,223342,0.006896551724137931,0.012689655172413793,0.009,149246,115885,158450.70422535215
375164,224528,0.006896551724137931,0.012689655172413793,0.012,146083,104836,158450.70422535215
384212,208121,0.006896551724137931,0.012689655172413793,0.015,148847,95796,158450.70422535215
352724,232653,0.006896551724137931,0.01310344827586207,0.006,149640,127285,155172.41379310345
365765,248923,0.006896551724137931,0.01310344827586207,0.009,141541,114243,155172.41379310345
376535,230538,0.006896551724137931,0.01310344827586207,0.012,143043,103467,155172.41379310345
385315,236069,0.006896551724137931,0.01310344827586207,0.015,139163,94690,155172.41379310345
354633,257484,0.006896551724137931,0.013517241379310345,0.006,143334,125376,152027.027027027
367383,244476,0.006896551724137931,0.013517241379310345,0.009,141290,112620,152027.027027027
377799,232466,0.006896551724137931,0.013517241379310345,0.012,141253,102209,152027.027027027
386466,236899,0.006896551724137931,0.013517241379310345,0.015,137791,93542,152027.027027027
356564,227202,0.006896551724137931,0.01393103448275862,0.006,147063,123445,149006.6225165563
368950,244805,0.006896551724137931,0.01393103448275862,0.009,139558,111056,149006.6225165563
379108,251912,0.006896551724137931,0.01393103448275862,0.012,134604,100895,149006.6225165563
387556,237726,0.006896551724137931,0.01393103448275862,0.015,136406,92450,149006.6225165563
358523,262205,0.006896551724137931,0.014344827586206896,0.006,138668,121487,146103.8961038961
370472,260103,0.006896551724137931,0.014344827586206896,0.009,134581,109535,146103.8961038961
380478,250834,0.006896551724137931,0.014344827586206896,0.012,133780,99531,146103.8961038961
388563,235179,0.006896551724137931,0.014344827586206896,0.015,136076,91444,146103.8961038961
360270,241595,0.006896551724137931,0.014758620689655172,0.006,140780,119730,143312.10191082803
371976,259072,0.006896551724137931,0.014758620689655172,0.009,133442,108033,143312.10191082803
381688,255230,0.006896551724137931,0.014758620689655172,0.012,131363,98322,143312.10191082803
389619,241800,0.006896551724137931,0.014758620689655172,0.015,132955,90384,143312.10191082803
361989,247109,0.006896551724137931,0.015172413793103448,0.006,138108,118017,140625.0
373360,271140,0.006896551724137931,0.015172413793103448,0.009,129278,106648,140625.0
382786,267507,0.006896551724137931,0.015172413793103448,0.012,126986,97223,140625.0
390651,251375,0.006896551724137931,0.015172413793103448,0.015,129283,89358,140625.0
363702,247760,0.006896551724137931,0.015586206896551724,0.006,136272,116305,138036.80981595092
374800,264135,0.006896551724137931,0.015586206896551724,0.009,129687,105209,138036.80981595092
384054,263654,0.006896551724137931,0.015586206896551724,0.012,126760,95956,138036.80981595092
391695,262986,0.006896551724137931,0.015586206896551724,0.015,124798,88305,138036.80981595092
365457,279036,0.006896551724137931,0.016,0.006,129397,114553,135542.16867469877
376143,258799,0.006896551724137931,0.016,0.009,129396,103865,135542.16867469877
385111,268929,0.006896551724137931,0.016,0.012,124324,94899,135542.16867469877
392652,270075,0.006896551724137931,0.016,0.015,121923,87348,135542.16867469877
277173,25314,0.007310344827586207,0.004,0.006,267401,202828,290853.65853658534
307098,20041,0.007310344827586207,0.004,0.009,260739,172907,290853.65853658534
329415,25752,0.007310344827586207,0.004,0.012,253478,150587,290853.65853658534
346588,27537,0.007310344827586207,0.004,0.015,248909,133421,290853.65853658534
282040,46889,0.007310344827586207,0.004413793103448276,0.006,257237,197960,280588.23529411765
310609,25440,0.007310344827586207,0.004413793103448276,0.009,255478,169397,280588.23529411765
332014,30624,0.007310344827586207,0.004413793103448276,0.012,248931,147988,280588.23529411765
348630,36934,0.007310344827586207,0.004413793103448276,0.015,243146,131378,280588.23529411765
286577,63099,0.007310344827586207,0.004827586206896552,0.006,248766,193424,271022.72727272724
313871,54339,0.007310344827586207,0.004827586206896552,0.009,243442,166131,271022.72727272724
334505,39880,0.007310344827586207,0.004827586206896552,0.012,242957,145502,271022.72727272724
350672,41220,0.007310344827586207,0.004827586206896552,0.015,239215,129337,271022.72727272724
290893,73961,0.007310344827586207,0.005241379310344827,0.006,242070,189107,262087.91208791215
317184,55257,0.007310344827586207,0.005241379310344827,0.009,239680,162816,262087.91208791215
336997,48323,0.007310344827586207,0.005241379310344827,0.012,237392,143009,262087.91208791215
352711,50596,0.007310344827586207,0.005241379310344827,0.015,233578,127296,262087.91208791215
294847,80353,0.007310344827586207,0.005655172413793104,0.006,236334,185156,253723.40425531915
320225,72557,0.007310344827586207,0.005655172413793104,0.009,231550,159775,253723.40425531915
339351,63019,0.007310344827586207,0.005655172413793104,0.012,229991,140651,253723.40425531915
354414,59084,0.007310344827586207,0.005655172413793104,0.015,228349,125593,253723.40425531915
298802,98620,0.007310344827586207,0.006068965517241379,0.006,228321,181203,245876.28865979382
323273,84590,0.007310344827586207,0.006068965517241379,0.009,225069,156732,245876.28865979382
341800,62460,0.007310344827586207,0.006068965517241379,0.012,227731,138207,245876.28865979382
356279,63255,0.007310344827586207,0.006068965517241379,0.015,224703,123726,245876.28865979382
302741,121672,0.007310344827586207,0.006482758620689655,0.006,219080,177266,238500.00000000003
325983,90079,0.007310344827586207,0.006482758620689655,0.009,220546,154019,238500.00000000003
343996,93536,0.007310344827586207,0.006482758620689655,0.012,215412,136012,238500.00000000003
358057,77419,0.007310344827586207,0.006482758620689655,0.015,217759,121949,238500.00000000003
306263,108615,0.007310344827586207,0.006896551724137931,0.006,218787,173743,231553.39805825244
328837,106861,0.007310344827586207,0.006896551724137931,0.009,213112,151164,231553.39805825244
345990,91187,0.007310344827586207,0.006896551724137931,0.012,213779,134017,231553.39805825244
359903,83288,0.007310344827586207,0.006896551724137931,0.015,213784,120106,231553.39805825244
309904,132984,0.007310344827586207,0.007310344827586207,0.006,209693,170102,224999.99999999997
331488,116266,0.007310344827586207,0.007310344827586207,0.009,207740,148519,224999.99999999997
348090,102221,0.007310344827586207,0.007310344827586207,0.012,208050,131918,224999.99999999997
361470,102209,0.007310344827586207,0.007310344827586207,0.015,205313,118537,224999.99999999997
313170,154238,0.007310344827586207,0.007724137931034483,0.006,202073,166838,218807.33944954126
333953,130969,0.007310344827586207,0.007724137931034483,0.009,201056,146056,218807.33944954126
350126,108339,0.007310344827586207,0.007724137931034483,0.012,203868,129880,218807.33944954126
363103,111513,0.007310344827586207,0.007724137931034483,0.015,200462,116903,218807.33944954126
316461,162995,0.007310344827586207,0.008137931034482758,0.006,196907,163544,212946.42857142855
336352,137711,0.007310344827586207,0.008137931034482758,0.009,196880,143655,212946.42857142855
352086,128219,0.007310344827586207,0.008137931034482758,0.012,195793,127920,212946.42857142855
364791,132753,0.007310344827586207,0.008137931034482758,0.015,191479,115218,212946.42857142855
319504,148476,0.007310344827586207,0.008551724137931035,0.006,197209,160496,207391.3043478261
338805,160199,0.007310344827586207,0.008551724137931035,0.009,188508,141203,207391.3043478261
353983,129153,0.007310344827586207,0.008551724137931035,0.012,193407,126023,207391.3043478261
366196,140897,0.007310344827586207,0.008551724137931035,0.015,187171,113812,207391.3043478261
322374,177398,0.007310344827586207,0.00896551724137931,0.006,188324,157630,202118.6440677966
341080,163373,0.007310344827586207,0.00896551724137931,0.009,185218,138922,202118.6440677966
355795,152412,0.007310344827586207,0.00896551724137931,0.012,184427,124209,202118.6440677966
367742,141574,0.007310344827586207,0.00896551724137931,0.015,185229,112264,202118.6440677966
325400,181375,0.007310344827586207,0.009379310344827585,0.006,184494,154607,197107.43801652893
343324,165464,0.007310344827586207,0.009379310344827585,0.009,182464,136678,197107.43801652893
357729,156176,0.007310344827586207,0.009379310344827585,0.012,181557,122281,197107.43801652893
369196,157330,0.007310344827586207,0.009379310344827585,0.015,178502,110806,197107.43801652893
328142,180955,0.007310344827586207,0.009793103448275862,0.006,182147,151867,192338.70967741933
345582,168931,0.007310344827586207,0.009793103448275862,0.009,179493,134428,192338.70967741933
359362,173680,0.007310344827586207,0.009793103448275862,0.012,174506,120644,192338.70967741933
370654,166285,0.007310344827586207,0.009793103448275862,0.015,174173,109355,192338.70967741933
330703,182516,0.007310344827586207,0.010206896551724139,0.006,179088,149303,187795.2755905512
347708,167951,0.007310344827586207,0.010206896551724139,0.009,177672,132292,187795.2755905512
361012,172912,0.007310344827586207,0.010206896551724139,0.012,172999,118995,187795.2755905512
372027,173829,0.007310344827586207,0.010206896551724139,0.015,170262,107982,187795.2755905512
333303,204829,0.007310344827586207,0.010620689655172414,0.006,172269,146705,183461.53846153847
349652,180434,0.007310344827586207,0.010620689655172414,0.009,172593,130350,183461.53846153847
362655,186405,0.007310344827586207,0.010620689655172414,0.012,167422,117349,183461.53846153847
373444,173755,0.007310344827586207,0.010620689655172414,0.015,168781,106556,183461.53846153847
335794,206922,0.007310344827586207,0.011034482758620689,0.006,169637,144214,179323.3082706767
351658,211842,0.007310344827586207,0.011034482758620689,0.009,162630,128351,179323.3082706767
364340,193780,0.007310344827586207,0.011034482758620689,0.012,163632,115670,179323.3082706767
374834,191442,0.007310344827586207,0.011034482758620689,0.015,161776,105172,179323.3082706767
338186,216493,0.007310344827586207,0.011448275862068966,0.006,165223,141820,175367.64705882352
353520,212624,0.007310344827586207,0.011448275862068966,0.009,160787,126486,175367.64705882352
365980,198204,0.007310344827586207,0.011448275862068966,0.012,160927,114028,175367.64705882352
376009,193267,0.007310344827586207,0.011448275862068966,0.015,159931,104000,175367.64705882352
340659,238212,0.007310344827586207,0.01186206896551724,0.006,159041,139348,171582.73381294962
355509,201380,0.007310344827586207,0.01186206896551724,0.009,161805,124495,171582.73381294962
367506,192791,0.007310344827586207,0.01186206896551724,0.012,160884,112501,171582.73381294962
377336,194472,0.007310344827586207,0.01186206896551724,0.015,158251,102674,171582.73381294962
342773,209438,0.007310344827586207,0.012275862068965518,0.006,162300,137232,167957.74647887322
357176,214539,0.007310344827586207,0.012275862068965518,0.009,156869,122830,167957.74647887322
368910,206299,0.007310344827586207,0.012275862068965518,0.012,155669,111100,167957.74647887322
378600,207447,0.007310344827586207,0.012275862068965518,0.015,152977,101408,167957.74647887322
344938,238542,0.007310344827586207,0.012689655172413793,0.006,154883,135064,164482.75862068968
358950,215979,0.007310344827586207,0.012689655172413793,0.009,154772,121052,164482.75862068968
370251,221369,0.007310344827586207,0.012689655172413793,0.012,149973,109757,164482.75862068968
379806,206381,0.007310344827586207,0.012689655172413793,0.015,152083,100201,164482.75862068968
347174,238777,0.007310344827586207,0.01310344827586207,0.006,152734,132826,161148.64864864864
360610,234583,0.007310344827586207,0.01310344827586207,0.009,148749,119395,161148.64864864864
371677,224272,0.007310344827586207,0.01310344827586207,0.012,147871,108329,161148.64864864864
380888,220843,0.007310344827586207,0.01310344827586207,0.015,146540,99122,161148.64864864864
349257,258794,0.007310344827586207,0.013517241379310345,0.006,147145,130745,157947.01986754965
362407,240564,0.007310344827586207,0.013517241379310345,0.009,145686,117599,157947.01986754965
373047,235585,0.007310344827586207,0.013517241379310345,0.012,143452,106961,157947.01986754965
381989,232217,0.007310344827586207,0.013517241379310345,0.015,141981,98019,157947.01986754965
351172,256420,0.007310344827586207,0.01393103448275862,0.006,145859,128828,154870.1298701299
363887,239109,0.007310344827586207,0.01393103448275862,0.009,144500,116121,154870.1298701299
374382,247243,0.007310344827586207,0.01393103448275862,0.012,139133,105624,154870.1298701299
383088,229290,0.007310344827586207,0.01393103448275862,0.015,141685,96916,154870.1298701299
353003,257330,0.007310344827586207,0.014344827586206896,0.006,143866,127005,151910.8280254777
365473,226297,0.007310344827586207,0.014344827586206896,0.009,145890,114534,151910.8280254777
375639,247297,0.007310344827586207,0.014344827586206896,0.012,137697,104369,151910.8280254777
384284,232739,0.007310344827586207,0.014344827586206896,0.015,139572,95716,151910.8280254777
354917,260510,0.007310344827586207,0.014758620689655172,0.006,141586,125089,149062.50000000003
366994,256609,0.007310344827586207,0.014758620689655172,0.009,137661,113012,149062.50000000003
376938,256411,0.007310344827586207,0.014758620689655172,0.012,134258,103070,149062.50000000003
385403,243035,0.007310344827586207,0.014758620689655172,0.015,135425,94605,149062.50000000003
356750,247193,0.007310344827586207,0.015172413793103448,0.006,142209,123251,146319.01840490798
368473,250876,0.007310344827586207,0.015172413793103448,0.009,137532,111535,146319.01840490798
378178,240609,0.007310344827586207,0.015172413793103448,0.012,137146,101825,146319.01840490798
386330,237023,0.007310344827586207,0.015172413793103448,0.015,135999,93677,146319.01840490798
358537,260234,0.007310344827586207,0.015586206896551724,0.006,138253,121467,143674.69879518074
370049,268409,0.007310344827586207,0.015586206896551724,0.009,132158,109958,143674.69879518074
379398,244018,0.007310344827586207,0.015586206896551724,0.012,135054,100609,143674.69879518074
387471,252859,0.007310344827586207,0.015586206896551724,0.015,130451,92536,143674.69879518074
360181,259174,0.007310344827586207,0.016,0.006,136704,119827,141124.26035502958
371340,272351,0.007310344827586207,0.016,0.009,130086,108666,141124.26035502958
380537,263297,0.007310344827586207,0.016,0.012,128870,99471,141124.26035502958
388458,258229,0.007310344827586207,0.016,0.015,127986,91551,141124.26035502958
270761,28784,0.007724137931034483,0.004,0.006,270260,209242,296470.5882352941
301091,21855,0.007724137931034483,0.004,0.009,263300,178915,296470.5882352941
323625,28779,0.007724137931034483,0.004,0.012,255173,156380,296470.5882352941
341215,21831,0.007724137931034483,0.004,0.015,253300,138794,296470.5882352941
275438,45626,0.007724137931034483,0.004413793103448276,0.006,261512,204565,286363.63636363635
304478,38196,0.007724137931034483,0.004413793103448276,0.009,254667,175523,286363.63636363635
326304,26683,0.007724137931034483,0.004413793103448276,0.012,252791,153701,286363.63636363635
343350,30087,0.007724137931034483,0.004413793103448276,0.015,247880,136659,286363.63636363635
280107,58896,0.007724137931034483,0.004827586206896552,0.006,253675,199898,276923.07692307694
308023,42364,0.007724137931034483,0.004827586206896552,0.009,250141,171980,276923.07692307694
329021,32247,0.007724137931034483,0.004827586206896552,0.012,248155,150986,276923.07692307694
345486,33721,0.007724137931034483,0.004827586206896552,0.015,244170,134521,276923.07692307694
284561,53568,0.007724137931034483,0.005241379310344827,0.006,250760,195445,268085.1063829788
311260,56629,0.007724137931034483,0.005241379310344827,0.009,242604,168747,268085.1063829788
331411,49459,0.007724137931034483,0.005241379310344827,0.012,239844,148591,268085.1063829788
347340,42527,0.007724137931034483,0.005241379310344827,0.015,238716,132662,268085.1063829788
288551,71210,0.007724137931034483,0.005655172413793104,0.006,242672,191451,259793.8144329897
314332,54376,0.007724137931034483,0.005655172413793104,0.009,240077,165668,259793.8144329897
333814,49196,0.007724137931034483,0.005655172413793104,0.012,237287,146190,259793.8144329897
349286,53786,0.007724137931034483,0.005655172413793104,0.015,232580,130720,259793.8144329897
292565,87268,0.007724137931034483,0.006068965517241379,0.006,234843,187436,252000.0
317379,86805,0.007724137931034483,0.006068965517241379,0.009,227723,162624,252000.0
336152,66376,0.007724137931034483,0.006068965517241379,0.012,229156,143856,252000.0
351136,63655,0.007724137931034483,0.006068965517241379,0.015,226999,128867,252000.0
296459,102944,0.007724137931034483,0.006482758620689655,0.006,227564,183543,244660.1941747573
320110,82619,0.007724137931034483,0.006482758620689655,0.009,226052,159895,244660.1941747573
338575,73861,0.007724137931034483,0.006482758620689655,0.012,224303,141427,244660.1941747573
353100,73330,0.007724137931034483,0.006482758620689655,0.015,221633,126901,244660.1941747573
300257,133868,0.007724137931034483,0.006896551724137931,0.006,217063,179747,237735.84905660377
322934,95983,0.007724137931034483,0.006896551724137931,0.009,219492,157071,237735.84905660377
340632,88487,0.007724137931034483,0.006896551724137931,0.012,217411,139376,237735.84905660377
354740,75095,0.007724137931034483,0.006896551724137931,0.015,218960,125268,237735.84905660377
303628,123625,0.007724137931034483,0.007310344827586207,0.006,216117,176377,231192.6605504587
325639,109400,0.007724137931034483,0.007310344827586207,0.009,212933,154362,231192.6605504587
342789,94208,0.007724137931034483,0.007310344827586207,0.012,213359,137216,231192.6605504587
356448,96841,0.007724137931034483,0.007310344827586207,0.015,209689,123555,231192.6605504587
307001,126406,0.007724137931034483,0.007724137931034483,0.006,212203,173003,225000.0
328387,108622,0.007724137931034483,0.007724137931034483,0.009,210518,151613,225000.0
344876,115248,0.007724137931034483,0.007724137931034483,0.012,204715,135127,225000.0
358141,97850,0.007724137931034483,0.007724137931034483,0.015,207370,121867,225000.0
310295,134447,0.007724137931034483,0.008137931034482758,0.006,207233,169710,219130.4347826087
330935,126358,0.007724137931034483,0.008137931034482758,0.009,203158,149072,219130.4347826087
346998,115833,0.007724137931034483,0.008137931034482758,0.012,202390,133009,219130.4347826087
359773,116407,0.007724137931034483,0.008137931034482758,0.015,199453,120230,219130.4347826087
313449,133014,0.007724137931034483,0.008551724137931035,0.006,204745,166552,213559.32203389832
333222,145460,0.007724137931034483,0.008551724137931035,0.009,195871,146786,213559.32203389832
348800,127672,0.007724137931034483,0.008551724137931035,0.012,196858,131206,213559.32203389832
361476,126318,0.007724137931034483,0.008551724137931035,0.015,194475,118524,213559.32203389832
316491,154556,0.007724137931034483,0.00896551724137931,0.006,197230,163513,208264.46280991737
335741,164455,0.007724137931034483,0.00896551724137931,0.009,188603,144266,208264.46280991737
350709,133453,0.007724137931034483,0.00896551724137931,0.012,193015,129297,208264.46280991737
362940,123436,0.007724137931034483,0.00896551724137931,0.015,193676,117067,208264.46280991737
319580,169798,0.007724137931034483,0.009379310344827585,0.006,191350,160427,203225.80645161294
337947,161107,0.007724137931034483,0.009379310344827585,0.009,187281,142062,203225.80645161294
352500,156467,0.007724137931034483,0.009379310344827585,0.012,184332,127503,203225.80645161294
364558,139279,0.007724137931034483,0.009379310344827585,0.015,186985,115449,203225.80645161294
322378,176912,0.007724137931034483,0.009793103448275862,0.006,187052,157622,198425.19685039372
340060,171754,0.007724137931034483,0.009793103448275862,0.009,182351,139943,198425.19685039372
354451,148410,0.007724137931034483,0.009793103448275862,0.012,184836,125553,198425.19685039372
365925,146564,0.007724137931034483,0.009793103448275862,0.015,183079,114083,198425.19685039372
325139,190945,0.007724137931034483,0.010206896551724139,0.006,181586,154865,193846.15384615384
342373,166205,0.007724137931034483,0.010206896551724139,0.009,181575,137628,193846.15384615384
356180,166414,0.007724137931034483,0.010206896551724139,0.012,177997,123827,193846.15384615384
367346,155976,0.007724137931034483,0.010206896551724139,0.015,178542,112656,193846.15384615384
327655,199473,0.007724137931034483,0.010620689655172414,0.006,177385,152346,189473.68421052632
344382,173937,0.007724137931034483,0.010620689655172414,0.009,177494,135625,189473.68421052632
357783,180489,0.007724137931034483,0.010620689655172414,0.012,172191,122222,189473.68421052632
368768,165937,0.007724137931034483,0.010620689655172414,0.015,173918,111233,189473.68421052632
330248,188610,0.007724137931034483,0.011034482758620689,0.006,177386,149761,185294.11764705883
346382,185654,0.007724137931034483,0.011034482758620689,0.009,172845,133624,185294.11764705883
359393,160369,0.007724137931034483,0.011034482758620689,0.012,176098,120613,185294.11764705883
370100,175306,0.007724137931034483,0.011034482758620689,0.015,169545,109902,185294.11764705883
332718,207420,0.007724137931034483,0.011448275862068966,0.006,171159,147292,181294.96402877697
348440,201015,0.007724137931034483,0.011448275862068966,0.009,167081,131568,181294.96402877697
361005,195284,0.007724137931034483,0.011448275862068966,0.012,164701,119003,181294.96402877697
371521,179412,0.007724137931034483,0.011448275862068966,0.015,166806,108489,181294.96402877697
335022,206446,0.007724137931034483,0.01186206896551724,0.006,169080,144984,177464.78873239434
350192,206883,0.007724137931034483,0.01186206896551724,0.009,163861,129816,177464.78873239434
362581,193737,0.007724137931034483,0.01186206896551724,0.012,163566,117428,177464.78873239434
372761,189810,0.007724137931034483,0.01186206896551724,0.015,162317,107240,177464.78873239434
337286,222413,0.007724137931034483,0.012275862068965518,0.006,164120,142722,173793.10344827586
352209,215762,0.007724137931034483,0.012275862068965518,0.009,159988,127798,173793.10344827586
364075,206280,0.007724137931034483,0.012275862068965518,0.012,158773,115931,173793.10344827586
374081,190239,0.007724137931034483,0.012275862068965518,0.015,160844,105929,173793.10344827586
339597,227634,0.007724137931034483,0.012689655172413793,0.006,160958,140403,170270.27027027027
353887,210379,0.007724137931034483,0.012689655172413793,0.009,159544,126119,170270.27027027027
365519,203278,0.007724137931034483,0.012689655172413793,0.012,157982,114489,170270.27027027027
375236,194850,0.007724137931034483,0.012689655172413793,0.015,158050,104772,170270.27027027027
341841,239051,0.007724137931034483,0.01310344827586207,0.006,156896,138160,166887.41721854307
355638,234344,0.007724137931034483,0.01310344827586207,0.009,152124,124370,166887.41721854307
367017,213648,0.007724137931034483,0.01310344827586207,0.012,153727,112986,166887.41721854307
376511,201758,0.007724137931034483,0.01310344827586207,0.015,154788,103489,166887.41721854307
343906,220697,0.007724137931034483,0.013517241379310345,0.006,158347,136094,163636.36363636365
357292,222359,0.007724137931034483,0.013517241379310345,0.009,153446,122712,163636.36363636365
368425,217714,0.007724137931034483,0.013517241379310345,0.012,151342,111584,163636.36363636365
377745,213089,0.007724137931034483,0.013517241379310345,0.015,150274,102265,163636.36363636365
345837,244115,0.007724137931034483,0.01393103448275862,0.006,152086,134165,160509.5541401274
359080,230736,0.007724137931034483,0.01393103448275862,0.009,149887,120920,160509.5541401274
369836,217103,0.007724137931034483,0.01393103448275862,0.012,150150,110174,160509.5541401274
378795,212630,0.007724137931034483,0.01393103448275862,0.015,149067,101211,160509.5541401274
347836,255204,0.007724137931034483,0.014344827586206896,0.006,148254,132170,157500.0
360570,235779,0.007724137931034483,0.014344827586206896,0.009,147224,119438,157500.0
371113,230987,0.007724137931034483,0.014344827586206896,0.012,145130,108895,157500.0
379949,221626,0.007724137931034483,0.014344827586206896,0.015,145424,100060,157500.0
349895,257239,0.007724137931034483,0.014758620689655172,0.006,146022,130110,154601.22699386504
362174,239654,0.007724137931034483,0.014758620689655172,0.009,144852,117833,154601.22699386504
372444,228951,0.007724137931034483,0.014758620689655172,0.012,144249,107565,154601.22699386504
381036,230177,0.007724137931034483,0.014758620689655172,0.015,141738,98971,154601.22699386504
351622,234446,0.007724137931034483,0.015172413793103448,0.006,148248,128384,151807.22891566265
363658,249857,0.007724137931034483,0.015172413793103448,0.009,141237,116348,151807.22891566265
373687,236262,0.007724137931034483,0.015172413793103448,0.012,141234,106321,151807.22891566265
382083,236140,0.007724137931034483,0.015172413793103448,0.015,139023,97921,151807.22891566265
353436,256725,0.007724137931034483,0.015586206896551724,0.006,142821,126572,149112.42603550295
365309,238483,0.007724137931034483,0.015586206896551724,0.009,142294,114698,149112.42603550295
375059,251974,0.007724137931034483,0.015586206896551724,0.012,135993,104948,149112.42603550295
383183,230326,0.007724137931034483,0.015586206896551724,0.015,139495,96826,149112.42603550295
355155,258074,0.007724137931034483,0.016,0.006,141081,124853,146511.62790697673
366640,252633,0.007724137931034483,0.016,0.009,137629,113366,146511.62790697673
376156,239132,0.007724137931034483,0.016,0.012,138007,103850,146511.62790697673
384210,255747,0.007724137931034483,0.016,0.015,131325,95796,146511.62790697673
264683,27207,0.008137931034482758,0.004,0.006,274261,215319,301704.5454545454
295207,21190,0.008137931034482758,0.004,0.009,266420,184793,301704.5454545454
318074,22855,0.008137931034482758,0.004,0.012,259622,161931,301704.5454545454
335978,20714,0.008137931034482758,0.004,0.015,255903,144027,301704.5454545454
269492,28094,0.008137931034482758,0.004413793103448276,0.006,269446,210510,291758.2417582417
298674,25034,0.008137931034482758,0.004413793103448276,0.009,261700,181332,291758.2417582417
320802,27045,0.008137931034482758,0.004413793103448276,0.012,255348,159203,291758.2417582417
338152,26849,0.008137931034482758,0.004413793103448276,0.015,251183,141854,291758.2417582417
273922,54043,0.008137931034482758,0.004827586206896552,0.006,258641,206079,282446.8085106383
302059,35941,0.008137931034482758,0.004827586206896552,0.009,255098,177945,282446.8085106383
323481,32959,0.008137931034482758,0.004827586206896552,0.012,250527,156522,282446.8085106383
340357,31563,0.008137931034482758,0.004827586206896552,0.015,247150,139650,282446.8085106383
278322,62314,0.008137931034482758,0.005241379310344827,0.006,252390,201683,273711.34020618553
305347,46094,0.008137931034482758,0.005241379310344827,0.009,248675,174657,273711.34020618553
326002,34914,0.008137931034482758,0.005241379310344827,0.012,247100,154004,273711.34020618553
342259,39170,0.008137931034482758,0.005241379310344827,0.015,242195,137743,273711.34020618553
282583,68537,0.008137931034482758,0.005655172413793104,0.006,247114,197419,265499.99999999994
308636,57333,0.008137931034482758,0.005655172413793104,0.009,242252,171371,265499.99999999994
328456,44620,0.008137931034482758,0.005655172413793104,0.012,241305,151551,265499.99999999994
344323,51374,0.008137931034482758,0.005655172413793104,0.015,235724,135687,265499.99999999994
286611,72420,0.008137931034482758,0.006068965517241379,0.006,242247,193390,257766.99029126213
311595,63288,0.008137931034482758,0.006068965517241379,0.009,237544,168411,257766.99029126213
330962,61177,0.008137931034482758,0.006068965517241379,0.012,233442,149047,257766.99029126213
346314,57305,0.008137931034482758,0.006068965517241379,0.015,231423,133692,257766.99029126213
290474,87549,0.008137931034482758,0.006482758620689655,0.006,235089,189527,250471.69811320753
314523,75628,0.008137931034482758,0.006482758620689655,0.009,231150,165478,250471.69811320753
333225,71865,0.008137931034482758,0.006482758620689655,0.012,227748,146784,250471.69811320753
348056,70356,0.008137931034482758,0.006482758620689655,0.015,224976,131947,250471.69811320753
294326,101420,0.008137931034482758,0.006896551724137931,0.006,228300,185674,243577.98165137615
317373,91168,0.008137931034482758,0.006896551724137931,0.009,223955,162633,243577.98165137615
335449,74319,0.008137931034482758,0.006896551724137931,0.012,224530,144558,243577.98165137615
349877,83550,0.008137931034482758,0.006896551724137931,0.015,218446,130129,243577.98165137615
297916,111134,0.008137931034482758,0.007310344827586207,0.006,222858,182086,237053.5714285714
320129,95875,0.008137931034482758,0.007310344827586207,0.009,219865,159877,237053.5714285714
337612,76484,0.008137931034482758,0.007310344827586207,0.012,221538,142394,237053.5714285714
351646,86307,0.008137931034482758,0.007310344827586207,0.015,215647,128360,237053.5714285714
301303,123440,0.008137931034482758,0.007724137931034483,0.006,216854,178697,230869.5652173913
322807,115717,0.008137931034482758,0.007724137931034483,0.009,211919,157199,230869.5652173913
339714,102117,0.008137931034482758,0.007724137931034483,0.012,211512,140294,230869.5652173913
353459,91494,0.008137931034482758,0.007724137931034483,0.015,211880,126551,230869.5652173913
304546,136093,0.008137931034482758,0.008137931034482758,0.006,211068,175458,225000.0
325340,121849,0.008137931034482758,0.008137931034482758,0.009,207673,154665,225000.0
341763,108578,0.008137931034482758,0.008137931034482758,0.012,207470,138244,225000.0
355173,90954,0.008137931034482758,0.008137931034482758,0.015,210241,124834,225000.0
307795,158314,0.008137931034482758,0.008551724137931035,0.006,203122,172212,219421.48760330578
327970,126006,0.008137931034482758,0.008551724137931035,0.009,204270,152038,219421.48760330578
343767,121882,0.008137931034482758,0.008551724137931035,0.012,201404,136241,219421.48760330578
356673,119827,0.008137931034482758,0.008551724137931035,0.015,199120,123333,219421.48760330578
310804,147284,0.008137931034482758,0.00896551724137931,0.006,202582,169199,214112.90322580645
330271,133831,0.008137931034482758,0.00896551724137931,0.009,199769,149734,214112.90322580645
345723,129317,0.008137931034482758,0.00896551724137931,0.012,197122,134285,214112.90322580645
358251,133305,0.008137931034482758,0.00896551724137931,0.015,193003,121751,214112.90322580645
313944,156553,0.008137931034482758,0.009379310344827585,0.006,198026,166057,209055.11811023622
332600,144930,0.008137931034482758,0.009379310344827585,0.009,194721,147406,209055.11811023622
347591,132319,0.008137931034482758,0.009379310344827585,0.012,194351,132415,209055.11811023622
359924,138103,0.008137931034482758,0.009379310344827585,0.015,189849,120083,209055.11811023622
316780,175032,0.008137931034482758,0.009793103448275862,0.006,191538,163220,204230.76923076922
335005,162709,0.008137931034482758,0.009793103448275862,0.009,188095,144998,204230.76923076922
349387,143168,0.008137931034482758,0.009793103448275862,0.012,189289,130619,204230.76923076922
361321,140083,0.008137931034482758,0.009793103448275862,0.015,187579,118686,204230.76923076922
319595,173258,0.008137931034482758,0.010206896551724139,0.006,189304,160412,199624.06015037594
337077,163048,0.008137931034482758,0.010206896551724139,0.009,185762,142925,199624.06015037594
351169,150440,0.008137931034482758,0.010206896551724139,0.012,185331,128838,199624.06015037594
362772,147401,0.008137931034482758,0.010206896551724139,0.015,183781,117236,199624.06015037594
322121,198304,0.008137931034482758,0.010620689655172414,0.006,181907,157887,195220.5882352941
339213,173520,0.008137931034482758,0.010620689655172414,0.009,181217,140789,195220.5882352941
352945,161745,0.008137931034482758,0.010620689655172414,0.012,180376,127063,195220.5882352941
364349,156449,0.008137931034482758,0.010620689655172414,0.015,179411,115658,195220.5882352941
324841,184852,0.008137931034482758,0.011034482758620689,0.006,181892,155168,191007.1942446043
341383,185423,0.008137931034482758,0.011034482758620689,0.009,176072,138622,191007.1942446043
354735,177031,0.008137931034482758,0.011034482758620689,0.012,174393,125273,191007.1942446043
365620,161511,0.008137931034482758,0.011034482758620689,0.015,176325,114382,191007.1942446043
327236,202159,0.008137931034482758,0.011448275862068966,0.006,176354,152770,186971.83098591544
343394,191637,0.008137931034482758,0.011448275862068966,0.009,172778,136613,186971.83098591544
356229,182150,0.008137931034482758,0.011448275862068966,0.012,171397,123776,186971.83098591544
367041,182835,0.008137931034482758,0.011448275862068966,0.015,168346,112969,186971.83098591544
329694,219718,0.008137931034482758,0.01186206896551724,0.006,170662,150308,183103.44827586203
345230,195801,0.008137931034482758,0.01186206896551724,0.009,169893,134776,183103.44827586203
357989,192700,0.008137931034482758,0.01186206896551724,0.012,166968,122018,183103.44827586203
368301,179875,0.008137931034482758,0.01186206896551724,0.015,167815,111703,183103.44827586203
332173,225148,0.008137931034482758,0.012275862068965518,0.006,167382,147834,179391.89189189184
347179,204889,0.008137931034482758,0.012275862068965518,0.009,165916,132821,179391.89189189184
359389,193134,0.008137931034482758,0.012275862068965518,0.012,165287,120618,179391.89189189184
369755,184348,0.008137931034482758,0.012275862068965518,0.015,165158,110252,179391.89189189184
334396,232335,0.008137931034482758,0.012689655172413793,0.006,164035,145614,175827.81456953642
349104,212327,0.008137931034482758,0.012689655172413793,0.009,162584,130903,175827.81456953642
361013,206558,0.008137931034482758,0.012689655172413793,0.012,160156,118987,175827.81456953642
370920,189597,0.008137931034482758,0.012689655172413793,0.015,162241,109086,175827.81456953642
336599,216540,0.008137931034482758,0.01310344827586207,0.006,164816,143411,172402.5974025974
350853,214303,0.008137931034482758,0.01310344827586207,0.009,160307,129157,172402.5974025974
362415,204411,0.008137931034482758,0.01310344827586207,0.012,159196,117593,172402.5974025974
372123,202040,0.008137931034482758,0.01310344827586207,0.015,157299,107881,172402.5974025974
338803,210088,0.008137931034482758,0.013517241379310345,0.006,164194,141204,169108.28025477706
352554,218562,0.008137931034482758,0.013517241379310345,0.009,157539,127453,169108.28025477706
363877,218516,0.008137931034482758,0.013517241379310345,0.012,154045,116129,169108.28025477706
373352,209652,0.008137931034482758,0.013517241379310345,0.015,153813,106651,169108.28025477706
340778,239984,0.008137931034482758,0.01393103448275862,0.006,156701,139225,165937.5
354204,219665,0.008137931034482758,0.01393103448275862,0.009,155783,125802,165937.5
365265,222727,0.008137931034482758,0.01393103448275862,0.012,151469,114743,165937.5
374676,214491,0.008137931034482758,0.01393103448275862,0.015,151192,105334,165937.5
342783,212218,0.008137931034482758,0.014344827586206896,0.006,159653,137223,162883.43558282207
355982,235801,0.008137931034482758,0.014344827586206896,0.009,150592,124025,162883.43558282207
366648,220649,0.008137931034482758,0.014344827586206896,0.012,150849,113360,162883.43558282207
375723,209505,0.008137931034482758,0.014344827586206896,0.015,151549,104280,162883.43558282207
344809,252420,0.008137931034482758,0.014758620689655172,0.006,151064,135191,159939.75903614456
357595,221695,0.008137931034482758,0.014758620689655172,0.009,152076,122413,159939.75903614456
368088,218378,0.008137931034482758,0.014758620689655172,0.012,150002,111922,159939.75903614456
376973,226388,0.008137931034482758,0.014758620689655172,0.015,145438,103037,159939.75903614456
346719,231584,0.008137931034482758,0.015172413793103448,0.006,152683,133291,157100.5917159763
359160,238243,0.008137931034482758,0.015172413793103448,0.009,146947,120847,157100.5917159763
369317,228234,0.008137931034482758,0.015172413793103448,0.012,146283,110690,157100.5917159763
377996,222277,0.008137931034482758,0.015172413793103448,0.015,145440,102006,157100.5917159763
348608,243701,0.008137931034482758,0.015586206896551724,0.006,148880,131400,154360.46511627905
360590,228000,0.008137931034482758,0.015586206896551724,0.009,147907,119419,154360.46511627905
370599,234361,0.008137931034482758,0.015586206896551724,0.012,143470,109404,154360.46511627905
379040,239321,0.008137931034482758,0.015586206896551724,0.015,139701,100965,154360.46511627905
350436,263952,0.008137931034482758,0.016,0.006,143948,129571,151714.28571428568
362042,255024,0.008137931034482758,0.016,0.009,140459,117960,151714.28571428568
371911,242701,0.008137931034482758,0.016,0.012,140099,108099,151714.28571428568
380242,250350,0.008137931034482758,0.016,0.015,135484,99761,151714.28571428568
258752,27529,0.008551724137931035,0.004,0.006,277524,221248,306593.4065934066
289499,19329,0.008551724137931035,0.004,0.009,269896,190501,306593.4065934066
312711,22508,0.008551724137931035,0.004,0.012,262208,167294,306593.4065934066
331023,18287,0.008551724137931035,0.004,0.015,258913,148977,306593.4065934066
263537,26535,0.008551724137931035,0.004413793103448276,0.006,273274,216463,296808.5106382979
293128,24343,0.008551724137931035,0.004413793103448276,0.009,264685,186879,296808.5106382979
315467,22485,0.008551724137931035,0.004413793103448276,0.012,259205,164535,296808.5106382979
333115,24741,0.008551724137931035,0.004413793103448276,0.015,254098,146887,296808.5106382979
268108,41990,0.008551724137931035,0.004827586206896552,0.006,265053,211898,287628.8659793815
296554,31941,0.008551724137931035,0.004827586206896552,0.009,259123,183453,287628.8659793815
318160,33229,0.008551724137931035,0.004827586206896552,0.012,252989,161841,287628.8659793815
335286,28742,0.008551724137931035,0.004827586206896552,0.015,250431,144720,287628.8659793815
272600,44109,0.008551724137931035,0.005241379310344827,0.006,260399,207400,279000.0
299966,41958,0.008551724137931035,0.005241379310344827,0.009,252791,180039,279000.0
320820,33732,0.008551724137931035,0.005241379310344827,0.012,250031,159189,279000.0
337438,32974,0.008551724137931035,0.005241379310344827,0.015,246504,142562,279000.0
276858,53317,0.008551724137931035,0.005655172413793104,0.006,254234,203149,270873.7864077669
303009,41704,0.008551724137931035,0.005655172413793104,0.009,249693,176996,270873.7864077669
323288,43322,0.008551724137931035,0.005655172413793104,0.012,244315,156717,270873.7864077669
339406,41555,0.008551724137931035,0.005655172413793104,0.015,241363,140602,270873.7864077669
280898,65695,0.008551724137931035,0.006068965517241379,0.006,247432,199102,263207.5471698113
306271,53359,0.008551724137931035,0.006068965517241379,0.009,243395,173731,263207.5471698113
325815,60948,0.008551724137931035,0.006068965517241379,0.012,236212,154185,263207.5471698113
341466,46093,0.008551724137931035,0.006068965517241379,0.015,237489,138541,263207.5471698113
284805,74327,0.008551724137931035,0.006482758620689655,0.006,241706,195196,255963.3027522936
309259,78920,0.008551724137931035,0.006482758620689655,0.009,233286,170743,255963.3027522936
328082,64994,0.008551724137931035,0.006482758620689655,0.012,232527,151922,255963.3027522936
343374,55350,0.008551724137931035,0.006482758620689655,0.015,232233,136633,255963.3027522936
288645,110270,0.008551724137931035,0.006896551724137931,0.006,230095,191362,249107.14285714284
312079,85410,0.008551724137931035,0.006896551724137931,0.009,228734,167930,249107.14285714284
330373,73826,0.008551724137931035,0.006896551724137931,0.012,227281,149632,249107.14285714284
345133,69469,0.008551724137931035,0.006896551724137931,0.015,225507,134875,249107.14285714284
292288,105737,0.008551724137931035,0.007310344827586207,0.006,227769,187719,242608.6956521739
314785,107882,0.008551724137931035,0.007310344827586207,0.009,219934,165221,242608.6956521739
332560,85124,0.008551724137931035,0.007310344827586207,0.012,221518,147444,242608.6956521739
347017,77969,0.008551724137931035,0.007310344827586207,0.015,220681,132993,242608.6956521739
295664,128152,0.008551724137931035,0.007724137931034483,0.006,219563,184338,236440.67796610174
317543,108243,0.008551724137931035,0.007724137931034483,0.009,217144,162465,236440.67796610174
334784,98728,0.008551724137931035,0.007724137931034483,0.012,215281,145225,236440.67796610174
348708,89561,0.008551724137931035,0.007724137931034483,0.015,214887,131295,236440.67796610174
299143,109485,0.008551724137931035,0.008137931034482758,0.006,220450,180863,230578.51239669425
320120,113710,0.008551724137931035,0.008137931034482758,0.009,213060,159888,230578.51239669425
336851,106820,0.008551724137931035,0.008137931034482758,0.012,210728,143156,230578.51239669425
350444,96544,0.008551724137931035,0.008137931034482758,0.015,210851,129556,230578.51239669425
302281,144895,0.008551724137931035,0.008551724137931035,0.006,210091,177720,225000.0
322742,123732,0.008551724137931035,0.008551724137931035,0.009,208107,157258,225000.0
338877,112206,0.008551724137931035,0.008551724137931035,0.012,206965,141128,225000.0
352196,103813,0.008551724137931035,0.008551724137931035,0.015,206673,127808,225000.0
305501,145816,0.008551724137931035,0.00896551724137931,0.006,207012,174506,219685.03937007874
325189,135947,0.008551724137931035,0.00896551724137931,0.009,202512,154820,219685.03937007874
340873,124856,0.008551724137931035,0.00896551724137931,0.012,201306,139133,219685.03937007874
353715,105834,0.008551724137931035,0.00896551724137931,0.015,204173,126293,219685.03937007874
308396,139137,0.008551724137931035,0.009379310344827585,0.006,205194,171606,214615.38461538465
327638,146146,0.008551724137931035,0.009379310344827585,0.009,197546,152369,214615.38461538465
342785,127671,0.008551724137931035,0.009379310344827585,0.012,198541,137221,214615.38461538465
355292,127790,0.008551724137931035,0.009379310344827585,0.015,195518,124713,214615.38461538465
311408,165497,0.008551724137931035,0.009793103448275862,0.006,197147,168599,209774.4360902256
329899,151130,0.008551724137931035,0.009793103448275862,0.009,194100,150110,209774.4360902256
344650,131374,0.008551724137931035,0.009793103448275862,0.012,195484,135358,209774.4360902256
356942,133282,0.008551724137931035,0.009793103448275862,0.015,192170,123060,209774.4360902256
314253,167445,0.008551724137931035,0.010206896551724139,0.006,194142,165753,205147.0588235294
332059,167335,0.008551724137931035,0.010206896551724139,0.009,187922,147947,205147.0588235294
346475,154340,0.008551724137931035,0.010206896551724139,0.012,187175,133530,205147.0588235294
358345,133705,0.008551724137931035,0.010206896551724139,0.015,190451,121657,205147.0588235294
316832,169291,0.008551724137931035,0.010620689655172414,0.006,191267,163174,200719.42446043168
334299,176398,0.008551724137931035,0.010620689655172414,0.009,183610,145711,200719.42446043168
348218,149467,0.008551724137931035,0.010620689655172414,0.012,186629,131789,200719.42446043168
359821,145260,0.008551724137931035,0.010620689655172414,0.015,185366,120185,200719.42446043168
319608,176230,0.008551724137931035,0.011034482758620689,0.006,187508,160399,196478.87323943665
336455,171580,0.008551724137931035,0.011034482758620689,0.009,182844,143551,196478.87323943665
349998,174797,0.008551724137931035,0.011034482758620689,0.012,177902,130004,196478.87323943665
361369,154268,0.008551724137931035,0.011034482758620689,0.015,181031,118634,196478.87323943665
322027,181715,0.008551724137931035,0.011448275862068966,0.006,183919,157978,192413.79310344823
338392,169988,0.008551724137931035,0.011448275862068966,0.009,181274,141614,192413.79310344823
351664,169621,0.008551724137931035,0.011448275862068966,0.012,177708,128342,192413.79310344823
362664,160157,0.008551724137931035,0.011448275862068966,0.015,177767,117343,192413.79310344823
324508,179329,0.008551724137931035,0.01186206896551724,0.006,182120,155497,188513.51351351352
340338,193625,0.008551724137931035,0.01186206896551724,0.009,173707,139668,188513.51351351352
353304,175053,0.008551724137931035,0.01186206896551724,0.012,174519,126702,188513.51351351352
364046,163720,0.008551724137931035,0.01186206896551724,0.015,175293,115956,188513.51351351352
326884,213195,0.008551724137931035,0.012275862068965518,0.006,173569,153122,184768.2119205298
342363,200062,0.008551724137931035,0.012275862068965518,0.009,170477,137637,184768.2119205298
354929,184670,0.008551724137931035,0.012275862068965518,0.012,170394,125080,184768.2119205298
365446,177048,0.008551724137931035,0.012275862068965518,0.015,169873,114564,184768.2119205298
329208,221009,0.008551724137931035,0.012689655172413793,0.006,170127,150795,181168.83116883118
344274,195348,0.008551724137931035,0.012689655172413793,0.009,169772,135726,181168.83116883118
356456,189838,0.008551724137931035,0.012689655172413793,0.012,167512,123551,181168.83116883118
366683,190974,0.008551724137931035,0.012689655172413793,0.015,164495,113323,181168.83116883118
331468,205297,0.008551724137931035,0.01310344827586207,0.006,170729,148539,177707.00636942673
346153,210126,0.008551724137931035,0.01310344827586207,0.009,164608,133853,177707.00636942673
358029,190726,0.008551724137931035,0.01310344827586207,0.012,165752,121971,177707.00636942673
367948,203817,0.008551724137931035,0.01310344827586207,0.015,159470,112055,177707.00636942673
333680,220482,0.008551724137931035,0.013517241379310345,0.006,165888,146326,174375.00000000003
347884,201880,0.008551724137931035,0.013517241379310345,0.009,164754,132116,174375.00000000003
359418,201317,0.008551724137931035,0.013517241379310345,0.012,161515,120586,174375.00000000003
369196,198544,0.008551724137931035,0.013517241379310345,0.015,159572,110812,174375.00000000003
335925,214479,0.008551724137931035,0.01393103448275862,0.006,165016,144082,171165.64417177916
349619,223754,0.008551724137931035,0.01393103448275862,0.009,158192,130391,171165.64417177916
360986,218179,0.008551724137931035,0.01393103448275862,0.012,155734,119023,171165.64417177916
370545,214551,0.008551724137931035,0.01393103448275862,0.015,153859,109462,171165.64417177916
337864,247801,0.008551724137931035,0.014344827586206896,0.006,157253,142144,168072.2891566265
351212,228952,0.008551724137931035,0.014344827586206896,0.009,155332,128796,168072.2891566265
362322,221891,0.008551724137931035,0.014344827586206896,0.012,153263,117679,168072.2891566265
371633,209311,0.008551724137931035,0.014344827586206896,0.015,154159,108374,168072.2891566265
340006,239778,0.008551724137931035,0.014758620689655172,0.006,156891,139997,165088.75739644974
353002,226041,0.008551724137931035,0.014758620689655172,0.009,154575,127005,165088.75739644974
363736,212733,0.008551724137931035,0.014758620689655172,0.012,154324,116274,165088.75739644974
372834,214067,0.008551724137931035,0.014758620689655172,0.015,151523,107166,165088.75739644974
341903,250622,0.008551724137931035,0.015172413793103448,0.006,153283,138107,162209.30232558138
354494,232454,0.008551724137931035,0.015172413793103448,0.009,151577,125514,162209.30232558138
365009,221830,0.008551724137931035,0.015172413793103448,0.012,150704,114999,162209.30232558138
374002,214399,0.008551724137931035,0.015172413793103448,0.015,150345,106008,162209.30232558138
343735,247132,0.008551724137931035,0.015586206896551724,0.006,152203,136271,159428.57142857142
356040,237848,0.008551724137931035,0.015586206896551724,0.009,149038,123968,159428.57142857142
366340,228603,0.008551724137931035,0.015586206896551724,0.012,147612,113662,159428.57142857142
375069,236784,0.008551724137931035,0.015586206896551724,0.015,142974,104937,159428.57142857142
345579,269278,0.008551724137931035,0.016,0.006,146642,134427,156741.57303370786
357627,251810,0.008551724137931035,0.016,0.009,144642,122382,156741.57303370786
367687,237848,0.008551724137931035,0.016,0.012,144120,112323,156741.57303370786
376140,225653,0.008551724137931035,0.016,0.015,144948,103868,156741.57303370786
253123,15427,0.00896551724137931,0.004,0.006,283769,226881,311170.21276595746
284124,16358,0.00896551724137931,0.004,0.009,273510,195877,311170.21276595746
307618,15889,0.00896551724137931,0.004,0.012,266745,172382,311170.21276595746
326036,17677,0.00896551724137931,0.004,0.015,261175,153969,311170.21276595746
257849,23549,0.00896551724137931,0.004413793103448276,0.006,277347,222151,301546.3917525773
287694,22521,0.00896551724137931,0.004413793103448276,0.009,268093,192312,301546.3917525773
310336,23921,0.00896551724137931,0.004413793103448276,0.012,261272,169666,301546.3917525773
328316,23407,0.00896551724137931,0.004413793103448276,0.015,256779,151692,301546.3917525773
262569,38735,0.00896551724137931,0.004827586206896552,0.006,269416,217438,292500.0
291213,29434,0.00896551724137931,0.004827586206896552,0.009,262658,188794,292500.0
313096,29659,0.00896551724137931,0.004827586206896552,0.012,256572,166910,292500.0
330494,20518,0.00896551724137931,0.004827586206896552,0.015,255356,149509,292500.0
266897,43095,0.00896551724137931,0.005241379310344827,0.006,264105,213104,283980.58252427186
294512,39739,0.00896551724137931,0.005241379310344827,0.009,256474,185490,283980.58252427186
315740,30683,0.00896551724137931,0.005241379310344827,0.012,253466,164268,283980.58252427186
332610,39451,0.00896551724137931,0.005241379310344827,0.015,246450,147398,283980.58252427186
271217,50294,0.00896551724137931,0.005655172413793104,0.006,258316,208784,275943.3962264151
297733,38444,0.00896551724137931,0.005655172413793104,0.009,253452,182273,275943.3962264151
318255,49114,0.00896551724137931,0.005655172413793104,0.012,244988,161751,275943.3962264151
334660,38140,0.00896551724137931,0.005655172413793104,0.015,244657,145342,275943.3962264151
275309,68379,0.00896551724137931,0.006068965517241379,0.006,250391,204692,268348.62385321106
300842,48488,0.00896551724137931,0.006068965517241379,0.009,247628,179164,268348.62385321106
320839,47946,0.00896551724137931,0.006068965517241379,0.012,242770,159168,268348.62385321106
336772,42737,0.00896551724137931,0.006068965517241379,0.015,240882,143234,268348.62385321106
279365,82080,0.00896551724137931,0.006482758620689655,0.006,243717,200642,261160.7142857143
303880,57230,0.00896551724137931,0.006482758620689655,0.009,242133,176125,261160.7142857143
323133,53062,0.00896551724137931,0.006482758620689655,0.012,238638,156872,261160.7142857143
338710,49018,0.00896551724137931,0.006482758620689655,0.015,236603,141297,261160.7142857143
283142,95550,0.00896551724137931,0.006896551724137931,0.006,236978,196858,254347.82608695654
306954,77646,0.00896551724137931,0.006896551724137931,0.009,233781,173050,254347.82608695654
325464,67282,0.00896551724137931,0.006896551724137931,0.012,231949,154541,254347.82608695654
340492,55976,0.00896551724137931,0.006896551724137931,0.015,232250,139514,254347.82608695654
286692,103069,0.00896551724137931,0.007310344827586207,0.006,232032,193311,247881.35593220333
309727,85976,0.00896551724137931,0.007310344827586207,0.009,228817,170273,247881.35593220333
327855,82360,0.00896551724137931,0.007310344827586207,0.012,224961,152152,247881.35593220333
342425,64198,0.00896551724137931,0.007310344827586207,0.015,227441,137585,247881.35593220333
290230,103082,0.00896551724137931,0.007724137931034483,0.006,228576,189774,241735.53719008263
312381,89631,0.00896551724137931,0.007724137931034483,0.009,225161,167625,241735.53719008263
329995,82571,0.00896551724137931,0.007724137931034483,0.012,222704,150015,241735.53719008263
344106,88445,0.00896551724137931,0.007724137931034483,0.015,217648,135897,241735.53719008263
293636,99892,0.00896551724137931,0.008137931034482758,0.006,226092,186369,235887.09677419355
315087,116107,0.00896551724137931,0.008137931034482758,0.009,215778,164916,235887.09677419355
332187,108329,0.00896551724137931,0.008137931034482758,0.012,212877,147817,235887.09677419355
345893,94424,0.00896551724137931,0.008137931034482758,0.015,213878,134113,235887.09677419355
296989,120457,0.00896551724137931,0.008551724137931035,0.006,218772,183017,230314.9606299213
317669,116866,0.00896551724137931,0.008551724137931035,0.009,212942,162332,230314.9606299213
334256,105213,0.00896551724137931,0.008551724137931035,0.012,211706,145750,230314.9606299213
347600,96474,0.00896551724137931,0.008551724137931035,0.015,211354,132403,230314.9606299213
300062,133438,0.00896551724137931,0.00896551724137931,0.006,213039,179941,225000.0
320248,131199,0.00896551724137931,0.00896551724137931,0.009,206948,159759,225000.0
336225,111868,0.00896551724137931,0.00896551724137931,0.012,207710,143775,225000.0
349375,111686,0.00896551724137931,0.00896551724137931,0.015,204754,130628,225000.0
303283,150777,0.00896551724137931,0.009379310344827585,0.006,206693,176719,219924.8120300752
322630,130926,0.00896551724137931,0.009379310344827585,0.009,204718,157380,219924.8120300752
338110,121023,0.00896551724137931,0.009379310344827585,0.012,203086,141892,219924.8120300752
350954,117967,0.00896551724137931,0.009379310344827585,0.015,201054,129055,219924.8120300752
306092,138426,0.00896551724137931,0.009793103448275862,0.006,206346,173912,215073.5294117647
324990,154725,0.00896551724137931,0.009793103448275862,0.009,196600,155018,215073.5294117647
339990,125826,0.00896551724137931,0.009793103448275862,0.012,199845,140015,215073.5294117647
352462,118887,0.00896551724137931,0.009793103448275862,0.015,199111,127544,215073.5294117647
309011,158417,0.00896551724137931,0.010206896551724139,0.006,199784,170998,210431.654676259
327247,151581,0.00896551724137931,0.010206896551724139,0.009,195021,152762,210431.654676259
341875,145057,0.00896551724137931,0.010206896551724139,0.012,192464,138130,210431.654676259
354004,126669,0.00896551724137931,0.010206896551724139,0.015,195014,126004,210431.654676259
311740,169300,0.00896551724137931,0.010620689655172414,0.006,194958,168262,205985.91549295778
329496,149745,0.00896551724137931,0.010620689655172414,0.009,193280,150505,205985.91549295778
343703,149838,0.00896551724137931,0.010620689655172414,0.012,189348,136300,205985.91549295778
355550,138094,0.00896551724137931,0.010620689655172414,0.015,189929,124450,205985.91549295778
314376,185064,0.00896551724137931,0.011034482758620689,0.006,189770,165631,201724.1379310345
331570,168941,0.00896551724137931,0.011034482758620689,0.009,186585,148439,201724.1379310345
345445,162768,0.00896551724137931,0.011034482758620689,0.012,183999,134557,201724.1379310345
356988,141357,0.00896551724137931,0.011034482758620689,0.015,187439,123018,201724.1379310345
317057,183832,0.00896551724137931,0.011448275862068966,0.006,187324,162953,197635.1351351351
333583,166016,0.00896551724137931,0.011448275862068966,0.009,185531,146421,197635.1351351351
347264,172499,0.00896551724137931,0.011448275862068966,0.012,179647,132746,197635.1351351351
358473,150955,0.00896551724137931,0.011448275862068966,0.015,182999,121527,197635.1351351351
319523,179111,0.00896551724137931,0.01186206896551724,0.006,185995,160483,193708.60927152316
335765,182654,0.00896551724137931,0.01186206896551724,0.009,179436,144237,193708.60927152316
348840,169604,0.00896551724137931,0.01186206896551724,0.012,178835,131166,193708.60927152316
359926,168655,0.00896551724137931,0.01186206896551724,0.015,176255,120083,193708.60927152316
321942,180487,0.00896551724137931,0.012275862068965518,0.006,183282,158063,189935.0649350649
337747,190506,0.00896551724137931,0.012275862068965518,0.009,175857,142260,189935.0649350649
350582,173926,0.00896551724137931,0.012275862068965518,0.012,176047,129420,189935.0649350649
361199,174706,0.00896551724137931,0.012275862068965518,0.015,173096,118808,189935.0649350649
324307,206111,0.00896551724137931,0.012689655172413793,0.006,176445,155699,186305.73248407643
339676,197099,0.00896551724137931,0.012689655172413793,0.009,172485,140328,186305.73248407643
352136,187851,0.00896551724137931,0.012689655172413793,0.012,170728,127864,186305.73248407643
362542,183458,0.00896551724137931,0.012689655172413793,0.015,169187,117464,186305.73248407643
326630,206844,0.00896551724137931,0.01310344827586207,0.006,174339,153378,182812.5
341416,198432,0.00896551724137931,0.01310344827586207,0.009,170360,138589,182812.5
353599,185913,0.00896551724137931,0.01310344827586207,0.012,169693,126409,182812.5
363959,197974,0.00896551724137931,0.01310344827586207,0.015,163541,116048,182812.5
328961,225166,0.00896551724137931,0.013517241379310345,0.006,168873,151042,179447.8527607362
343267,198446,0.00896551724137931,0.013517241379310345,0.009,168784,136742,179447.8527607362
355174,208413,0.00896551724137931,0.013517241379310345,0.012,162524,124835,179447.8527607362
365111,190621,0.00896551724137931,0.013517241379310345,0.015,164363,114897,179447.8527607362
330999,207332,0.00896551724137931,0.01393103448275862,0.006,169909,149006,176204.81927710844
345123,219811,0.00896551724137931,0.01393103448275862,0.009,162305,134884,176204.81927710844
356615,204816,0.00896551724137931,0.01393103448275862,0.012,161914,123391,176204.81927710844
366484,198693,0.00896551724137931,0.01393103448275862,0.015,160789,113526,176204.81927710844
333225,227730,0.00896551724137931,0.014344827586206896,0.006,164593,146777,173076.9230769231
346743,221567,0.00896551724137931,0.014344827586206896,0.009,160132,133262,173076.9230769231
358087,208850,0.00896551724137931,0.014344827586206896,0.012,159462,121922,173076.9230769231
367619,198184,0.00896551724137931,0.014344827586206896,0.015,159782,112387,173076.9230769231
335180,240919,0.00896551724137931,0.014758620689655172,0.006,160632,144829,170058.13953488372
348424,211166,0.00896551724137931,0.014758620689655172,0.009,160986,131581,170058.13953488372
359480,211656,0.00896551724137931,0.014758620689655172,0.012,157342,120526,170058.13953488372
368827,212174,0.00896551724137931,0.014758620689655172,0.015,154527,111175,170058.13953488372
337143,232565,0.00896551724137931,0.015172413793103448,0.006,160049,142863,167142.85714285713
350078,216202,0.00896551724137931,0.015172413793103448,0.009,158201,129928,167142.85714285713
360973,222360,0.00896551724137931,0.015172413793103448,0.012,153360,119033,167142.85714285713
369973,209400,0.00896551724137931,0.015172413793103448,0.015,154156,110035,167142.85714285713
339084,230482,0.00896551724137931,0.015586206896551724,0.006,158406,140922,164325.8426966292
351707,220574,0.00896551724137931,0.015586206896551724,0.009,155758,128302,164325.8426966292
362283,230905,0.00896551724137931,0.015586206896551724,0.012,149930,117717,164325.8426966292
371177,221921,0.00896551724137931,0.015586206896551724,0.015,149605,108833,164325.8426966292
340957,220541,0.00896551724137931,0.016,0.006,158478,139049,161602.20994475135
353275,231096,0.00896551724137931,0.016,0.009,152005,126725,161602.20994475135
363527,226475,0.00896551724137931,0.016,0.012,149667,116479,161602.20994475135
372269,224565,0.00896551724137931,0.016,0.015,147632,107739,161602.20994475135
247586,14905,0.009379310344827585,0.004,0.006,287073,232418,315463.91752577317
278768,15319,0.009379310344827585,0.004,0.009,276485,201238,315463.91752577317
302520,16567,0.009379310344827585,0.004,0.012,268912,177485,315463.91752577317
321293,15296,0.009379310344827585,0.004,0.015,264110,158713,315463.91752577317
252461,26678,0.009379310344827585,0.004413793103448276,0.006,279775,227543,305999.99999999994
282389,16542,0.009379310344827585,0.004413793103448276,0.009,272511,197616,305999.99999999994
305490,18272,0.009379310344827585,0.004413793103448276,0.012,265455,174517,305999.99999999994
323690,21497,0.009379310344827585,0.004413793103448276,0.015,259522,156312,305999.99999999994
257190,29548,0.009379310344827585,0.004827586206896552,0.006,274657,222816,297087.3786407767
285978,30914,0.009379310344827585,0.004827586206896552,0.009,265063,194028,297087.3786407767
308123,23840,0.009379310344827585,0.004827586206896552,0.012,260847,171882,297087.3786407767
325777,24780,0.009379310344827585,0.004827586206896552,0.015,255929,154228,297087.3786407767
261552,41089,0.009379310344827585,0.005241379310344827,0.006,267888,218452,288679.2452830188
289343,41451,0.009379310344827585,0.005241379310344827,0.009,258731,190659,288679.2452830188
310791,32628,0.009379310344827585,0.005241379310344827,0.012,255297,169213,288679.2452830188
327959,31109,0.009379310344827585,0.005241379310344827,0.015,251449,152044,288679.2452830188
265841,42105,0.009379310344827585,0.005655172413793104,0.006,263638,214161,280733.9449541284
292721,45545,0.009379310344827585,0.005655172413793104,0.009,254388,187284,280733.9449541284
313420,37533,0.009379310344827585,0.005655172413793104,0.012,251015,166582,280733.9449541284
330055,37304,0.009379310344827585,0.005655172413793104,0.015,247109,149951,280733.9449541284
270035,68496,0.009379310344827585,0.006068965517241379,0.006,253677,209970,273214.2857142857
295864,56067,0.009379310344827585,0.006068965517241379,0.009,248357,184143,273214.2857142857
315891,48140,0.009379310344827585,0.006068965517241379,0.012,245230,164115,273214.2857142857
332085,39591,0.009379310344827585,0.006068965517241379,0.015,244130,147917,273214.2857142857
273946,78057,0.009379310344827585,0.006482758620689655,0.006,248024,206055,266086.95652173914
298957,57454,0.009379310344827585,0.006482758620689655,0.009,245134,181050,266086.95652173914
318317,56826,0.009379310344827585,0.006482758620689655,0.012,240072,161685,266086.95652173914
334041,51530,0.009379310344827585,0.006482758620689655,0.015,237926,145966,266086.95652173914
277792,76582,0.009379310344827585,0.006896551724137931,0.006,244709,202214,259322.03389830506
301868,71776,0.009379310344827585,0.006896551724137931,0.009,238255,178138,259322.03389830506
320682,66726,0.009379310344827585,0.006896551724137931,0.012,234625,159321,259322.03389830506
335951,54265,0.009379310344827585,0.006896551724137931,0.015,234985,144054,259322.03389830506
281529,99615,0.009379310344827585,0.007310344827586207,0.006,236371,198471,252892.56198347104
304685,84415,0.009379310344827585,0.007310344827586207,0.009,232183,175321,252892.56198347104
323067,71651,0.009379310344827585,0.007310344827586207,0.012,230791,156942,252892.56198347104
337873,56876,0.009379310344827585,0.007310344827586207,0.015,232012,142133,252892.56198347104
285047,117902,0.009379310344827585,0.007724137931034483,0.006,229143,194959,246774.19354838703
307500,83150,0.009379310344827585,0.007724137931034483,0.009,229667,172507,246774.19354838703
325350,85040,0.009379310344827585,0.007724137931034483,0.012,224626,154657,246774.19354838703
339738,69810,0.009379310344827585,0.007724137931034483,0.015,225924,140271,246774.19354838703
288465,113605,0.009379310344827585,0.008137931034482758,0.006,226699,191536,240944.88188976378
310212,100429,0.009379310344827585,0.008137931034482758,0.009,222681,169797,240944.88188976378
327388,88827,0.009379310344827585,0.008137931034482758,0.012,221181,152619,240944.88188976378
341530,82714,0.009379310344827585,0.008137931034482758,0.015,219888,138478,240944.88188976378
291798,112176,0.009379310344827585,0.008551724137931035,0.006,224008,188204,235384.6153846154
312874,108391,0.009379310344827585,0.008551724137931035,0.009,218138,167128,235384.6153846154
329480,100487,0.009379310344827585,0.008551724137931035,0.012,215640,150523,235384.6153846154
343233,87865,0.009379310344827585,0.008551724137931035,0.015,216323,136770,235384.6153846154
294969,139639,0.009379310344827585,0.00896551724137931,0.006,215604,185035,230075.1879699248
315377,121535,0.009379310344827585,0.00896551724137931,0.009,212313,164630,230075.1879699248
331558,105629,0.009379310344827585,0.00896551724137931,0.012,212040,148443,230075.1879699248
344948,105106,0.009379310344827585,0.00896551724137931,0.015,209180,135054,230075.1879699248
298064,148440,0.009379310344827585,0.009379310344827585,0.006,210786,181941,225000.0
317809,132892,0.009379310344827585,0.009379310344827585,0.009,207303,162197,225000.0
333649,125187,0.009379310344827585,0.009379310344827585,0.012,204622,146361,225000.0
346559,110224,0.009379310344827585,0.009379310344827585,0.015,205820,133445,225000.0
301166,140953,0.009379310344827585,0.009793103448275862,0.006,209581,178841,220143.88489208632
320212,131661,0.009379310344827585,0.009793103448275862,0.009,205192,159795,220143.88489208632
335622,119914,0.009379310344827585,0.009793103448275862,0.012,204159,144381,220143.88489208632
348197,114168,0.009379310344827585,0.009793103448275862,0.015,202821,131809,220143.88489208632
303947,139765,0.009379310344827585,0.010206896551724139,0.006,207085,176057,215492.95774647887
322429,154434,0.009379310344827585,0.010206896551724139,0.009,197448,157576,215492.95774647887
337380,131823,0.009379310344827585,0.010206896551724139,0.012,198824,142628,215492.95774647887
349845,120595,0.009379310344827585,0.010206896551724139,0.015,199293,130160,215492.95774647887
306859,159980,0.009379310344827585,0.010620689655172414,0.006,200433,173148,211034.48275862067
324677,144045,0.009379310344827585,0.010620689655172414,0.009,197858,155328,211034.48275862067
339255,136542,0.009379310344827585,0.010620689655172414,0.012,195741,140751,211034.48275862067
351309,134023,0.009379310344827585,0.010620689655172414,0.015,193559,128699,211034.48275862067
309540,173522,0.009379310344827585,0.011034482758620689,0.006,195579,170468,206756.75675675675
326905,144040,0.009379310344827585,0.011034482758620689,0.009,195636,153095,206756.75675675675
341089,158410,0.009379310344827585,0.011034482758620689,0.012,187972,138911,206756.75675675675
352871,145313,0.009379310344827585,0.011034482758620689,0.015,188559,127129,206756.75675675675
312136,177456,0.009379310344827585,0.011448275862068966,0.006,192173,167870,202649.00662251652
329016,164044,0.009379310344827585,0.011448275862068966,0.009,189059,150992,202649.00662251652
342893,169626,0.009379310344827585,0.011448275862068966,0.012,183293,137116,202649.00662251652
354283,158052,0.009379310344827585,0.011448275862068966,0.015,183280,125723,202649.00662251652
314658,175587,0.009379310344827585,0.01186206896551724,0.006,190147,165348,198701.29870129869
331053,160848,0.009379310344827585,0.01186206896551724,0.009,187677,148952,198701.29870129869
344462,149308,0.009379310344827585,0.01186206896551724,0.012,187024,135544,198701.29870129869
355717,163652,0.009379310344827585,0.01186206896551724,0.015,180075,124289,198701.29870129869
317125,198440,0.009379310344827585,0.012275862068965518,0.006,183662,162880,194904.45859872608
333063,182673,0.009379310344827585,0.012275862068965518,0.009,180879,146942,194904.45859872608
346208,169006,0.009379310344827585,0.012275862068965518,0.012,180035,133792,194904.45859872608
357213,161999,0.009379310344827585,0.012275862068965518,0.015,179249,122797,194904.45859872608
319543,174617,0.009379310344827585,0.012689655172413793,0.006,185790,160463,191250.0
335049,177040,0.009379310344827585,0.012689655172413793,0.009,180292,144959,191250.0
347760,161162,0.009379310344827585,0.012689655172413793,0.012,180527,132246,191250.0
358534,168321,0.009379310344827585,0.012689655172413793,0.015,176001,121466,191250.0
321972,218364,0.009379310344827585,0.01310344827586207,0.006,175782,158035,187730.06134969322
336952,182053,0.009379310344827585,0.01310344827586207,0.009,177144,143054,187730.06134969322
349396,196507,0.009379310344827585,0.01310344827586207,0.012,169685,130610,187730.06134969322
359835,179786,0.009379310344827585,0.01310344827586207,0.015,171266,120171,187730.06134969322
324107,212125,0.009379310344827585,0.013517241379310345,0.006,174776,155894,184337.34939759035
338806,191602,0.009379310344827585,0.013517241379310345,0.009,173447,141200,184337.34939759035
351003,189297,0.009379310344827585,0.013517241379310345,0.012,170181,128997,184337.34939759035
361186,182640,0.009379310344827585,0.013517241379310345,0.015,169191,118814,184337.34939759035
326385,211703,0.009379310344827585,0.01393103448275862,0.006,172970,153624,181065.08875739644
340659,212751,0.009379310344827585,0.01393103448275862,0.009,167110,139351,181065.08875739644
352479,190803,0.009379310344827585,0.01393103448275862,0.012,168263,127529,181065.08875739644
362433,193523,0.009379310344827585,0.01393103448275862,0.015,164701,117573,181065.08875739644
328464,196007,0.009379310344827585,0.014344827586206896,0.006,173724,151541,177906.97674418602
342358,206159,0.009379310344827585,0.014344827586206896,0.009,166667,137648,177906.97674418602
353940,199698,0.009379310344827585,0.014344827586206896,0.012,164458,126061,177906.97674418602
363688,205786,0.009379310344827585,0.014344827586206896,0.015,160079,116318,177906.97674418602
330523,218670,0.009379310344827585,0.014758620689655172,0.006,167929,149480,174857.14285714284
344042,209754,0.009379310344827585,0.014758620689655172,0.009,164250,135965,174857.14285714284
355427,200029,0.009379310344827585,0.014758620689655172,0.012,163099,124573,174857.14285714284
365025,200110,0.009379310344827585,0.014758620689655172,0.015,160332,114979,174857.14285714284
332549,220890,0.009379310344827585,0.015172413793103448,0.006,165560,147452,171910.11235955052
345805,214268,0.009379310344827585,0.015172413793103448,0.009,161834,134205,171910.11235955052
356774,213017,0.009379310344827585,0.015172413793103448,0.012,158546,123232,171910.11235955052
366114,207729,0.009379310344827585,0.015172413793103448,0.015,157150,113892,171910.11235955052
334639,239280,0.009379310344827585,0.015586206896551724,0.006,160697,145369,169060.77348066296
347508,214306,0.009379310344827585,0.015586206896551724,0.009,160297,132498,169060.77348066296
358184,221697,0.009379310344827585,0.015586206896551724,0.012,155045,121825,169060.77348066296
367337,223218,0.009379310344827585,0.015586206896551724,0.015,151723,112673,169060.77348066296
336435,232175,0.009379310344827585,0.016,0.006,160191,143573,166304.34782608692
348953,228002,0.009379310344827585,0.016,0.009,155960,131053,166304.34782608692
359495,216718,0.009379310344827585,0.016,0.012,154902,120508,166304.34782608692
368443,219442,0.009379310344827585,0.016,0.015,151548,111565,166304.34782608692
242465,15334,0.009793103448275862,0.004,0.006,290094,237536,319500.0
273714,14319,0.009793103448275862,0.004,0.009,279407,206287,319500.0
297792,11452,0.009793103448275862,0.004,0.012,272831,182215,319500.0
316679,14992,0.009793103448275862,0.004,0.015,266226,163327,319500.0
247240,17514,0.009793103448275862,0.004413793103448276,0.006,285084,232763,310194.17475728155
277377,18394,0.009793103448275862,0.004413793103448276,0.009,274746,202624,310194.17475728155
300634,19371,0.009793103448275862,0.004413793103448276,0.012,267377,179373,310194.17475728155
319042,18198,0.009793103448275862,0.004413793103448276,0.015,262725,160958,310194.17475728155
251940,29631,0.009793103448275862,0.004827586206896552,0.006,277866,228064,301415.09433962265
280890,22139,0.009793103448275862,0.004827586206896552,0.009,270177,199114,301415.09433962265
303418,21365,0.009793103448275862,0.004827586206896552,0.012,263872,176582,301415.09433962265
321251,19864,0.009793103448275862,0.004827586206896552,0.015,259756,158755,301415.09433962265
256399,42558,0.009793103448275862,0.005241379310344827,0.006,270733,223605,293119.2660550459
284420,28664,0.009793103448275862,0.005241379310344827,0.009,265041,195580,293119.2660550459
306093,31955,0.009793103448275862,0.005241379310344827,0.012,257804,173907,293119.2660550459
323416,23175,0.009793103448275862,0.005241379310344827,0.015,256166,156589,293119.2660550459
260710,47092,0.009793103448275862,0.005655172413793104,0.006,265658,219294,285267.8571428571
287640,35245,0.009793103448275862,0.005655172413793104,0.009,259965,192361,285267.8571428571
308787,29453,0.009793103448275862,0.005655172413793104,0.012,255893,171216,285267.8571428571
325553,31942,0.009793103448275862,0.005655172413793104,0.015,250922,154449,285267.8571428571
265021,51259,0.009793103448275862,0.006068965517241379,0.006,260832,214983,277826.0869565217
290893,49842,0.009793103448275862,0.006068965517241379,0.009,252946,189113,277826.0869565217
311332,48298,0.009793103448275862,0.006068965517241379,0.012,247596,168670,277826.0869565217
327604,37984,0.009793103448275862,0.006068965517241379,0.015,246720,152399,277826.0869565217
268934,65800,0.009793103448275862,0.006482758620689655,0.006,253822,211069,270762.71186440677
294016,67509,0.009793103448275862,0.006482758620689655,0.009,245109,185984,270762.71186440677
313671,53883,0.009793103448275862,0.006482758620689655,0.012,243434,166334,270762.71186440677
329641,50727,0.009793103448275862,0.006482758620689655,0.015,240387,150365,270762.71186440677
272713,75420,0.009793103448275862,0.006896551724137931,0.006,248194,207291,264049.58677685953
296988,55898,0.009793103448275862,0.006896551724137931,0.009,245335,183020,264049.58677685953
316096,47088,0.009793103448275862,0.006896551724137931,0.012,242842,163907,264049.58677685953
331679,48101,0.009793103448275862,0.006896551724137931,0.015,239082,148330,264049.58677685953
276455,87118,0.009793103448275862,0.007310344827586207,0.006,242267,203546,257661.29032258064
299933,74274,0.009793103448275862,0.007310344827586207,0.009,237641,180067,257661.29032258064
318392,65827,0.009793103448275862,0.007310344827586207,0.012,235021,161613,257661.29032258064
333482,62174,0.009793103448275862,0.007310344827586207,0.015,232521,146521,257661.29032258064
280031,86860,0.009793103448275862,0.007724137931034483,0.006,239062,199974,251574.80314960628
302642,74103,0.009793103448275862,0.007724137931034483,0.009,234966,177362,251574.80314960628
320676,77805,0.009793103448275862,0.007724137931034483,0.012,229102,159325,251574.80314960628
335429,63531,0.009793103448275862,0.007724137931034483,0.015,230045,144580,251574.80314960628
283554,113488,0.009793103448275862,0.008137931034482758,0.006,230275,196452,245769.2307692308
305409,94871,0.009793103448275862,0.008137931034482758,0.009,227047,174597,245769.2307692308
322887,75266,0.009793103448275862,0.008137931034482758,0.012,227659,157119,245769.2307692308
337185,84488,0.009793103448275862,0.008137931034482758,0.015,221480,142820,245769.2307692308
286809,108839,0.009793103448275862,0.008551724137931035,0.006,228072,193195,240225.56390977444
308042,104284,0.009793103448275862,0.008551724137931035,0.009,222066,171964,240225.56390977444
325006,86723,0.009793103448275862,0.008551724137931035,0.012,222112,154995,240225.56390977444
339077,90066,0.009793103448275862,0.008551724137931035,0.015,217832,140926,240225.56390977444
290050,128378,0.009793103448275862,0.00896551724137931,0.006,221316,189955,234926.4705882353
310581,119347,0.009793103448275862,0.00896551724137931,0.009,215898,169425,234926.4705882353
327105,97678,0.009793103448275862,0.00896551724137931,0.012,216949,152901,234926.4705882353
340750,90555,0.009793103448275862,0.00896551724137931,0.015,215892,139250,234926.4705882353
293163,124619,0.009793103448275862,0.009379310344827585,0.006,219124,186839,229856.11510791368
313120,122683,0.009793103448275862,0.009379310344827585,0.009,212670,166880,229856.11510791368
329115,107822,0.009793103448275862,0.009379310344827585,0.012,211979,150886,229856.11510791368
342387,110146,0.009793103448275862,0.009379310344827585,0.015,208033,137619,229856.11510791368
296233,155412,0.009793103448275862,0.009793103448275862,0.006,210185,183769,225000.0
315510,124428,0.009793103448275862,0.009793103448275862,0.009,209983,164491,225000.0
331109,124744,0.009793103448275862,0.009793103448275862,0.012,205280,148896,225000.0
344034,110229,0.009793103448275862,0.009793103448275862,0.015,206317,135972,225000.0
299116,132941,0.009793103448275862,0.010206896551724139,0.006,211703,180890,220344.8275862069
317805,133505,0.009793103448275862,0.010206896551724139,0.009,205615,162198,220344.8275862069
333154,123307,0.009793103448275862,0.010206896551724139,0.012,203783,146849,220344.8275862069
345641,109544,0.009793103448275862,0.010206896551724139,0.015,204847,134365,220344.8275862069
301936,171665,0.009793103448275862,0.010620689655172414,0.006,201874,178067,215878.3783783784
320149,147899,0.009793103448275862,0.010620689655172414,0.009,199887,159860,215878.3783783784
334911,138878,0.009793103448275862,0.010620689655172414,0.012,197751,145093,215878.3783783784
347204,122146,0.009793103448275862,0.010620689655172414,0.015,199395,132802,215878.3783783784
304807,156327,0.009793103448275862,0.011034482758620689,0.006,202280,175200,211589.40397350994
322310,160974,0.009793103448275862,0.011034482758620689,0.009,194784,157696,211589.40397350994
336820,141274,0.009793103448275862,0.011034482758620689,0.012,195297,143190,211589.40397350994
348727,131169,0.009793103448275862,0.011034482758620689,0.015,195088,131281,211589.40397350994
307441,153164,0.009793103448275862,0.011448275862068966,0.006,200186,172566,207467.53246753247
324614,170666,0.009793103448275862,0.011448275862068966,0.009,190497,155390,207467.53246753247
338540,145773,0.009793103448275862,0.011448275862068966,0.012,192253,141468,207467.53246753247
350251,140548,0.009793103448275862,0.011448275862068966,0.015,190766,129757,207467.53246753247
309933,179883,0.009793103448275862,0.01186206896551724,0.006,192933,170073,203503.18471337578
326698,175403,0.009793103448275862,0.01186206896551724,0.009,187331,153309,203503.18471337578
340266,163812,0.009793103448275862,0.01186206896551724,0.012,185839,139739,203503.18471337578
351768,141147,0.009793103448275862,0.01186206896551724,0.015,189127,128242,203503.18471337578
312447,191569,0.009793103448275862,0.012275862068965518,0.006,188487,167558,199687.49999999997
328757,174500,0.009793103448275862,0.012275862068965518,0.009,185763,151246,199687.49999999997
342060,157912,0.009793103448275862,0.012275862068965518,0.012,185613,137942,199687.49999999997
353108,157273,0.009793103448275862,0.012275862068965518,0.015,182964,126900,199687.49999999997
314885,171172,0.009793103448275862,0.012689655172413793,0.006,189883,165121,196012.2699386503
330600,178581,0.009793103448275862,0.012689655172413793,0.009,182881,149402,196012.2699386503
343601,174887,0.009793103448275862,0.012689655172413793,0.012,179563,136407,196012.2699386503
354539,163033,0.009793103448275862,0.012689655172413793,0.015,179887,125467,196012.2699386503
317361,183221,0.009793103448275862,0.01310344827586207,0.006,185580,162646,192469.8795180723
332573,181111,0.009793103448275862,0.01310344827586207,0.009,180535,147432,192469.8795180723
345310,168509,0.009793103448275862,0.01310344827586207,0.012,179636,134699,192469.8795180723
356004,167986,0.009793103448275862,0.01310344827586207,0.015,177123,123999,192469.8795180723
319529,199454,0.009793103448275862,0.013517241379310345,0.006,180489,160478,189053.25443786982
334497,192903,0.009793103448275862,0.013517241379310345,0.009,176010,145506,189053.25443786982
346812,188590,0.009793103448275862,0.013517241379310345,0.012,173041,133190,189053.25443786982
357269,182341,0.009793103448275862,0.013517241379310345,0.015,171629,122740,189053.25443786982
321908,211347,0.009793103448275862,0.01393103448275862,0.006,176653,158099,185755.8139534884
336284,200576,0.009793103448275862,0.01393103448275862,0.009,172771,143721,185755.8139534884
348405,183631,0.009793103448275862,0.01393103448275862,0.012,172677,131604,185755.8139534884
358553,186779,0.009793103448275862,0.01393103448275862,0.015,169132,121450,185755.8139534884
323977,191738,0.009793103448275862,0.014344827586206896,0.006,177846,156030,182571.42857142858
338083,204193,0.009793103448275862,0.014344827586206896,0.009,170353,141923,182571.42857142858
349854,203715,0.009793103448275862,0.014344827586206896,0.012,166257,130154,182571.42857142858
359861,185397,0.009793103448275862,0.014344827586206896,0.015,168170,120142,182571.42857142858
326076,233002,0.009793103448275862,0.014758620689655172,0.006,168919,153930,179494.38202247192
339831,199631,0.009793103448275862,0.014758620689655172,0.009,169582,140172,179494.38202247192
351339,191969,0.009793103448275862,0.014758620689655172,0.012,167822,128667,179494.38202247192
361108,190839,0.009793103448275862,0.014758620689655172,0.015,165361,118901,179494.38202247192
328153,221172,0.009793103448275862,0.015172413793103448,0.006,169131,151855,176519.33701657457
341559,199113,0.009793103448275862,0.015172413793103448,0.009,167969,138449,176519.33701657457
352859,216670,0.009793103448275862,0.015172413793103448,0.012,160208,127151,176519.33701657457
362317,200896,0.009793103448275862,0.015172413793103448,0.015,161373,117691,176519.33701657457
330132,222406,0.009793103448275862,0.015586206896551724,0.006,166976,149874,173641.3043478261
343282,220342,0.009793103448275862,0.015586206896551724,0.009,161985,136727,173641.3043478261
354165,215570,0.009793103448275862,0.015586206896551724,0.012,159117,125839,173641.3043478261
363538,197031,0.009793103448275862,0.015586206896551724,0.015,161225,116468,173641.3043478261
332065,240447,0.009793103448275862,0.016,0.006,162283,147943,170855.614973262
344803,207664,0.009793103448275862,0.016,0.009,163115,135203,170855.614973262
355568,216478,0.009793103448275862,0.016,0.012,157592,124438,170855.614973262
364716,214238,0.009793103448275862,0.016,0.015,155345,115287,170855.614973262
237398,13746,0.010206896551724139,0.004,0.006,293477,242604,323300.9708737864
268766,10595,0.010206896551724139,0.004,0.009,283105,211238,323300.9708737864
293061,12515,0.010206896551724139,0.004,0.012,274768,186939,323300.9708737864
312174,13469,0.010206896551724139,0.004,0.015,268794,167830,323300.9708737864
242418,18965,0.010206896551724139,0.004413793103448276,0.006,287779,237587,314150.9433962264
272537,20476,0.010206896551724139,0.004413793103448276,0.009,276670,207469,314150.9433962264
295953,20681,0.010206896551724139,0.004413793103448276,0.012,269306,184054,314150.9433962264
314631,13389,0.010206896551724139,0.004413793103448276,0.015,266339,165370,314150.9433962264
247022,23787,0.010206896551724139,0.004827586206896552,0.006,282320,232979,305504.58715596335
276134,20687,0.010206896551724139,0.004827586206896552,0.009,273282,203866,305504.58715596335
298694,25423,0.010206896551724139,0.004827586206896552,0.012,264931,181311,305504.58715596335
316829,19583,0.010206896551724139,0.004827586206896552,0.015,261736,163177,305504.58715596335
251492,30430,0.010206896551724139,0.005241379310344827,0.006,276498,228507,297321.4285714286
279574,27110,0.010206896551724139,0.005241379310344827,0.009,268078,200431,297321.4285714286
301422,23274,0.010206896551724139,0.005241379310344827,0.012,262826,178583,297321.4285714286
319019,25456,0.010206896551724139,0.005241379310344827,0.015,257489,160986,297321.4285714286
255767,49765,0.010206896551724139,0.005655172413793104,0.006,268364,224236,289565.2173913043
282858,30850,0.010206896551724139,0.005655172413793104,0.009,263837,197147,289565.2173913043
304094,26465,0.010206896551724139,0.005655172413793104,0.012,259112,175906,289565.2173913043
321224,23485,0.010206896551724139,0.005655172413793104,0.015,255804,158776,289565.2173913043
260102,40041,0.010206896551724139,0.006068965517241379,0.006,266374,219900,282203.3898305085
286168,46355,0.010206896551724139,0.006068965517241379,0.009,256476,193832,282203.3898305085
306781,34074,0.010206896551724139,0.006068965517241379,0.012,254225,173224,282203.3898305085
323396,29607,0.010206896551724139,0.006068965517241379,0.015,251467,156607,282203.3898305085
264114,66569,0.010206896551724139,0.006482758620689655,0.006,256970,215890,275206.611570248
289273,53041,0.010206896551724139,0.006482758620689655,0.009,251696,190727,275206.611570248
309146,43332,0.010206896551724139,0.006482758620689655,0.012,248851,170859,275206.611570248
325451,46622,0.010206896551724139,0.006482758620689655,0.015,243822,154554,275206.611570248
267843,64281,0.010206896551724139,0.006896551724137931,0.006,253885,212156,268548.3870967742
292211,66136,0.010206896551724139,0.006896551724137931,0.009,245385,187792,268548.3870967742
311580,47242,0.010206896551724139,0.006896551724137931,0.012,245238,168426,268548.3870967742
327338,48111,0.010206896551724139,0.006896551724137931,0.015,241179,152665,268548.3870967742
271672,75229,0.010206896551724139,0.007310344827586207,0.006,247979,208328,262204.7244094488
295157,62313,0.010206896551724139,0.007310344827586207,0.009,243568,184844,262204.7244094488
313969,58084,0.010206896551724139,0.007310344827586207,0.012,239692,166038,262204.7244094488
329309,56081,0.010206896551724139,0.007310344827586207,0.015,236579,150700,262204.7244094488
275245,87229,0.010206896551724139,0.007724137931034483,0.006,242280,204760,256153.84615384613
297985,85284,0.010206896551724139,0.007724137931034483,0.009,234918,182019,256153.84615384613
316232,61363,0.010206896551724139,0.007724137931034483,0.012,236395,163769,256153.84615384613
331198,69346,0.010206896551724139,0.007724137931034483,0.015,230347,148802,256153.84615384613
278760,108740,0.010206896551724139,0.008137931034482758,0.006,234682,201247,250375.93984962406
300740,87450,0.010206896551724139,0.008137931034482758,0.009,231740,179261,250375.93984962406
318450,76133,0.010206896551724139,0.008137931034482758,0.012,229874,161556,250375.93984962406
333087,81571,0.010206896551724139,0.008137931034482758,0.015,224646,146922,250375.93984962406
282009,111424,0.010206896551724139,0.008551724137931035,0.006,230916,197994,244852.94117647057
303445,90686,0.010206896551724139,0.008551724137931035,0.009,228342,176557,244852.94117647057
320665,83031,0.010206896551724139,0.008551724137931035,0.012,225712,159336,244852.94117647057
334817,73163,0.010206896551724139,0.008551724137931035,0.015,225341,145189,244852.94117647057
285270,121137,0.010206896551724139,0.00896551724137931,0.006,226054,194734,239568.345323741
306041,104238,0.010206896551724139,0.00896551724137931,0.009,222414,173961,239568.345323741
322821,91073,0.010206896551724139,0.00896551724137931,0.012,221240,157179,239568.345323741
336666,83650,0.010206896551724139,0.00896551724137931,0.015,220149,143341,239568.345323741
288456,133212,0.010206896551724139,0.009379310344827585,0.006,220761,191545,234507.04225352113
308529,121481,0.010206896551724139,0.009379310344827585,0.009,215975,171475,234507.04225352113
324817,106261,0.010206896551724139,0.009379310344827585,0.012,214973,155188,234507.04225352113
338313,98430,0.010206896551724139,0.009379310344827585,0.015,213842,141697,234507.04225352113
291506,127345,0.010206896551724139,0.009793103448275862,0.006,219160,188496,229655.1724137931
311001,119626,0.010206896551724139,0.009793103448275862,0.009,214122,169005,229655.1724137931
326936,109118,0.010206896551724139,0.009793103448275862,0.012,212224,153071,229655.1724137931
339957,105742,0.010206896551724139,0.009793103448275862,0.015,209966,140048,229655.1724137931
294428,148138,0.010206896551724139,0.010206896551724139,0.006,212509,185577,225000.0
313408,127788,0.010206896551724139,0.010206896551724139,0.009,209843,166594,225000.0
328780,124192,0.010206896551724139,0.010206896551724139,0.012,206185,151224,225000.0
341707,120891,0.010206896551724139,0.010206896551724139,0.015,203713,138300,225000.0
297295,166275,0.010206896551724139,0.010620689655172414,0.006,206461,182710,220529.80132450332
315680,142593,0.010206896551724139,0.010620689655172414,0.009,204195,164326,220529.80132450332
330681,132268,0.010206896551724139,0.010620689655172414,0.012,202121,149322,220529.80132450332
343195,122889,0.010206896551724139,0.010620689655172414,0.015,201537,136811,220529.80132450332
300197,153731,0.010206896551724139,0.011034482758620689,0.006,206081,179809,216233.76623376628
318033,146711,0.010206896551724139,0.011034482758620689,0.009,201186,161969,216233.76623376628
332538,134247,0.010206896551724139,0.011034482758620689,0.012,199682,147470,216233.76623376628
344755,116909,0.010206896551724139,0.011034482758620689,0.015,201618,135251,216233.76623376628
302748,150444,0.010206896551724139,0.011448275862068966,0.006,204113,177257,212101.91082802543
320193,157055,0.010206896551724139,0.011448275862068966,0.009,196646,159807,212101.91082802543
334353,149863,0.010206896551724139,0.011448275862068966,0.012,193804,145655,212101.91082802543
346322,131637,0.010206896551724139,0.011448275862068966,0.015,195638,133687,212101.91082802543
305503,174514,0.010206896551724139,0.01186206896551724,0.006,197504,174500,208124.99999999997
322310,160125,0.010206896551724139,0.01186206896551724,0.009,193772,157690,208124.99999999997
336140,147195,0.010206896551724139,0.01186206896551724,0.012,192801,143867,208124.99999999997
347870,133540,0.010206896551724139,0.01186206896551724,0.015,193654,132131,208124.99999999997
307981,171194,0.010206896551724139,0.012275862068965518,0.006,195660,172019,204294.47852760734
324294,154898,0.010206896551724139,0.012275862068965518,0.009,193121,155707,204294.47852760734
337903,152676,0.010206896551724139,0.012275862068965518,0.012,189623,142106,204294.47852760734
349237,140054,0.010206896551724139,0.012275862068965518,0.015,190158,130768,204294.47852760734
310358,193796,0.010206896551724139,0.012689655172413793,0.006,189334,169648,200602.40963855427
326344,155832,0.010206896551724139,0.012689655172413793,0.009,190947,153662,200602.40963855427
339534,158459,0.010206896551724139,0.012689655172413793,0.012,186437,140468,200602.40963855427
350765,158747,0.010206896551724139,0.012689655172413793,0.015,183431,129242,200602.40963855427
312803,176377,0.010206896551724139,0.01310344827586207,0.006,190164,167205,197041.42011834317
328280,169613,0.010206896551724139,0.01310344827586207,0.009,186075,151722,197041.42011834317
341186,173010,0.010206896551724139,0.01310344827586207,0.012,181180,138819,197041.42011834317
352030,158538,0.010206896551724139,0.01310344827586207,0.015,182034,127977,197041.42011834317
315089,189711,0.010206896551724139,0.013517241379310345,0.006,185708,164912,193604.65116279072
330295,197293,0.010206896551724139,0.013517241379310345,0.009,178261,149713,193604.65116279072
342808,177017,0.010206896551724139,0.013517241379310345,0.012,178605,137195,193604.65116279072
353433,174416,0.010206896551724139,0.013517241379310345,0.015,176261,126570,193604.65116279072
317488,193963,0.010206896551724139,0.01393103448275862,0.006,182998,162518,190285.7142857143
332151,202087,0.010206896551724139,0.01393103448275862,0.009,175454,147849,190285.7142857143
344396,181326,0.010206896551724139,0.01393103448275862,0.012,175944,135607,190285.7142857143
354769,176607,0.010206896551724139,0.01393103448275862,0.015,174233,125237,190285.7142857143
319642,193867,0.010206896551724139,0.014344827586206896,0.006,180822,160367,187078.65168539324
333977,198286,0.010206896551724139,0.014344827586206896,0.009,174402,146023,187078.65168539324
345906,194301,0.010206896551724139,0.014344827586206896,0.012,171300,134099,187078.65168539324
356113,175907,0.010206896551724139,0.014344827586206896,0.015,173163,123894,187078.65168539324
321795,211911,0.010206896551724139,0.014758620689655172,0.006,175829,158214,183977.9005524862
335707,208326,0.010206896551724139,0.014758620689655172,0.009,170692,144296,183977.9005524862
347395,186615,0.010206896551724139,0.014758620689655172,0.012,171592,132609,183977.9005524862
357333,189653,0.010206896551724139,0.014758620689655172,0.015,168030,122669,183977.9005524862
323913,205167,0.010206896551724139,0.015172413793103448,0.006,175088,156089,180978.2608695652
337431,203712,0.010206896551724139,0.015172413793103448,0.009,170133,142574,180978.2608695652
348968,182957,0.010206896551724139,0.015172413793103448,0.012,171122,131034,180978.2608695652
358691,192758,0.010206896551724139,0.015172413793103448,0.015,165899,121317,180978.2608695652
325814,224038,0.010206896551724139,0.015586206896551724,0.006,170220,154191,178074.86631016043
339235,197316,0.010206896551724139,0.015586206896551724,0.009,169688,140772,178074.86631016043
350315,200347,0.010206896551724139,0.015586206896551724,0.012,165526,129691,178074.86631016043
359820,198154,0.010206896551724139,0.015586206896551724,0.015,163253,120187,178074.86631016043
327800,218740,0.010206896551724139,0.016,0.006,168987,152207,175263.15789473683
340797,209176,0.010206896551724139,0.016,0.009,165782,139206,175263.15789473683
351815,213824,0.010206896551724139,0.016,0.012,160834,128192,175263.15789473683
361099,199679,0.010206896551724139,0.016,0.015,161590,118911,175263.15789473683
232634,12784,0.010620689655172414,0.004,0.006,296623,247366,326886.7924528302
264062,9208,0.010620689655172414,0.004,0.009,285933,215940,326886.7924528302
288508,11150,0.010620689655172414,0.004,0.012,277395,191492,326886.7924528302
307849,12107,0.010620689655172414,0.004,0.015,271211,172153,326886.7924528302
237581,17406,0.010620689655172414,0.004413793103448276,0.006,291052,242419,317889.90825688076
267914,14411,0.010620689655172414,0.004413793103448276,0.009,280866,212086,317889.90825688076
291352,14010,0.010620689655172414,0.004413793103448276,0.012,273479,188651,317889.90825688076
310259,16473,0.010620689655172414,0.004413793103448276,0.015,267250,169749,317889.90825688076
242247,22145,0.010620689655172414,0.004827586206896552,0.006,285585,237756,309375.0
271384,19442,0.010620689655172414,0.004827586206896552,0.009,276034,208620,309375.0
294179,18187,0.010620689655172414,0.004827586206896552,0.012,269357,185824,309375.0
312496,19690,0.010620689655172414,0.004827586206896552,0.015,263786,167509,309375.0
246829,28315,0.010620689655172414,0.005241379310344827,0.006,280053,233175,301304.347826087
274868,26608,0.010620689655172414,0.005241379310344827,0.009,270774,205133,301304.347826087
297038,23312,0.010620689655172414,0.005241379310344827,0.012,265036,182969,301304.347826087
314739,22613,0.010620689655172414,0.005241379310344827,0.015,260409,165265,301304.347826087
251104,45392,0.010620689655172414,0.005655172413793104,0.006,272330,228898,293644.0677966102
278341,33295,0.010620689655172414,0.005655172413793104,0.009,265716,201660,293644.0677966102
299710,25849,0.010620689655172414,0.005655172413793104,0.012,261535,180290,293644.0677966102
316925,26323,0.010620689655172414,0.005655172413793104,0.015,256870,163081,293644.0677966102
255264,50696,0.010620689655172414,0.006068965517241379,0.006,267339,224737,286363.63636363635
281470,39654,0.010620689655172414,0.006068965517241379,0.009,260934,198531,286363.63636363635
302244,33433,0.010620689655172414,0.006068965517241379,0.012,256567,177758,286363.63636363635
319049,31461,0.010620689655172414,0.006068965517241379,0.015,252934,160956,286363.63636363635
259378,57242,0.010620689655172414,0.006482758620689655,0.006,261982,220623,279435.48387096776
284746,50388,0.010620689655172414,0.006482758620689655,0.009,255173,195257,279435.48387096776
304748,37897,0.010620689655172414,0.006482758620689655,0.012,252742,175253,279435.48387096776
321134,39013,0.010620689655172414,0.006482758620689655,0.015,248204,158872,279435.48387096776
263143,73571,0.010620689655172414,0.006896551724137931,0.006,255184,216861,272834.6456692914
287672,51465,0.010620689655172414,0.006896551724137931,0.009,251897,192333,272834.6456692914
307200,45680,0.010620689655172414,0.006896551724137931,0.012,248022,172806,272834.6456692914
323151,41543,0.010620689655172414,0.006896551724137931,0.015,245355,156857,272834.6456692914
266887,81062,0.010620689655172414,0.007310344827586207,0.006,250037,213117,266538.4615384615
290614,68249,0.010620689655172414,0.007310344827586207,0.009,244810,189390,266538.4615384615
309703,53742,0.010620689655172414,0.007310344827586207,0.012,243301,170303,266538.4615384615
325205,51008,0.010620689655172414,0.007310344827586207,0.015,240299,154795,266538.4615384615
270555,95060,0.010620689655172414,0.007724137931034483,0.006,244022,209446,260526.31578947365
293485,70608,0.010620689655172414,0.007724137931034483,0.009,241453,186519,260526.31578947365
311981,64779,0.010620689655172414,0.007724137931034483,0.012,237819,168022,260526.31578947365
327154,62569,0.010620689655172414,0.007724137931034483,0.015,234575,152853,260526.31578947365
274111,99506,0.010620689655172414,0.008137931034482758,0.006,239707,205889,254779.4117647059
296390,76366,0.010620689655172414,0.008137931034482758,0.009,237268,183612,254779.4117647059
314284,72657,0.010620689655172414,0.008137931034482758,0.012,233204,165716,254779.4117647059
328987,63038,0.010620689655172414,0.008137931034482758,0.015,232482,151022,254779.4117647059
277495,87601,0.010620689655172414,0.008551724137931035,0.006,238801,202506,249280.57553956835
298964,97050,0.010620689655172414,0.008551724137931035,0.009,229572,181041,249280.57553956835
316406,88060,0.010620689655172414,0.008551724137931035,0.012,226773,163600,249280.57553956835
330774,75651,0.010620689655172414,0.008551724137931035,0.015,226688,149228,249280.57553956835
280702,119738,0.010620689655172414,0.00896551724137931,0.006,229790,199299,244014.08450704222
301595,89330,0.010620689655172414,0.00896551724137931,0.009,228999,178411,244014.08450704222
318542,92582,0.010620689655172414,0.00896551724137931,0.012,223343,161460,244014.08450704222
332537,80586,0.010620689655172414,0.00896551724137931,0.015,223260,147468,244014.08450704222
283885,124556,0.010620689655172414,0.009379310344827585,0.006,225719,196116,238965.51724137933
304113,104896,0.010620689655172414,0.009379310344827585,0.009,222717,175889,238965.51724137933
320629,107130,0.010620689655172414,0.009379310344827585,0.012,217179,159377,238965.51724137933
334288,94971,0.010620689655172414,0.009379310344827585,0.015,217055,145717,238965.51724137933
286990,137744,0.010620689655172414,0.009793103448275862,0.006,220541,193016,234121.6216216216
306675,116817,0.010620689655172414,0.009793103448275862,0.009,217573,173332,234121.6216216216
322695,100073,0.010620689655172414,0.009793103448275862,0.012,217214,157305,234121.6216216216
335970,98767,0.010620689655172414,0.009793103448275862,0.015,214209,144031,234121.6216216216
289879,125241,0.010620689655172414,0.010206896551724139,0.006,220017,190126,229470.1986754967
309094,122029,0.010620689655172414,0.010206896551724139,0.009,214043,170906,229470.1986754967
324713,107341,0.010620689655172414,0.010206896551724139,0.012,213173,155295,229470.1986754967
337754,104144,0.010620689655172414,0.010206896551724139,0.015,210931,142253,229470.1986754967
292820,140705,0.010620689655172414,0.010620689655172414,0.006,214330,187186,225000.0
311431,126337,0.010620689655172414,0.010620689655172414,0.009,210852,168569,225000.0
326575,134099,0.010620689655172414,0.010620689655172414,0.012,204044,153431,225000.0
339246,109254,0.010620689655172414,0.010620689655172414,0.015,207665,140760,225000.0
295685,149872,0.010620689655172414,0.011034482758620689,0.006,210064,184316,220700.63694267513
313718,130887,0.010620689655172414,0.011034482758620689,0.009,207442,166289,220700.63694267513
328503,129422,0.010620689655172414,0.011034482758620689,0.012,203532,151506,220700.63694267513
340864,127890,0.010620689655172414,0.011034482758620689,0.015,200548,139141,220700.63694267513
298300,153977,0.010620689655172414,0.011448275862068966,0.006,206839,181703,216562.49999999997
315964,145027,0.010620689655172414,0.011448275862068966,0.009,202272,164039,216562.49999999997
330399,139133,0.010620689655172414,0.011448275862068966,0.012,199089,149608,216562.49999999997
342425,121897,0.010620689655172414,0.011448275862068966,0.015,200775,137581,216562.49999999997
300930,177500,0.010620689655172414,0.01186206896551724,0.006,200301,179075,212576.6871165644
318065,158743,0.010620689655172414,0.01186206896551724,0.009,196995,161935,212576.6871165644
332155,143361,0.010620689655172414,0.01186206896551724,0.012,196302,147845,212576.6871165644
343994,126108,0.010620689655172414,0.01186206896551724,0.015,197978,136006,212576.6871165644
303506,172423,0.010620689655172414,0.012275862068965518,0.006,198863,176500,208734.9397590361
320096,159093,0.010620689655172414,0.012275862068965518,0.009,195076,159910,208734.9397590361
333837,161079,0.010620689655172414,0.012275862068965518,0.012,190028,146171,208734.9397590361
345413,148598,0.010620689655172414,0.012275862068965518,0.015,190034,134595,208734.9397590361
306115,170210,0.010620689655172414,0.012689655172413793,0.006,196791,173891,205029.58579881655
322248,168069,0.010620689655172414,0.012689655172413793,0.009,191142,157759,205029.58579881655
335675,154706,0.010620689655172414,0.012689655172413793,0.012,189899,144331,205029.58579881655
346916,146860,0.010620689655172414,0.012689655172413793,0.015,188964,133084,205029.58579881655
308408,194056,0.010620689655172414,0.01310344827586207,0.006,190458,171597,201453.488372093
324140,176093,0.010620689655172414,0.01310344827586207,0.009,187475,155864,201453.488372093
337222,162085,0.010620689655172414,0.01310344827586207,0.012,186428,142786,201453.488372093
348300,144082,0.010620689655172414,0.01310344827586207,0.015,188333,131706,201453.488372093
310878,195653,0.010620689655172414,0.013517241379310345,0.006,187963,169123,198000.0
326201,180922,0.010620689655172414,0.013517241379310345,0.009,184683,153803,198000.0
338979,170827,0.010620689655172414,0.013517241379310345,0.012,182685,141025,198000.0
349692,162777,0.010620689655172414,0.013517241379310345,0.015,181721,130314,198000.0
313134,202786,0.010620689655172414,0.01393103448275862,0.006,184649,166874,194662.92134831462
327988,193149,0.010620689655172414,0.01393103448275862,0.009,180143,152016,194662.92134831462
340470,170619,0.010620689655172414,0.01393103448275862,0.012,181165,139535,194662.92134831462
351124,172331,0.010620689655172414,0.01393103448275862,0.015,177771,128886,194662.92134831462
315332,189955,0.010620689655172414,0.014344827586206896,0.006,184815,164676,191436.46408839777
329840,173645,0.010620689655172414,0.014344827586206896,0.009,182631,150165,191436.46408839777
342018,181795,0.010620689655172414,0.014344827586206896,0.012,176891,137990,191436.46408839777
352463,177112,0.010620689655172414,0.014344827586206896,0.015,175136,127538,191436.46408839777
317559,209373,0.010620689655172414,0.014758620689655172,0.006,179779,162448,188315.21739130435
331676,200374,0.010620689655172414,0.014758620689655172,0.009,175235,148330,188315.21739130435
343566,182598,0.010620689655172414,0.014758620689655172,0.012,175289,136440,188315.21739130435
353698,172169,0.010620689655172414,0.014758620689655172,0.015,175063,126308,188315.21739130435
319696,215918,0.010620689655172414,0.015172413793103448,0.006,176681,160306,185294.1176470588
333482,195230,0.010620689655172414,0.015172413793103448,0.009,174724,146518,185294.1176470588
345132,187579,0.010620689655172414,0.015172413793103448,0.012,172598,134868,185294.1176470588
354995,183843,0.010620689655172414,0.015172413793103448,0.015,170693,125012,185294.1176470588
321641,217632,0.010620689655172414,0.015586206896551724,0.006,174330,158364,182368.42105263157
335188,200923,0.010620689655172414,0.015586206896551724,0.009,171949,144821,182368.42105263157
346563,198669,0.010620689655172414,0.015586206896551724,0.012,168566,133447,182368.42105263157
356297,199096,0.010620689655172414,0.015586206896551724,0.015,165392,123713,182368.42105263157
323669,231188,0.010620689655172414,0.016,0.006,170636,156337,179533.67875647664
336905,216586,0.010620689655172414,0.016,0.009,167024,143105,179533.67875647664
347997,189833,0.010620689655172414,0.016,0.012,169251,132003,179533.67875647664
357436,197223,0.010620689655172414,0.016,0.015,164708,122569,179533.67875647664
228185,8843,0.011034482758620689,0.004,0.006,300286,251820,330275.2293577981
259535,8493,0.011034482758620689,0.004,0.009,288560,220464,330275.2293577981
284110,12795,0.011034482758620689,0.004,0.012,278968,195897,330275.2293577981
303602,12534,0.011034482758620689,0.004,0.015,272948,176404,330275.2293577981
233011,25408,0.011034482758620689,0.004413793103448276,0.006,292060,246989,321428.5714285714
263314,16379,0.011034482758620689,0.004413793103448276,0.009,282823,216688,321428.5714285714
287009,15491,0.011034482758620689,0.004413793103448276,0.012,275229,192997,321428.5714285714
305967,13289,0.011034482758620689,0.004413793103448276,0.015,270271,174038,321428.5714285714
237739,27709,0.011034482758620689,0.004827586206896552,0.006,287297,242261,313043.47826086957
266940,22838,0.011034482758620689,0.004827586206896552,0.009,277683,213066,313043.47826086957
289825,19529,0.011034482758620689,0.004827586206896552,0.012,271132,190181,313043.47826086957
308313,16990,0.011034482758620689,0.004827586206896552,0.015,266575,171688,313043.47826086957
242097,38361,0.011034482758620689,0.005241379310344827,0.006,280864,237905,305084.74576271186
270407,22883,0.011034482758620689,0.005241379310344827,0.009,274258,209598,305084.74576271186
292725,22329,0.011034482758620689,0.005241379310344827,0.012,267476,187278,305084.74576271186
310608,20387,0.011034482758620689,0.005241379310344827,0.015,263044,169394,305084.74576271186
246491,38012,0.011034482758620689,0.005655172413793104,0.006,276789,233514,297520.66115702473
273766,24517,0.011034482758620689,0.005655172413793104,0.009,270618,206239,297520.66115702473
295362,27117,0.011034482758620689,0.005655172413793104,0.012,263443,184639,297520.66115702473
312787,26953,0.011034482758620689,0.005655172413793104,0.015,258648,167214,297520.66115702473
250641,45148,0.011034482758620689,0.006068965517241379,0.006,271511,229358,290322.58064516133
277086,38241,0.011034482758620689,0.006068965517241379,0.009,263906,202921,290322.58064516133
297923,28677,0.011034482758620689,0.006068965517241379,0.012,260295,182081,290322.58064516133
314924,26231,0.011034482758620689,0.006068965517241379,0.015,256559,165080,290322.58064516133
254803,46982,0.011034482758620689,0.006482758620689655,0.006,267284,225203,283464.56692913384
280200,46241,0.011034482758620689,0.006482758620689655,0.009,258738,199806,283464.56692913384
300582,39931,0.011034482758620689,0.006482758620689655,0.012,254394,179425,283464.56692913384
317129,30079,0.011034482758620689,0.006482758620689655,0.015,253151,162878,283464.56692913384
258676,55938,0.011034482758620689,0.006896551724137931,0.006,261693,221324,276923.07692307694
283370,50299,0.011034482758620689,0.006896551724137931,0.009,254830,196634,276923.07692307694
302987,38529,0.011034482758620689,0.006896551724137931,0.012,252354,177014,276923.07692307694
319094,38905,0.011034482758620689,0.006896551724137931,0.015,248159,160911,276923.07692307694
262319,68125,0.011034482758620689,0.007310344827586207,0.006,255825,217684,270676.6917293233
286242,65169,0.011034482758620689,0.007310344827586207,0.009,248244,193759,270676.6917293233
305369,55615,0.011034482758620689,0.007310344827586207,0.012,245001,174635,270676.6917293233
321102,45988,0.011034482758620689,0.007310344827586207,0.015,243839,158900,270676.6917293233
265994,82334,0.011034482758620689,0.007724137931034483,0.006,249569,214011,264705.88235294115
289185,70080,0.011034482758620689,0.007724137931034483,0.009,244230,190822,264705.88235294115
307732,67165,0.011034482758620689,0.007724137931034483,0.012,239490,172274,264705.88235294115
323034,59012,0.011034482758620689,0.007724137931034483,0.015,237751,156967,264705.88235294115
269486,95431,0.011034482758620689,0.008137931034482758,0.006,243665,210518,258992.80575539565
291895,77051,0.011034482758620689,0.008137931034482758,0.009,239755,188109,258992.80575539565
310020,61586,0.011034482758620689,0.008137931034482758,0.012,238635,169984,258992.80575539565
324990,70395,0.011034482758620689,0.008137931034482758,0.015,232294,155010,258992.80575539565
272931,87430,0.011034482758620689,0.008551724137931035,0.006,241975,207070,253521.12676056338
294698,93510,0.011034482758620689,0.008551724137931035,0.009,233230,185309,253521.12676056338
312347,80827,0.011034482758620689,0.008551724137931035,0.012,231144,167660,253521.12676056338
326791,73255,0.011034482758620689,0.008551724137931035,0.015,229484,153213,253521.12676056338
276263,121632,0.011034482758620689,0.00896551724137931,0.006,232451,203743,248275.86206896548
297392,95881,0.011034482758620689,0.00896551724137931,0.009,230037,182615,248275.86206896548
314372,91120,0.011034482758620689,0.00896551724137931,0.012,226154,165632,248275.86206896548
328615,75287,0.011034482758620689,0.00896551724137931,0.015,227040,151391,248275.86206896548
279454,98806,0.011034482758620689,0.009379310344827585,0.006,233773,200546,243243.24324324323
299857,100607,0.011034482758620689,0.009379310344827585,0.009,226489,180148,243243.24324324323
316525,89789,0.011034482758620689,0.009379310344827585,0.012,224299,163481,243243.24324324323
330381,93397,0.011034482758620689,0.009379310344827585,0.015,219692,149625,243243.24324324323
282610,119020,0.011034482758620689,0.009793103448275862,0.006,227174,197396,238410.59602649004
302340,114293,0.011034482758620689,0.009793103448275862,0.009,220862,177663,238410.59602649004
318614,93387,0.011034482758620689,0.009793103448275862,0.012,221308,161389,238410.59602649004
332168,90548,0.011034482758620689,0.009793103448275862,0.015,218821,147842,238410.59602649004
285497,119908,0.011034482758620689,0.010206896551724139,0.006,224215,194504,233766.23376623378
304832,112993,0.011034482758620689,0.010206896551724139,0.009,218860,175169,233766.23376623378
320665,111373,0.011034482758620689,0.010206896551724139,0.012,214550,159344,233766.23376623378
333793,97187,0.011034482758620689,0.010206896551724139,0.015,215124,146212,233766.23376623378
288434,135488,0.011034482758620689,0.010620689655172414,0.006,218735,191572,229299.3630573248
307212,122868,0.011034482758620689,0.010620689655172414,0.009,214304,172788,229299.3630573248
322664,103832,0.011034482758620689,0.010620689655172414,0.012,214645,157342,229299.3630573248
335548,98216,0.011034482758620689,0.010620689655172414,0.015,213067,144459,229299.3630573248
291311,142556,0.011034482758620689,0.011034482758620689,0.006,214677,188690,225000.0
309552,131308,0.011034482758620689,0.011034482758620689,0.009,210359,170448,225000.0
324578,121664,0.011034482758620689,0.011034482758620689,0.012,207979,155425,225000.0
337059,118349,0.011034482758620689,0.011034482758620689,0.015,205597,142943,225000.0
293963,165200,0.011034482758620689,0.011448275862068966,0.006,208081,186039,220858.89570552146
311731,141761,0.011034482758620689,0.011448275862068966,0.009,205804,168277,220858.89570552146
326334,132100,0.011034482758620689,0.011448275862068966,0.012,203483,153668,220858.89570552146
338638,107169,0.011034482758620689,0.011448275862068966,0.015,207183,141368,220858.89570552146
296641,162309,0.011034482758620689,0.01186206896551724,0.006,206216,183365,216867.46987951803
313992,140808,0.011034482758620689,0.01186206896551724,0.009,203799,166012,216867.46987951803
328272,126644,0.011034482758620689,0.01186206896551724,0.012,203094,151732,216867.46987951803
340286,125169,0.011034482758620689,0.01186206896551724,0.015,200467,139718,216867.46987951803
299339,151503,0.011034482758620689,0.012275862068965518,0.006,205681,180665,213017.7514792899
315985,154150,0.011034482758620689,0.012275862068965518,0.009,198857,164021,213017.7514792899
329998,152997,0.011034482758620689,0.012275862068965518,0.012,194666,150012,213017.7514792899
341662,135691,0.011034482758620689,0.012275862068965518,0.015,195881,138343,213017.7514792899
301724,174644,0.011034482758620689,0.012689655172413793,0.006,199475,178281,209302.32558139536
318161,153996,0.011034482758620689,0.012689655172413793,0.009,196955,161846,209302.32558139536
331674,156503,0.011034482758620689,0.012689655172413793,0.012,191969,148331,209302.32558139536
343193,144693,0.011034482758620689,0.012689655172413793,0.015,191826,136807,209302.32558139536
304293,176875,0.011034482758620689,0.01310344827586207,0.006,196767,175714,205714.2857142857
320115,152085,0.011034482758620689,0.01310344827586207,0.009,195488,159887,205714.2857142857
333482,156559,0.011034482758620689,0.01310344827586207,0.012,190422,146521,205714.2857142857
344613,141866,0.011034482758620689,0.01310344827586207,0.015,191173,135395,205714.2857142857
306570,185114,0.011034482758620689,0.013517241379310345,0.006,193046,173436,202247.19101123593
322127,170340,0.011034482758620689,0.013517241379310345,0.009,189784,157882,202247.19101123593
335044,159232,0.011034482758620689,0.013517241379310345,0.012,188018,144962,202247.19101123593
346037,159472,0.011034482758620689,0.013517241379310345,0.015,184897,133969,202247.19101123593
308877,203212,0.011034482758620689,0.01393103448275862,0.006,187962,171127,198895.0276243094
324026,169861,0.011034482758620689,0.01393103448275862,0.009,188030,155982,198895.0276243094
336678,171656,0.011034482758620689,0.01393103448275862,0.012,183511,143325,198895.0276243094
347515,161212,0.011034482758620689,0.01393103448275862,0.015,183061,132492,198895.0276243094
311134,208915,0.011034482758620689,0.014344827586206896,0.006,184886,168870,195652.17391304343
325953,183749,0.011034482758620689,0.014344827586206896,0.009,183377,154056,195652.17391304343
338279,180561,0.011034482758620689,0.014344827586206896,0.012,179720,141721,195652.17391304343
348779,164518,0.011034482758620689,0.014344827586206896,0.015,180725,131228,195652.17391304343
313362,209193,0.011034482758620689,0.014758620689655172,0.006,183034,166645,192513.36898395722
327706,183275,0.011034482758620689,0.014758620689655172,0.009,181747,152299,192513.36898395722
339863,175459,0.011034482758620689,0.014758620689655172,0.012,179397,140146,192513.36898395722
350189,171665,0.011034482758620689,0.014758620689655172,0.015,177493,129821,192513.36898395722
315521,206625,0.011034482758620689,0.015172413793103448,0.006,181328,164486,189473.6842105263
329496,199622,0.011034482758620689,0.015172413793103448,0.009,176568,150509,189473.6842105263
341414,182948,0.011034482758620689,0.015172413793103448,0.012,176152,138593,189473.6842105263
351472,170299,0.011034482758620689,0.015172413793103448,0.015,176511,128537,189473.6842105263
317588,216968,0.011034482758620689,0.015586206896551724,0.006,177929,162413,186528.49740932643
331241,196050,0.011034482758620689,0.015586206896551724,0.009,175672,148763,186528.49740932643
342870,193686,0.011034482758620689,0.015586206896551724,0.012,172138,137140,186528.49740932643
352687,187792,0.011034482758620689,0.015586206896551724,0.015,170586,127315,186528.49740932643
319625,233564,0.011034482758620689,0.016,0.006,173421,160383,183673.4693877551
332944,216097,0.011034482758620689,0.016,0.009,170050,147064,183673.4693877551
344316,192706,0.011034482758620689,0.016,0.012,171121,135684,183673.4693877551
353947,197624,0.011034482758620689,0.016,0.015,166826,126059,183673.4693877551
223815,11511,0.011448275862068966,0.004,0.006,302453,256186,333482.1428571429
255130,9756,0.011448275862068966,0.004,0.009,290582,224874,333482.1428571429
279718,11025,0.011448275862068966,0.004,0.012,281625,200287,333482.1428571429
299531,12543,0.011448275862068966,0.004,0.015,274839,180469,333482.1428571429
228613,17336,0.011448275862068966,0.004413793103448276,0.006,296564,251388,324782.6086956522
258926,18396,0.011448275862068966,0.004413793103448276,0.009,284713,221075,324782.6086956522
282738,12588,0.011448275862068966,0.004413793103448276,0.012,278276,197268,324782.6086956522
301958,15349,0.011448275862068966,0.004413793103448276,0.015,271393,178049,324782.6086956522
233240,19032,0.011448275862068966,0.004827586206896552,0.006,292036,246758,316525.4237288136
262623,16022,0.011448275862068966,0.004827586206896552,0.009,281908,217380,316525.4237288136
285684,16285,0.011448275862068966,0.004827586206896552,0.012,274281,194323,316525.4237288136
304295,15913,0.011448275862068966,0.004827586206896552,0.015,268806,175711,316525.4237288136
237747,29430,0.011448275862068966,0.005241379310344827,0.006,285601,242256,308677.68595041323
266129,23361,0.011448275862068966,0.005241379310344827,0.009,276600,213873,308677.68595041323
288504,20280,0.011448275862068966,0.005241379310344827,0.012,270261,191500,308677.68595041323
306515,18922,0.011448275862068966,0.005241379310344827,0.015,265424,173491,308677.68595041323
242130,33894,0.011448275862068966,0.005655172413793104,0.006,280564,237870,301209.67741935485
269505,25813,0.011448275862068966,0.005655172413793104,0.009,272756,210501,301209.67741935485
291093,24531,0.011448275862068966,0.005655172413793104,0.012,266359,188911,301209.67741935485
308794,23539,0.011448275862068966,0.005655172413793104,0.015,261642,171209,301209.67741935485
246255,40578,0.011448275862068966,0.006068965517241379,0.006,275377,233749,294094.4881889764
272712,35800,0.011448275862068966,0.006068965517241379,0.009,267034,207294,294094.4881889764
293825,28373,0.011448275862068966,0.006068965517241379,0.012,262564,186182,294094.4881889764
311054,25279,0.011448275862068966,0.006068965517241379,0.015,258813,168951,294094.4881889764
250272,43133,0.011448275862068966,0.006482758620689655,0.006,271060,229732,287307.6923076923
275902,37655,0.011448275862068966,0.006482758620689655,0.009,263504,204099,287307.6923076923
296440,34310,0.011448275862068966,0.006482758620689655,0.012,258284,183567,287307.6923076923
313050,30323,0.011448275862068966,0.006482758620689655,0.015,255002,166955,287307.6923076923
254302,61754,0.011448275862068966,0.006896551724137931,0.006,263704,225702,280827.06766917295
278949,43751,0.011448275862068966,0.006896551724137931,0.009,259041,201055,280827.06766917295
298870,37569,0.011448275862068966,0.006896551724137931,0.012,254822,181136,280827.06766917295
315115,36140,0.011448275862068966,0.006896551724137931,0.015,251002,164889,280827.06766917295
258069,75958,0.011448275862068966,0.007310344827586207,0.006,257143,221931,274632.3529411765
282066,49986,0.011448275862068966,0.007310344827586207,0.009,254511,197935,274632.3529411765
301270,47001,0.011448275862068966,0.007310344827586207,0.012,249773,178732,274632.3529411765
317169,39668,0.011448275862068966,0.007310344827586207,0.015,247786,162833,274632.3529411765
261605,75585,0.011448275862068966,0.007724137931034483,0.006,253821,218399,268705.035971223
284866,58306,0.011448275862068966,0.007724137931034483,0.009,249674,195138,268705.035971223
303756,53891,0.011448275862068966,0.007724137931034483,0.012,245373,176247,268705.035971223
319224,50472,0.011448275862068966,0.007724137931034483,0.015,242379,160776,268705.035971223
265156,92017,0.011448275862068966,0.008137931034482758,0.006,247481,214849,263028.1690140845
287760,73009,0.011448275862068966,0.008137931034482758,0.009,243323,192247,263028.1690140845
305950,60855,0.011448275862068966,0.008137931034482758,0.012,241120,174051,263028.1690140845
321054,57485,0.011448275862068966,0.008137931034482758,0.015,238303,158952,263028.1690140845
268602,101280,0.011448275862068966,0.008551724137931035,0.006,242594,211404,257586.20689655174
290509,78485,0.011448275862068966,0.008551724137931035,0.009,239406,189498,257586.20689655174
308209,74978,0.011448275862068966,0.008551724137931035,0.012,235062,171795,257586.20689655174
322948,66929,0.011448275862068966,0.008551724137931035,0.015,233498,157058,257586.20689655174
271907,90634,0.011448275862068966,0.00896551724137931,0.006,241482,208094,252364.86486486485
293201,79846,0.011448275862068966,0.00896551724137931,0.009,236579,186799,252364.86486486485
310507,79980,0.011448275862068966,0.00896551724137931,0.012,231421,169497,252364.86486486485
324816,71631,0.011448275862068966,0.00896551724137931,0.015,230128,155193,252364.86486486485
275090,114743,0.011448275862068966,0.009379310344827585,0.006,233930,204915,247350.99337748345
295697,95671,0.011448275862068966,0.009379310344827585,0.009,230289,184309,247350.99337748345
312528,90606,0.011448275862068966,0.009379310344827585,0.012,226429,167478,247350.99337748345
326666,78584,0.011448275862068966,0.009379310344827585,0.015,226160,153339,247350.99337748345
278197,114390,0.011448275862068966,0.009793103448275862,0.006,231135,201807,242532.46753246753
298242,100120,0.011448275862068966,0.009793103448275862,0.009,226786,181764,242532.46753246753
314688,99791,0.011448275862068966,0.009793103448275862,0.012,221963,165312,242532.46753246753
328321,76541,0.011448275862068966,0.009793103448275862,0.015,225029,151681,242532.46753246753
281330,114625,0.011448275862068966,0.010206896551724139,0.006,228215,198672,237898.08917197454
300652,107458,0.011448275862068966,0.010206896551724139,0.009,222918,179350,237898.08917197454
316776,100143,0.011448275862068966,0.010206896551724139,0.012,219923,163225,237898.08917197454
330125,93708,0.011448275862068966,0.010206896551724139,0.015,218214,149879,237898.08917197454
284138,119936,0.011448275862068966,0.010620689655172414,0.006,224405,195866,233437.50000000003
303049,112441,0.011448275862068966,0.010620689655172414,0.009,219514,176955,233437.50000000003
318654,104490,0.011448275862068966,0.010620689655172414,0.012,216816,161347,233437.50000000003
331700,105613,0.011448275862068966,0.010620689655172414,0.015,213034,148305,233437.50000000003
286996,138892,0.011448275862068966,0.011034482758620689,0.006,218403,193009,229141.10429447857
305390,134623,0.011448275862068966,0.011034482758620689,0.009,212333,174611,229141.10429447857
320640,129747,0.011448275862068966,0.011034482758620689,0.012,208244,159360,229141.10429447857
333339,107230,0.011448275862068966,0.011034482758620689,0.015,210833,146667,229141.10429447857
289747,144822,0.011448275862068966,0.011448275862068966,0.006,215013,190255,224999.99999999997
307637,133445,0.011448275862068966,0.011448275862068966,0.009,210386,172370,224999.99999999997
322465,121484,0.011448275862068966,0.011448275862068966,0.012,208550,157540,224999.99999999997
335026,111412,0.011448275862068966,0.011448275862068966,0.015,208061,144975,224999.99999999997
292428,172493,0.011448275862068966,0.01186206896551724,0.006,207812,187576,221005.9171597633
309871,142819,0.011448275862068966,0.01186206896551724,0.009,206315,170135,221005.9171597633
324426,127019,0.011448275862068966,0.01186206896551724,0.012,205405,155579,221005.9171597633
336539,122059,0.011448275862068966,0.01186206896551724,0.015,203384,143470,221005.9171597633
295088,162542,0.011448275862068966,0.012275862068965518,0.006,206858,184915,217151.16279069768
312040,140494,0.011448275862068966,0.012275862068965518,0.009,204702,167961,217151.16279069768
326173,139856,0.011448275862068966,0.012275862068965518,0.012,200328,153827,217151.16279069768
338113,126895,0.011448275862068966,0.012275862068965518,0.015,200502,141889,217151.16279069768
297605,178409,0.011448275862068966,0.012689655172413793,0.006,201877,182401,213428.57142857148
314132,158222,0.011448275862068966,0.012689655172413793,0.009,198830,165877,213428.57142857148
327983,139942,0.011448275862068966,0.012689655172413793,0.012,198678,152024,213428.57142857148
339638,129179,0.011448275862068966,0.012689655172413793,0.015,198406,140365,213428.57142857148
300061,180915,0.011448275862068966,0.01310344827586207,0.006,199115,179940,209831.4606741573
316170,160562,0.011448275862068966,0.01310344827586207,0.009,196466,163838,209831.4606741573
329664,149850,0.011448275862068966,0.01310344827586207,0.012,194535,150344,209831.4606741573
341002,148546,0.011448275862068966,0.01310344827586207,0.015,191457,139000,209831.4606741573
302542,187836,0.011448275862068966,0.013517241379310345,0.006,195811,177458,206353.591160221
318141,158485,0.011448275862068966,0.013517241379310345,0.009,194933,161860,206353.591160221
331304,160995,0.011448275862068966,0.013517241379310345,0.012,190086,148699,206353.591160221
342454,153738,0.011448275862068966,0.013517241379310345,0.015,188703,137552,206353.591160221
304911,171672,0.011448275862068966,0.01393103448275862,0.006,196312,175090,202989.13043478265
320172,171587,0.011448275862068966,0.01393103448275862,0.009,190515,159835,202989.13043478265
332989,168339,0.011448275862068966,0.01393103448275862,0.012,186780,147021,202989.13043478265
343945,162355,0.011448275862068966,0.01393103448275862,0.015,184935,136062,202989.13043478265
307128,202861,0.011448275862068966,0.014344827586206896,0.006,189226,172872,199732.6203208556
322066,187171,0.011448275862068966,0.014344827586206896,0.009,185349,157944,199732.6203208556
334567,168587,0.011448275862068966,0.014344827586206896,0.012,185139,145442,199732.6203208556
345245,153344,0.011448275862068966,0.014344827586206896,0.015,185994,134761,199732.6203208556
309306,195193,0.011448275862068966,0.014758620689655172,0.006,188443,170699,196578.94736842104
323874,198297,0.011448275862068966,0.014758620689655172,0.009,181466,156127,196578.94736842104
336159,168634,0.011448275862068966,0.014758620689655172,0.012,183546,143850,196578.94736842104
346689,176252,0.011448275862068966,0.014758620689655172,0.015,178480,133318,196578.94736842104
311566,203324,0.011448275862068966,0.015172413793103448,0.006,185110,168434,193523.31606217616
325741,199693,0.011448275862068966,0.015172413793103448,0.009,179322,154269,193523.31606217616
337663,174554,0.011448275862068966,0.015172413793103448,0.012,180735,142343,193523.31606217616
347920,170450,0.011448275862068966,0.015172413793103448,0.015,178719,132085,193523.31606217616
313686,191996,0.011448275862068966,0.015586206896551724,0.006,184848,166321,190561.22448979592
327521,189100,0.011448275862068966,0.015586206896551724,0.009,179928,152486,190561.22448979592
339196,181009,0.011448275862068966,0.015586206896551724,0.012,177603,140804,190561.22448979592
349222,176128,0.011448275862068966,0.015586206896551724,0.015,175941,130784,190561.22448979592
315646,197159,0.011448275862068966,0.016,0.006,182020,164359,187688.44221105526
329212,203213,0.011448275862068966,0.016,0.009,175415,150797,187688.44221105526
340735,191841,0.011448275862068966,0.016,0.012,173793,139272,187688.44221105526
350539,185565,0.011448275862068966,0.016,0.015,172145,129471,187688.44221105526
219482,12464,0.01186206896551724,0.004,0.006,304904,260515,336521.73913043475
251012,10379,0.01186206896551724,0.004,0.009,292705,228990,336521.73913043475
275614,10311,0.01186206896551724,0.004,0.012,283895,204387,336521.73913043475
295433,9383,0.01186206896551724,0.004,0.015,277746,184568,336521.73913043475
224411,12368,0.01186206896551724,0.004413793103448276,0.006,300511,255593,327966.1016949152
254719,10840,0.01186206896551724,0.004413793103448276,0.009,289033,225281,327966.1016949152
278598,11238,0.01186206896551724,0.004413793103448276,0.012,280760,201403,327966.1016949152
297914,14137,0.01186206896551724,0.004413793103448276,0.015,273625,182088,327966.1016949152
228959,22921,0.01186206896551724,0.004827586206896552,0.006,293948,251045,319834.71074380167
258391,16263,0.01186206896551724,0.004827586206896552,0.009,284181,221612,319834.71074380167
281501,15201,0.01186206896551724,0.004827586206896552,0.012,276694,198504,319834.71074380167
300285,13327,0.01186206896551724,0.004827586206896552,0.015,271450,179717,319834.71074380167
233484,21896,0.01186206896551724,0.005241379310344827,0.006,289860,246519,312096.7741935484
261908,21480,0.01186206896551724,0.005241379310344827,0.009,279391,218093,312096.7741935484
284341,16593,0.01186206896551724,0.005241379310344827,0.012,273467,195665,312096.7741935484
302631,15048,0.01186206896551724,0.005241379310344827,0.015,268549,177377,312096.7741935484
237804,29534,0.01186206896551724,0.005655172413793104,0.006,284200,242200,304724.4094488189
265230,22372,0.01186206896551724,0.005655172413793104,0.009,276073,214771,304724.4094488189
287089,25323,0.01186206896551724,0.005655172413793104,0.012,268261,192911,304724.4094488189
304817,23756,0.01186206896551724,0.005655172413793104,0.015,263463,175185,304724.4094488189
242049,39188,0.01186206896551724,0.006068965517241379,0.006,278381,237956,297692.3076923077
268537,28215,0.01186206896551724,0.006068965517241379,0.009,271334,211465,297692.3076923077
289816,26496,0.01186206896551724,0.006068965517241379,0.012,265282,190188,297692.3076923077
307028,19185,0.01186206896551724,0.006068965517241379,0.015,262633,172977,297692.3076923077
246083,41659,0.01186206896551724,0.006482758620689655,0.006,274204,233918,290977.44360902254
271713,35414,0.01186206896551724,0.006482758620689655,0.009,266466,208293,290977.44360902254
292294,33162,0.01186206896551724,0.006482758620689655,0.012,260760,187712,290977.44360902254
309244,28019,0.01186206896551724,0.006482758620689655,0.015,257633,170757,290977.44360902254
249923,55084,0.01186206896551724,0.006896551724137931,0.006,267879,230081,284558.8235294118
274841,36628,0.01186206896551724,0.006896551724137931,0.009,263225,205165,284558.8235294118
294846,40486,0.01186206896551724,0.006896551724137931,0.012,256169,185156,284558.8235294118
311340,31969,0.01186206896551724,0.006896551724137931,0.015,254211,168660,284558.8235294118
253760,57229,0.01186206896551724,0.007310344827586207,0.006,263841,226243,278417.2661870503
277826,48093,0.01186206896551724,0.007310344827586207,0.009,257516,202180,278417.2661870503
297265,43186,0.01186206896551724,0.007310344827586207,0.012,252997,182739,278417.2661870503
313387,38868,0.01186206896551724,0.007310344827586207,0.015,249991,166613,278417.2661870503
257358,66294,0.01186206896551724,0.007724137931034483,0.006,258618,222644,272535.21126760566
280736,59386,0.01186206896551724,0.007724137931034483,0.009,251931,199268,272535.21126760566
299655,44826,0.01186206896551724,0.007724137931034483,0.012,250119,180348,272535.21126760566
315330,51953,0.01186206896551724,0.007724137931034483,0.015,243899,164674,272535.21126760566
260944,73807,0.01186206896551724,0.008137931034482758,0.006,253890,219057,266896.5517241379
283702,69188,0.01186206896551724,0.008137931034482758,0.009,246918,196300,266896.5517241379
301990,60373,0.01186206896551724,0.008137931034482758,0.012,243497,178013,266896.5517241379
317311,49579,0.01186206896551724,0.008137931034482758,0.015,242579,162698,266896.5517241379
264330,79203,0.01186206896551724,0.008551724137931035,0.006,249586,215674,261486.4864864865
286393,79836,0.01186206896551724,0.008551724137931035,0.009,241682,193613,261486.4864864865
304315,71095,0.01186206896551724,0.008551724137931035,0.012,238390,175694,261486.4864864865
319190,58406,0.01186206896551724,0.008551724137931035,0.015,237969,160818,261486.4864864865
267670,84456,0.01186206896551724,0.00896551724137931,0.006,245628,212334,256291.39072847684
289141,86186,0.01186206896551724,0.00896551724137931,0.009,237749,190860,256291.39072847684
306532,80569,0.01186206896551724,0.00896551724137931,0.012,233547,173470,256291.39072847684
321065,70585,0.01186206896551724,0.00896551724137931,0.015,232479,158944,256291.39072847684
271008,111652,0.01186206896551724,0.009379310344827585,0.006,237510,208993,251298.7012987013
291673,91267,0.01186206896551724,0.009379310344827585,0.009,234078,188333,251298.7012987013
308734,78659,0.01186206896551724,0.009379310344827585,0.012,232034,171266,251298.7012987013
322861,67374,0.01186206896551724,0.009379310344827585,0.015,231547,157140,251298.7012987013
274139,118427,0.01186206896551724,0.009793103448275862,0.006,233449,205862,246496.8152866242
294258,110580,0.01186206896551724,0.009793103448275862,0.009,227177,185743,246496.8152866242
310829,90825,0.01186206896551724,0.009793103448275862,0.012,226757,169178,246496.8152866242
324606,76574,0.01186206896551724,0.009793103448275862,0.015,226977,155399,246496.8152866242
277142,119462,0.01186206896551724,0.010206896551724139,0.006,230458,202858,241875.0
296667,100371,0.01186206896551724,0.010206896551724139,0.009,227184,183338,241875.0
312808,93834,0.01186206896551724,0.010206896551724139,0.012,223891,167197,241875.0
326355,92894,0.01186206896551724,0.010206896551724139,0.015,220427,153654,241875.0
280044,123053,0.01186206896551724,0.010620689655172414,0.006,227077,199957,237423.31288343557
299126,116859,0.01186206896551724,0.010620689655172414,0.009,221051,180874,237423.31288343557
314834,96138,0.01186206896551724,0.010620689655172414,0.012,221272,165170,237423.31288343557
328100,109398,0.01186206896551724,0.010620689655172414,0.015,214082,151909,237423.31288343557
282909,132648,0.01186206896551724,0.011034482758620689,0.006,222686,197093,233132.53012048194
301446,104993,0.01186206896551724,0.011034482758620689,0.009,221496,178559,233132.53012048194
316869,111358,0.01186206896551724,0.011034482758620689,0.012,215368,163132,233132.53012048194
329689,98996,0.01186206896551724,0.011034482758620689,0.015,215252,150317,233132.53012048194
285726,145497,0.01186206896551724,0.011448275862068966,0.006,217887,194275,228994.08284023666
303785,125410,0.01186206896551724,0.011448275862068966,0.009,214809,176222,228994.08284023666
318684,113729,0.01186206896551724,0.011448275862068966,0.012,212884,161320,228994.08284023666
331320,118556,0.01186206896551724,0.011448275862068966,0.015,208200,148684,228994.08284023666
288385,151700,0.01186206896551724,0.01186206896551724,0.006,214359,191621,224999.99999999997
305948,139149,0.01186206896551724,0.01186206896551724,0.009,209767,174053,224999.99999999997
320538,118442,0.01186206896551724,0.01186206896551724,0.012,209926,159464,224999.99999999997
332898,113921,0.01186206896551724,0.01186206896551724,0.015,207805,147110,224999.99999999997
291021,160838,0.01186206896551724,0.012275862068965518,0.006,210335,188980,221142.8571428571
308185,144857,0.01186206896551724,0.012275862068965518,0.009,206528,171822,221142.8571428571
322386,133181,0.01186206896551724,0.012275862068965518,0.012,204402,157616,221142.8571428571
334463,131957,0.01186206896551724,0.012275862068965518,0.015,201300,145543,221142.8571428571
293623,152748,0.01186206896551724,0.012689655172413793,0.006,209397,186383,217415.73033707865
310346,137972,0.01186206896551724,0.012689655172413793,0.009,205888,169661,217415.73033707865
324178,137126,0.01186206896551724,0.012689655172413793,0.012,201757,155824,217415.73033707865
336013,138751,0.01186206896551724,0.012689655172413793,0.015,197833,143996,217415.73033707865
296045,177519,0.01186206896551724,0.01310344827586207,0.006,202895,183959,213812.15469613258
312315,158571,0.01186206896551724,0.01310344827586207,0.009,199539,167691,213812.15469613258
325908,139617,0.01186206896551724,0.01310344827586207,0.012,199311,154097,213812.15469613258
337566,139154,0.01186206896551724,0.01310344827586207,0.015,196191,142441,213812.15469613258
298467,186086,0.01186206896551724,0.013517241379310345,0.006,199224,181537,210326.08695652173
314394,160219,0.01186206896551724,0.013517241379310345,0.009,197400,165613,210326.08695652173
327615,151569,0.01186206896551724,0.013517241379310345,0.012,194785,152390,210326.08695652173
338939,141085,0.01186206896551724,0.013517241379310345,0.015,194311,141067,210326.08695652173
300831,177480,0.01186206896551724,0.01393103448275862,0.006,198427,179174,206951.87165775403
316341,157932,0.01186206896551724,0.01393103448275862,0.009,195953,163668,206951.87165775403
329302,160090,0.01186206896551724,0.01393103448275862,0.012,191065,150706,206951.87165775403
340383,147056,0.01186206896551724,0.01393103448275862,0.015,191287,139625,206951.87165775403
303150,181358,0.01186206896551724,0.014344827586206896,0.006,195743,176856,203684.2105263158
318241,182781,0.01186206896551724,0.014344827586206896,0.009,189052,161765,203684.2105263158
330922,161164,0.01186206896551724,0.014344827586206896,0.012,189337,149080,203684.2105263158
341769,154709,0.01186206896551724,0.014344827586206896,0.015,187717,138234,203684.2105263158
305491,193393,0.01186206896551724,0.014758620689655172,0.006,191809,174510,200518.1347150259
320177,170532,0.01186206896551724,0.014758620689655172,0.009,189828,159831,200518.1347150259
332614,164903,0.01186206896551724,0.014758620689655172,0.012,186839,147392,200518.1347150259
343234,158434,0.01186206896551724,0.014758620689655172,0.015,185371,136773,200518.1347150259
307574,194172,0.01186206896551724,0.015172413793103448,0.006,189737,172431,197448.97959183672
322034,166642,0.01186206896551724,0.015172413793103448,0.009,188778,157970,197448.97959183672
334077,173316,0.01186206896551724,0.015172413793103448,0.012,183295,145925,197448.97959183672
344555,171891,0.01186206896551724,0.015172413793103448,0.015,180586,135445,197448.97959183672
309728,197077,0.01186206896551724,0.015586206896551724,0.006,187282,170274,194472.36180904522
323753,196597,0.01186206896551724,0.015586206896551724,0.009,181056,156254,194472.36180904522
335670,164068,0.01186206896551724,0.015586206896551724,0.012,184074,144339,194472.36180904522
345814,177285,0.01186206896551724,0.015586206896551724,0.015,177832,134192,194472.36180904522
311787,202002,0.01186206896551724,0.016,0.006,184508,168219,191584.15841584155
325576,187226,0.01186206896551724,0.016,0.009,181354,154426,191584.15841584155
337112,189188,0.01186206896551724,0.016,0.012,176663,142894,191584.15841584155
347178,176627,0.01186206896551724,0.016,0.015,176666,132831,191584.15841584155
215371,10217,0.012275862068965518,0.004,0.006,307875,264627,339406.77966101695
246841,12094,0.012275862068965518,0.004,0.009,294527,233164,339406.77966101695
271519,9545,0.012275862068965518,0.004,0.012,286137,208485,339406.77966101695
291573,8567,0.012275862068965518,0.004,0.015,279815,188427,339406.77966101695
220212,14910,0.012275862068965518,0.004413793103448276,0.006,302474,259792,330991.7355371901
250589,11857,0.012275862068965518,0.004413793103448276,0.009,291106,229414,330991.7355371901
274626,13438,0.012275862068965518,0.004413793103448276,0.012,282100,205374,330991.7355371901
293979,11658,0.012275862068965518,0.004413793103448276,0.015,276232,186024,330991.7355371901
224914,17290,0.012275862068965518,0.004827586206896552,0.006,297649,255085,322983.87096774194
254252,15228,0.012275862068965518,0.004827586206896552,0.009,286659,225754,322983.87096774194
277479,14330,0.012275862068965518,0.004827586206896552,0.012,278929,202522,322983.87096774194
296449,12438,0.012275862068965518,0.004827586206896552,0.015,273625,183551,322983.87096774194
229438,24861,0.012275862068965518,0.005241379310344827,0.006,291875,250568,315354.33070866147
257810,16973,0.012275862068965518,0.005241379310344827,0.009,282969,222191,315354.33070866147
280288,17523,0.012275862068965518,0.005241379310344827,0.012,275305,199716,315354.33070866147
298736,15813,0.012275862068965518,0.005241379310344827,0.015,270164,181270,315354.33070866147
233649,31119,0.012275862068965518,0.005655172413793104,0.006,286585,246353,308076.92307692306
261096,20858,0.012275862068965518,0.005655172413793104,0.009,278634,218906,308076.92307692306
283148,21669,0.012275862068965518,0.005655172413793104,0.012,271367,196852,308076.92307692306
301013,19568,0.012275862068965518,0.005655172413793104,0.015,266634,178993,308076.92307692306
237914,36140,0.012275862068965518,0.006068965517241379,0.006,281688,242086,301127.8195488722
264413,30686,0.012275862068965518,0.006068965517241379,0.009,273140,215589,301127.8195488722
285781,21622,0.012275862068965518,0.006068965517241379,0.012,268733,194225,301127.8195488722
303282,19007,0.012275862068965518,0.006068965517241379,0.015,264541,176725,301127.8195488722
241920,51707,0.012275862068965518,0.006482758620689655,0.006,275003,238084,294485.2941176471
267760,30961,0.012275862068965518,0.006482758620689655,0.009,269967,212243,294485.2941176471
288383,25757,0.012275862068965518,0.006482758620689655,0.012,264878,191618,294485.2941176471
305436,25151,0.012275862068965518,0.006482758620689655,0.015,260395,174573,294485.2941176471
245935,55102,0.012275862068965518,0.006896551724137931,0.006,270546,234070,288129.49640287773
270856,41322,0.012275862068965518,0.006896551724137931,0.009,264369,209151,288129.49640287773
290945,33878,0.012275862068965518,0.006896551724137931,0.012,260180,189056,288129.49640287773
307523,32180,0.012275862068965518,0.006896551724137931,0.015,256019,172483,288129.49640287773
249707,59200,0.012275862068965518,0.007310344827586207,0.006,266285,230300,282042.25352112675
273853,42020,0.012275862068965518,0.007310344827586207,0.009,261409,206147,282042.25352112675
293378,38443,0.012275862068965518,0.007310344827586207,0.012,256401,186626,282042.25352112675
309625,35937,0.012275862068965518,0.007310344827586207,0.015,252773,170383,282042.25352112675
253325,62041,0.012275862068965518,0.007724137931034483,0.006,262251,226676,276206.8965517241
276719,58125,0.012275862068965518,0.007724137931034483,0.009,254681,203284,276206.8965517241
295788,46225,0.012275862068965518,0.007724137931034483,0.012,251843,184216,276206.8965517241
311590,37545,0.012275862068965518,0.007724137931034483,0.015,250240,168410,276206.8965517241
256825,79368,0.012275862068965518,0.008137931034482758,0.006,255827,223179,270608.1081081081
279632,62159,0.012275862068965518,0.008137931034482758,0.009,251072,200369,270608.1081081081
298248,52405,0.012275862068965518,0.008137931034482758,0.012,247912,181755,270608.1081081081
313632,47619,0.012275862068965518,0.008137931034482758,0.015,245158,166375,270608.1081081081
260266,84681,0.012275862068965518,0.008551724137931035,0.006,251561,219738,265231.7880794702
282368,76140,0.012275862068965518,0.008551724137931035,0.009,244969,197636,265231.7880794702
300462,66571,0.012275862068965518,0.008551724137931035,0.012,241829,179539,265231.7880794702
315483,63067,0.012275862068965518,0.008551724137931035,0.015,238587,164523,265231.7880794702
263649,96640,0.012275862068965518,0.00896551724137931,0.006,246331,216357,260064.93506493504
285164,76764,0.012275862068965518,0.00896551724137931,0.009,242387,194843,260064.93506493504
302738,73285,0.012275862068965518,0.00896551724137931,0.012,237792,177268,260064.93506493504
317347,56177,0.012275862068965518,0.00896551724137931,0.015,238721,162659,260064.93506493504
266842,107411,0.012275862068965518,0.009379310344827585,0.006,241375,213162,255095.5414012739
287706,87601,0.012275862068965518,0.009379310344827585,0.009,237411,192298,255095.5414012739
304847,86264,0.012275862068965518,0.009379310344827585,0.012,232241,175158,255095.5414012739
319257,74801,0.012275862068965518,0.009379310344827585,0.015,231383,160750,255095.5414012739
269989,106862,0.012275862068965518,0.009793103448275862,0.006,238413,210011,250312.5
290316,89704,0.012275862068965518,0.009793103448275862,0.009,234534,189684,250312.5
306978,82514,0.012275862068965518,0.009793103448275862,0.012,231085,173026,250312.5
320985,93682,0.012275862068965518,0.009793103448275862,0.015,224018,159021,250312.5
273115,113806,0.012275862068965518,0.010206896551724139,0.006,234290,206885,245705.52147239266
292791,99928,0.012275862068965518,0.010206896551724139,0.009,229721,187215,245705.52147239266
309150,106139,0.012275862068965518,0.010206896551724139,0.012,222987,170851,245705.52147239266
322766,88262,0.012275862068965518,0.010206896551724139,0.015,223818,157237,245705.52147239266
276066,120569,0.012275862068965518,0.010620689655172414,0.006,230540,203940,241265.06024096385
295252,110829,0.012275862068965518,0.010620689655172414,0.009,225012,184754,241265.06024096385
311183,108618,0.012275862068965518,0.010620689655172414,0.012,220412,168821,241265.06024096385
324539,90987,0.012275862068965518,0.010620689655172414,0.015,221297,155462,241265.06024096385
278917,120889,0.012275862068965518,0.011034482758620689,0.006,227838,201084,236982.2485207101
297557,104326,0.012275862068965518,0.011034482758620689,0.009,224230,182447,236982.2485207101
313131,111922,0.012275862068965518,0.011034482758620689,0.012,217603,166876,236982.2485207101
326128,98520,0.012275862068965518,0.011034482758620689,0.015,217445,153876,236982.2485207101
281678,140492,0.012275862068965518,0.011448275862068966,0.006,221798,198323,232848.83720930232
299897,116360,0.012275862068965518,0.011448275862068966,0.009,219371,180106,232848.83720930232
314992,98685,0.012275862068965518,0.011448275862068966,0.012,219072,165013,232848.83720930232
327841,101420,0.012275862068965518,0.011448275862068966,0.015,215037,152169,232848.83720930232
284477,126801,0.012275862068965518,0.01186206896551724,0.006,221432,195523,228857.14285714284
302133,126254,0.012275862068965518,0.01186206896551724,0.009,215070,177873,228857.14285714284
316879,118494,0.012275862068965518,0.01186206896551724,0.012,212215,163124,228857.14285714284
329462,109685,0.012275862068965518,0.01186206896551724,0.015,211119,150547,228857.14285714284
287098,150666,0.012275862068965518,0.012275862068965518,0.006,214987,192903,224999.99999999997
304296,142117,0.012275862068965518,0.012275862068965518,0.009,209754,175709,224999.99999999997
318738,132971,0.012275862068965518,0.012275862068965518,0.012,206786,161264,224999.99999999997
331043,118666,0.012275862068965518,0.012275862068965518,0.015,207014,148957,224999.99999999997
289699,150875,0.012275862068965518,0.012689655172413793,0.006,212737,190307,221270.71823204422
306526,149867,0.012275862068965518,0.012689655172413793,0.009,205950,173482,221270.71823204422
320521,128523,0.012275862068965518,0.012689655172413793,0.012,206137,159484,221270.71823204422
332489,122442,0.012275862068965518,0.012689655172413793,0.015,204475,147517,221270.71823204422
292147,148582,0.012275862068965518,0.01310344827586207,0.006,210726,187858,217663.04347826086
308610,150289,0.012275862068965518,0.01310344827586207,0.009,204029,171398,217663.04347826086
322382,145867,0.012275862068965518,0.01310344827586207,0.012,200118,157625,217663.04347826086
334019,131558,0.012275862068965518,0.01310344827586207,0.015,200372,145986,217663.04347826086
294588,167292,0.012275862068965518,0.013517241379310345,0.006,205414,185416,214171.1229946524
310620,158463,0.012275862068965518,0.013517241379310345,0.009,200428,169382,214171.1229946524
324071,144569,0.012275862068965518,0.013517241379310345,0.012,198867,155938,214171.1229946524
335510,141079,0.012275862068965518,0.013517241379310345,0.015,196399,144492,214171.1229946524
296992,175338,0.012275862068965518,0.01393103448275862,0.006,201908,183014,210789.47368421056
312570,159077,0.012275862068965518,0.01393103448275862,0.009,198288,167436,210789.47368421056
325799,143212,0.012275862068965518,0.01393103448275862,0.012,197565,154206,210789.47368421056
336946,147376,0.012275862068965518,0.01393103448275862,0.015,193268,143062,210789.47368421056
299406,167831,0.012275862068965518,0.014344827586206896,0.006,200777,180598,207512.95336787566
314605,157138,0.012275862068965518,0.014344827586206896,0.009,196893,165403,207512.95336787566
327370,149444,0.012275862068965518,0.014344827586206896,0.012,194474,152635,207512.95336787566
338469,158896,0.012275862068965518,0.014344827586206896,0.015,188723,141538,207512.95336787566
301556,172982,0.012275862068965518,0.014758620689655172,0.006,198007,178448,204336.73469387757
316430,183960,0.012275862068965518,0.014758620689655172,0.009,189755,163570,204336.73469387757
328987,159042,0.012275862068965518,0.014758620689655172,0.012,190666,151018,204336.73469387757
339782,157894,0.012275862068965518,0.014758620689655172,0.015,187643,140226,204336.73469387757
303788,182646,0.012275862068965518,0.015172413793103448,0.006,194513,176218,201256.2814070352
318377,162959,0.012275862068965518,0.015172413793103448,0.009,192190,161626,201256.2814070352
330583,175375,0.012275862068965518,0.015172413793103448,0.012,185289,149423,201256.2814070352
341198,178429,0.012275862068965518,0.015172413793103448,0.015,180941,138811,201256.2814070352
305918,206185,0.012275862068965518,0.015586206896551724,0.006,188946,174087,198267.3267326733
320093,175540,0.012275862068965518,0.015586206896551724,0.009,188058,159913,198267.3267326733
332104,182942,0.012275862068965518,0.015586206896551724,0.012,182014,147900,198267.3267326733
342477,171886,0.012275862068965518,0.015586206896551724,0.015,181366,137529,198267.3267326733
308024,202035,0.012275862068965518,0.016,0.006,187570,171981,195365.85365853657
321908,178095,0.012275862068965518,0.016,0.009,185734,158092,195365.85365853657
333660,182003,0.012275862068965518,0.016,0.012,180881,146343,195365.85365853657
343821,169230,0.012275862068965518,0.016,0.015,180698,136188,195365.85365853657
211559,9995,0.012689655172413793,0.004,0.006,310370,268441,342148.7603305785
242862,7377,0.012689655172413793,0.004,0.009,297947,237139,342148.7603305785
267720,7156,0.012689655172413793,0.004,0.012,288835,212285,342148.7603305785
287830,10890,0.012689655172413793,0.004,0.015,280828,192176,342148.7603305785
216239,9605,0.012689655172413793,0.004413793103448276,0.006,306113,263760,333870.9677419355
246608,11301,0.012689655172413793,0.004413793103448276,0.009,293409,233393,333870.9677419355
270745,10092,0.012689655172413793,0.004413793103448276,0.012,285010,209257,333870.9677419355
290197,10181,0.012689655172413793,0.004413793103448276,0.015,278561,189805,333870.9677419355
220943,17453,0.012689655172413793,0.004827586206896552,0.006,300165,259055,325984.25196850393
250215,15029,0.012689655172413793,0.004827586206896552,0.009,289002,229789,325984.25196850393
273607,11182,0.012689655172413793,0.004827586206896552,0.012,281881,206395,325984.25196850393
292610,13245,0.012689655172413793,0.004827586206896552,0.015,275175,187395,325984.25196850393
225481,17156,0.012689655172413793,0.005241379310344827,0.006,296099,254519,318461.5384615385
253769,20024,0.012689655172413793,0.005241379310344827,0.009,284435,226232,318461.5384615385
276507,15062,0.012689655172413793,0.005241379310344827,0.012,278034,203493,318461.5384615385
295060,16811,0.012689655172413793,0.005241379310344827,0.015,271688,184947,318461.5384615385
229751,31452,0.012689655172413793,0.005655172413793104,0.006,289289,250252,311278.1954887218
257161,17974,0.012689655172413793,0.005655172413793104,0.009,281768,222843,311278.1954887218
279183,15184,0.012689655172413793,0.005655172413793104,0.012,275190,200819,311278.1954887218
297376,18224,0.012689655172413793,0.005655172413793104,0.015,268822,182629,311278.1954887218
233876,27151,0.012689655172413793,0.006068965517241379,0.006,286101,246128,304411.7647058824
260506,20862,0.012689655172413793,0.006068965517241379,0.009,277888,219500,304411.7647058824
281892,23264,0.012689655172413793,0.006068965517241379,0.012,270305,198110,304411.7647058824
299491,20833,0.012689655172413793,0.006068965517241379,0.015,265753,180513,304411.7647058824
238037,41805,0.012689655172413793,0.006482758620689655,0.006,279574,241970,297841.726618705
263782,33533,0.012689655172413793,0.006482758620689655,0.009,271649,216218,297841.726618705
284629,21362,0.012689655172413793,0.006482758620689655,0.012,268179,195378,297841.726618705
301700,25491,0.012689655172413793,0.006482758620689655,0.015,262108,178304,297841.726618705
241881,43946,0.012689655172413793,0.006896551724137931,0.006,275377,238118,291549.2957746479
266835,38672,0.012689655172413793,0.006896551724137931,0.009,267411,213169,291549.2957746479
287195,35151,0.012689655172413793,0.006896551724137931,0.012,261881,192807,291549.2957746479
303854,29534,0.012689655172413793,0.006896551724137931,0.015,258727,176148,291549.2957746479
245689,56857,0.012689655172413793,0.007310344827586207,0.006,269488,234314,285517.2413793103
269873,45532,0.012689655172413793,0.007310344827586207,0.009,263019,210131,285517.2413793103
289614,36450,0.012689655172413793,0.007310344827586207,0.012,258995,190389,285517.2413793103
305899,33712,0.012689655172413793,0.007310344827586207,0.015,255270,174107,285517.2413793103
249327,49787,0.012689655172413793,0.007724137931034483,0.006,267427,230678,279729.7297297297
272886,51318,0.012689655172413793,0.007724137931034483,0.009,258663,207119,279729.7297297297
292020,45023,0.012689655172413793,0.007724137931034483,0.012,254333,187982,279729.7297297297
308018,36384,0.012689655172413793,0.007724137931034483,0.015,252384,171989,279729.7297297297
252869,68112,0.012689655172413793,0.008137931034482758,0.006,260710,227135,274172.1854304636
275703,66717,0.012689655172413793,0.008137931034482758,0.009,252328,204301,274172.1854304636
294413,55302,0.012689655172413793,0.008137931034482758,0.012,249214,185589,274172.1854304636
309955,43083,0.012689655172413793,0.008137931034482758,0.015,248423,170047,274172.1854304636
256385,85176,0.012689655172413793,0.008551724137931035,0.006,254359,223615,268831.16883116885
278554,67739,0.012689655172413793,0.008551724137931035,0.009,249454,201448,268831.16883116885
296684,58034,0.012689655172413793,0.008551724137931035,0.012,246164,183318,268831.16883116885
311866,53494,0.012689655172413793,0.008551724137931035,0.015,243359,168139,268831.16883116885
259712,90453,0.012689655172413793,0.00896551724137931,0.006,250253,220291,263694.26751592354
281229,72901,0.012689655172413793,0.00896551724137931,0.009,245766,198775,263694.26751592354
299018,65885,0.012689655172413793,0.00896551724137931,0.012,241916,180989,263694.26751592354
313755,65905,0.012689655172413793,0.00896551724137931,0.015,237750,166249,263694.26751592354
262910,96333,0.012689655172413793,0.009379310344827585,0.006,246035,217090,258750.0
283866,83424,0.012689655172413793,0.009379310344827585,0.009,240802,196137,258750.0
301254,66402,0.012689655172413793,0.009379310344827585,0.012,239668,178752,258750.0
315622,63475,0.012689655172413793,0.009379310344827585,0.015,236544,164383,258750.0
266079,104259,0.012689655172413793,0.009793103448275862,0.006,241729,213926,253987.7300613497
286478,91245,0.012689655172413793,0.009793103448275862,0.009,236542,193523,253987.7300613497
303398,81369,0.012689655172413793,0.009793103448275862,0.012,233551,176608,253987.7300613497
317439,69294,0.012689655172413793,0.009793103448275862,0.015,233031,162567,253987.7300613497
269171,117470,0.012689655172413793,0.010206896551724139,0.006,236585,210835,249397.5903614458
288967,88335,0.012689655172413793,0.010206896551724139,0.009,234776,191036,249397.5903614458
305472,83925,0.012689655172413793,0.010206896551724139,0.012,230828,174529,249397.5903614458
319210,82150,0.012689655172413793,0.010206896551724139,0.015,227555,160796,249397.5903614458
272143,106496,0.012689655172413793,0.010620689655172414,0.006,235779,207858,244970.41420118342
291416,90777,0.012689655172413793,0.010620689655172414,0.009,232057,188585,244970.41420118342
307513,96696,0.012689655172413793,0.010620689655172414,0.012,225615,172492,244970.41420118342
320991,93269,0.012689655172413793,0.010620689655172414,0.015,222698,159009,244970.41420118342
274999,131807,0.012689655172413793,0.011034482758620689,0.006,228876,205005,240697.67441860464
293865,106723,0.012689655172413793,0.011034482758620689,0.009,226254,186140,240697.67441860464
309430,109746,0.012689655172413793,0.011034482758620689,0.012,220350,170574,240697.67441860464
322656,84645,0.012689655172413793,0.011034482758620689,0.015,223409,157346,240697.67441860464
277877,151055,0.012689655172413793,0.011448275862068966,0.006,222884,202124,236571.42857142855
296112,116222,0.012689655172413793,0.011448275862068966,0.009,221994,183892,236571.42857142855
311410,104544,0.012689655172413793,0.011448275862068966,0.012,219753,168592,236571.42857142855
324407,100194,0.012689655172413793,0.011448275862068966,0.015,217418,155596,236571.42857142855
280650,137481,0.012689655172413793,0.01186206896551724,0.006,222636,199350,232584.26966292132
298495,128531,0.012689655172413793,0.01186206896551724,0.009,217145,181509,232584.26966292132
313355,117998,0.012689655172413793,0.01186206896551724,0.012,214603,166655,232584.26966292132
325966,116283,0.012689655172413793,0.01186206896551724,0.015,211232,154036,232584.26966292132
283334,127911,0.012689655172413793,0.012275862068965518,0.006,221669,196670,228729.28176795578
300636,138800,0.012689655172413793,0.012275862068965518,0.009,212927,179371,228729.28176795578
315213,124652,0.012689655172413793,0.012275862068965518,0.012,211090,164787,228729.28176795578
327517,113865,0.012689655172413793,0.012275862068965518,0.015,210372,152488,228729.28176795578
285839,142989,0.012689655172413793,0.012689655172413793,0.006,216842,194167,225000.00000000003
302852,158931,0.012689655172413793,0.012689655172413793,0.009,206845,177149,225000.00000000003
316972,132159,0.012689655172413793,0.012689655172413793,0.012,207639,163033,225000.00000000003
329145,125387,0.012689655172413793,0.012689655172413793,0.015,205699,150864,225000.00000000003
288339,169104,0.012689655172413793,0.01310344827586207,0.006,210207,191665,221390.37433155082
304960,155454,0.012689655172413793,0.01310344827586207,0.009,205590,175044,221390.37433155082
318837,129209,0.012689655172413793,0.01310344827586207,0.012,206614,161170,221390.37433155082
330711,137716,0.012689655172413793,0.01310344827586207,0.015,200753,149296,221390.37433155082
290806,186099,0.012689655172413793,0.013517241379310345,0.006,205401,189199,217894.73684210525
306888,157920,0.012689655172413793,0.013517241379310345,0.009,203128,173117,217894.73684210525
320596,139397,0.012689655172413793,0.013517241379310345,0.012,202337,159411,217894.73684210525
332172,133374,0.012689655172413793,0.013517241379310345,0.015,200458,147837,217894.73684210525
293260,179606,0.012689655172413793,0.01393103448275862,0.006,204159,186746,214507.77202072542
308942,150343,0.012689655172413793,0.01393103448275862,0.009,202691,171059,214507.77202072542
322244,140067,0.012689655172413793,0.01393103448275862,0.012,200533,157762,214507.77202072542
333690,133813,0.012689655172413793,0.01393103448275862,0.015,198966,146317,214507.77202072542
295580,173355,0.012689655172413793,0.014344827586206896,0.006,203037,184423,211224.48979591834
310891,163781,0.012689655172413793,0.014344827586206896,0.009,198208,169114,211224.48979591834
323928,155973,0.012689655172413793,0.014344827586206896,0.012,195211,156080,211224.48979591834
335034,143074,0.012689655172413793,0.014344827586206896,0.015,195067,144967,211224.48979591834
297870,169641,0.012689655172413793,0.014758620689655172,0.006,201486,182138,208040.20100502513
312836,162579,0.012689655172413793,0.014758620689655172,0.009,196597,167166,208040.20100502513
325635,157153,0.012689655172413793,0.014758620689655172,0.012,193449,154371,208040.20100502513
336451,148968,0.012689655172413793,0.014758620689655172,0.015,192089,143557,208040.20100502513
300104,174175,0.012689655172413793,0.015172413793103448,0.006,198670,179905,204950.49504950497
314780,178083,0.012689655172413793,0.015172413793103448,0.009,191799,165227,204950.49504950497
327242,170837,0.012689655172413793,0.015172413793103448,0.012,188693,152763,204950.49504950497
337931,164619,0.012689655172413793,0.015172413793103448,0.015,186653,142073,204950.49504950497
302265,183668,0.012689655172413793,0.015586206896551724,0.006,195248,177742,201951.21951219512
316555,179609,0.012689655172413793,0.015586206896551724,0.009,189826,163451,201951.21951219512
328717,173786,0.012689655172413793,0.015586206896551724,0.012,186475,151289,201951.21951219512
339181,169466,0.012689655172413793,0.015586206896551724,0.015,184119,140825,201951.21951219512
304374,201488,0.012689655172413793,0.016,0.006,190539,175628,199038.4615384615
318390,170620,0.012689655172413793,0.016,0.009,189896,161610,199038.4615384615
330254,159031,0.012689655172413793,0.016,0.012,188457,149752,199038.4615384615
340534,172723,0.012689655172413793,0.016,0.015,181906,139471,199038.4615384615
207683,8495,0.01310344827586207,0.004,0.006,313066,272318,344758.0645161291
238940,8767,0.01310344827586207,0.004,0.009,299704,241062,344758.0645161291
263904,7794,0.01310344827586207,0.004,0.012,290511,216096,344758.0645161291
284051,7003,0.01310344827586207,0.004,0.015,283820,195949,344758.0645161291
212483,13062,0.01310344827586207,0.004413793103448276,0.006,307762,267519,336614.1732283465
242823,8564,0.01310344827586207,0.004413793103448276,0.009,296224,237183,336614.1732283465
266830,9204,0.01310344827586207,0.004413793103448276,0.012,287242,213170,336614.1732283465
286575,10261,0.01310344827586207,0.004413793103448276,0.015,280230,193431,336614.1732283465
217189,21634,0.01310344827586207,0.004827586206896552,0.006,301727,262812,328846.1538461539
246470,13274,0.01310344827586207,0.004827586206896552,0.009,291635,233534,328846.1538461539
269879,11826,0.01310344827586207,0.004827586206896552,0.012,283622,210126,328846.1538461539
288958,13824,0.01310344827586207,0.004827586206896552,0.015,276696,191043,328846.1538461539
221619,18812,0.01310344827586207,0.005241379310344827,0.006,298313,258380,321428.5714285715
249952,18774,0.01310344827586207,0.005241379310344827,0.009,287034,230049,321428.5714285715
272644,15491,0.01310344827586207,0.005241379310344827,0.012,279862,207360,321428.5714285715
291289,15555,0.01310344827586207,0.005241379310344827,0.015,273778,188714,321428.5714285715
225922,36916,0.01310344827586207,0.005655172413793104,0.006,290815,254082,314338.2352941176
253421,21010,0.01310344827586207,0.005655172413793104,0.009,283192,226579,314338.2352941176
275555,18928,0.01310344827586207,0.005655172413793104,0.012,276129,204448,314338.2352941176
293629,16761,0.01310344827586207,0.005655172413793104,0.015,271052,186375,314338.2352941176
230050,33009,0.01310344827586207,0.006068965517241379,0.006,287512,249954,307553.9568345324
256679,20977,0.01310344827586207,0.006068965517241379,0.009,280006,223325,307553.9568345324
278253,21233,0.01310344827586207,0.006068965517241379,0.012,272925,201750,307553.9568345324
295869,18713,0.01310344827586207,0.006068965517241379,0.015,268279,184135,307553.9568345324
234205,39154,0.01310344827586207,0.006482758620689655,0.006,282768,245798,301056.33802816906
259950,28377,0.01310344827586207,0.006482758620689655,0.009,275151,220051,301056.33802816906
280835,21720,0.01310344827586207,0.006482758620689655,0.012,270151,199171,301056.33802816906
298075,19967,0.01310344827586207,0.006482758620689655,0.015,265582,181929,301056.33802816906
238034,41646,0.01310344827586207,0.006896551724137931,0.006,278512,241968,294827.5862068966
263083,34686,0.01310344827586207,0.006896551724137931,0.009,270624,216921,294827.5862068966
283476,28852,0.01310344827586207,0.006896551724137931,0.012,265617,196531,294827.5862068966
300228,27822,0.01310344827586207,0.006896551724137931,0.015,261044,179776,294827.5862068966
241878,49869,0.01310344827586207,0.007310344827586207,0.006,273486,238122,288851.35135135136
266131,43875,0.01310344827586207,0.007310344827586207,0.009,265565,213873,288851.35135135136
285880,36890,0.01310344827586207,0.007310344827586207,0.012,260933,194123,288851.35135135136
302396,30201,0.01310344827586207,0.007310344827586207,0.015,258144,177611,288851.35135135136
245448,56724,0.01310344827586207,0.007724137931034483,0.006,268830,234553,283112.58278145693
269124,49603,0.01310344827586207,0.007724137931034483,0.009,261505,210882,283112.58278145693
288355,48269,0.01310344827586207,0.007724137931034483,0.012,255541,191651,283112.58278145693
304388,35445,0.01310344827586207,0.007724137931034483,0.015,254513,175617,283112.58278145693
249128,66334,0.01310344827586207,0.008137931034482758,0.006,263681,230873,277597.40259740263
271973,60164,0.01310344827586207,0.008137931034482758,0.009,256193,208028,277597.40259740263
290815,44573,0.01310344827586207,0.008137931034482758,0.012,254065,189192,277597.40259740263
306467,46013,0.01310344827586207,0.008137931034482758,0.015,249371,173534,277597.40259740263
252594,71338,0.01310344827586207,0.008551724137931035,0.006,259525,227409,272292.99363057327
274724,56129,0.01310344827586207,0.008551724137931035,0.009,254504,205277,272292.99363057327
293130,54768,0.01310344827586207,0.008551724137931035,0.012,249172,186877,272292.99363057327
308419,46045,0.01310344827586207,0.008551724137931035,0.015,247376,171581,272292.99363057327
255854,86285,0.01310344827586207,0.00896551724137931,0.006,253781,224151,267187.5
277526,62029,0.01310344827586207,0.00896551724137931,0.009,250544,202475,267187.5
295343,59679,0.01310344827586207,0.00896551724137931,0.012,245640,184664,267187.5
310302,57967,0.01310344827586207,0.00896551724137931,0.015,241974,169699,267187.5
259145,98183,0.01310344827586207,0.009379310344827585,0.006,248637,220859,262269.9386503068
280147,76812,0.01310344827586207,0.009379310344827585,0.009,244704,199854,262269.9386503068
297560,69536,0.01310344827586207,0.009379310344827585,0.012,240982,182442,262269.9386503068
312131,58036,0.01310344827586207,0.009379310344827585,0.015,240046,167873,262269.9386503068
262308,94933,0.01310344827586207,0.009793103448275862,0.006,246272,217695,257530.1204819277
282737,83180,0.01310344827586207,0.009793103448275862,0.009,240761,197265,257530.1204819277
299694,77473,0.01310344827586207,0.009793103448275862,0.012,236708,180307,257530.1204819277
313970,69541,0.01310344827586207,0.009793103448275862,0.015,234860,166035,257530.1204819277
265400,95660,0.01310344827586207,0.010206896551724139,0.006,243122,214600,252958.57988165686
285264,94191,0.01310344827586207,0.010206896551724139,0.009,236057,194740,252958.57988165686
301887,80980,0.01310344827586207,0.010206896551724139,0.012,233795,178113,252958.57988165686
315765,70997,0.01310344827586207,0.010206896551724139,0.015,232646,164237,252958.57988165686
268314,111056,0.01310344827586207,0.010620689655172414,0.006,237766,211690,248546.511627907
287793,99510,0.01310344827586207,0.010620689655172414,0.009,232583,192207,248546.511627907
303948,90148,0.01310344827586207,0.010620689655172414,0.012,229451,176059,248546.511627907
317584,85855,0.01310344827586207,0.010620689655172414,0.015,226697,162416,248546.511627907
271245,109957,0.01310344827586207,0.011034482758620689,0.006,235346,208760,244285.71428571435
290215,116397,0.01310344827586207,0.011034482758620689,0.009,226579,189786,244285.71428571435
305979,96563,0.01310344827586207,0.011034482758620689,0.012,225902,174022,244285.71428571435
319259,90255,0.01310344827586207,0.011034482758620689,0.015,223806,160748,244285.71428571435
274111,121873,0.01310344827586207,0.011448275862068966,0.006,230764,205895,240168.5393258427
292464,110538,0.01310344827586207,0.011448275862068966,0.009,225730,187540,240168.5393258427
307938,97231,0.01310344827586207,0.011448275862068966,0.012,223882,172069,240168.5393258427
320985,88135,0.01310344827586207,0.011448275862068966,0.015,222668,159015,240168.5393258427
276835,139478,0.01310344827586207,0.01186206896551724,0.006,225122,203166,236187.8453038674
294805,125031,0.01310344827586207,0.01186206896551724,0.009,220538,185195,236187.8453038674
309810,115144,0.01310344827586207,0.01186206896551724,0.012,217559,170198,236187.8453038674
322560,100728,0.01310344827586207,0.01186206896551724,0.015,217584,157448,236187.8453038674
279497,129536,0.01310344827586207,0.012275862068965518,0.006,224430,200508,232336.95652173914
297090,121886,0.01310344827586207,0.012275862068965518,0.009,219013,182912,232336.95652173914
311744,113578,0.01310344827586207,0.012275862068965518,0.012,216071,168263,232336.95652173914
324170,102690,0.01310344827586207,0.012275862068965518,0.015,215432,155835,232336.95652173914
282087,130473,0.01310344827586207,0.012689655172413793,0.006,221591,197917,228609.62566844927
299186,137312,0.01310344827586207,0.012689655172413793,0.009,213689,180820,228609.62566844927
313537,108928,0.01310344827586207,0.012689655172413793,0.012,215445,166465,228609.62566844927
325809,111791,0.01310344827586207,0.012689655172413793,0.015,211298,154191,228609.62566844927
284633,154256,0.01310344827586207,0.01310344827586207,0.006,215515,195370,225000.0
301364,141229,0.01310344827586207,0.01310344827586207,0.009,211019,178637,225000.0
315346,122954,0.01310344827586207,0.01310344827586207,0.012,210261,164661,225000.0
327329,127235,0.01310344827586207,0.01310344827586207,0.015,205600,152674,225000.0
287111,152868,0.01310344827586207,0.013517241379310345,0.006,213471,192893,221502.59067357515
303371,157457,0.01310344827586207,0.013517241379310345,0.009,205808,176634,221502.59067357515
317151,134724,0.01310344827586207,0.013517241379310345,0.012,205684,162857,221502.59067357515
328912,124825,0.01310344827586207,0.013517241379310345,0.015,204744,151090,221502.59067357515
289584,169615,0.01310344827586207,0.01393103448275862,0.006,208715,190421,218112.2448979592
305452,151966,0.01310344827586207,0.01393103448275862,0.009,204953,174554,218112.2448979592
318891,143210,0.01310344827586207,0.01393103448275862,0.012,202144,161111,218112.2448979592
330301,134069,0.01310344827586207,0.01393103448275862,0.015,200847,149706,218112.2448979592
291906,182525,0.01310344827586207,0.014344827586206896,0.006,204611,188095,214824.1206030151
307410,164898,0.01310344827586207,0.014344827586206896,0.009,200463,172591,214824.1206030151
320560,147281,0.01310344827586207,0.014344827586206896,0.012,199594,159449,214824.1206030151
331816,141927,0.01310344827586207,0.014344827586206896,0.015,197444,148193,214824.1206030151
294290,172870,0.01310344827586207,0.014758620689655172,0.006,203830,185716,211633.66336633664
309355,142816,0.01310344827586207,0.014758620689655172,0.009,203101,170654,211633.66336633664
322164,152146,0.01310344827586207,0.014758620689655172,0.012,196792,157841,211633.66336633664
333297,147387,0.01310344827586207,0.014758620689655172,0.015,194561,146710,211633.66336633664
296446,171814,0.01310344827586207,0.015172413793103448,0.006,201754,183560,208536.58536585365
311212,180673,0.01310344827586207,0.015172413793103448,0.009,193859,168794,208536.58536585365
323804,153159,0.01310344827586207,0.015172413793103448,0.012,195016,156197,208536.58536585365
334697,158429,0.01310344827586207,0.015172413793103448,0.015,190371,145310,208536.58536585365
298621,189876,0.01310344827586207,0.015586206896551724,0.006,197082,181383,205528.84615384619
313058,150722,0.01310344827586207,0.015586206896551724,0.009,198008,166947,205528.84615384619
325381,164665,0.01310344827586207,0.015586206896551724,0.012,190918,154625,205528.84615384619
336076,150549,0.01310344827586207,0.015586206896551724,0.015,191059,143928,205528.84615384619
300769,184173,0.01310344827586207,0.016,0.006,195974,179232,202606.63507109004
314964,190095,0.01310344827586207,0.016,0.009,188524,165043,202606.63507109004
327008,172358,0.01310344827586207,0.016,0.012,187602,152999,202606.63507109004
337342,154253,0.01310344827586207,0.016,0.015,188750,142660,202606.63507109004
204077,10806,0.013517241379310345,0.004,0.006,314957,275923,347244.0944881889
235267,7311,0.013517241379310345,0.004,0.009,302169,244736,347244.0944881889
260099,6947,0.013517241379310345,0.004,0.012,292650,219902,347244.0944881889
280390,8304,0.013517241379310345,0.004,0.015,285089,199614,347244.0944881889
208791,9802,0.013517241379310345,0.004413793103448276,0.006,310785,271213,339230.76923076925
239046,10575,0.013517241379310345,0.004413793103448276,0.009,297876,240955,339230.76923076925
263241,11787,0.013517241379310345,0.004413793103448276,0.012,288432,216759,339230.76923076925
283006,10311,0.013517241379310345,0.004413793103448276,0.015,281969,197001,339230.76923076925
213380,12559,0.013517241379310345,0.004827586206896552,0.006,306052,266623,331578.94736842107
242651,11018,0.013517241379310345,0.004827586206896552,0.009,294347,237353,331578.94736842107
266146,12119,0.013517241379310345,0.004827586206896552,0.012,285462,213856,331578.94736842107
285408,10528,0.013517241379310345,0.004827586206896552,0.015,279490,194599,331578.94736842107
217890,12626,0.013517241379310345,0.005241379310344827,0.006,301787,262113,324264.7058823529
246201,16068,0.013517241379310345,0.005241379310344827,0.009,289813,233803,324264.7058823529
269049,14692,0.013517241379310345,0.005241379310344827,0.012,282001,210957,324264.7058823529
287757,13347,0.013517241379310345,0.005241379310344827,0.015,276172,192244,324264.7058823529
222146,18800,0.013517241379310345,0.005655172413793104,0.006,296693,257858,317266.1870503597
249709,18618,0.013517241379310345,0.005655172413793104,0.009,285998,230296,317266.1870503597
271773,17089,0.013517241379310345,0.005655172413793104,0.012,278554,208229,317266.1870503597
290116,14470,0.013517241379310345,0.005655172413793104,0.015,273540,189890,317266.1870503597
226361,33614,0.013517241379310345,0.006068965517241379,0.006,290093,253638,310563.38028169016
252990,21173,0.013517241379310345,0.006068965517241379,0.009,282167,227014,310563.38028169016
274508,21751,0.013517241379310345,0.006068965517241379,0.012,274670,205493,310563.38028169016
292326,15186,0.013517241379310345,0.006068965517241379,0.015,271064,187678,310563.38028169016
230434,35350,0.013517241379310345,0.006482758620689655,0.006,285864,249565,304137.9310344827
256267,24063,0.013517241379310345,0.006482758620689655,0.009,278443,223733,304137.9310344827
277198,27589,0.013517241379310345,0.006482758620689655,0.012,270477,202808,304137.9310344827
294658,21789,0.013517241379310345,0.006482758620689655,0.015,266788,185346,304137.9310344827
234371,38089,0.013517241379310345,0.006896551724137931,0.006,281747,245629,297972.97297297296
259422,34928,0.013517241379310345,0.006896551724137931,0.009,272848,220578,297972.97297297296
279811,26928,0.013517241379310345,0.006896551724137931,0.012,268187,200194,297972.97297297296
296754,24618,0.013517241379310345,0.006896551724137931,0.015,263807,183252,297972.97297297296
238054,46713,0.013517241379310345,0.007310344827586207,0.006,276654,241947,292052.9801324503
262468,40940,0.013517241379310345,0.007310344827586207,0.009,268562,217539,292052.9801324503
282281,29626,0.013517241379310345,0.007310344827586207,0.012,264948,197723,292052.9801324503
298879,32840,0.013517241379310345,0.007310344827586207,0.015,259186,181122,292052.9801324503
241789,60659,0.013517241379310345,0.007724137931034483,0.006,270618,238212,286363.63636363635
265425,40759,0.013517241379310345,0.007724137931034483,0.009,265848,214579,286363.63636363635
284844,42805,0.013517241379310345,0.007724137931034483,0.012,259002,195159,286363.63636363635
300911,33826,0.013517241379310345,0.007724137931034483,0.015,256807,179093,286363.63636363635
245388,53022,0.013517241379310345,0.008137931034482758,0.006,268763,234612,280891.7197452229
268257,50180,0.013517241379310345,0.008137931034482758,0.009,260855,211745,280891.7197452229
287143,45395,0.013517241379310345,0.008137931034482758,0.012,255956,192859,280891.7197452229
302922,43273,0.013517241379310345,0.008137931034482758,0.015,252058,177084,280891.7197452229
248856,77592,0.013517241379310345,0.008551724137931035,0.006,261073,231144,275625.0
271094,53858,0.013517241379310345,0.008551724137931035,0.009,257359,208911,275625.0
289489,55057,0.013517241379310345,0.008551724137931035,0.012,251145,190512,275625.0
304906,46087,0.013517241379310345,0.008551724137931035,0.015,249157,175099,275625.0
252186,69143,0.013517241379310345,0.00896551724137931,0.006,259332,227814,270552.14723926375
273849,66444,0.013517241379310345,0.00896551724137931,0.009,251904,206156,270552.14723926375
291826,55712,0.013517241379310345,0.00896551724137931,0.012,248785,188180,270552.14723926375
306918,51716,0.013517241379310345,0.00896551724137931,0.015,245607,173085,270552.14723926375
255381,88376,0.013517241379310345,0.009379310344827585,0.006,253086,224623,265662.6506024096
276503,78258,0.013517241379310345,0.009379310344827585,0.009,246717,203501,265662.6506024096
293998,53292,0.013517241379310345,0.009379310344827585,0.012,247188,186004,265662.6506024096
308727,59518,0.013517241379310345,0.009379310344827585,0.015,241434,171278,265662.6506024096
258580,79062,0.013517241379310345,0.009793103448275862,0.006,251580,221426,260946.74556213018
279207,83452,0.013517241379310345,0.009793103448275862,0.009,243139,200800,260946.74556213018
296184,65580,0.013517241379310345,0.009793103448275862,0.012,241934,183820,260946.74556213018
310607,72986,0.013517241379310345,0.009793103448275862,0.015,235802,169396,260946.74556213018
261684,90167,0.013517241379310345,0.010206896551724139,0.006,246795,218316,256395.3488372093
281732,92323,0.013517241379310345,0.010206896551724139,0.009,238928,198275,256395.3488372093
298308,82242,0.013517241379310345,0.010206896551724139,0.012,235536,181697,256395.3488372093
312384,69972,0.013517241379310345,0.010206896551724139,0.015,234800,167620,256395.3488372093
264678,104956,0.013517241379310345,0.010620689655172414,0.006,241629,215327,252000.0
284195,96706,0.013517241379310345,0.010620689655172414,0.009,235573,195811,252000.0
300432,86479,0.013517241379310345,0.010620689655172414,0.012,232559,179569,252000.0
314246,76209,0.013517241379310345,0.010620689655172414,0.015,231348,165761,252000.0
267594,99170,0.013517241379310345,0.011034482758620689,0.006,239835,212409,247752.80898876404
286628,94326,0.013517241379310345,0.011034482758620689,0.009,233782,193379,247752.80898876404
302424,97068,0.013517241379310345,0.011034482758620689,0.012,227896,177581,247752.80898876404
315884,81651,0.013517241379310345,0.011034482758620689,0.015,228088,164121,247752.80898876404
270408,127413,0.013517241379310345,0.011448275862068966,0.006,232429,209598,243646.40883977897
288896,105067,0.013517241379310345,0.011448275862068966,0.009,229306,191108,243646.40883977897
304409,92399,0.013517241379310345,0.011448275862068966,0.012,227088,175596,243646.40883977897
317689,98362,0.013517241379310345,0.011448275862068966,0.015,221771,162314,243646.40883977897
273232,132014,0.013517241379310345,0.01186206896551724,0.006,229179,206774,239673.9130434782
291244,118534,0.013517241379310345,0.01186206896551724,0.009,224275,188757,239673.9130434782
306463,114435,0.013517241379310345,0.01186206896551724,0.012,219948,173539,239673.9130434782
319249,100041,0.013517241379310345,0.01186206896551724,0.015,219690,160754,239673.9130434782
275888,127861,0.013517241379310345,0.012275862068965518,0.006,227476,204114,235828.87700534755
293502,125703,0.013517241379310345,0.012275862068965518,0.009,220620,186498,235828.87700534755
308261,93868,0.013517241379310345,0.012275862068965518,0.012,223054,171744,235828.87700534755
320891,108494,0.013517241379310345,0.012275862068965518,0.015,215789,159114,235828.87700534755
278558,128491,0.013517241379310345,0.012689655172413793,0.006,224745,201442,232105.26315789472
295642,118319,0.013517241379310345,0.012689655172413793,0.009,220120,184359,232105.26315789472
310218,127664,0.013517241379310345,0.012689655172413793,0.012,213021,169788,232105.26315789472
322475,109211,0.013517241379310345,0.012689655172413793,0.015,213929,157528,232105.26315789472
281106,160139,0.013517241379310345,0.01310344827586207,0.006,217399,198894,228497.40932642485
297882,136071,0.013517241379310345,0.01310344827586207,0.009,214548,182124,228497.40932642485
311999,112684,0.013517241379310345,0.01310344827586207,0.012,214948,168007,228497.40932642485
324038,116092,0.013517241379310345,0.01310344827586207,0.015,210633,155968,228497.40932642485
283536,148630,0.013517241379310345,0.013517241379310345,0.006,216975,196465,225000.0
299959,150450,0.013517241379310345,0.013517241379310345,0.009,209656,180048,225000.0
313736,115257,0.013517241379310345,0.013517241379310345,0.012,212590,166270,225000.0
325576,120757,0.013517241379310345,0.013517241379310345,0.015,207847,154430,225000.0
285964,160286,0.013517241379310345,0.01393103448275862,0.006,212933,194042,221608.040201005
301945,142220,0.013517241379310345,0.01393103448275862,0.009,209330,178057,221608.040201005
315465,127729,0.013517241379310345,0.01393103448275862,0.012,207943,164539,221608.040201005
327104,133291,0.013517241379310345,0.01393103448275862,0.015,203044,152902,221608.040201005
288352,152962,0.013517241379310345,0.014344827586206896,0.006,211689,191650,218316.8316831683
303941,145445,0.013517241379310345,0.014344827586206896,0.009,206885,176062,218316.8316831683
317207,140307,0.013517241379310345,0.014344827586206896,0.012,203298,162801,218316.8316831683
328632,138956,0.013517241379310345,0.014344827586206896,0.015,200237,151377,218316.8316831683
290740,146609,0.013517241379310345,0.014758620689655172,0.006,210654,189264,215121.95121951218
305870,154593,0.013517241379310345,0.014758620689655172,0.009,203199,174137,215121.95121951218
318862,146176,0.013517241379310345,0.014758620689655172,0.012,200506,161144,215121.95121951218
330010,130758,0.013517241379310345,0.014758620689655172,0.015,200817,149998,215121.95121951218
292937,172089,0.013517241379310345,0.015172413793103448,0.006,204550,187071,212019.23076923075
307801,161687,0.013517241379310345,0.015172413793103448,0.009,200048,172201,212019.23076923075
320497,157376,0.013517241379310345,0.015172413793103448,0.012,196353,159505,212019.23076923075
331518,144844,0.013517241379310345,0.015172413793103448,0.015,195874,148491,212019.23076923075
295196,166601,0.013517241379310345,0.015586206896551724,0.006,203437,184808,209004.73933649287
309753,165371,0.013517241379310345,0.015586206896551724,0.009,197638,170254,209004.73933649287
322077,157950,0.013517241379310345,0.015586206896551724,0.012,194627,157927,209004.73933649287
332837,148697,0.013517241379310345,0.015586206896551724,0.015,193537,147169,209004.73933649287
297358,185243,0.013517241379310345,0.016,0.006,198686,182646,206074.76635514013
311498,163745,0.013517241379310345,0.016,0.009,196148,168508,206074.76635514013
323727,150843,0.013517241379310345,0.016,0.012,194714,156273,206074.76635514013
334224,156117,0.013517241379310345,0.016,0.015,190225,145784,206074.76635514013
200459,8263,0.01393103448275862,0.004,0.006,317739,279542,349615.38461538457
231716,6439,0.01393103448275862,0.004,0.009,304476,248287,349615.38461538457
256602,6901,0.01393103448275862,0.004,0.012,294527,223398,349615.38461538457
276974,8736,0.01393103448275862,0.004,0.015,286558,203030,349615.38461538457
205321,8954,0.01393103448275862,0.004413793103448276,0.006,313324,274679,341729.32330827066
235357,7942,0.01393103448275862,0.004413793103448276,0.009,300607,244646,341729.32330827066
259619,10006,0.01393103448275862,0.004413793103448276,0.012,290713,220381,341729.32330827066
279429,7681,0.01393103448275862,0.004413793103448276,0.015,284437,200576,341729.32330827066
209927,13839,0.01393103448275862,0.004827586206896552,0.006,308058,270073,334191.1764705882
239059,11811,0.01393103448275862,0.004827586206896552,0.009,296256,240944,334191.1764705882
262526,10837,0.01393103448275862,0.004827586206896552,0.012,287673,217474,334191.1764705882
281849,10929,0.01393103448275862,0.004827586206896552,0.015,281041,198156,334191.1764705882
214366,18281,0.01393103448275862,0.005241379310344827,0.006,303116,265634,326978.417266187
242587,13284,0.01393103448275862,0.005241379310344827,0.009,292533,237411,326978.417266187
265514,14591,0.01393103448275862,0.005241379310344827,0.012,283919,214489,326978.417266187
284243,13010,0.01393103448275862,0.005241379310344827,0.015,278067,195761,326978.417266187
218616,24195,0.01393103448275862,0.005655172413793104,0.006,298128,261383,320070.42253521126
246066,16779,0.01393103448275862,0.005655172413793104,0.009,288555,233934,320070.42253521126
268227,15671,0.01393103448275862,0.005655172413793104,0.012,280906,211778,320070.42253521126
286674,17600,0.01393103448275862,0.005655172413793104,0.015,274307,193333,320070.42253521126
222764,28413,0.01393103448275862,0.006068965517241379,0.006,293373,257239,313448.275862069
249343,16577,0.01393103448275862,0.006068965517241379,0.009,285503,230661,313448.275862069
270987,18576,0.01393103448275862,0.006068965517241379,0.012,277451,209019,313448.275862069
288892,16802,0.01393103448275862,0.006068965517241379,0.015,272272,191113,313448.275862069
226824,39717,0.01393103448275862,0.006482758620689655,0.006,287504,253175,307094.5945945946
252669,24974,0.01393103448275862,0.006482758620689655,0.009,280431,227338,307094.5945945946
273715,19781,0.01393103448275862,0.006482758620689655,0.012,274544,206291,307094.5945945946
291156,20376,0.01393103448275862,0.006482758620689655,0.015,268954,188849,307094.5945945946
230715,39469,0.01393103448275862,0.006896551724137931,0.006,284104,249286,300993.37748344365
255773,33138,0.01393103448275862,0.006896551724137931,0.009,275447,224232,300993.37748344365
276270,27297,0.01393103448275862,0.006896551724137931,0.012,269957,203731,300993.37748344365
293355,22221,0.01393103448275862,0.006896551724137931,0.015,266227,186651,300993.37748344365
234502,52603,0.01393103448275862,0.007310344827586207,0.006,278113,245498,295129.87012987013
258797,35000,0.01393103448275862,0.007310344827586207,0.009,272122,221202,295129.87012987013
278802,30201,0.01393103448275862,0.007310344827586207,0.012,266802,201200,295129.87012987013
295420,32417,0.01393103448275862,0.007310344827586207,0.015,261134,184583,295129.87012987013
238159,48185,0.01393103448275862,0.007724137931034483,0.006,275412,241843,289490.4458598726
261787,38901,0.01393103448275862,0.007724137931034483,0.009,268500,218217,289490.4458598726
281285,41934,0.01393103448275862,0.007724137931034483,0.012,261279,198721,289490.4458598726
297508,28182,0.01393103448275862,0.007724137931034483,0.015,260185,182496,289490.4458598726
241765,42812,0.01393103448275862,0.008137931034482758,0.006,273055,238235,284062.5
264715,60126,0.01393103448275862,0.008137931034482758,0.009,260914,215290,284062.5
283665,34628,0.01393103448275862,0.008137931034482758,0.012,260830,196338,284062.5
299547,37585,0.01393103448275862,0.008137931034482758,0.015,255456,180454,284062.5
245146,62667,0.01393103448275862,0.008551724137931035,0.006,266290,234858,278834.35582822084
267607,59873,0.01393103448275862,0.008551724137931035,0.009,258324,212393,278834.35582822084
286076,47048,0.01393103448275862,0.008551724137931035,0.012,255239,193924,278834.35582822084
301637,43787,0.01393103448275862,0.008551724137931035,0.015,251661,178366,278834.35582822084
248608,69235,0.01393103448275862,0.00896551724137931,0.006,262141,231398,273795.1807228915
270385,67568,0.01393103448275862,0.00896551724137931,0.009,253887,209616,273795.1807228915
288312,48334,0.01393103448275862,0.00896551724137931,0.012,252693,191691,273795.1807228915
303511,48324,0.01393103448275862,0.00896551724137931,0.015,248342,176496,273795.1807228915
251775,87872,0.01393103448275862,0.009379310344827585,0.006,255919,228224,268934.91124260356
273061,68533,0.01393103448275862,0.009379310344827585,0.009,251196,206939,268934.91124260356
290553,61217,0.01393103448275862,0.009379310344827585,0.012,247177,189449,268934.91124260356
305423,48137,0.01393103448275862,0.009379310344827585,0.015,246523,174579,268934.91124260356
254954,82538,0.01393103448275862,0.009793103448275862,0.006,253648,225050,264244.1860465116
275604,71868,0.01393103448275862,0.009793103448275862,0.009,248024,204397,264244.1860465116
292764,66940,0.01393103448275862,0.009793103448275862,0.012,243595,187242,264244.1860465116
307308,54379,0.01393103448275862,0.009793103448275862,0.015,242839,172701,264244.1860465116
258091,113362,0.01393103448275862,0.010206896551724139,0.006,245586,221913,259714.2857142857
278129,87265,0.01393103448275862,0.010206896551724139,0.009,242240,201873,259714.2857142857
295000,67339,0.01393103448275862,0.010206896551724139,0.012,241403,185004,259714.2857142857
309158,70581,0.01393103448275862,0.010206896551724139,0.015,236500,170850,259714.2857142857
261102,109980,0.01393103448275862,0.010620689655172414,0.006,243396,218903,255337.07865168538
280646,86829,0.01393103448275862,0.010620689655172414,0.009,239971,199354,255337.07865168538
297062,67575,0.01393103448275862,0.010620689655172414,0.012,239267,182938,255337.07865168538
310880,75182,0.01393103448275862,0.010620689655172414,0.015,233479,169126,255337.07865168538
263989,119232,0.01393103448275862,0.011034482758620689,0.006,239323,216016,251104.97237569065
283120,93871,0.01393103448275862,0.011034482758620689,0.009,236173,196887,251104.97237569065
299072,92922,0.01393103448275862,0.011034482758620689,0.012,231047,180934,251104.97237569065
312664,80625,0.01393103448275862,0.011034482758620689,0.015,230243,167345,251104.97237569065
266825,124672,0.01393103448275862,0.011448275862068966,0.006,235599,213176,247010.86956521735
285452,108707,0.01393103448275862,0.011448275862068966,0.009,230862,194549,247010.86956521735
301093,95469,0.01393103448275862,0.011448275862068966,0.012,228531,178916,247010.86956521735
314399,86789,0.01393103448275862,0.011448275862068966,0.015,226825,165609,247010.86956521735
269688,130092,0.01393103448275862,0.01186206896551724,0.006,232322,210312,243048.12834224597
287813,103892,0.01393103448275862,0.01186206896551724,0.009,229750,192187,243048.12834224597
303037,102521,0.01393103448275862,0.01186206896551724,0.012,224924,176970,243048.12834224597
316116,103132,0.01393103448275862,0.01186206896551724,0.015,220795,163891,243048.12834224597
272300,129049,0.01393103448275862,0.012275862068965518,0.006,230040,207704,239210.52631578947
290048,116248,0.01393103448275862,0.012275862068965518,0.009,225017,189952,239210.52631578947
305018,105882,0.01393103448275862,0.012275862068965518,0.012,222304,174987,239210.52631578947
317653,102990,0.01393103448275862,0.012275862068965518,0.015,219188,162352,239210.52631578947
274936,141393,0.01393103448275862,0.012689655172413793,0.006,225434,205068,235492.22797927467
292306,127019,0.01393103448275862,0.012689655172413793,0.009,220808,187697,235492.22797927467
306791,112629,0.01393103448275862,0.012689655172413793,0.012,218849,173211,235492.22797927467
319322,104326,0.01393103448275862,0.012689655172413793,0.015,217174,160678,235492.22797927467
277523,139761,0.01393103448275862,0.01310344827586207,0.006,223452,202483,231887.7551020408
294426,123305,0.01393103448275862,0.01310344827586207,0.009,219487,185574,231887.7551020408
308647,122064,0.01393103448275862,0.01310344827586207,0.012,214918,171358,231887.7551020408
320861,115532,0.01393103448275862,0.01310344827586207,0.015,212732,159147,231887.7551020408
280114,146170,0.01393103448275862,0.013517241379310345,0.006,220105,199891,228391.95979899497
296511,121960,0.01393103448275862,0.013517241379310345,0.009,217809,183496,228391.95979899497
310424,135084,0.01393103448275862,0.013517241379310345,0.012,210080,169582,228391.95979899497
322425,111399,0.01393103448275862,0.013517241379310345,0.015,212245,157579,228391.95979899497
282446,130717,0.01393103448275862,0.01393103448275862,0.006,220198,197557,225000.0
298530,142661,0.01393103448275862,0.01393103448275862,0.009,211759,181474,225000.0
312276,130086,0.01393103448275862,0.01393103448275862,0.012,209628,167725,225000.0
323988,125097,0.01393103448275862,0.01393103448275862,0.015,207206,156021,225000.0
284925,157363,0.01393103448275862,0.014344827586206896,0.006,213805,195075,221707.31707317074
300576,149239,0.01393103448275862,0.014344827586206896,0.009,208449,179424,221707.31707317074
313917,136738,0.01393103448275862,0.014344827586206896,0.012,206422,166088,221707.31707317074
325417,129048,0.01393103448275862,0.014344827586206896,0.015,204730,154585,221707.31707317074
287169,167469,0.01393103448275862,0.014758620689655172,0.006,210205,192835,218509.61538461538
302597,143205,0.01393103448275862,0.014758620689655172,0.009,207797,177410,218509.61538461538
315602,135875,0.01393103448275862,0.014758620689655172,0.012,205037,164403,218509.61538461538
326904,129712,0.01393103448275862,0.014758620689655172,0.015,203059,153102,218509.61538461538
289483,156019,0.01393103448275862,0.015172413793103448,0.006,209833,190518,215402.84360189573
304474,170536,0.01393103448275862,0.015172413793103448,0.009,200680,175532,215402.84360189573
317291,145103,0.01393103448275862,0.015172413793103448,0.012,201225,162710,215402.84360189573
328325,134603,0.01393103448275862,0.015172413793103448,0.015,200412,151681,215402.84360189573
291728,166189,0.01393103448275862,0.015586206896551724,0.006,206100,188272,212383.17757009345
306343,173598,0.01393103448275862,0.015586206896551724,0.009,198484,173663,212383.17757009345
318887,148098,0.01393103448275862,0.015586206896551724,0.012,198990,161117,212383.17757009345
329822,141552,0.01393103448275862,0.015586206896551724,0.015,197331,150180,212383.17757009345
293825,175666,0.01393103448275862,0.016,0.006,202787,186179,209447.0046082949
308190,159712,0.01393103448275862,0.016,0.009,199330,171812,209447.0046082949
320509,160126,0.01393103448275862,0.016,0.012,194841,159491,209447.0046082949
331146,159910,0.01393103448275862,0.016,0.015,191250,148855,209447.0046082949
197086,6513,0.014344827586206896,0.004,0.006,320396,282915,351879.69924812025
228131,7249,0.014344827586206896,0.004,0.009,306245,251873,351879.69924812025
253107,8985,0.014344827586206896,0.004,0.012,295711,226893,351879.69924812025
273429,8596,0.014344827586206896,0.004,0.015,288277,206575,351879.69924812025
201791,8824,0.014344827586206896,0.004413793103448276,0.006,315593,278211,344117.6470588235
231859,8938,0.014344827586206896,0.004413793103448276,0.009,302354,248144,344117.6470588235
256093,5643,0.014344827586206896,0.004413793103448276,0.012,293801,223907,344117.6470588235
275984,7514,0.014344827586206896,0.004413793103448276,0.015,286163,204017,344117.6470588235
206391,13493,0.014344827586206896,0.004827586206896552,0.006,310416,273610,336690.6474820144
235596,11491,0.014344827586206896,0.004827586206896552,0.009,298359,244404,336690.6474820144
259080,9908,0.014344827586206896,0.004827586206896552,0.012,289806,220923,336690.6474820144
278494,10372,0.014344827586206896,0.004827586206896552,0.015,282889,201511,336690.6474820144
210776,17547,0.014344827586206896,0.005241379310344827,0.006,305644,269225,329577.4647887324
239042,13451,0.014344827586206896,0.005241379310344827,0.009,294678,240962,329577.4647887324
261997,12740,0.014344827586206896,0.005241379310344827,0.012,286305,218010,329577.4647887324
280854,10798,0.014344827586206896,0.005241379310344827,0.015,280375,199149,329577.4647887324
215150,23014,0.014344827586206896,0.005655172413793104,0.006,300740,264849,322758.6206896552
242578,14407,0.014344827586206896,0.005655172413793104,0.009,291183,237428,322758.6206896552
264789,14807,0.014344827586206896,0.005655172413793104,0.012,282971,215217,322758.6206896552
283199,16076,0.014344827586206896,0.005655172413793104,0.015,276516,196805,322758.6206896552
219219,27575,0.014344827586206896,0.006068965517241379,0.006,295916,260782,316216.2162162162
245923,18888,0.014344827586206896,0.006068965517241379,0.009,286953,234078,316216.2162162162
267541,15969,0.014344827586206896,0.006068965517241379,0.012,280050,212459,316216.2162162162
285548,18457,0.014344827586206896,0.006068965517241379,0.015,273485,194459,316216.2162162162
223312,29857,0.014344827586206896,0.006482758620689655,0.006,291882,256689,309933.77483443706
249069,18914,0.014344827586206896,0.006482758620689655,0.009,283915,230931,309933.77483443706
270213,20651,0.014344827586206896,0.006482758620689655,0.012,276186,209788,309933.77483443706
287771,20260,0.014344827586206896,0.006482758620689655,0.015,270725,192229,309933.77483443706
227168,43517,0.014344827586206896,0.006896551724137931,0.006,285792,252836,303896.1038961039
252241,29259,0.014344827586206896,0.006896551724137931,0.009,278433,227763,303896.1038961039
272883,22980,0.014344827586206896,0.006896551724137931,0.012,273055,207124,303896.1038961039
290002,24764,0.014344827586206896,0.006896551724137931,0.015,267201,190004,303896.1038961039
231026,44315,0.014344827586206896,0.007310344827586207,0.006,281909,248974,298089.1719745223
255320,27081,0.014344827586206896,0.007310344827586207,0.009,276226,224684,298089.1719745223
275385,30029,0.014344827586206896,0.007310344827586207,0.012,268712,204620,298089.1719745223
292087,25336,0.014344827586206896,0.007310344827586207,0.015,264921,187918,298089.1719745223
234683,49898,0.014344827586206896,0.007724137931034483,0.006,277657,245317,292500.0
258316,39538,0.014344827586206896,0.007724137931034483,0.009,270529,221684,292500.0
277829,31751,0.014344827586206896,0.007724137931034483,0.012,265833,202172,292500.0
294237,26874,0.014344827586206896,0.007724137931034483,0.015,262345,185763,292500.0
238166,49110,0.014344827586206896,0.008137931034482758,0.006,274449,241837,287116.5644171779
261292,46981,0.014344827586206896,0.008137931034482758,0.009,265992,218708,287116.5644171779
280263,37348,0.014344827586206896,0.008137931034482758,0.012,262121,199743,287116.5644171779
296232,35409,0.014344827586206896,0.008137931034482758,0.015,257863,183770,287116.5644171779
241739,52373,0.014344827586206896,0.008551724137931035,0.006,270472,238264,281927.71084337344
264061,55838,0.014344827586206896,0.008551724137931035,0.009,261405,215942,281927.71084337344
282658,44484,0.014344827586206896,0.008551724137931035,0.012,257826,197348,281927.71084337344
298255,35130,0.014344827586206896,0.008551724137931035,0.015,255929,181746,281927.71084337344
245085,63445,0.014344827586206896,0.00896551724137931,0.006,265576,234915,276923.07692307694
266853,58357,0.014344827586206896,0.00896551724137931,0.009,258253,213148,276923.07692307694
285008,52368,0.014344827586206896,0.00896551724137931,0.012,253646,194999,276923.07692307694
300299,45625,0.014344827586206896,0.00896551724137931,0.015,250975,179702,276923.07692307694
248308,75764,0.014344827586206896,0.009379310344827585,0.006,260521,231695,272093.023255814
269577,64953,0.014344827586206896,0.009379310344827585,0.009,254211,210423,272093.023255814
287218,59710,0.014344827586206896,0.009379310344827585,0.012,249632,192783,272093.023255814
302216,56579,0.014344827586206896,0.009379310344827585,0.015,245915,177789,272093.023255814
251451,87516,0.014344827586206896,0.009793103448275862,0.006,255594,228548,267428.5714285714
272148,67641,0.014344827586206896,0.009793103448275862,0.009,251226,207852,267428.5714285714
289408,66224,0.014344827586206896,0.009793103448275862,0.012,245853,190597,267428.5714285714
304017,54657,0.014344827586206896,0.009793103448275862,0.015,244654,175984,267428.5714285714
254535,101712,0.014344827586206896,0.010206896551724139,0.006,250297,225465,262921.34831460676
274703,71020,0.014344827586206896,0.010206896551724139,0.009,247933,205301,262921.34831460676
291647,77525,0.014344827586206896,0.010206896551724139,0.012,240911,188353,262921.34831460676
305874,64939,0.014344827586206896,0.010206896551724139,0.015,239976,174132,262921.34831460676
257589,92327,0.014344827586206896,0.010620689655172414,0.006,249073,222417,258563.53591160226
277195,87312,0.014344827586206896,0.010620689655172414,0.009,242127,202807,258563.53591160226
293739,84263,0.014344827586206896,0.010620689655172414,0.012,237255,186267,258563.53591160226
307677,61527,0.014344827586206896,0.010620689655172414,0.015,239073,172325,258563.53591160226
260546,98519,0.014344827586206896,0.011034482758620689,0.006,245168,219454,254347.82608695654
279644,101172,0.014344827586206896,0.011034482758620689,0.009,237032,200360,254347.82608695654
295818,86833,0.014344827586206896,0.011034482758620689,0.012,234675,184189,254347.82608695654
309415,80357,0.014344827586206896,0.011034482758620689,0.015,232192,170589,254347.82608695654
263355,99924,0.014344827586206896,0.011448275862068966,0.006,242339,216649,250267.3796791444
282133,106784,0.014344827586206896,0.011448275862068966,0.009,233586,197871,250267.3796791444
297825,94679,0.014344827586206896,0.011448275862068966,0.012,230862,182175,250267.3796791444
311151,92278,0.014344827586206896,0.011448275862068966,0.015,227168,168853,250267.3796791444
266244,125956,0.014344827586206896,0.01186206896551724,0.006,235604,213759,246315.7894736842
284445,106241,0.014344827586206896,0.01186206896551724,0.009,231617,195562,246315.7894736842
299744,102980,0.014344827586206896,0.01186206896551724,0.012,226808,180262,246315.7894736842
312885,85903,0.014344827586206896,0.01186206896551724,0.015,227315,167117,246315.7894736842
268854,143144,0.014344827586206896,0.012275862068965518,0.006,230389,211150,242487.04663212431
286718,123763,0.014344827586206896,0.012275862068965518,0.009,225914,193282,242487.04663212431
301646,114349,0.014344827586206896,0.012275862068965518,0.012,222259,178358,242487.04663212431
314507,101510,0.014344827586206896,0.012275862068965518,0.015,221473,165494,242487.04663212431
271595,131682,0.014344827586206896,0.012689655172413793,0.006,229741,208409,238775.51020408163
288930,126617,0.014344827586206896,0.012689655172413793,0.009,223274,191070,238775.51020408163
303546,112703,0.014344827586206896,0.012689655172413793,0.012,220905,176459,238775.51020408163
316151,102004,0.014344827586206896,0.012689655172413793,0.015,219822,163849,238775.51020408163
274132,142252,0.014344827586206896,0.01310344827586207,0.006,225750,205868,235175.87939698494
291019,113787,0.014344827586206896,0.01310344827586207,0.009,223772,188985,235175.87939698494
305469,118777,0.014344827586206896,0.01310344827586207,0.012,217713,174531,235175.87939698494
317721,112016,0.014344827586206896,0.01310344827586207,0.015,215500,162282,235175.87939698494
276584,145732,0.014344827586206896,0.013517241379310345,0.006,222846,203420,231683.1683168317
293159,141268,0.014344827586206896,0.013517241379310345,0.009,216405,186843,231683.1683168317
307303,131087,0.014344827586206896,0.013517241379310345,0.012,213184,172701,231683.1683168317
319313,110754,0.014344827586206896,0.013517241379310345,0.015,214341,160693,231683.1683168317
279136,150666,0.014344827586206896,0.01393103448275862,0.006,219905,200865,228292.68292682926
295244,133943,0.014344827586206896,0.01393103448275862,0.009,215834,184762,228292.68292682926
309082,125391,0.014344827586206896,0.01393103448275862,0.012,212787,170924,228292.68292682926
320908,125168,0.014344827586206896,0.01393103448275862,0.015,209125,159099,228292.68292682926
281488,157106,0.014344827586206896,0.014344827586206896,0.006,216582,198517,225000.0
297349,147243,0.014344827586206896,0.014344827586206896,0.009,211393,182652,225000.0
310719,139049,0.014344827586206896,0.014344827586206896,0.012,208030,169282,225000.0
322417,122517,0.014344827586206896,0.014344827586206896,0.015,208233,157591,225000.0
283783,158866,0.014344827586206896,0.014758620689655172,0.006,214161,196221,221800.94786729856
299264,143523,0.014344827586206896,0.014758620689655172,0.009,210174,180737,221800.94786729856
312431,135469,0.014344827586206896,0.014758620689655172,0.012,207223,167569,221800.94786729856
323896,130507,0.014344827586206896,0.014758620689655172,0.015,204802,156111,221800.94786729856
286072,168762,0.014344827586206896,0.015172413793103448,0.006,210528,193929,218691.5887850467
301225,153755,0.014344827586206896,0.015172413793103448,0.009,206390,178775,218691.5887850467
314191,154945,0.014344827586206896,0.015172413793103448,0.012,201237,165815,218691.5887850467
325322,136291,0.014344827586206896,0.015172413793103448,0.015,201964,154679,218691.5887850467
288301,166440,0.014344827586206896,0.015586206896551724,0.006,208964,191703,215668.20276497697
303098,160838,0.014344827586206896,0.015586206896551724,0.009,203307,176908,215668.20276497697
315822,153463,0.014344827586206896,0.015586206896551724,0.012,199946,164179,215668.20276497697
326692,140554,0.014344827586206896,0.015586206896551724,0.015,199493,153314,215668.20276497697
290496,151126,0.014344827586206896,0.016,0.006,209132,189510,212727.2727272727
304958,159510,0.014344827586206896,0.016,0.009,201890,175048,212727.2727272727
317409,150353,0.014344827586206896,0.016,0.012,199206,162591,212727.2727272727
328104,154606,0.014344827586206896,0.016,0.015,194542,151901,212727.2727272727
193765,6690,0.014758620689655172,0.004,0.006,322445,286237,354044.1176470588
224758,5879,0.014758620689655172,0.004,0.009,308575,255246,354044.1176470588
249594,6229,0.014758620689655172,0.004,0.012,298292,230408,354044.1176470588
270128,7363,0.014758620689655172,0.004,0.015,290320,209877,354044.1176470588
198485,6776,0.014758620689655172,0.004413793103448276,0.006,318084,281512,346402.87769784173
228465,7559,0.014758620689655172,0.004413793103448276,0.009,304708,251539,346402.87769784173
252716,8537,0.014758620689655172,0.004413793103448276,0.012,294786,227288,346402.87769784173
272629,7272,0.014758620689655172,0.004413793103448276,0.015,287847,207376,346402.87769784173
203129,8674,0.014758620689655172,0.004827586206896552,0.006,313658,276873,339084.5070422535
232147,7483,0.014758620689655172,0.004827586206896552,0.009,301301,247854,339084.5070422535
255717,10435,0.014758620689655172,0.004827586206896552,0.012,291422,224288,339084.5070422535
275158,9828,0.014758620689655172,0.004827586206896552,0.015,284717,204848,339084.5070422535
207491,16098,0.014758620689655172,0.005241379310344827,0.006,308109,272506,332068.96551724133
235706,10934,0.014758620689655172,0.005241379310344827,0.009,297245,244300,332068.96551724133
258615,12159,0.014758620689655172,0.005241379310344827,0.012,288184,221389,332068.96551724133
277519,10264,0.014758620689655172,0.005241379310344827,0.015,282226,202485,332068.96551724133
211735,18917,0.014758620689655172,0.005655172413793104,0.006,303752,268266,325337.8378378378
239109,12003,0.014758620689655172,0.005655172413793104,0.009,293739,240891,325337.8378378378
261471,15199,0.014758620689655172,0.005655172413793104,0.012,284746,218534,325337.8378378378
279933,12825,0.014758620689655172,0.005655172413793104,0.015,279071,200068,325337.8378378378
215904,25593,0.014758620689655172,0.006068965517241379,0.006,298571,264100,318874.1721854305
242431,16138,0.014758620689655172,0.006068965517241379,0.009,289668,237573,318874.1721854305
264164,14373,0.014758620689655172,0.006068965517241379,0.012,282337,215842,318874.1721854305
282285,15764,0.014758620689655172,0.006068965517241379,0.015,275947,197715,318874.1721854305
219938,30341,0.014758620689655172,0.006482758620689655,0.006,294011,260067,312662.33766233764
245722,15331,0.014758620689655172,0.006482758620689655,0.009,286725,234283,312662.33766233764
266854,19077,0.014758620689655172,0.006482758620689655,0.012,278460,213147,312662.33766233764
284463,21963,0.014758620689655172,0.006482758620689655,0.015,271866,195541,312662.33766233764
223802,29598,0.014758620689655172,0.006896551724137931,0.006,290582,256201,306687.89808917197
248898,23182,0.014758620689655172,0.006896551724137931,0.009,282032,231106,306687.89808917197
269441,24237,0.014758620689655172,0.006896551724137931,0.012,274588,210563,306687.89808917197
286695,20619,0.014758620689655172,0.006896551724137931,0.015,270122,193311,306687.89808917197
227549,50918,0.014758620689655172,0.007310344827586207,0.006,283214,252455,300937.5
251911,26254,0.014758620689655172,0.007310344827586207,0.009,278371,228093,300937.5
272003,22704,0.014758620689655172,0.007310344827586207,0.012,272484,207999,300937.5
288828,27095,0.014758620689655172,0.007310344827586207,0.015,266091,191176,300937.5
231200,45781,0.014758620689655172,0.007724137931034483,0.006,280701,248804,295398.7730061349
255008,35582,0.014758620689655172,0.007724137931034483,0.009,273478,224995,295398.7730061349
274586,30954,0.014758620689655172,0.007724137931034483,0.012,267974,205418,295398.7730061349
291009,26485,0.014758620689655172,0.007724137931034483,0.015,264136,188992,295398.7730061349
234853,63969,0.014758620689655172,0.008137931034482758,0.006,274217,245152,290060.24096385535
257828,49093,0.014758620689655172,0.008137931034482758,0.009,267722,222176,290060.24096385535
276979,37360,0.014758620689655172,0.008137931034482758,0.012,263974,203021,290060.24096385535
293000,28782,0.014758620689655172,0.008137931034482758,0.015,261406,187001,290060.24096385535
238225,63514,0.014758620689655172,0.008551724137931035,0.006,271205,241772,284911.2426035503
260736,43918,0.014758620689655172,0.008551724137931035,0.009,266183,219269,284911.2426035503
279306,38628,0.014758620689655172,0.008551724137931035,0.012,261313,200696,284911.2426035503
295019,34536,0.014758620689655172,0.008551724137931035,0.015,257805,184986,284911.2426035503
241625,61700,0.014758620689655172,0.00896551724137931,0.006,268241,238379,279941.8604651162
263443,51182,0.014758620689655172,0.00896551724137931,0.009,261966,216557,279941.8604651162
281720,49459,0.014758620689655172,0.00896551724137931,0.012,256316,198285,279941.8604651162
297059,40851,0.014758620689655172,0.00896551724137931,0.015,254072,182949,279941.8604651162
244965,67846,0.014758620689655172,0.009379310344827585,0.006,264158,235037,275142.8571428571
266148,62161,0.014758620689655172,0.009379310344827585,0.009,257000,213852,275142.8571428571
283998,51924,0.014758620689655172,0.009379310344827585,0.012,253483,196003,275142.8571428571
298939,49393,0.014758620689655172,0.009379310344827585,0.015,249740,181067,275142.8571428571
248114,81108,0.014758620689655172,0.009793103448275862,0.006,259172,231886,270505.6179775281
268779,64399,0.014758620689655172,0.009793103448275862,0.009,254111,211223,270505.6179775281
286121,53800,0.014758620689655172,0.009793103448275862,0.012,250867,193883,270505.6179775281
300841,52442,0.014758620689655172,0.009793103448275862,0.015,246940,179165,270505.6179775281
251240,83307,0.014758620689655172,0.010206896551724139,0.006,255714,228760,266022.0994475138
271360,66505,0.014758620689655172,0.010206896551724139,0.009,251240,208645,266022.0994475138
288396,56615,0.014758620689655172,0.010206896551724139,0.012,248082,191608,266022.0994475138
302765,59505,0.014758620689655172,0.010206896551724139,0.015,243191,177235,266022.0994475138
254167,97071,0.014758620689655172,0.010620689655172414,0.006,250883,225838,261684.78260869565
273886,80598,0.014758620689655172,0.010620689655172414,0.009,245896,206120,261684.78260869565
290415,77186,0.014758620689655172,0.010620689655172414,0.012,241016,189589,261684.78260869565
304520,65791,0.014758620689655172,0.010620689655172414,0.015,239673,175486,261684.78260869565
257122,107169,0.014758620689655172,0.011034482758620689,0.006,246523,222878,257486.6310160428
276356,92368,0.014758620689655172,0.011034482758620689,0.009,241124,203647,257486.6310160428
292589,79556,0.014758620689655172,0.011034482758620689,0.012,238379,187415,257486.6310160428
306276,71343,0.014758620689655172,0.011034482758620689,0.015,236440,173729,257486.6310160428
259963,108186,0.014758620689655172,0.011448275862068966,0.006,243602,220041,253421.0526315789
278717,102282,0.014758620689655172,0.011448275862068966,0.009,236766,201287,253421.0526315789
294603,89625,0.014758620689655172,0.011448275862068966,0.012,233988,185398,253421.0526315789
308084,76328,0.014758620689655172,0.011448275862068966,0.015,233378,171916,253421.0526315789
262809,135337,0.014758620689655172,0.01186206896551724,0.006,236680,217196,249481.86528497408
281056,83704,0.014758620689655172,0.01186206896551724,0.009,238438,198948,249481.86528497408
296549,90849,0.014758620689655172,0.01186206896551724,0.012,231860,183458,249481.86528497408
309762,79351,0.014758620689655172,0.01186206896551724,0.015,230868,170244,249481.86528497408
265501,130012,0.014758620689655172,0.012275862068965518,0.006,235132,214498,245663.26530612243
283404,100846,0.014758620689655172,0.012275862068965518,0.009,232761,196602,245663.26530612243
298458,88182,0.014758620689655172,0.012275862068965518,0.012,230605,181547,245663.26530612243
311502,79655,0.014758620689655172,0.012275862068965518,0.015,229092,168503,245663.26530612243
268169,135204,0.014758620689655172,0.012689655172413793,0.006,231861,211832,241959.7989949749
285592,109215,0.014758620689655172,0.012689655172413793,0.009,228950,194408,241959.7989949749
300356,113414,0.014758620689655172,0.012689655172413793,0.012,222757,179648,241959.7989949749
313054,96077,0.014758620689655172,0.012689655172413793,0.015,223168,166950,241959.7989949749
270717,146042,0.014758620689655172,0.01310344827586207,0.006,227761,209287,238366.33663366333
287751,118876,0.014758620689655172,0.01310344827586207,0.009,225022,192253,238366.33663366333
302297,115383,0.014758620689655172,0.01310344827586207,0.012,220596,177703,238366.33663366333
314708,105454,0.014758620689655172,0.01310344827586207,0.015,219093,165292,238366.33663366333
273346,144334,0.014758620689655172,0.013517241379310345,0.006,225662,206659,234878.04878048776
289903,122499,0.014758620689655172,0.013517241379310345,0.009,222290,190098,234878.04878048776
304051,121102,0.014758620689655172,0.013517241379310345,0.012,217533,175953,234878.04878048776
316282,119207,0.014758620689655172,0.013517241379310345,0.015,214013,163727,234878.04878048776
275717,149207,0.014758620689655172,0.01393103448275862,0.006,222640,204287,231490.3846153846
292022,136271,0.014758620689655172,0.01393103448275862,0.009,217644,187985,231490.3846153846
305871,121665,0.014758620689655172,0.01393103448275862,0.012,215754,174129,231490.3846153846
317846,113695,0.014758620689655172,0.01393103448275862,0.015,213900,162163,231490.3846153846
278121,161618,0.014758620689655172,0.014344827586206896,0.006,218550,201880,228199.0521327014
294025,138152,0.014758620689655172,0.014344827586206896,0.009,215459,185979,228199.0521327014
307664,123476,0.014758620689655172,0.014344827586206896,0.012,213651,172343,228199.0521327014
319318,116927,0.014758620689655172,0.014344827586206896,0.015,211544,160683,228199.0521327014
280469,159293,0.014758620689655172,0.014758620689655172,0.006,216686,199533,225000.0
296017,154766,0.014758620689655172,0.014758620689655172,0.009,210419,183988,225000.0
309352,133300,0.014758620689655172,0.014758620689655172,0.012,209831,170648,225000.0
320899,129102,0.014758620689655172,0.014758620689655172,0.015,207109,159108,225000.0
282825,158545,0.014758620689655172,0.015172413793103448,0.006,214692,197183,221889.40092165893
297968,151841,0.014758620689655172,0.015172413793103448,0.009,209084,182036,221889.40092165893
311009,133523,0.014758620689655172,0.015172413793103448,0.012,208110,168997,221889.40092165893
322287,131433,0.014758620689655172,0.015172413793103448,0.015,205049,157718,221889.40092165893
285050,169323,0.014758620689655172,0.015586206896551724,0.006,211193,194956,218863.63636363632
299898,149264,0.014758620689655172,0.015586206896551724,0.009,207831,180104,218863.63636363632
312710,144631,0.014758620689655172,0.015586206896551724,0.012,204067,167298,218863.63636363632
323722,131949,0.014758620689655172,0.015586206896551724,0.015,203509,156283,218863.63636363632
287216,161866,0.014758620689655172,0.016,0.006,210095,192788,215919.2825112107
301830,158445,0.014758620689655172,0.016,0.009,204415,178170,215919.2825112107
314339,147142,0.014758620689655172,0.016,0.012,201935,165668,215919.2825112107
325142,134500,0.014758620689655172,0.016,0.015,201506,154864,215919.2825112107
190611,6532,0.015172413793103448,0.004,0.006,324638,289390,356115.1079136691
221425,6056,0.015172413793103448,0.004,0.009,310431,258579,356115.1079136691
246302,6614,0.015172413793103448,0.004,0.012,299935,233697,356115.1079136691
266847,7107,0.015172413793103448,0.004,0.015,291982,213157,356115.1079136691
195268,8551,0.015172413793103448,0.004413793103448276,0.006,319853,284734,348591.54929577466
225237,8568,0.015172413793103448,0.004413793103448276,0.009,306384,254763,348591.54929577466
249405,6597,0.015172413793103448,0.004413793103448276,0.012,297063,230596,348591.54929577466
269454,7543,0.015172413793103448,0.004413793103448276,0.015,289400,210550,348591.54929577466
199869,7919,0.015172413793103448,0.004827586206896552,0.006,315802,280131,341379.3103448276
228864,9246,0.015172413793103448,0.004827586206896552,0.009,302789,251136,341379.3103448276
252374,9288,0.015172413793103448,0.004827586206896552,0.012,293491,227631,341379.3103448276
271896,9341,0.015172413793103448,0.004827586206896552,0.015,286412,208110,341379.3103448276
204219,19916,0.015172413793103448,0.005241379310344827,0.006,309707,275782,334459.4594594595
232328,10786,0.015172413793103448,0.005241379310344827,0.009,299169,247675,334459.4594594595
255287,12392,0.015172413793103448,0.005241379310344827,0.012,289971,224715,334459.4594594595
274279,10196,0.015172413793103448,0.005241379310344827,0.015,283790,205722,334459.4594594595
208480,16025,0.015172413793103448,0.005655172413793104,0.006,306437,271523,327814.56953642383
235788,13071,0.015172413793103448,0.005655172413793104,0.009,295516,244215,327814.56953642383
258176,13841,0.015172413793103448,0.005655172413793104,0.012,286886,221824,327814.56953642383
276755,10804,0.015172413793103448,0.005655172413793104,0.015,281331,203246,327814.56953642383
212579,24642,0.015172413793103448,0.006068965517241379,0.006,301003,267425,321428.5714285714
239196,16365,0.015172413793103448,0.006068965517241379,0.009,291629,240807,321428.5714285714
260892,15242,0.015172413793103448,0.006068965517241379,0.012,283865,219114,321428.5714285714
279010,11934,0.015172413793103448,0.006068965517241379,0.015,278717,200992,321428.5714285714
216556,30518,0.015172413793103448,0.006482758620689655,0.006,296260,263448,315286.6242038217
242378,19365,0.015172413793103448,0.006482758620689655,0.009,287860,237620,315286.6242038217
263613,20486,0.015172413793103448,0.006482758620689655,0.012,279944,216394,315286.6242038217
281287,15726,0.015172413793103448,0.006482758620689655,0.015,275404,198715,315286.6242038217
220496,28009,0.015172413793103448,0.006896551724137931,0.006,293110,259507,309375.0
245528,23122,0.015172413793103448,0.006896551724137931,0.009,284011,234471,309375.0
266167,23563,0.015172413793103448,0.006896551724137931,0.012,276622,213833,309375.0
283467,17386,0.015172413793103448,0.006896551724137931,0.015,272741,196537,309375.0
224216,31554,0.015172413793103448,0.007310344827586207,0.006,288999,255787,303680.981595092
248638,35472,0.015172413793103448,0.007310344827586207,0.009,278383,231363,303680.981595092
268820,27211,0.015172413793103448,0.007310344827586207,0.012,273117,211180,303680.981595092
285712,20035,0.015172413793103448,0.007310344827586207,0.015,269798,194288,303680.981595092
227945,48221,0.015172413793103448,0.007724137931034483,0.006,282689,252056,298192.7710843373
251593,39850,0.015172413793103448,0.007724137931034483,0.009,274630,228406,298192.7710843373
271238,29362,0.015172413793103448,0.007724137931034483,0.012,270221,208766,298192.7710843373
287856,26047,0.015172413793103448,0.007724137931034483,0.015,265967,192147,298192.7710843373
231526,44860,0.015172413793103448,0.008137931034482758,0.006,280024,248474,292899.40828402364
254554,40496,0.015172413793103448,0.008137931034482758,0.009,271761,225447,292899.40828402364
273694,30165,0.015172413793103448,0.008137931034482758,0.012,267658,206308,292899.40828402364
289888,34547,0.015172413793103448,0.008137931034482758,0.015,261522,190112,292899.40828402364
234936,63967,0.015172413793103448,0.008551724137931035,0.006,273502,245066,287790.69767441857
257391,52447,0.015172413793103448,0.008551724137931035,0.009,266438,222614,287790.69767441857
276094,37571,0.015172413793103448,0.008551724137931035,0.012,263468,203912,287790.69767441857
291867,32687,0.015172413793103448,0.008551724137931035,0.015,260016,188137,287790.69767441857
238359,68902,0.015172413793103448,0.00896551724137931,0.006,269505,241641,282857.1428571429
260145,56050,0.015172413793103448,0.00896551724137931,0.009,263127,219855,282857.1428571429
278409,48097,0.015172413793103448,0.00896551724137931,0.012,258577,201594,282857.1428571429
293885,36350,0.015172413793103448,0.00896551724137931,0.015,257042,186121,282857.1428571429
241565,77025,0.015172413793103448,0.009379310344827585,0.006,265152,238432,278089.88764044945
262888,58978,0.015172413793103448,0.009379310344827585,0.009,259921,217117,278089.88764044945
280713,50094,0.015172413793103448,0.009379310344827585,0.012,255840,199293,278089.88764044945
295833,45198,0.015172413793103448,0.009379310344827585,0.015,252612,184173,278089.88764044945
244738,74577,0.015172413793103448,0.009793103448275862,0.006,262521,235266,273480.6629834254
265549,61279,0.015172413793103448,0.009793103448275862,0.009,256952,214453,273480.6629834254
282942,58875,0.015172413793103448,0.009793103448275862,0.012,251597,197059,273480.6629834254
297797,55007,0.015172413793103448,0.009793103448275862,0.015,248052,182210,273480.6629834254
247826,104557,0.015172413793103448,0.010206896551724139,0.006,254843,232178,269021.73913043475
268083,80230,0.015172413793103448,0.010206896551724139,0.009,250493,211919,269021.73913043475
285194,66928,0.015172413793103448,0.010206896551724139,0.012,247515,194809,269021.73913043475
299606,58055,0.015172413793103448,0.010206896551724139,0.015,245363,180400,269021.73913043475
250856,97234,0.015172413793103448,0.010620689655172414,0.006,253239,229142,264705.8823529412
270608,73238,0.015172413793103448,0.010620689655172414,0.009,249508,209396,264705.8823529412
287265,63679,0.015172413793103448,0.010620689655172414,0.012,246141,192741,264705.8823529412
301489,65198,0.015172413793103448,0.010620689655172414,0.015,241569,178511,264705.8823529412
253837,107049,0.015172413793103448,0.011034482758620689,0.006,249040,226168,260526.31578947377
273081,84916,0.015172413793103448,0.011034482758620689,0.009,244826,206923,260526.31578947377
289414,83656,0.015172413793103448,0.011034482758620689,0.012,239454,190593,260526.31578947377
303282,66926,0.015172413793103448,0.011034482758620689,0.015,239339,176725,260526.31578947377
256709,107084,0.015172413793103448,0.011448275862068966,0.006,246240,223294,256476.68393782384
275557,92112,0.015172413793103448,0.011448275862068966,0.009,241128,204443,256476.68393782384
291366,80021,0.015172413793103448,0.011448275862068966,0.012,238342,188634,256476.68393782384
304964,79441,0.015172413793103448,0.011448275862068966,0.015,234357,175041,256476.68393782384
259476,94698,0.015172413793103448,0.01186206896551724,0.006,245552,220528,252551.02040816328
277869,95732,0.015172413793103448,0.01186206896551724,0.009,238198,202132,252551.02040816328
293380,79768,0.015172413793103448,0.01186206896551724,0.012,236374,186626,252551.02040816328
306693,81206,0.015172413793103448,0.01186206896551724,0.015,232192,173311,252551.02040816328
262217,132150,0.015172413793103448,0.012275862068965518,0.006,237302,217788,248743.71859296484
280136,105237,0.015172413793103448,0.012275862068965518,0.009,234138,199869,248743.71859296484
295357,96157,0.015172413793103448,0.012275862068965518,0.012,230726,184649,248743.71859296484
308373,83224,0.015172413793103448,0.012275862068965518,0.015,229952,171632,248743.71859296484
264851,115832,0.015172413793103448,0.012689655172413793,0.006,237313,215150,245049.50495049512
282374,116770,0.015172413793103448,0.012689655172413793,0.009,229793,197630,245049.50495049512
297235,97920,0.015172413793103448,0.012689655172413793,0.012,228478,182770,245049.50495049512
310064,97118,0.015172413793103448,0.012689655172413793,0.015,224639,169941,245049.50495049512
267496,137443,0.015172413793103448,0.01310344827586207,0.006,231605,212508,241463.41463414635
284578,117523,0.015172413793103448,0.01310344827586207,0.009,227546,195428,241463.41463414635
299122,93076,0.015172413793103448,0.01310344827586207,0.012,227710,180879,241463.41463414635
311715,99345,0.015172413793103448,0.01310344827586207,0.015,222488,168292,241463.41463414635
270017,134675,0.015172413793103448,0.013517241379310345,0.006,229681,209984,237980.76923076925
286742,114465,0.015172413793103448,0.013517241379310345,0.009,226232,193259,237980.76923076925
301017,111897,0.015172413793103448,0.013517241379310345,0.012,221671,178990,237980.76923076925
313312,110910,0.015172413793103448,0.013517241379310345,0.015,218054,166689,237980.76923076925
272564,149425,0.015172413793103448,0.01393103448275862,0.006,225115,207439,234597.15639810427
288838,127791,0.015172413793103448,0.01393103448275862,0.009,221680,191168,234597.15639810427
302743,120744,0.015172413793103448,0.01393103448275862,0.012,217884,177258,234597.15639810427
314824,118164,0.015172413793103448,0.01393103448275862,0.015,214666,165182,234597.15639810427
274960,153453,0.015172413793103448,0.014344827586206896,0.006,222491,205047,231308.4112149533
290949,140382,0.015172413793103448,0.014344827586206896,0.009,217405,189054,231308.4112149533
304519,116834,0.015172413793103448,0.014344827586206896,0.012,217212,175485,231308.4112149533
316355,120494,0.015172413793103448,0.014344827586206896,0.015,212476,163649,231308.4112149533
277334,140819,0.015172413793103448,0.014758620689655172,0.006,221943,202671,228110.599078341
292934,136905,0.015172413793103448,0.014758620689655172,0.009,216054,187073,228110.599078341
306322,127474,0.015172413793103448,0.014758620689655172,0.012,213087,173678,228110.599078341
317933,121448,0.015172413793103448,0.014758620689655172,0.015,210821,162074,228110.599078341
279577,147757,0.015172413793103448,0.015172413793103448,0.006,218772,200424,225000.0
294839,143758,0.015172413793103448,0.015172413793103448,0.009,213033,185165,225000.0
307967,132979,0.015172413793103448,0.015172413793103448,0.012,210320,172034,225000.0
319345,128351,0.015172413793103448,0.015172413793103448,0.015,207653,160660,225000.0
281892,168232,0.015172413793103448,0.015586206896551724,0.006,213797,198115,221973.09417040358
296851,143425,0.015172413793103448,0.015586206896551724,0.009,211138,183156,221973.09417040358
309631,141893,0.015172413793103448,0.015586206896551724,0.012,206744,170375,221973.09417040358
320805,134796,0.015172413793103448,0.015586206896551724,0.015,204615,159201,221973.09417040358
284097,181759,0.015172413793103448,0.016,0.006,209814,195910,219026.54867256636
298646,164451,0.015172413793103448,0.016,0.009,205652,181356,219026.54867256636
311256,139531,0.015172413793103448,0.016,0.012,205688,168749,219026.54867256636
322235,144623,0.015172413793103448,0.016,0.015,200829,157771,219026.54867256636
187600,5500,0.015586206896551724,0.004,0.006,326826,292399,358098.59154929576
218219,5781,0.015586206896551724,0.004,0.009,312322,261785,358098.59154929576
243160,6379,0.015586206896551724,0.004,0.012,301632,236840,358098.59154929576
263606,4737,0.015586206896551724,0.004,0.015,294215,216397,358098.59154929576
192228,10611,0.015586206896551724,0.004413793103448276,0.006,321626,287775,350689.6551724138
221962,8021,0.015586206896551724,0.004413793103448276,0.009,308319,258041,350689.6551724138
246127,7239,0.015586206896551724,0.004413793103448276,0.012,298669,233872,350689.6551724138
266190,8089,0.015586206896551724,0.004413793103448276,0.015,290778,213811,350689.6551724138
196763,10293,0.015586206896551724,0.004827586206896552,0.006,317590,283238,343581.0810810811
225619,6367,0.015586206896551724,0.004827586206896552,0.009,305418,254382,343581.0810810811
249166,7839,0.015586206896551724,0.004827586206896552,0.012,295667,230835,343581.0810810811
268685,9198,0.015586206896551724,0.004827586206896552,0.015,288043,211321,343581.0810810811
201100,12006,0.015586206896551724,0.005241379310344827,0.006,313288,278898,336754.96688741725
229092,12299,0.015586206896551724,0.005241379310344827,0.009,300757,250908,336754.96688741725
252115,11502,0.015586206896551724,0.005241379310344827,0.012,291903,227891,336754.96688741725
271149,11128,0.015586206896551724,0.005241379310344827,0.015,285110,208857,336754.96688741725
205350,18728,0.015586206896551724,0.005655172413793104,0.006,308040,274649,330194.80519480514
232549,18541,0.015586206896551724,0.005655172413793104,0.009,296155,247455,330194.80519480514
254957,13344,0.015586206896551724,0.005655172413793104,0.012,288782,225044,330194.80519480514
273517,14155,0.015586206896551724,0.005655172413793104,0.015,281939,206484,330194.80519480514
209378,18269,0.015586206896551724,0.006068965517241379,0.006,304464,270623,323885.3503184713
235910,14575,0.015586206896551724,0.006068965517241379,0.009,293930,244092,323885.3503184713
257665,11842,0.015586206896551724,0.006068965517241379,0.012,286532,222341,323885.3503184713
275923,13064,0.015586206896551724,0.006068965517241379,0.015,280004,204077,323885.3503184713
213462,21283,0.015586206896551724,0.006482758620689655,0.006,300214,266543,317812.5
239119,19404,0.015586206896551724,0.006482758620689655,0.009,289791,240885,317812.5
260360,16219,0.015586206896551724,0.006482758620689655,0.012,282817,219645,317812.5
278109,17532,0.015586206896551724,0.006482758620689655,0.015,276480,201891,317812.5
217266,35312,0.015586206896551724,0.006896551724137931,0.006,294115,262733,311963.19018404913
242385,19218,0.015586206896551724,0.006896551724137931,0.009,286938,237616,311963.19018404913
263045,21117,0.015586206896551724,0.006896551724137931,0.012,279074,216959,311963.19018404913
280396,19758,0.015586206896551724,0.006896551724137931,0.015,273662,199604,311963.19018404913
221043,38719,0.015586206896551724,0.007310344827586207,0.006,289980,258954,306325.30120481923
245360,29969,0.015586206896551724,0.007310344827586207,0.009,281681,234642,306325.30120481923
265618,21936,0.015586206896551724,0.007310344827586207,0.012,276381,214389,306325.30120481923
282521,20014,0.015586206896551724,0.007310344827586207,0.015,271450,197481,306325.30120481923
224728,47119,0.015586206896551724,0.007724137931034483,0.006,285196,255270,300887.573964497
248424,35654,0.015586206896551724,0.007724137931034483,0.009,277572,231576,300887.573964497
268096,27853,0.015586206896551724,0.007724137931034483,0.012,272456,211910,300887.573964497
284707,22986,0.015586206896551724,0.007724137931034483,0.015,268469,195299,300887.573964497
228266,51168,0.015586206896551724,0.008137931034482758,0.006,281341,251738,295639.534883721
251365,34431,0.015586206896551724,0.008137931034482758,0.009,275150,228641,295639.534883721
270519,33496,0.015586206896551724,0.008137931034482758,0.012,268607,209486,295639.534883721
286742,29581,0.015586206896551724,0.008137931034482758,0.015,264521,193259,295639.534883721
231766,55033,0.015586206896551724,0.008551724137931035,0.006,277294,248239,290571.4285714285
254175,43007,0.015586206896551724,0.008551724137931035,0.009,270573,225829,290571.4285714285
272943,39747,0.015586206896551724,0.008551724137931035,0.012,264794,207063,290571.4285714285
288778,34048,0.015586206896551724,0.008551724137931035,0.015,261334,191226,290571.4285714285
235097,67299,0.015586206896551724,0.00896551724137931,0.006,272255,244904,285674.15730337077
256962,56044,0.015586206896551724,0.00896551724137931,0.009,265133,223037,285674.15730337077
275250,37908,0.015586206896551724,0.00896551724137931,0.012,262937,204754,285674.15730337077
290805,38028,0.015586206896551724,0.00896551724137931,0.015,258256,189196,285674.15730337077
238351,63079,0.015586206896551724,0.009379310344827585,0.006,269871,241652,280939.22651933704
259683,55870,0.015586206896551724,0.009379310344827585,0.009,262646,220322,280939.22651933704
277570,44803,0.015586206896551724,0.009379310344827585,0.012,259082,202431,280939.22651933704
292771,42704,0.015586206896551724,0.009379310344827585,0.015,255028,187231,280939.22651933704
241552,70720,0.015586206896551724,0.009793103448275862,0.006,265645,238448,276358.6956521739
262406,56175,0.015586206896551724,0.009793103448275862,0.009,260002,217601,276358.6956521739
279792,49209,0.015586206896551724,0.009793103448275862,0.012,255828,200213,276358.6956521739
294736,52379,0.015586206896551724,0.009793103448275862,0.015,250431,185264,276358.6956521739
244606,88487,0.015586206896551724,0.010206896551724139,0.006,259955,235391,271925.13368983957
264981,73223,0.015586206896551724,0.010206896551724139,0.009,254098,215026,271925.13368983957
282031,64307,0.015586206896551724,0.010206896551724139,0.012,250013,197970,271925.13368983957
296541,59054,0.015586206896551724,0.010206896551724139,0.015,246821,183463,271925.13368983957
247726,92935,0.015586206896551724,0.010620689655172414,0.006,256318,232279,267631.5789473684
267403,71435,0.015586206896551724,0.010620689655172414,0.009,252137,212601,267631.5789473684
284119,63307,0.015586206896551724,0.010620689655172414,0.012,248269,195885,267631.5789473684
298387,60255,0.015586206896551724,0.010620689655172414,0.015,244748,181614,267631.5789473684
250569,81316,0.015586206896551724,0.011034482758620689,0.006,255401,229431,263471.5025906736
269983,77354,0.015586206896551724,0.011034482758620689,0.009,248533,210018,263471.5025906736
286265,74325,0.015586206896551724,0.011034482758620689,0.012,243589,193742,263471.5025906736
300266,57480,0.015586206896551724,0.011034482758620689,0.015,243574,179736,263471.5025906736
253436,95015,0.015586206896551724,0.011448275862068966,0.006,250548,226564,259438.77551020408
272306,90444,0.015586206896551724,0.011448275862068966,0.009,243720,207697,259438.77551020408
288375,84525,0.015586206896551724,0.011448275862068966,0.012,239219,191629,259438.77551020408
302046,74027,0.015586206896551724,0.011448275862068966,0.015,237534,177961,259438.77551020408
256291,112562,0.015586206896551724,0.01186206896551724,0.006,245247,223710,255527.63819095478
274688,87511,0.015586206896551724,0.01186206896551724,0.009,242059,205318,255527.63819095478
290388,77656,0.015586206896551724,0.01186206896551724,0.012,238904,189619,255527.63819095478
303792,90136,0.015586206896551724,0.01186206896551724,0.015,231638,176210,255527.63819095478
259074,95296,0.015586206896551724,0.012275862068965518,0.006,245398,220926,251732.67326732675
277021,106612,0.015586206896551724,0.012275862068965518,0.009,236160,202984,251732.67326732675
292305,90525,0.015586206896551724,0.012275862068965518,0.012,233977,187701,251732.67326732675
305487,82623,0.015586206896551724,0.012275862068965518,0.015,231866,174519,251732.67326732675
261652,124493,0.015586206896551724,0.012689655172413793,0.006,238421,218352,248048.78048780494
279287,103059,0.015586206896551724,0.012689655172413793,0.009,234669,200713,248048.78048780494
294179,92713,0.015586206896551724,0.012689655172413793,0.012,231686,185824,248048.78048780494
307082,84948,0.015586206896551724,0.012689655172413793,0.015,229654,172922,248048.78048780494
264350,124855,0.015586206896551724,0.01310344827586207,0.006,235903,215657,244471.15384615381
281430,103279,0.015586206896551724,0.01310344827586207,0.009,232606,198574,244471.15384615381
296146,102543,0.015586206896551724,0.01310344827586207,0.012,227624,183861,244471.15384615381
308705,96890,0.015586206896551724,0.01310344827586207,0.015,224905,171300,244471.15384615381
266801,117621,0.015586206896551724,0.013517241379310345,0.006,234709,213203,240995.26066350713
283677,117333,0.015586206896551724,0.013517241379310345,0.009,227770,196324,240995.26066350713
297989,94727,0.015586206896551724,0.013517241379310345,0.012,227511,182011,240995.26066350713
310314,96388,0.015586206896551724,0.013517241379310345,0.015,223538,169690,240995.26066350713
269316,143979,0.015586206896551724,0.01393103448275862,0.006,228605,210685,237616.82242990655
285704,118979,0.015586206896551724,0.01393103448275862,0.009,225468,194300,237616.82242990655
299766,105755,0.015586206896551724,0.01393103448275862,0.012,223362,180240,237616.82242990655
311882,122567,0.015586206896551724,0.01393103448275862,0.015,215323,168122,237616.82242990655
271772,141586,0.015586206896551724,0.014344827586206896,0.006,226602,208230,234331.79723502306
287793,126962,0.015586206896551724,0.014344827586206896,0.009,221997,192206,234331.79723502306
301545,124147,0.015586206896551724,0.014344827586206896,0.012,217560,178461,234331.79723502306
313520,107611,0.015586206896551724,0.014344827586206896,0.015,217660,166481,234331.79723502306
274159,137613,0.015586206896551724,0.014758620689655172,0.006,225117,205846,231136.36363636362
289845,138383,0.015586206896551724,0.014758620689655172,0.009,217958,190160,231136.36363636362
303261,121469,0.015586206896551724,0.014758620689655172,0.012,216481,176742,231136.36363636362
314982,121776,0.015586206896551724,0.014758620689655172,0.015,212581,165025,231136.36363636362
276496,159263,0.015586206896551724,0.015172413793103448,0.006,219742,203504,228026.90582959642
291773,131839,0.015586206896551724,0.015172413793103448,0.009,217386,188232,228026.90582959642
305000,128842,0.015586206896551724,0.015172413793103448,0.012,213165,175006,228026.90582959642
316457,126213,0.015586206896551724,0.015172413793103448,0.015,210055,163549,228026.90582959642
278746,158472,0.015586206896551724,0.015586206896551724,0.006,217742,201257,225000.0
293711,152465,0.015586206896551724,0.015586206896551724,0.009,211704,186293,225000.0
306730,130816,0.015586206896551724,0.015586206896551724,0.012,211229,173277,225000.0
317929,133778,0.015586206896551724,0.015586206896551724,0.015,206803,162077,225000.0
280890,161669,0.015586206896551724,0.016,0.006,215167,199112,222052.40174672485
295605,143756,0.015586206896551724,0.016,0.009,211636,184399,222052.40174672485
308327,133237,0.015586206896551724,0.016,0.012,209118,171676,222052.40174672485
319370,140269,0.015586206896551724,0.016,0.015,203808,160636,222052.40174672485
184512,4831,0.016,0.004,0.006,328840,295488,360000.0
215143,4686,0.016,0.004,0.009,314413,264856,360000.0
239948,6394,0.016,0.004,0.012,303358,240054,360000.0
260548,6625,0.016,0.004,0.015,295231,219457,360000.0
189155,8444,0.016,0.004413793103448276,0.006,324007,290847,352702.7027027027
218901,6327,0.016,0.004413793103448276,0.009,310550,261103,352702.7027027027
243030,6355,0.016,0.004413793103448276,0.012,300523,236970,352702.7027027027
263097,7457,0.016,0.004413793103448276,0.015,292519,216904,352702.7027027027
193624,6853,0.016,0.004827586206896552,0.006,320193,286376,345695.3642384106
222503,9635,0.016,0.004827586206896552,0.009,306534,257499,345695.3642384106
245962,7779,0.016,0.004827586206896552,0.012,297389,234039,345695.3642384106
265603,7244,0.016,0.004827586206896552,0.015,290199,214398,345695.3642384106
198055,10115,0.016,0.005241379310344827,0.006,315668,281944,338961.038961039
225997,10760,0.016,0.005241379310344827,0.009,303029,254006,338961.038961039
248980,9877,0.016,0.005241379310344827,0.012,294056,231025,338961.038961039
268049,9055,0.016,0.005241379310344827,0.015,287298,211957,338961.038961039
202283,13419,0.016,0.005655172413793104,0.006,311208,277720,332484.076433121
229426,13992,0.016,0.005655172413793104,0.009,299121,250577,332484.076433121
251715,10781,0.016,0.005655172413793104,0.012,291133,228285,332484.076433121
270451,12016,0.016,0.005655172413793104,0.015,284134,209549,332484.076433121
206335,22652,0.016,0.006068965517241379,0.006,305763,273662,326250.0
232786,14330,0.016,0.006068965517241379,0.009,295942,247220,326250.0
254537,13147,0.016,0.006068965517241379,0.012,287922,225464,326250.0
272845,12719,0.016,0.006068965517241379,0.015,281689,207157,326250.0
210266,23091,0.016,0.006482758620689655,0.006,301993,269736,320245.39877300616
235980,16627,0.016,0.006482758620689655,0.009,292387,244023,320245.39877300616
257280,20048,0.016,0.006482758620689655,0.012,283632,222720,320245.39877300616
275063,17770,0.016,0.006482758620689655,0.015,278027,204943,320245.39877300616
214177,34933,0.016,0.006896551724137931,0.006,296412,265826,314457.8313253012
239184,21775,0.016,0.006896551724137931,0.009,288293,240817,314457.8313253012
259909,20695,0.016,0.006896551724137931,0.012,280913,220091,314457.8313253012
277299,15239,0.016,0.006896551724137931,0.015,276504,202707,314457.8313253012
217947,32010,0.016,0.007310344827586207,0.006,293425,262058,308875.7396449704
242241,24876,0.016,0.007310344827586207,0.009,284700,237763,308875.7396449704
262452,21563,0.016,0.007310344827586207,0.012,278159,217553,308875.7396449704
279501,23182,0.016,0.007310344827586207,0.015,272148,200500,308875.7396449704
221619,42724,0.016,0.007724137931034483,0.006,288145,258386,303488.3720930232
245287,36731,0.016,0.007724137931034483,0.009,279478,234714,303488.3720930232
264967,30160,0.016,0.007724137931034483,0.012,273679,215034,303488.3720930232
281613,21774,0.016,0.007724137931034483,0.015,270405,198391,303488.3720930232
225151,41859,0.016,0.008137931034482758,0.006,285011,254854,298285.7142857143
248253,31994,0.016,0.008137931034482758,0.009,277660,231753,298285.7142857143
267459,27264,0.016,0.008137931034482758,0.012,271966,212542,298285.7142857143
283741,26112,0.016,0.008137931034482758,0.015,267183,196264,298285.7142857143
228560,49442,0.016,0.008551724137931035,0.006,280599,251437,293258.4269662922
251044,41509,0.016,0.008551724137931035,0.009,272934,228960,293258.4269662922
269855,33753,0.016,0.008551724137931035,0.012,268079,210151,293258.4269662922
285780,32237,0.016,0.008551724137931035,0.015,263497,194221,293258.4269662922
231928,67564,0.016,0.00896551724137931,0.006,274442,248076,288397.7900552486
253864,44332,0.016,0.00896551724137931,0.009,269632,226137,288397.7900552486
272175,43207,0.016,0.00896551724137931,0.012,263522,207827,288397.7900552486
287823,36940,0.016,0.00896551724137931,0.015,260227,192182,288397.7900552486
235272,71789,0.016,0.009379310344827585,0.006,270771,244731,283695.6521739131
256551,51192,0.016,0.009379310344827585,0.009,265673,223453,283695.6521739131
274509,51227,0.016,0.009379310344827585,0.012,259269,205497,283695.6521739131
289743,41185,0.016,0.009379310344827585,0.015,257068,190262,283695.6521739131
238363,58604,0.016,0.009793103448275862,0.006,269788,241635,279144.38502673793
259193,59800,0.016,0.009793103448275862,0.009,261414,220808,279144.38502673793
276756,52331,0.016,0.009793103448275862,0.012,256911,203246,279144.38502673793
291728,46856,0.016,0.009793103448275862,0.015,253647,188272,279144.38502673793
241505,85258,0.016,0.010206896551724139,0.006,262704,238498,274736.84210526315
261840,65761,0.016,0.010206896551724139,0.009,257727,218161,274736.84210526315
278951,55418,0.016,0.010206896551724139,0.012,254088,201055,274736.84210526315
293577,48634,0.016,0.010206896551724139,0.015,251345,186424,274736.84210526315
244585,87224,0.016,0.010620689655172414,0.006,259657,235416,270466.3212435233
264329,63140,0.016,0.010620689655172414,0.009,255862,215675,270466.3212435233
281102,63950,0.016,0.010620689655172414,0.012,249896,198904,270466.3212435233
295418,64072,0.016,0.010620689655172414,0.015,245431,184586,270466.3212435233
247434,86275,0.016,0.011034482758620689,0.006,257076,232567,266326.53061224497
266849,78348,0.016,0.011034482758620689,0.009,250489,213154,266326.53061224497
283186,71293,0.016,0.011034482758620689,0.012,246189,196818,266326.53061224497
297241,58586,0.016,0.011034482758620689,0.015,245081,182764,266326.53061224497
250358,106732,0.016,0.011448275862068966,0.006,251270,229643,262311.5577889447
269266,88931,0.016,0.011448275862068966,0.009,246068,210739,262311.5577889447
285311,81859,0.016,0.011448275862068966,0.012,241720,194694,262311.5577889447
299045,64524,0.016,0.011448275862068966,0.015,241703,180956,262311.5577889447
253197,98525,0.016,0.01186206896551724,0.006,249816,226803,258415.8415841584
271673,84495,0.016,0.01186206896551724,0.009,244707,208327,258415.8415841584
287272,86077,0.016,0.01186206896551724,0.012,238851,192732,258415.8415841584
300840,68862,0.016,0.01186206896551724,0.015,238860,179160,258415.8415841584
255853,126637,0.016,0.012275862068965518,0.006,243075,224149,254634.14634146343
273998,95264,0.016,0.012275862068965518,0.009,240468,206007,254634.14634146343
289286,88396,0.016,0.012275862068965518,0.012,236356,190720,254634.14634146343
302472,82000,0.016,0.012275862068965518,0.015,233796,177534,254634.14634146343
258536,115559,0.016,0.012689655172413793,0.006,242308,221464,250961.5384615385
276253,101213,0.016,0.012689655172413793,0.009,237167,203748,250961.5384615385
291227,86577,0.016,0.012689655172413793,0.012,235052,188773,250961.5384615385
304225,80771,0.016,0.012689655172413793,0.015,232408,175777,250961.5384615385
261244,122400,0.016,0.01310344827586207,0.006,238822,218759,247393.36492890993
278370,114078,0.016,0.01310344827586207,0.009,232656,201635,247393.36492890993
293096,99694,0.016,0.01310344827586207,0.012,230136,186908,247393.36492890993
305883,87032,0.016,0.01310344827586207,0.015,229269,174124,247393.36492890993
263711,118123,0.016,0.013517241379310345,0.006,237075,216294,243925.23364485984
280534,119864,0.016,0.013517241379310345,0.009,229519,199469,243925.23364485984
294980,106176,0.016,0.013517241379310345,0.012,226962,185021,243925.23364485984
307425,104262,0.016,0.013517241379310345,0.015,223294,172580,243925.23364485984
266183,126997,0.016,0.01393103448275862,0.006,233429,213821,240552.99539170507
282673,116426,0.016,0.01393103448275862,0.009,228200,197328,240552.99539170507
296857,113843,0.016,0.01393103448275862,0.012,223429,183143,240552.99539170507
309103,93309,0.016,0.01393103448275862,0.015,224543,170903,240552.99539170507
268651,130459,0.016,0.014344827586206896,0.006,230680,211350,237272.72727272726
284763,121995,0.016,0.014344827586206896,0.009,225250,195239,237272.72727272726
298664,100794,0.016,0.014344827586206896,0.012,224634,181340,237272.72727272726
310626,112536,0.016,0.014344827586206896,0.015,218236,169374,237272.72727272726
271084,160125,0.016,0.014758620689655172,0.006,224372,208916,234080.71748878926
286865,134355,0.016,0.014758620689655172,0.009,221077,193137,234080.71748878926
300341,112885,0.016,0.014758620689655172,0.012,220301,179660,234080.71748878926
312112,116207,0.016,0.014758620689655172,0.015,215834,167892,234080.71748878926
273347,152093,0.016,0.015172413793103448,0.006,223297,206654,230973.45132743364
288764,126565,0.016,0.015172413793103448,0.009,220499,191240,230973.45132743364
302107,127289,0.016,0.015172413793103448,0.012,215589,177893,230973.45132743364
313612,111270,0.016,0.015172413793103448,0.015,215552,166393,230973.45132743364
275608,156963,0.016,0.015586206896551724,0.006,220450,204393,227947.59825327512
290710,156866,0.016,0.015586206896551724,0.009,213299,189294,227947.59825327512
303735,124465,0.016,0.015586206896551724,0.012,214583,176268,227947.59825327512
315094,123474,0.016,0.015586206896551724,0.015,211165,164911,227947.59825327512
277895,164336,0.016,0.016,0.006,217340,202111,225000.0
292623,157897,0.016,0.016,0.009,211187,187381,225000.0
305415,142453,0.016,0.016,0.012,209043,174591,225000.0
316545,122628,0.016,0.016,0.015,209880,163459,225000.0
