wasted_computation_no_offload,wasted_computation_offload,charge_rate,discharge_rate,AI_computation,offload,no_offload,best_offload
321245,22329,0.004,0.004,0.006,218160,128759,225000.0
344209,24710,0.004,0.004,0.009,216315,105797,225000.0
359886,25247,0.004,0.004,0.012,215376,90121,225000.0
371720,26189,0.004,0.004,0.015,214475,78289,225000.0
325078,46139,0.004,0.004413793103448276,0.006,206853,124930,213934.4262295082
346535,49728,0.004,0.004413793103448276,0.009,204446,103472,213934.4262295082
361691,47829,0.004,0.004413793103448276,0.012,204315,88317,213934.4262295082
373047,47880,0.004,0.004413793103448276,0.015,203762,76956,213934.4262295082
328493,77189,0.004,0.004827586206896552,0.006,193788,121512,203906.25000000003
349043,72598,0.004,0.004827586206896552,0.009,193598,100957,203906.25000000003
363554,70472,0.004,0.004827586206896552,0.012,193463,86455,203906.25000000003
374396,69572,0.004,0.004827586206896552,0.015,193218,75610,203906.25000000003
331721,104620,0.004,0.005241379310344827,0.006,182236,118284,194776.1194029851
351385,86327,0.004,0.005241379310344827,0.009,186081,98624,194776.1194029851
365174,86005,0.004,0.005241379310344827,0.012,185452,84834,194776.1194029851
375739,89407,0.004,0.005241379310344827,0.015,183603,74261,194776.1194029851
334880,98230,0.004,0.005655172413793104,0.006,180604,115127,186428.57142857142
353535,100475,0.004,0.005655172413793104,0.009,178754,96474,186428.57142857142
366826,109185,0.004,0.005655172413793104,0.012,174890,83182,186428.57142857142
376930,92918,0.004,0.005655172413793104,0.015,180351,73078,186428.57142857142
337868,108023,0.004,0.006068965517241379,0.006,174537,112137,178767.12328767127
355705,116570,0.004,0.006068965517241379,0.009,170979,94301,178767.12328767127
368313,105374,0.004,0.006068965517241379,0.012,174109,81695,178767.12328767127
378120,102600,0.004,0.006068965517241379,0.015,174856,71888,178767.12328767127
340801,114360,0.004,0.006482758620689655,0.006,169606,109208,171710.52631578947
357534,113738,0.004,0.006482758620689655,0.009,169383,92472,171710.52631578947
370034,122256,0.004,0.006482758620689655,0.012,166140,79972,171710.52631578947
379351,114239,0.004,0.006482758620689655,0.015,168732,70658,171710.52631578947
343577,132560,0.004,0.006896551724137931,0.006,161695,106429,165189.87341772154
359605,137381,0.004,0.006896551724137931,0.009,159590,90404,165189.87341772154
371271,123362,0.004,0.006896551724137931,0.012,163816,78737,165189.87341772154
380423,133994,0.004,0.006896551724137931,0.015,159796,69585,165189.87341772154
346103,149981,0.004,0.007310344827586207,0.006,154392,103899,159146.34146341463
361289,155491,0.004,0.007310344827586207,0.009,151746,88716,159146.34146341463
372701,146193,0.004,0.007310344827586207,0.012,154138,77304,159146.34146341463
381496,141300,0.004,0.007310344827586207,0.015,155549,68511,159146.34146341463
348337,155596,0.004,0.007724137931034483,0.006,150275,101670,153529.4117647059
363064,180436,0.004,0.007724137931034483,0.009,142107,86941,153529.4117647059
374202,147143,0.004,0.007724137931034483,0.012,152001,75801,153529.4117647059
382556,149603,0.004,0.007724137931034483,0.015,151015,67451,153529.4117647059
350676,159903,0.004,0.008137931034482758,0.006,146643,99330,148295.45454545456
364715,170317,0.004,0.008137931034482758,0.009,143132,85288,148295.45454545456
375371,157857,0.004,0.008137931034482758,0.012,146749,74635,148295.45454545456
383766,157123,0.004,0.008137931034482758,0.015,146901,66241,148295.45454545456
352816,178781,0.004,0.008551724137931035,0.006,139546,97191,143406.59340659343
366373,171857,0.004,0.008551724137931035,0.009,140761,83630,143406.59340659343
376596,174892,0.004,0.008551724137931035,0.012,139422,73407,143406.59340659343
384644,166082,0.004,0.008551724137931035,0.015,142304,65365,143406.59340659343
355092,215574,0.004,0.00896551724137931,0.006,128448,94917,138829.78723404257
367912,176785,0.004,0.00896551724137931,0.009,137459,82094,138829.78723404257
377839,179754,0.004,0.00896551724137931,0.012,136369,72166,138829.78723404257
385723,175912,0.004,0.00896551724137931,0.015,137483,64283,138829.78723404257
357197,191787,0.004,0.009379310344827585,0.006,131919,92805,134536.08247422683
369652,194180,0.004,0.009379310344827585,0.009,130719,80357,134536.08247422683
379140,187921,0.004,0.009379310344827585,0.012,132246,70862,134536.08247422683
386544,187446,0.004,0.009379310344827585,0.015,132158,63465,134536.08247422683
358965,196440,0.004,0.009793103448275862,0.006,128720,91040,130500.0
370893,218673,0.004,0.009793103448275862,0.009,122091,79114,130500.0
380248,192175,0.004,0.009793103448275862,0.012,129391,69761,130500.0
387442,197365,0.004,0.009793103448275862,0.015,127593,62567,130500.0
360856,219953,0.004,0.010206896551724139,0.006,121231,89146,126699.02912621362
372326,209336,0.004,0.010206896551724139,0.009,123067,77677,126699.02912621362
381290,203069,0.004,0.010206896551724139,0.012,124616,68719,126699.02912621362
388268,197514,0.004,0.010206896551724139,0.015,126369,61740,126699.02912621362
362778,209422,0.004,0.010620689655172414,0.006,121769,87231,123113.20754716982
373727,220691,0.004,0.010620689655172414,0.009,118398,76279,123113.20754716982
382367,205778,0.004,0.010620689655172414,0.012,122406,67642,123113.20754716982
389165,204357,0.004,0.010620689655172414,0.015,122938,60842,123113.20754716982
364352,235865,0.004,0.011034482758620689,0.006,113990,85654,119724.77064220185
375053,212426,0.004,0.011034482758620689,0.009,119138,74953,119724.77064220185
383463,212228,0.004,0.011034482758620689,0.012,119152,66538,119724.77064220185
389975,212080,0.004,0.011034482758620689,0.015,119139,60033,119724.77064220185
365993,221924,0.004,0.011448275862068966,0.006,115377,84015,116517.85714285714
376264,219182,0.004,0.011448275862068966,0.009,115909,73739,116517.85714285714
384306,236223,0.004,0.011448275862068966,0.012,110635,65700,116517.85714285714
390831,221196,0.004,0.011448275862068966,0.015,114989,59177,116517.85714285714
367600,224231,0.004,0.01186206896551724,0.006,113210,82408,113478.26086956522
377585,224301,0.004,0.01186206896551724,0.009,113109,72424,113478.26086956522
385331,227797,0.004,0.01186206896551724,0.012,111956,64677,113478.26086956522
391628,226045,0.004,0.01186206896551724,0.015,112421,58381,113478.26086956522
369210,244617,0.004,0.012275862068965518,0.006,107269,80799,110593.22033898305
378738,230382,0.004,0.012275862068965518,0.009,110178,71269,110593.22033898305
386322,230190,0.004,0.012275862068965518,0.012,110118,63687,110593.22033898305
392443,230442,0.004,0.012275862068965518,0.015,110000,57558,110593.22033898305
370752,235392,0.004,0.012689655172413793,0.006,107609,79252,107851.23966942151
379839,245140,0.004,0.012689655172413793,0.009,104881,70168,107851.23966942151
387192,244385,0.004,0.012689655172413793,0.012,104759,62811,107851.23966942151
393216,235513,0.004,0.012689655172413793,0.015,107398,56793,107851.23966942151
371979,257296,0.004,0.01310344827586207,0.006,101636,78028,105241.93548387098
380928,255791,0.004,0.01310344827586207,0.009,101017,69078,105241.93548387098
388182,254329,0.004,0.01310344827586207,0.012,100782,61827,105241.93548387098
393858,262403,0.004,0.01310344827586207,0.015,97813,56150,105241.93548387098
373377,251275,0.004,0.013517241379310345,0.006,101246,76630,102755.90551181104
382081,260317,0.004,0.013517241379310345,0.009,98646,67927,102755.90551181104
389097,245544,0.004,0.013517241379310345,0.012,102412,60909,102755.90551181104
394584,246730,0.004,0.013517241379310345,0.015,101979,55424,102755.90551181104
374759,252480,0.004,0.01393103448275862,0.006,99805,75241,100384.61538461539
383119,262100,0.004,0.01393103448275862,0.009,97171,66888,100384.61538461539
389797,260949,0.004,0.01393103448275862,0.012,97016,60210,100384.61538461539
395418,250979,0.004,0.01393103448275862,0.015,99767,54591,100384.61538461539
375980,256656,0.004,0.014344827586206896,0.006,97506,74026,98120.30075187972
384105,255542,0.004,0.014344827586206896,0.009,97653,65900,98120.30075187972
390683,265166,0.004,0.014344827586206896,0.012,94756,59317,98120.30075187972
395922,270265,0.004,0.014344827586206896,0.015,92858,54084,98120.30075187972
377180,258955,0.004,0.014758620689655172,0.006,95752,72828,95955.8823529412
385223,258820,0.004,0.014758620689655172,0.009,95783,64786,95955.8823529412
391492,259778,0.004,0.014758620689655172,0.012,95388,58517,95955.8823529412
396656,259031,0.004,0.014758620689655172,0.015,95606,53353,95955.8823529412
378583,264139,0.004,0.015172413793103448,0.006,93484,71426,93884.89208633095
385992,263392,0.004,0.015172413793103448,0.009,93542,64014,93884.89208633095
392177,263128,0.004,0.015172413793103448,0.012,93629,57830,93884.89208633095
397267,263774,0.004,0.015172413793103448,0.015,93337,52736,93884.89208633095
379615,269714,0.004,0.015586206896551724,0.006,91243,70394,91901.40845070424
386990,269302,0.004,0.015586206896551724,0.009,91132,63016,91901.40845070424
392918,280402,0.004,0.015586206896551724,0.012,87931,57091,91901.40845070424
397928,282568,0.004,0.015586206896551724,0.015,86843,52081,91901.40845070424
380845,271131,0.004,0.016,0.006,89757,69161,90000.0
387997,270707,0.004,0.016,0.009,89813,62012,90000.0
393711,271164,0.004,0.016,0.012,89639,56298,90000.0
398507,271623,0.004,0.016,0.015,89483,51501,90000.0
312260,19906,0.004413793103448276,0.004,0.006,223592,137741,236065.57377049178
335855,29521,0.004413793103448276,0.004,0.009,218330,114153,236065.57377049178
352767,20873,0.004413793103448276,0.004,0.012,219971,97242,236065.57377049178
365240,22416,0.004413793103448276,0.004,0.015,218451,84769,236065.57377049178
315959,25741,0.004413793103448276,0.004413793103448276,0.006,217464,134048,225000.0
338444,34095,0.004413793103448276,0.004413793103448276,0.009,213417,111563,225000.0
354554,24752,0.004413793103448276,0.004413793103448276,0.012,215809,95453,225000.0
366543,29655,0.004413793103448276,0.004413793103448276,0.015,213356,83464,225000.0
319563,48852,0.004413793103448276,0.004827586206896552,0.006,206751,130441,214925.37313432834
341126,51444,0.004413793103448276,0.004827586206896552,0.009,204483,108874,214925.37313432834
356423,45448,0.004413793103448276,0.004827586206896552,0.012,205680,93583,214925.37313432834
368082,46757,0.004413793103448276,0.004827586206896552,0.015,204619,81927,214925.37313432834
323012,60615,0.004413793103448276,0.005241379310344827,0.006,199480,126992,205714.28571428574
343624,74750,0.004413793103448276,0.005241379310344827,0.009,193800,106381,205714.28571428574
358210,66862,0.004413793103448276,0.005241379310344827,0.012,195493,91796,205714.28571428574
369374,62228,0.004413793103448276,0.005241379310344827,0.015,196650,80634,205714.28571428574
326315,80876,0.004413793103448276,0.005655172413793104,0.006,190275,123693,197260.27397260274
345849,78537,0.004413793103448276,0.005655172413793104,0.009,189785,104151,197260.27397260274
359945,80843,0.004413793103448276,0.005655172413793104,0.012,188158,90061,197260.27397260274
370714,80401,0.004413793103448276,0.005655172413793104,0.015,187795,79288,197260.27397260274
329392,117881,0.004413793103448276,0.006068965517241379,0.006,176916,120610,189473.68421052632
347988,105380,0.004413793103448276,0.006068965517241379,0.009,178505,102014,189473.68421052632
361538,100041,0.004413793103448276,0.006068965517241379,0.012,179213,88467,189473.68421052632
372133,105614,0.004413793103448276,0.006068965517241379,0.015,176543,77876,189473.68421052632
332348,100755,0.004413793103448276,0.006482758620689655,0.006,178148,117657,182278.48101265822
350241,110836,0.004413793103448276,0.006482758620689655,0.009,174246,99768,182278.48101265822
363230,103973,0.004413793103448276,0.006482758620689655,0.012,175824,86770,182278.48101265822
373386,110682,0.004413793103448276,0.006482758620689655,0.015,172888,76622,182278.48101265822
335200,135142,0.004413793103448276,0.006896551724137931,0.006,166211,114808,175609.75609756098
352131,127713,0.004413793103448276,0.006896551724137931,0.009,166647,97875,175609.75609756098
364721,110151,0.004413793103448276,0.006896551724137931,0.012,171613,85287,175609.75609756098
374579,103364,0.004413793103448276,0.006896551724137931,0.015,173852,75430,175609.75609756098
338029,120041,0.004413793103448276,0.007310344827586207,0.006,167095,111977,169411.76470588235
354056,116829,0.004413793103448276,0.007310344827586207,0.009,167613,95947,169411.76470588235
366301,117639,0.004413793103448276,0.007310344827586207,0.012,167142,83708,169411.76470588235
375758,118011,0.004413793103448276,0.007310344827586207,0.015,166865,74251,169411.76470588235
340403,135227,0.004413793103448276,0.007724137931034483,0.006,160467,109604,163636.36363636365
356023,127724,0.004413793103448276,0.007724137931034483,0.009,162111,93977,163636.36363636365
367617,130211,0.004413793103448276,0.007724137931034483,0.012,161039,82390,163636.36363636365
376848,131612,0.004413793103448276,0.007724137931034483,0.015,160320,73152,163636.36363636365
342843,157450,0.004413793103448276,0.008137931034482758,0.006,152320,107162,158241.75824175822
357928,142272,0.004413793103448276,0.008137931034482758,0.009,155562,92076,158241.75824175822
369187,135764,0.004413793103448276,0.008137931034482758,0.012,157385,80822,158241.75824175822
377872,136280,0.004413793103448276,0.008137931034482758,0.015,157136,72135,158241.75824175822
345173,153426,0.004413793103448276,0.008551724137931035,0.006,150742,104832,153191.48936170214
359657,163902,0.004413793103448276,0.008551724137931035,0.009,147241,90347,153191.48936170214
370368,146104,0.004413793103448276,0.008551724137931035,0.012,152306,79637,153191.48936170214
378934,149705,0.004413793103448276,0.008551724137931035,0.015,150950,71073,153191.48936170214
347490,174914,0.004413793103448276,0.00896551724137931,0.006,143320,102510,148453.6082474227
361215,158357,0.004413793103448276,0.00896551724137931,0.009,146886,88785,148453.6082474227
371663,160301,0.004413793103448276,0.00896551724137931,0.012,146028,78344,148453.6082474227
380049,158405,0.004413793103448276,0.00896551724137931,0.015,146497,69960,148453.6082474227
349572,195540,0.004413793103448276,0.009379310344827585,0.006,136104,100433,144000.0
362835,169402,0.004413793103448276,0.009379310344827585,0.009,141792,87174,144000.0
372942,164013,0.004413793103448276,0.009379310344827585,0.012,143311,77065,144000.0
381038,167318,0.004413793103448276,0.009379310344827585,0.015,142045,68971,144000.0
351564,204370,0.004413793103448276,0.009793103448275862,0.006,131882,98441,139805.82524271842
364352,178364,0.004413793103448276,0.009793103448275862,0.009,137500,85656,139805.82524271842
374131,180408,0.004413793103448276,0.009793103448275862,0.012,136533,75877,139805.82524271842
381927,176411,0.004413793103448276,0.009793103448275862,0.015,137677,68079,139805.82524271842
353632,180010,0.004413793103448276,0.010206896551724139,0.006,135509,96376,135849.05660377358
365993,181097,0.004413793103448276,0.010206896551724139,0.009,135033,84014,135849.05660377358
375314,191405,0.004413793103448276,0.010206896551724139,0.012,131732,74694,135849.05660377358
382856,180409,0.004413793103448276,0.010206896551724139,0.015,135077,67152,135849.05660377358
355501,203847,0.004413793103448276,0.010620689655172414,0.006,128046,94505,132110.09174311926
367285,191878,0.004413793103448276,0.010620689655172414,0.009,130499,82723,132110.09174311926
376485,189597,0.004413793103448276,0.010620689655172414,0.012,130870,73521,132110.09174311926
383824,187134,0.004413793103448276,0.010620689655172414,0.015,131560,66182,132110.09174311926
357408,201954,0.004413793103448276,0.011034482758620689,0.006,126515,92601,128571.42857142858
368843,201031,0.004413793103448276,0.011034482758620689,0.009,126221,81163,128571.42857142858
377577,205958,0.004413793103448276,0.011034482758620689,0.012,124488,72431,128571.42857142858
384688,195232,0.004413793103448276,0.011034482758620689,0.015,127712,65319,128571.42857142858
359079,211976,0.004413793103448276,0.011448275862068966,0.006,122519,90926,125217.39130434781
370048,220079,0.004413793103448276,0.011448275862068966,0.009,119730,79960,125217.39130434781
378794,207337,0.004413793103448276,0.011448275862068966,0.012,122849,71215,125217.39130434781
385586,216626,0.004413793103448276,0.011448275862068966,0.015,119471,64422,125217.39130434781
360747,223952,0.004413793103448276,0.01186206896551724,0.006,118251,89258,122033.89830508473
371329,209822,0.004413793103448276,0.01186206896551724,0.009,120915,78674,122033.89830508473
379671,206830,0.004413793103448276,0.01186206896551724,0.012,121726,70336,122033.89830508473
386432,209512,0.004413793103448276,0.01186206896551724,0.015,120773,63573,122033.89830508473
362460,247714,0.004413793103448276,0.012275862068965518,0.006,111447,87549,119008.26446280991
372777,229644,0.004413793103448276,0.012275862068965518,0.009,114392,77231,119008.26446280991
380723,213737,0.004413793103448276,0.012275862068965518,0.012,118382,69283,119008.26446280991
387262,218616,0.004413793103448276,0.012275862068965518,0.015,116776,62740,119008.26446280991
364074,243678,0.004413793103448276,0.012689655172413793,0.006,110627,85927,116129.03225806453
373947,224817,0.004413793103448276,0.012689655172413793,0.009,114247,76062,116129.03225806453
381807,219471,0.004413793103448276,0.012689655172413793,0.012,115617,68195,116129.03225806453
388145,218557,0.004413793103448276,0.012689655172413793,0.015,115840,61855,116129.03225806453
365453,237487,0.004413793103448276,0.01310344827586207,0.006,110358,84554,113385.82677165353
375140,234425,0.004413793103448276,0.01310344827586207,0.009,110416,74869,113385.82677165353
382653,226456,0.004413793103448276,0.01310344827586207,0.012,112323,67355,113385.82677165353
388886,224955,0.004413793103448276,0.01310344827586207,0.015,112773,61121,113385.82677165353
367008,235693,0.004413793103448276,0.013517241379310345,0.006,109158,83001,110769.23076923078
376242,242313,0.004413793103448276,0.013517241379310345,0.009,107207,73767,110769.23076923078
383722,229271,0.004413793103448276,0.013517241379310345,0.012,110513,66284,110769.23076923078
389655,236175,0.004413793103448276,0.013517241379310345,0.015,108285,60354,110769.23076923078
368316,235851,0.004413793103448276,0.01393103448275862,0.006,107839,81691,108270.67669172933
377292,242824,0.004413793103448276,0.01393103448275862,0.009,105979,72711,108270.67669172933
384521,243568,0.004413793103448276,0.01393103448275862,0.012,105367,65488,108270.67669172933
390335,235346,0.004413793103448276,0.01393103448275862,0.015,107632,59672,108270.67669172933
369864,242585,0.004413793103448276,0.014344827586206896,0.006,105052,80145,105882.35294117646
378374,248803,0.004413793103448276,0.014344827586206896,0.009,103256,71634,105882.35294117646
385409,239188,0.004413793103448276,0.014344827586206896,0.012,105573,64591,105882.35294117646
391107,239214,0.004413793103448276,0.014344827586206896,0.015,105526,58900,105882.35294117646
371016,243671,0.004413793103448276,0.014758620689655172,0.006,103455,78991,103597.12230215827
379453,243689,0.004413793103448276,0.014758620689655172,0.009,103349,70555,103597.12230215827
386364,244249,0.004413793103448276,0.014758620689655172,0.012,103117,63642,103597.12230215827
391883,243588,0.004413793103448276,0.014758620689655172,0.015,103324,58117,103597.12230215827
372308,249939,0.004413793103448276,0.015172413793103448,0.006,100887,77700,101408.45070422534
380604,248171,0.004413793103448276,0.015172413793103448,0.009,101157,69402,101408.45070422534
387049,248138,0.004413793103448276,0.015172413793103448,0.012,101131,62959,101408.45070422534
392530,248870,0.004413793103448276,0.015172413793103448,0.015,100850,57478,101408.45070422534
373518,267573,0.004413793103448276,0.015586206896551724,0.006,96336,76489,99310.3448275862
381472,254172,0.004413793103448276,0.015586206896551724,0.009,98582,68535,99310.3448275862
387900,270890,0.004413793103448276,0.015586206896551724,0.012,94000,62108,99310.3448275862
393160,252507,0.004413793103448276,0.015586206896551724,0.015,98911,56848,99310.3448275862
374741,270916,0.004413793103448276,0.016,0.006,94371,75264,97297.2972972973
382447,256440,0.004413793103448276,0.016,0.009,97040,67562,97297.2972972973
388761,256360,0.004413793103448276,0.016,0.012,96988,61248,97297.2972972973
393879,256431,0.004413793103448276,0.016,0.015,96938,56130,97297.2972972973
303366,16141,0.004827586206896552,0.004,0.006,229160,146638,246093.75
328077,30480,0.004827586206896552,0.004,0.009,221546,121925,246093.75
345702,28494,0.004827586206896552,0.004,0.012,220086,104298,246093.75
358768,19140,0.004827586206896552,0.004,0.015,222164,91240,246093.75
307309,22098,0.004827586206896552,0.004413793103448276,0.006,223017,142695,235074.62686567166
330941,17966,0.004827586206896552,0.004413793103448276,0.009,222266,119068,235074.62686567166
347794,25641,0.004827586206896552,0.004413793103448276,0.012,218349,102209,235074.62686567166
360274,30686,0.004827586206896552,0.004413793103448276,0.015,215451,89730,235074.62686567166
311121,21632,0.004827586206896552,0.004827586206896552,0.006,218928,138881,225000.0
333470,23101,0.004827586206896552,0.004827586206896552,0.009,217296,116538,225000.0
349760,28801,0.004827586206896552,0.004827586206896552,0.012,214546,100246,225000.0
361872,27916,0.004827586206896552,0.004827586206896552,0.015,214232,88137,225000.0
314666,57523,0.004827586206896552,0.005241379310344827,0.006,205086,135341,215753.42465753423
336028,45068,0.004827586206896552,0.005241379310344827,0.009,207132,113980,215753.42465753423
351638,45075,0.004827586206896552,0.005241379310344827,0.012,206266,98370,215753.42465753423
363284,47324,0.004827586206896552,0.005241379310344827,0.015,204802,86722,215753.42465753423
318125,75862,0.004827586206896552,0.005655172413793104,0.006,196394,131883,207236.84210526312
338584,62832,0.004827586206896552,0.005655172413793104,0.009,198497,111421,207236.84210526312
353250,67301,0.004827586206896552,0.005655172413793104,0.012,196094,96754,207236.84210526312
364637,65987,0.004827586206896552,0.005655172413793104,0.015,195824,85370,207236.84210526312
321305,82397,0.004827586206896552,0.006068965517241379,0.006,191105,128702,199367.08860759495
340851,87327,0.004827586206896552,0.006068965517241379,0.009,188024,109158,199367.08860759495
354999,77328,0.004827586206896552,0.006068965517241379,0.012,190292,95004,199367.08860759495
366047,79597,0.004827586206896552,0.006068965517241379,0.015,188854,83956,199367.08860759495
324404,92513,0.004827586206896552,0.006482758620689655,0.006,185087,125603,192073.1707317073
343123,98010,0.004827586206896552,0.006482758620689655,0.009,182142,106883,192073.1707317073
356857,99312,0.004827586206896552,0.006482758620689655,0.012,180610,93152,192073.1707317073
367371,84639,0.004827586206896552,0.006482758620689655,0.015,185115,82635,192073.1707317073
327431,124729,0.004827586206896552,0.006896551724137931,0.006,173825,122578,185294.1176470588
345091,92992,0.004827586206896552,0.006896551724137931,0.009,181100,104916,185294.1176470588
358314,91325,0.004827586206896552,0.006896551724137931,0.012,181181,91694,185294.1176470588
368652,98206,0.004827586206896552,0.006896551724137931,0.015,178391,81351,185294.1176470588
330132,106570,0.004827586206896552,0.007310344827586207,0.006,175256,119873,178977.2727272727
347148,104273,0.004827586206896552,0.007310344827586207,0.009,175212,102859,178977.2727272727
359957,116280,0.004827586206896552,0.007310344827586207,0.012,170877,90051,178977.2727272727
369845,101452,0.004827586206896552,0.007310344827586207,0.015,175472,80163,178977.2727272727
332786,143937,0.004827586206896552,0.007724137931034483,0.006,163230,117221,173076.9230769231
349078,116506,0.004827586206896552,0.007724137931034483,0.009,169244,100924,173076.9230769231
361418,126708,0.004827586206896552,0.007724137931034483,0.012,165417,88589,173076.9230769231
371105,109979,0.004827586206896552,0.007724137931034483,0.015,170783,78901,173076.9230769231
335360,145040,0.004827586206896552,0.008137931034482758,0.006,160351,114647,167553.1914893617
351027,143311,0.004827586206896552,0.008137931034482758,0.009,159152,98979,167553.1914893617
363066,129022,0.004827586206896552,0.008137931034482758,0.012,162823,86940,167553.1914893617
372392,119615,0.004827586206896552,0.008137931034482758,0.015,165784,77614,167553.1914893617
337809,151719,0.004827586206896552,0.008551724137931035,0.006,155977,112196,162371.13402061857
352862,146172,0.004827586206896552,0.008551724137931035,0.009,156282,97144,162371.13402061857
364342,130789,0.004827586206896552,0.008551724137931035,0.012,160482,85664,162371.13402061857
373529,129443,0.004827586206896552,0.008551724137931035,0.015,160790,76480,162371.13402061857
340303,151954,0.004827586206896552,0.00896551724137931,0.006,153421,109699,157500.0
354608,150897,0.004827586206896552,0.00896551724137931,0.009,152934,95399,157500.0
365709,139399,0.004827586206896552,0.00896551724137931,0.012,155998,84299,157500.0
374501,142614,0.004827586206896552,0.00896551724137931,0.015,154772,75508,157500.0
342408,156459,0.004827586206896552,0.009379310344827585,0.006,150034,107597,152912.62135922333
356293,173178,0.004827586206896552,0.009379310344827585,0.009,144686,93714,152912.62135922333
367034,152941,0.004827586206896552,0.009379310344827585,0.012,150050,82971,152912.62135922333
375618,150206,0.004827586206896552,0.009379310344827585,0.015,150797,74391,152912.62135922333
344510,161982,0.004827586206896552,0.009793103448275862,0.006,146476,105494,148584.90566037735
357957,184729,0.004827586206896552,0.009793103448275862,0.009,139683,92051,148584.90566037735
368322,169874,0.004827586206896552,0.009793103448275862,0.012,143179,81683,148584.90566037735
376559,159693,0.004827586206896552,0.009793103448275862,0.015,146178,73449,148584.90566037735
346788,193844,0.004827586206896552,0.010206896551724139,0.006,137117,103214,144495.4128440367
359633,176774,0.004827586206896552,0.010206896551724139,0.009,140117,90374,144495.4128440367
369605,176333,0.004827586206896552,0.010206896551724139,0.012,139686,80404,144495.4128440367
377735,165019,0.004827586206896552,0.010206896551724139,0.015,143075,72268,144495.4128440367
348753,186256,0.004827586206896552,0.010620689655172414,0.006,136738,101256,140625.00000000003
361184,183428,0.004827586206896552,0.010620689655172414,0.009,136589,88819,140625.00000000003
370937,184721,0.004827586206896552,0.010620689655172414,0.012,135707,79069,140625.00000000003
378550,173409,0.004827586206896552,0.010620689655172414,0.015,138961,71459,140625.00000000003
350719,198292,0.004827586206896552,0.011034482758620689,0.006,132190,99284,136956.52173913043
362562,195687,0.004827586206896552,0.011034482758620689,0.009,131661,87444,136956.52173913043
372089,192496,0.004827586206896552,0.011034482758620689,0.012,131916,77913,136956.52173913043
379535,178839,0.004827586206896552,0.011034482758620689,0.015,135980,70468,136956.52173913043
352443,216994,0.004827586206896552,0.011448275862068966,0.006,126269,97557,133474.57627118647
363981,193399,0.004827586206896552,0.011448275862068966,0.009,130700,86027,133474.57627118647
373107,186482,0.004827586206896552,0.011448275862068966,0.012,132365,76901,133474.57627118647
380475,193886,0.004827586206896552,0.011448275862068966,0.015,129802,69533,133474.57627118647
354128,218309,0.004827586206896552,0.01186206896551724,0.006,124047,95877,130165.28925619833
365323,191235,0.004827586206896552,0.01186206896551724,0.009,129690,84682,130165.28925619833
374348,207858,0.004827586206896552,0.01186206896551724,0.012,124660,75661,130165.28925619833
381411,198107,0.004827586206896552,0.01186206896551724,0.015,127335,68596,130165.28925619833
355906,206879,0.004827586206896552,0.012275862068965518,0.006,124728,94100,127016.12903225805
366738,204804,0.004827586206896552,0.012275862068965518,0.009,124695,83262,127016.12903225805
375400,200918,0.004827586206896552,0.012275862068965518,0.012,125463,74602,127016.12903225805
382319,198685,0.004827586206896552,0.012275862068965518,0.015,126069,67690,127016.12903225805
357595,210473,0.004827586206896552,0.012689655172413793,0.006,122245,92414,124015.74803149607
368024,205826,0.004827586206896552,0.012689655172413793,0.009,123010,81978,124015.74803149607
376349,216176,0.004827586206896552,0.012689655172413793,0.012,119768,73659,124015.74803149607
383234,203787,0.004827586206896552,0.012689655172413793,0.015,123368,66768,124015.74803149607
359136,227733,0.004827586206896552,0.01310344827586207,0.006,117097,90867,121153.84615384616
369227,212537,0.004827586206896552,0.01310344827586207,0.009,119897,80781,121153.84615384616
377367,208112,0.004827586206896552,0.01310344827586207,0.012,121070,72638,121153.84615384616
383961,216084,0.004827586206896552,0.01310344827586207,0.015,118431,66046,121153.84615384616
360687,223713,0.004827586206896552,0.013517241379310345,0.006,116255,89320,118421.05263157896
370551,234145,0.004827586206896552,0.013517241379310345,0.009,113135,79458,118421.05263157896
378348,214913,0.004827586206896552,0.013517241379310345,0.012,117852,71660,118421.05263157896
384855,218832,0.004827586206896552,0.013517241379310345,0.015,116552,65154,118421.05263157896
362138,259935,0.004827586206896552,0.01393103448275862,0.006,107675,87869,115808.82352941178
371689,233858,0.004827586206896552,0.01393103448275862,0.009,111843,78317,115808.82352941178
379310,220601,0.004827586206896552,0.01393103448275862,0.012,115119,70695,115808.82352941178
385559,224991,0.004827586206896552,0.01393103448275862,0.015,113668,64444,115808.82352941178
363781,226622,0.004827586206896552,0.014344827586206896,0.006,112587,86225,113309.35251798562
372943,228663,0.004827586206896552,0.014344827586206896,0.009,111993,77066,113309.35251798562
380325,224621,0.004827586206896552,0.014344827586206896,0.012,112930,69684,113309.35251798562
386425,241287,0.004827586206896552,0.014344827586206896,0.015,107697,63584,113309.35251798562
365047,229062,0.004827586206896552,0.014758620689655172,0.006,110766,84961,110915.49295774648
374010,229245,0.004827586206896552,0.014758620689655172,0.009,110587,75999,110915.49295774648
381292,229372,0.004827586206896552,0.014758620689655172,0.012,110507,68717,110915.49295774648
387101,239644,0.004827586206896552,0.014758620689655172,0.015,107316,62902,110915.49295774648
366369,234077,0.004827586206896552,0.015172413793103448,0.006,108336,83636,108620.6896551724
375045,233693,0.004827586206896552,0.015172413793103448,0.009,108378,74961,108620.6896551724
382010,234031,0.004827586206896552,0.015172413793103448,0.012,108236,67998,108620.6896551724
388006,233579,0.004827586206896552,0.015172413793103448,0.015,108331,62000,108620.6896551724
367680,238669,0.004827586206896552,0.015586206896551724,0.006,106099,82325,106418.91891891892
376064,263355,0.004827586206896552,0.015586206896551724,0.009,100270,73939,106418.91891891892
382946,238858,0.004827586206896552,0.015586206896551724,0.012,105880,67061,106418.91891891892
388602,237843,0.004827586206896552,0.015586206896551724,0.015,106185,61406,106418.91891891892
369046,242387,0.004827586206896552,0.016,0.006,104168,80963,104304.6357615894
377086,242019,0.004827586206896552,0.016,0.009,104182,72921,104304.6357615894
383811,242095,0.004827586206896552,0.016,0.012,104091,66198,104304.6357615894
389379,242427,0.004827586206896552,0.016,0.015,103970,60630,104304.6357615894
295127,20492,0.005241379310344827,0.004,0.006,232200,154877,255223.8805970149
320591,17478,0.005241379310344827,0.004,0.009,229291,129411,255223.8805970149
339036,23787,0.005241379310344827,0.004,0.012,224623,110970,255223.8805970149
352589,25943,0.005241379310344827,0.004,0.015,221979,97414,255223.8805970149
299212,20697,0.005241379310344827,0.004413793103448276,0.006,227734,150792,244285.7142857143
323618,21904,0.005241379310344827,0.004413793103448276,0.009,224430,126383,244285.7142857143
341108,27991,0.005241379310344827,0.004413793103448276,0.012,220360,108901,244285.7142857143
354317,19271,0.005241379310344827,0.004413793103448276,0.015,222161,95692,244285.7142857143
303096,19566,0.005241379310344827,0.004827586206896552,0.006,223771,146909,234246.57534246575
326369,17845,0.005241379310344827,0.004827586206896552,0.009,222425,123634,234246.57534246575
343190,23117,0.005241379310344827,0.004827586206896552,0.012,219402,106813,234246.57534246575
355853,31686,0.005241379310344827,0.004827586206896552,0.015,215252,94154,234246.57534246575
306942,25019,0.005241379310344827,0.005241379310344827,0.006,218211,143064,225000.0
328847,24598,0.005241379310344827,0.005241379310344827,0.009,217040,121156,225000.0
345137,24528,0.005241379310344827,0.005241379310344827,0.012,216296,104864,225000.0
357339,24981,0.005241379310344827,0.005241379310344827,0.015,215467,92664,225000.0
310299,48166,0.005241379310344827,0.005655172413793104,0.006,208267,139707,216455.69620253163
331366,48055,0.005241379310344827,0.005655172413793104,0.009,206702,118639,216455.69620253163
346895,42061,0.005241379310344827,0.005655172413793104,0.012,207723,103113,216455.69620253163
358935,44245,0.005241379310344827,0.005655172413793104,0.015,206385,91065,216455.69620253163
313740,75066,0.005241379310344827,0.006068965517241379,0.006,197591,136265,208536.58536585365
333849,60717,0.005241379310344827,0.006068965517241379,0.009,199891,116151,208536.58536585365
348696,67015,0.005241379310344827,0.006068965517241379,0.012,196819,101308,208536.58536585365
360386,54747,0.005241379310344827,0.006068965517241379,0.015,200493,89614,208536.58536585365
316823,74986,0.005241379310344827,0.006482758620689655,0.006,194233,133182,201176.4705882353
336106,89671,0.005241379310344827,0.006482758620689655,0.009,188358,113901,201176.4705882353
350486,77808,0.005241379310344827,0.006482758620689655,0.012,190936,99521,201176.4705882353
361647,74424,0.005241379310344827,0.006482758620689655,0.015,191421,88360,201176.4705882353
319888,100100,0.005241379310344827,0.006896551724137931,0.006,184628,130115,194318.18181818182
338334,92989,0.005241379310344827,0.006896551724137931,0.009,184751,111671,194318.18181818182
352280,95518,0.005241379310344827,0.006896551724137931,0.012,182842,97729,194318.18181818182
363129,98553,0.005241379310344827,0.006896551724137931,0.015,180891,86872,194318.18181818182
322792,93135,0.005241379310344827,0.007310344827586207,0.006,183188,127215,187912.08791208788
340463,113803,0.005241379310344827,0.007310344827586207,0.009,176186,109544,187912.08791208788
353842,93626,0.005241379310344827,0.007310344827586207,0.012,181412,96165,187912.08791208788
364300,104392,0.005241379310344827,0.007310344827586207,0.015,177113,85707,187912.08791208788
325553,113924,0.005241379310344827,0.007724137931034483,0.006,175219,124454,181914.89361702127
342572,115694,0.005241379310344827,0.007724137931034483,0.009,173267,107436,181914.89361702127
355605,117811,0.005241379310344827,0.007724137931034483,0.012,171461,94401,181914.89361702127
365590,100516,0.005241379310344827,0.007724137931034483,0.015,176747,84417,181914.89361702127
328212,143578,0.005241379310344827,0.008137931034482758,0.006,165298,121793,176288.6597938144
344522,101870,0.005241379310344827,0.008137931034482758,0.009,174896,105483,176288.6597938144
357037,108832,0.005241379310344827,0.008137931034482758,0.012,172497,92972,176288.6597938144
366826,107006,0.005241379310344827,0.008137931034482758,0.015,172803,83176,176288.6597938144
330914,146096,0.005241379310344827,0.008551724137931035,0.006,162054,119091,171000.0
346480,134888,0.005241379310344827,0.008551724137931035,0.009,163244,103528,171000.0
358486,119473,0.005241379310344827,0.008551724137931035,0.012,167221,91521,171000.0
368044,124160,0.005241379310344827,0.008551724137931035,0.015,165325,81956,171000.0
333184,148325,0.005241379310344827,0.00896551724137931,0.006,158933,116821,166019.41747572817
348441,136259,0.005241379310344827,0.00896551724137931,0.009,160763,101565,166019.41747572817
359915,121845,0.005241379310344827,0.00896551724137931,0.012,164659,90090,166019.41747572817
369219,121510,0.005241379310344827,0.00896551724137931,0.015,164661,80790,166019.41747572817
335500,166205,0.005241379310344827,0.009379310344827585,0.006,152571,114507,161320.75471698112
350045,148570,0.005241379310344827,0.009379310344827585,0.009,155341,99962,161320.75471698112
361341,135301,0.005241379310344827,0.009379310344827585,0.012,158732,88665,161320.75471698112
370322,132965,0.005241379310344827,0.009379310344827585,0.015,159291,79686,161320.75471698112
337910,170321,0.005241379310344827,0.009793103448275862,0.006,149261,112090,156880.73394495412
351781,153476,0.005241379310344827,0.009793103448275862,0.009,152096,98225,156880.73394495412
362699,158169,0.005241379310344827,0.009793103448275862,0.012,150026,87306,156880.73394495412
371415,140594,0.005241379310344827,0.009793103448275862,0.015,155285,78590,156880.73394495412
340114,168757,0.005241379310344827,0.010206896551724139,0.006,147343,109890,152678.57142857142
353605,168624,0.005241379310344827,0.010206896551724139,0.009,146114,96401,152678.57142857142
364070,150047,0.005241379310344827,0.010206896551724139,0.012,150916,85939,152678.57142857142
372494,158821,0.005241379310344827,0.010206896551724139,0.015,147868,77512,152678.57142857142
342153,164418,0.005241379310344827,0.010620689655172414,0.006,146090,107856,148695.65217391308
355032,178371,0.005241379310344827,0.010620689655172414,0.009,141724,94975,148695.65217391308
365335,163290,0.005241379310344827,0.010620689655172414,0.012,145355,84674,148695.65217391308
373514,158157,0.005241379310344827,0.010620689655172414,0.015,146719,76491,148695.65217391308
344042,178209,0.005241379310344827,0.011034482758620689,0.006,140961,105964,144915.25423728817
356624,167461,0.005241379310344827,0.011034482758620689,0.009,142946,93379,144915.25423728817
366548,186448,0.005241379310344827,0.011034482758620689,0.012,136966,83453,144915.25423728817
374547,168701,0.005241379310344827,0.011034482758620689,0.015,141966,75461,144915.25423728817
345951,193238,0.005241379310344827,0.011448275862068966,0.006,135816,104056,141322.31404958677
358151,178674,0.005241379310344827,0.011448275862068966,0.009,138238,91849,141322.31404958677
367723,186518,0.005241379310344827,0.011448275862068966,0.012,135542,82282,141322.31404958677
375600,171815,0.005241379310344827,0.011448275862068966,0.015,139784,74409,141322.31404958677
347842,195687,0.005241379310344827,0.01186206896551724,0.006,133447,102163,137903.22580645158
359721,207245,0.005241379310344827,0.01186206896551724,0.009,129316,90285,137903.22580645158
368864,178693,0.005241379310344827,0.01186206896551724,0.012,136450,81144,137903.22580645158
376474,193790,0.005241379310344827,0.01186206896551724,0.015,131478,73529,137903.22580645158
349710,188047,0.005241379310344827,0.012275862068965518,0.006,133136,100299,134645.6692913386
361134,187116,0.005241379310344827,0.012275862068965518,0.009,132930,88872,134645.6692913386
370006,195522,0.005241379310344827,0.012275862068965518,0.012,130296,80002,134645.6692913386
377404,190578,0.005241379310344827,0.012275862068965518,0.015,131370,72603,134645.6692913386
351349,190260,0.005241379310344827,0.012689655172413793,0.006,130771,98654,131538.46153846156
362397,193092,0.005241379310344827,0.012689655172413793,0.009,129874,87603,131538.46153846156
371219,194682,0.005241379310344827,0.012689655172413793,0.012,129192,78781,131538.46153846156
378366,195437,0.005241379310344827,0.012689655172413793,0.015,128778,71643,131538.46153846156
353033,195616,0.005241379310344827,0.01310344827586207,0.006,127985,96972,128571.42857142857
363660,194811,0.005241379310344827,0.01310344827586207,0.009,128011,86347,128571.42857142857
372343,199007,0.005241379310344827,0.01310344827586207,0.012,126736,77664,128571.42857142857
379332,209438,0.005241379310344827,0.01310344827586207,0.015,123350,70674,128571.42857142857
354623,200721,0.005241379310344827,0.013517241379310345,0.006,125327,95382,125735.29411764705
365029,219965,0.005241379310344827,0.013517241379310345,0.009,120408,84980,125735.29411764705
373307,228854,0.005241379310344827,0.013517241379310345,0.012,117172,76693,125735.29411764705
380076,204379,0.005241379310344827,0.013517241379310345,0.015,123871,69931,125735.29411764705
356353,235068,0.005241379310344827,0.01393103448275862,0.006,117003,93656,123021.58273381295
366208,210873,0.005241379310344827,0.01393103448275862,0.009,121373,83797,123021.58273381295
374245,208123,0.005241379310344827,0.01393103448275862,0.012,121772,75760,123021.58273381295
381018,221237,0.005241379310344827,0.01393103448275862,0.015,117641,68991,123021.58273381295
357741,210670,0.005241379310344827,0.014344827586206896,0.006,120074,92266,120422.5352112676
367445,211213,0.005241379310344827,0.014344827586206896,0.009,119871,82556,120422.5352112676
375253,210282,0.005241379310344827,0.014344827586206896,0.012,120057,74754,120422.5352112676
381775,215389,0.005241379310344827,0.014344827586206896,0.015,118474,68234,120422.5352112676
359227,223930,0.005241379310344827,0.014758620689655172,0.006,115962,90779,117931.03448275861
368666,215982,0.005241379310344827,0.014758620689655172,0.009,117443,81343,117931.03448275861
376236,225796,0.005241379310344827,0.014758620689655172,0.012,114664,73769,117931.03448275861
382680,220381,0.005241379310344827,0.014758620689655172,0.015,115964,67326,117931.03448275861
360649,230810,0.005241379310344827,0.015172413793103448,0.006,113247,89357,115540.54054054052
369791,220133,0.005241379310344827,0.015172413793103448,0.009,115184,80218,115540.54054054052
377214,226021,0.005241379310344827,0.015172413793103448,0.012,113532,72795,115540.54054054052
383469,219992,0.005241379310344827,0.015172413793103448,0.015,115122,66538,115540.54054054052
362011,253012,0.005241379310344827,0.015586206896551724,0.006,107704,87994,113245.03311258278
370879,227002,0.005241379310344827,0.015586206896551724,0.009,112390,79127,113245.03311258278
378063,241476,0.005241379310344827,0.015586206896551724,0.012,108366,71945,113245.03311258278
384108,225017,0.005241379310344827,0.015586206896551724,0.015,112708,65900,113245.03311258278
363337,228856,0.005241379310344827,0.016,0.006,110861,86670,111038.96103896102
371941,228752,0.005241379310344827,0.016,0.009,110822,78064,111038.96103896102
378995,233756,0.005241379310344827,0.016,0.012,109478,71013,111038.96103896102
384880,228534,0.005241379310344827,0.016,0.015,110854,65128,111038.96103896102
287375,16290,0.005655172413793104,0.004,0.006,237558,162628,263571.4285714285
313653,22745,0.005655172413793104,0.004,0.009,230893,136350,263571.4285714285
332403,21774,0.005655172413793104,0.004,0.012,228094,117602,263571.4285714285
346718,26215,0.005655172413793104,0.004,0.015,224230,103288,263571.4285714285
291514,21130,0.005655172413793104,0.004413793103448276,0.006,231841,158490,252739.7260273973
316611,19565,0.005655172413793104,0.004413793103448276,0.009,228499,133395,252739.7260273973
334604,23375,0.005655172413793104,0.004413793103448276,0.012,224749,115402,252739.7260273973
348496,18367,0.005655172413793104,0.004413793103448276,0.015,224844,101504,252739.7260273973
295496,20583,0.005655172413793104,0.004827586206896552,0.006,227642,154509,242763.15789473685
319435,21967,0.005655172413793104,0.004827586206896552,0.009,224407,130567,242763.15789473685
336824,23383,0.005655172413793104,0.004827586206896552,0.012,222020,113185,242763.15789473685
350142,20969,0.005655172413793104,0.004827586206896552,0.015,221627,99867,242763.15789473685
299420,20054,0.005655172413793104,0.005241379310344827,0.006,223672,150580,233544.30379746837
321969,26389,0.005655172413793104,0.005241379310344827,0.009,219835,128037,233544.30379746837
338917,19611,0.005655172413793104,0.005241379310344827,0.012,220715,111091,233544.30379746837
351660,23826,0.005655172413793104,0.005241379310344827,0.015,218276,98347,233544.30379746837
302919,22818,0.005655172413793104,0.005655172413793104,0.006,218982,147088,225000.0
324705,27741,0.005655172413793104,0.005655172413793104,0.009,216306,125304,225000.0
340727,32358,0.005655172413793104,0.005655172413793104,0.012,213805,109277,225000.0
353203,29452,0.005655172413793104,0.005655172413793104,0.015,214057,96802,225000.0
306315,42819,0.005655172413793104,0.006068965517241379,0.006,210136,143690,217058.82352941178
327176,42656,0.005655172413793104,0.006068965517241379,0.009,208826,122824,217058.82352941178
342612,49298,0.005655172413793104,0.006068965517241379,0.012,205696,107394,217058.82352941178
354725,44878,0.005655172413793104,0.006068965517241379,0.015,206465,95283,217058.82352941178
309601,56394,0.005655172413793104,0.006482758620689655,0.006,203176,140401,209659.0909090909
329563,54020,0.005655172413793104,0.006482758620689655,0.009,202611,120437,209659.0909090909
344505,62043,0.005655172413793104,0.006482758620689655,0.012,199104,105501,209659.0909090909
356299,59229,0.005655172413793104,0.006482758620689655,0.015,199331,93707,209659.0909090909
312725,80596,0.005655172413793104,0.006896551724137931,0.006,193864,137280,202747.25274725276
331843,66668,0.005655172413793104,0.006896551724137931,0.009,196096,118160,202747.25274725276
346397,67029,0.005655172413793104,0.006896551724137931,0.012,195216,103604,202747.25274725276
357579,68641,0.005655172413793104,0.006896551724137931,0.015,194085,92429,202747.25274725276
315720,78797,0.005655172413793104,0.007310344827586207,0.006,191085,134284,196276.59574468085
334212,78364,0.005655172413793104,0.007310344827586207,0.009,190111,115791,196276.59574468085
347993,87247,0.005655172413793104,0.007310344827586207,0.012,186420,102014,196276.59574468085
359037,81720,0.005655172413793104,0.007310344827586207,0.015,187640,90964,196276.59574468085
318616,116133,0.005655172413793104,0.007724137931034483,0.006,179092,131391,190206.1855670103
336273,103665,0.005655172413793104,0.007724137931034483,0.009,180364,113736,190206.1855670103
349655,89952,0.005655172413793104,0.007724137931034483,0.012,183565,100352,190206.1855670103
360278,90240,0.005655172413793104,0.007724137931034483,0.015,182900,89728,190206.1855670103
321503,109715,0.005655172413793104,0.008137931034482758,0.006,177710,128500,184500.0
338278,105903,0.005655172413793104,0.008137931034482758,0.009,177341,111727,184500.0
351234,107674,0.005655172413793104,0.008137931034482758,0.012,175858,98771,184500.0
361611,111482,0.005655172413793104,0.008137931034482758,0.015,173928,88398,184500.0
324021,120416,0.005655172413793104,0.008551724137931035,0.006,172529,125987,179126.21359223302
340264,107382,0.005655172413793104,0.008551724137931035,0.009,174560,109742,179126.21359223302
352835,117595,0.005655172413793104,0.008551724137931035,0.012,170856,97173,179126.21359223302
362927,104812,0.005655172413793104,0.008551724137931035,0.015,174543,87076,179126.21359223302
326661,112345,0.005655172413793104,0.00896551724137931,0.006,171624,123345,174056.60377358494
342330,127462,0.005655172413793104,0.00896551724137931,0.009,166879,107676,174056.60377358494
354348,113635,0.005655172413793104,0.00896551724137931,0.012,170226,95658,174056.60377358494
364089,135752,0.005655172413793104,0.00896551724137931,0.015,162518,85920,174056.60377358494
328998,131811,0.005655172413793104,0.009379310344827585,0.006,164608,121011,169266.0550458716
344001,132175,0.005655172413793104,0.009379310344827585,0.009,163533,106007,169266.0550458716
355928,124252,0.005655172413793104,0.009379310344827585,0.012,165188,94075,169266.0550458716
365254,120996,0.005655172413793104,0.009379310344827585,0.015,165958,84755,169266.0550458716
331278,126880,0.005655172413793104,0.009793103448275862,0.006,163335,118729,164732.14285714284
345840,133097,0.005655172413793104,0.009793103448275862,0.009,161246,104167,164732.14285714284
357185,127212,0.005655172413793104,0.009793103448275862,0.012,162582,92822,164732.14285714284
366364,130887,0.005655172413793104,0.009793103448275862,0.015,161165,83644,164732.14285714284
333512,171640,0.005655172413793104,0.010206896551724139,0.006,151143,116493,160434.78260869565
347575,142166,0.005655172413793104,0.010206896551724139,0.009,156889,102432,160434.78260869565
358600,135733,0.005655172413793104,0.010206896551724139,0.012,158273,91405,160434.78260869565
367531,140934,0.005655172413793104,0.010206896551724139,0.015,156434,82478,160434.78260869565
335678,157172,0.005655172413793104,0.010620689655172414,0.006,152126,114327,156355.93220338985
349223,151403,0.005655172413793104,0.010620689655172414,0.009,152510,100784,156355.93220338985
360024,143021,0.005655172413793104,0.010620689655172414,0.012,154534,89976,156355.93220338985
368614,144448,0.005655172413793104,0.010620689655172414,0.015,153888,81395,156355.93220338985
337817,179803,0.005655172413793104,0.011034482758620689,0.006,145033,112191,152479.33884297524
350998,165645,0.005655172413793104,0.011034482758620689,0.009,146991,99010,152479.33884297524
361366,146667,0.005655172413793104,0.011034482758620689,0.012,151936,88642,152479.33884297524
369747,148620,0.005655172413793104,0.011034482758620689,0.015,151143,80255,152479.33884297524
339737,180155,0.005655172413793104,0.011448275862068966,0.006,143047,110269,148790.32258064515
352451,162345,0.005655172413793104,0.011448275862068966,0.009,146146,97555,148790.32258064515
362508,159996,0.005655172413793104,0.011448275862068966,0.012,146424,87497,148790.32258064515
370727,163012,0.005655172413793104,0.011448275862068966,0.015,145230,79273,148790.32258064515
341719,171861,0.005655172413793104,0.01186206896551724,0.006,142607,108286,145275.5905511811
353973,165725,0.005655172413793104,0.01186206896551724,0.009,143600,96033,145275.5905511811
363707,165493,0.005655172413793104,0.01186206896551724,0.012,143473,86300,145275.5905511811
371696,162329,0.005655172413793104,0.01186206896551724,0.015,144251,78310,145275.5905511811
343710,190337,0.005655172413793104,0.012275862068965518,0.006,137050,106299,141923.07692307694
355441,168877,0.005655172413793104,0.012275862068965518,0.009,141170,94564,141923.07692307694
364881,169690,0.005655172413793104,0.012275862068965518,0.012,140831,85127,141923.07692307694
372753,169438,0.005655172413793104,0.012275862068965518,0.015,140782,77256,141923.07692307694
345362,186799,0.005655172413793104,0.012689655172413793,0.006,135850,104645,138721.80451127823
356937,183073,0.005655172413793104,0.012689655172413793,0.009,136027,93072,138721.80451127823
366050,181008,0.005655172413793104,0.012689655172413793,0.012,136217,83954,138721.80451127823
373603,180068,0.005655172413793104,0.012689655172413793,0.015,136259,76405,138721.80451127823
347240,206742,0.005655172413793104,0.01310344827586207,0.006,130111,102769,135661.76470588235
358272,201337,0.005655172413793104,0.01310344827586207,0.009,130026,91731,135661.76470588235
367208,180404,0.005655172413793104,0.01310344827586207,0.012,135124,82801,135661.76470588235
374552,191002,0.005655172413793104,0.01310344827586207,0.015,131684,75455,135661.76470588235
348841,195328,0.005655172413793104,0.013517241379310345,0.006,130662,101164,132733.8129496403
359683,203272,0.005655172413793104,0.013517241379310345,0.009,128065,90320,132733.8129496403
368277,189115,0.005655172413793104,0.013517241379310345,0.012,131330,81731,132733.8129496403
375443,190652,0.005655172413793104,0.013517241379310345,0.015,130723,74565,132733.8129496403
350427,216275,0.005655172413793104,0.01393103448275862,0.006,124939,99576,129929.57746478874
360923,228152,0.005655172413793104,0.01393103448275862,0.009,120668,89083,129929.57746478874
369389,194981,0.005655172413793104,0.01393103448275862,0.012,128436,80617,129929.57746478874
376359,198453,0.005655172413793104,0.01393103448275862,0.015,127313,73649,129929.57746478874
352112,209448,0.005655172413793104,0.014344827586206896,0.006,124577,97888,127241.37931034484
362249,227289,0.005655172413793104,0.014344827586206896,0.009,119517,87751,127241.37931034484
370427,205246,0.005655172413793104,0.014344827586206896,0.012,124430,79578,127241.37931034484
377249,199446,0.005655172413793104,0.014344827586206896,0.015,125936,72760,127241.37931034484
353682,201669,0.005655172413793104,0.014758620689655172,0.006,124448,96318,124662.16216216217
363435,209993,0.005655172413793104,0.014758620689655172,0.009,122405,86573,124662.16216216217
371559,203410,0.005655172413793104,0.014758620689655172,0.012,123793,78446,124662.16216216217
378082,208983,0.005655172413793104,0.014758620689655172,0.015,122086,71924,124662.16216216217
355080,232423,0.005655172413793104,0.015172413793103448,0.006,117142,94923,122185.43046357617
364661,240754,0.005655172413793104,0.015172413793103448,0.009,114000,85348,122185.43046357617
372471,233677,0.005655172413793104,0.015172413793103448,0.012,114520,77529,122185.43046357617
378935,211227,0.005655172413793104,0.015172413793103448,0.015,120422,71073,122185.43046357617
356504,231354,0.005655172413793104,0.015586206896551724,0.006,115959,93503,119805.19480519481
365803,214289,0.005655172413793104,0.015586206896551724,0.009,118796,84205,119805.19480519481
373415,212417,0.005655172413793104,0.015586206896551724,0.012,119266,76594,119805.19480519481
379733,219678,0.005655172413793104,0.015586206896551724,0.015,116963,70269,119805.19480519481
357931,216361,0.005655172413793104,0.016,0.006,117190,92075,117515.92356687896
366923,227722,0.005655172413793104,0.016,0.009,114483,83084,117515.92356687896
374406,216534,0.005655172413793104,0.016,0.012,117077,75603,117515.92356687896
380512,220777,0.005655172413793104,0.016,0.015,115713,69495,117515.92356687896
279920,13527,0.006068965517241379,0.004,0.006,242302,170084,271232.87671232875
306685,20262,0.006068965517241379,0.004,0.009,234914,143318,271232.87671232875
326262,18499,0.006068965517241379,0.004,0.012,231960,123747,271232.87671232875
340984,19849,0.006068965517241379,0.004,0.015,228963,109023,271232.87671232875
284221,13431,0.006068965517241379,0.004413793103448276,0.006,237777,165780,260526.31578947365
309722,17220,0.006068965517241379,0.004413793103448276,0.009,232412,140282,260526.31578947365
328434,21802,0.006068965517241379,0.004413793103448276,0.012,227984,121573,260526.31578947365
342809,24087,0.006068965517241379,0.004413793103448276,0.015,225044,107191,260526.31578947365
288244,25837,0.006068965517241379,0.004827586206896552,0.006,230292,161761,250632.9113924051
312677,10348,0.006068965517241379,0.004827586206896552,0.009,231262,137331,250632.9113924051
330621,23610,0.006068965517241379,0.004827586206896552,0.012,224663,119386,250632.9113924051
344602,27199,0.006068965517241379,0.004827586206896552,0.015,221595,105404,250632.9113924051
292292,15318,0.006068965517241379,0.005241379310344827,0.006,228903,157713,241463.41463414635
315474,24980,0.006068965517241379,0.005241379310344827,0.009,223481,134528,241463.41463414635
332766,26113,0.006068965517241379,0.005241379310344827,0.012,221183,117238,241463.41463414635
346238,21627,0.006068965517241379,0.005241379310344827,0.015,221427,103771,241463.41463414635
295887,18632,0.006068965517241379,0.005655172413793104,0.006,224067,154121,232941.17647058822
318196,18426,0.006068965517241379,0.005655172413793104,0.009,222332,131812,232941.17647058822
334878,27547,0.006068965517241379,0.005655172413793104,0.012,218129,115125,232941.17647058822
347874,22169,0.006068965517241379,0.005655172413793104,0.015,219039,102132,232941.17647058822
299329,27207,0.006068965517241379,0.006068965517241379,0.006,218103,150676,225000.0
320722,28659,0.006068965517241379,0.006068965517241379,0.009,216257,129282,225000.0
336900,25578,0.006068965517241379,0.006068965517241379,0.012,216262,113102,225000.0
349424,30457,0.006068965517241379,0.006068965517241379,0.015,213937,100578,225000.0
302679,53404,0.006068965517241379,0.006482758620689655,0.006,208059,147325,217582.41758241755
323161,38877,0.006068965517241379,0.006482758620689655,0.009,210364,126843,217582.41758241755
338693,44876,0.006068965517241379,0.006482758620689655,0.012,207565,111310,217582.41758241755
350813,44712,0.006068965517241379,0.006482758620689655,0.015,206889,99190,217582.41758241755
306061,84676,0.006068965517241379,0.006896551724137931,0.006,197112,143945,210638.29787234042
325587,59338,0.006068965517241379,0.006896551724137931,0.009,201610,124418,210638.29787234042
340672,54368,0.006068965517241379,0.006896551724137931,0.012,202188,109331,210638.29787234042
352316,61059,0.006068965517241379,0.006896551724137931,0.015,199190,97684,210638.29787234042
309123,90606,0.006068965517241379,0.007310344827586207,0.006,192556,140883,204123.71134020618
327870,68081,0.006068965517241379,0.007310344827586207,0.009,196468,122137,204123.71134020618
342340,63469,0.006068965517241379,0.007310344827586207,0.012,197020,107668,204123.71134020618
353710,80538,0.006068965517241379,0.007310344827586207,0.015,190559,96295,204123.71134020618
311932,101948,0.006068965517241379,0.007724137931034483,0.006,186748,138072,197999.99999999994
330105,93173,0.006068965517241379,0.007724137931034483,0.009,186746,119898,197999.99999999994
344054,74530,0.006068965517241379,0.007724137931034483,0.012,191365,105951,197999.99999999994
355087,77101,0.006068965517241379,0.007724137931034483,0.015,189920,94916,197999.99999999994
314762,105237,0.006068965517241379,0.008137931034482758,0.006,183093,135243,192233.0097087379
332292,105932,0.006068965517241379,0.008137931034482758,0.009,180835,117708,192233.0097087379
345731,84318,0.006068965517241379,0.008137931034482758,0.012,186129,104274,192233.0097087379
356578,92372,0.006068965517241379,0.008137931034482758,0.015,182965,93426,192233.0097087379
317476,101801,0.006068965517241379,0.008551724137931035,0.006,180990,132528,186792.45283018865
334274,121024,0.006068965517241379,0.008551724137931035,0.009,174410,115733,186792.45283018865
347353,101104,0.006068965517241379,0.008551724137931035,0.012,178954,102653,186792.45283018865
357744,109381,0.006068965517241379,0.008551724137931035,0.015,175528,92264,186792.45283018865
320234,143371,0.006068965517241379,0.00896551724137931,0.006,168910,129770,181651.37614678897
336293,103556,0.006068965517241379,0.00896551724137931,0.009,176936,113712,181651.37614678897
348910,92324,0.006068965517241379,0.00896551724137931,0.012,179781,101093,181651.37614678897
359011,103960,0.006068965517241379,0.00896551724137931,0.015,175738,90994,181651.37614678897
322740,126031,0.006068965517241379,0.009379310344827585,0.006,170229,127266,176785.7142857143
338189,108311,0.006068965517241379,0.009379310344827585,0.009,173451,111818,176785.7142857143
350419,108903,0.006068965517241379,0.009379310344827585,0.012,172835,99588,176785.7142857143
360255,103961,0.006068965517241379,0.009379310344827585,0.015,174120,89752,176785.7142857143
325070,159101,0.006068965517241379,0.009793103448275862,0.006,160572,124939,172173.91304347824
340090,134182,0.006068965517241379,0.009793103448275862,0.009,164441,109916,172173.91304347824
351916,117352,0.006068965517241379,0.009793103448275862,0.012,168491,98091,172173.91304347824
361462,126157,0.006068965517241379,0.009793103448275862,0.015,165288,88544,172173.91304347824
327451,134924,0.006068965517241379,0.010206896551724139,0.006,163385,122551,167796.6101694915
342019,117729,0.006068965517241379,0.010206896551724139,0.009,166747,107987,167796.6101694915
353377,143147,0.006068965517241379,0.010206896551724139,0.012,159057,96626,167796.6101694915
362671,121660,0.006068965517241379,0.010206896551724139,0.015,165283,87338,167796.6101694915
329708,139237,0.006068965517241379,0.010620689655172414,0.006,160077,120296,163636.36363636362
343633,151668,0.006068965517241379,0.010620689655172414,0.009,156071,106372,163636.36363636362
354749,141589,0.006068965517241379,0.010620689655172414,0.012,157900,95259,163636.36363636362
363765,132364,0.006068965517241379,0.010620689655172414,0.015,160395,86243,163636.36363636362
331714,164450,0.006068965517241379,0.011034482758620689,0.006,152614,118293,159677.41935483873
345312,146809,0.006068965517241379,0.011034482758620689,0.009,155386,104695,159677.41935483873
356107,168942,0.006068965517241379,0.011034482758620689,0.012,148395,93899,159677.41935483873
364900,135191,0.006068965517241379,0.011034482758620689,0.015,158067,85101,159677.41935483873
333940,153271,0.006068965517241379,0.011448275862068966,0.006,152702,116066,155905.51181102358
346938,169383,0.006068965517241379,0.011448275862068966,0.009,147904,103069,155905.51181102358
357379,141749,0.006068965517241379,0.011448275862068966,0.012,154691,92627,155905.51181102358
366026,141980,0.006068965517241379,0.011448275862068966,0.015,154572,83974,155905.51181102358
335769,158810,0.006068965517241379,0.01186206896551724,0.006,149574,114235,152307.69230769228
348549,158425,0.006068965517241379,0.01186206896551724,0.009,148901,101459,152307.69230769228
358695,154424,0.006068965517241379,0.01186206896551724,0.012,149562,91308,152307.69230769228
367020,155027,0.006068965517241379,0.01186206896551724,0.015,149148,82988,152307.69230769228
337743,161939,0.006068965517241379,0.012275862068965518,0.006,146844,112262,148872.18045112782
350196,162614,0.006068965517241379,0.012275862068965518,0.009,146157,99810,148872.18045112782
360063,157347,0.006068965517241379,0.012275862068965518,0.012,147354,89943,148872.18045112782
368116,163294,0.006068965517241379,0.012275862068965518,0.015,145306,81893,148872.18045112782
339626,174551,0.006068965517241379,0.012689655172413793,0.006,142417,110377,145588.23529411768
351514,193549,0.006068965517241379,0.012689655172413793,0.009,136990,98492,145588.23529411768
361235,171766,0.006068965517241379,0.012689655172413793,0.012,141804,88765,145588.23529411768
369063,161269,0.006068965517241379,0.012689655172413793,0.015,144733,80943,145588.23529411768
341480,166042,0.006068965517241379,0.01310344827586207,0.006,142240,108529,142446.04316546762
353009,173300,0.006068965517241379,0.01310344827586207,0.009,140313,96999,142446.04316546762
362325,169215,0.006068965517241379,0.01310344827586207,0.012,141149,87683,142446.04316546762
370039,170339,0.006068965517241379,0.01310344827586207,0.015,140721,79967,142446.04316546762
343197,212337,0.006068965517241379,0.013517241379310345,0.006,131547,106808,139436.61971830984
354524,190791,0.006068965517241379,0.013517241379310345,0.009,134612,95481,139436.61971830984
363446,188133,0.006068965517241379,0.013517241379310345,0.012,134624,86558,139436.61971830984
370988,177897,0.006068965517241379,0.013517241379310345,0.015,137240,79017,139436.61971830984
344865,197353,0.006068965517241379,0.01393103448275862,0.006,132620,105142,136551.72413793104
355874,185113,0.006068965517241379,0.01393103448275862,0.009,134516,94128,136551.72413793104
364594,187579,0.006068965517241379,0.01393103448275862,0.012,133516,85413,136551.72413793104
371915,181187,0.006068965517241379,0.01393103448275862,0.015,135129,78092,136551.72413793104
346502,195497,0.006068965517241379,0.014344827586206896,0.006,131317,103504,133783.7837837838
357148,193913,0.006068965517241379,0.014344827586206896,0.009,130977,92861,133783.7837837838
365697,191246,0.006068965517241379,0.014344827586206896,0.012,131324,84308,133783.7837837838
372940,187435,0.006068965517241379,0.014344827586206896,0.015,132194,77069,133783.7837837838
348111,198889,0.006068965517241379,0.014758620689655172,0.006,129037,101896,131125.82781456952
358384,193561,0.006068965517241379,0.014758620689655172,0.009,129685,91624,131125.82781456952
366721,207275,0.006068965517241379,0.014758620689655172,0.012,125795,83283,131125.82781456952
373835,190833,0.006068965517241379,0.014758620689655172,0.015,130154,76171,131125.82781456952
349688,204558,0.006068965517241379,0.015172413793103448,0.006,126413,100318,128571.42857142857
359644,209605,0.006068965517241379,0.015172413793103448,0.009,124616,90362,128571.42857142857
367761,194002,0.006068965517241379,0.015172413793103448,0.012,128271,82243,128571.42857142857
374579,211917,0.006068965517241379,0.015172413793103448,0.015,122824,75429,128571.42857142857
351265,211365,0.006068965517241379,0.015586206896551724,0.006,123705,98744,126114.64968152867
360854,220200,0.006068965517241379,0.015586206896551724,0.009,120880,89151,126114.64968152867
368911,216236,0.006068965517241379,0.015586206896551724,0.012,121084,81093,126114.64968152867
375443,214123,0.006068965517241379,0.015586206896551724,0.015,121170,74564,126114.64968152867
352765,239133,0.006068965517241379,0.016,0.006,117341,97240,123749.99999999997
362049,213088,0.006068965517241379,0.016,0.009,121284,87958,123749.99999999997
369884,233023,0.006068965517241379,0.016,0.012,115671,80118,123749.99999999997
376329,205822,0.006068965517241379,0.016,0.015,122705,73680,123749.99999999997
272952,14344,0.006482758620689655,0.004,0.006,245924,177053,278289.4736842105
300186,16403,0.006482758620689655,0.004,0.009,239232,149819,278289.4736842105
320277,14899,0.006482758620689655,0.004,0.012,235812,129732,278289.4736842105
335526,18558,0.006482758620689655,0.004,0.015,231659,114474,278289.4736842105
277234,21174,0.006482758620689655,0.004413793103448276,0.006,239615,172769,267721.5189873418
303396,19032,0.006482758620689655,0.004413793103448276,0.009,235030,146611,267721.5189873418
322649,19733,0.006482758620689655,0.004413793103448276,0.012,231314,127355,267721.5189873418
337396,24970,0.006482758620689655,0.004413793103448276,0.015,226942,112612,267721.5189873418
281471,14633,0.006482758620689655,0.004827586206896552,0.006,237071,168535,257926.82926829264
306305,19569,0.006482758620689655,0.004827586206896552,0.009,231495,143698,257926.82926829264
324775,19107,0.006482758620689655,0.004827586206896552,0.012,228846,125230,257926.82926829264
339102,14988,0.006482758620689655,0.004827586206896552,0.015,228312,110907,257926.82926829264
285291,15849,0.006482758620689655,0.005241379310344827,0.006,232608,164713,248823.5294117647
309165,22571,0.006482758620689655,0.005241379310344827,0.009,227360,140842,248823.5294117647
327000,19617,0.006482758620689655,0.005241379310344827,0.012,225993,123008,248823.5294117647
340838,23163,0.006482758620689655,0.005241379310344827,0.015,223086,109171,248823.5294117647
289050,15871,0.006482758620689655,0.005655172413793104,0.006,228602,160954,240340.9090909091
311904,15682,0.006482758620689655,0.005655172413793104,0.009,226297,138100,240340.9090909091
329054,20972,0.006482758620689655,0.005655172413793104,0.012,222931,120948,240340.9090909091
342570,29310,0.006482758620689655,0.005655172413793104,0.015,218745,107436,240340.9090909091
292653,17646,0.006482758620689655,0.006068965517241379,0.006,224333,157350,232417.58241758242
314560,17869,0.006482758620689655,0.006068965517241379,0.009,222585,135445,232417.58241758242
331242,21727,0.006482758620689655,0.006068965517241379,0.012,220134,118762,232417.58241758242
344020,24200,0.006482758620689655,0.006068965517241379,0.015,218425,105984,232417.58241758242
296073,23038,0.006482758620689655,0.006482758620689655,0.006,219324,153931,225000.0
317129,26238,0.006482758620689655,0.006482758620689655,0.009,217200,132873,225000.0
333046,23455,0.006482758620689655,0.006482758620689655,0.012,217162,116961,225000.0
345684,25547,0.006482758620689655,0.006482758620689655,0.015,215836,104324,225000.0
299372,47197,0.006482758620689655,0.006896551724137931,0.006,210066,150632,218041.23711340205
319711,38878,0.006482758620689655,0.006896551724137931,0.009,210743,130294,218041.23711340205
335008,42233,0.006482758620689655,0.006896551724137931,0.012,208783,115000,218041.23711340205
347104,36007,0.006482758620689655,0.006896551724137931,0.015,210189,102902,218041.23711340205
302589,62729,0.006482758620689655,0.007310344827586207,0.006,203124,147411,211500.0
321935,60490,0.006482758620689655,0.007310344827586207,0.009,201884,128069,211500.0
336834,60508,0.006482758620689655,0.007310344827586207,0.012,200692,113171,211500.0
348698,52324,0.006482758620689655,0.007310344827586207,0.015,202663,101311,211500.0
305548,65308,0.006482758620689655,0.007724137931034483,0.006,199330,144456,205339.8058252427
324219,83637,0.006482758620689655,0.007724137931034483,0.009,192824,125784,205339.8058252427
338618,76474,0.006482758620689655,0.007724137931034483,0.012,193467,111389,205339.8058252427
350064,68368,0.006482758620689655,0.007724137931034483,0.015,195343,99941,205339.8058252427
308584,91879,0.006482758620689655,0.008137931034482758,0.006,190183,141422,199528.30188679247
326427,91828,0.006482758620689655,0.008137931034482758,0.009,188101,123578,199528.30188679247
340325,84971,0.006482758620689655,0.008137931034482758,0.012,188760,109679,199528.30188679247
351461,87521,0.006482758620689655,0.008137931034482758,0.015,187059,98546,199528.30188679247
311230,73686,0.006482758620689655,0.008551724137931035,0.006,191374,138775,194036.6972477064
328556,101589,0.006482758620689655,0.008551724137931035,0.009,183152,121451,194036.6972477064
342003,90598,0.006482758620689655,0.008551724137931035,0.012,185096,108004,194036.6972477064
352833,88261,0.006482758620689655,0.008551724137931035,0.015,185070,97167,194036.6972477064
313928,102975,0.006482758620689655,0.00896551724137931,0.006,181971,136080,188839.2857142857
330696,114301,0.006482758620689655,0.00896551724137931,0.009,177416,119304,188839.2857142857
343665,112767,0.006482758620689655,0.00896551724137931,0.012,176400,106341,188839.2857142857
354129,95186,0.006482758620689655,0.00896551724137931,0.015,181081,95874,188839.2857142857
316600,132423,0.006482758620689655,0.009379310344827585,0.006,173004,133407,183913.04347826086
332619,113967,0.006482758620689655,0.009379310344827585,0.009,175312,117389,183913.04347826086
345234,105871,0.006482758620689655,0.009379310344827585,0.012,176649,104773,183913.04347826086
355430,90713,0.006482758620689655,0.009379310344827585,0.015,180961,94577,183913.04347826086
318970,148632,0.006482758620689655,0.009793103448275862,0.006,167037,131036,179237.28813559323
334510,116707,0.006482758620689655,0.009793103448275862,0.009,172517,115495,179237.28813559323
346858,105381,0.006482758620689655,0.009793103448275862,0.012,175004,103151,179237.28813559323
356668,117341,0.006482758620689655,0.009793103448275862,0.015,170670,93335,179237.28813559323
321381,104214,0.006482758620689655,0.010206896551724139,0.006,173906,128621,174793.38842975209
336346,127751,0.006482758620689655,0.010206896551724139,0.009,167539,113656,174793.38842975209
348257,133541,0.006482758620689655,0.010206896551724139,0.012,164864,101750,174793.38842975209
357896,125464,0.006482758620689655,0.010206896551724139,0.015,166562,92109,174793.38842975209
323682,120712,0.006482758620689655,0.010620689655172414,0.006,168043,126319,170564.51612903227
338291,128109,0.006482758620689655,0.010620689655172414,0.009,165500,111718,170564.51612903227
349798,124854,0.006482758620689655,0.010620689655172414,0.012,165746,100209,170564.51612903227
359064,115168,0.006482758620689655,0.010620689655172414,0.015,168382,90943,170564.51612903227
325988,156504,0.006482758620689655,0.011034482758620689,0.006,158381,124013,166535.4330708662
339985,125849,0.006482758620689655,0.011034482758620689,0.009,164124,110024,166535.4330708662
351168,129141,0.006482758620689655,0.011034482758620689,0.012,162876,98841,166535.4330708662
360350,119313,0.006482758620689655,0.011034482758620689,0.015,165602,89656,166535.4330708662
328011,156562,0.006482758620689655,0.011448275862068966,0.006,156190,121996,162692.30769230766
341614,140286,0.006482758620689655,0.011448275862068966,0.009,158654,108391,162692.30769230766
352480,148066,0.006482758620689655,0.011448275862068966,0.012,155819,97528,162692.30769230766
361425,146540,0.006482758620689655,0.011448275862068966,0.015,155632,88584,162692.30769230766
330116,149333,0.006482758620689655,0.01186206896551724,0.006,155507,119892,159022.55639097744
343271,133734,0.006482758620689655,0.01186206896551724,0.009,158479,106737,159022.55639097744
353830,143580,0.006482758620689655,0.01186206896551724,0.012,155585,96178,159022.55639097744
362454,142402,0.006482758620689655,0.01186206896551724,0.015,155584,87551,159022.55639097744
332099,149771,0.006482758620689655,0.012275862068965518,0.006,153291,117904,155514.70588235295
344968,141703,0.006482758620689655,0.012275862068965518,0.009,154689,105035,155514.70588235295
355107,164935,0.006482758620689655,0.012275862068965518,0.012,148038,94898,155514.70588235295
363527,145922,0.006482758620689655,0.012275862068965518,0.015,153178,86480,155514.70588235295
334077,190183,0.006482758620689655,0.012689655172413793,0.006,143498,115931,152158.273381295
346396,148005,0.006482758620689655,0.012689655172413793,0.009,151493,103610,152158.273381295
356369,158359,0.006482758620689655,0.012689655172413793,0.012,148478,93639,152158.273381295
364592,163680,0.006482758620689655,0.012689655172413793,0.015,146491,85414,152158.273381295
335918,163268,0.006482758620689655,0.01310344827586207,0.006,146743,114087,148943.66197183097
347897,156805,0.006482758620689655,0.01310344827586207,0.009,147720,102109,148943.66197183097
357588,160190,0.006482758620689655,0.01310344827586207,0.012,146591,92418,148943.66197183097
365613,161261,0.006482758620689655,0.01310344827586207,0.015,145982,84393,148943.66197183097
337697,180692,0.006482758620689655,0.013517241379310345,0.006,141628,112307,145862.06896551725
349328,177156,0.006482758620689655,0.013517241379310345,0.009,141296,100676,145862.06896551725
358892,163609,0.006482758620689655,0.013517241379310345,0.012,144293,91116,145862.06896551725
366617,190722,0.006482758620689655,0.013517241379310345,0.015,135946,83391,145862.06896551725
339501,187691,0.006482758620689655,0.01393103448275862,0.006,138457,110502,142905.40540540538
350752,179437,0.006482758620689655,0.01393103448275862,0.009,139250,99255,142905.40540540538
359956,171867,0.006482758620689655,0.01393103448275862,0.012,140625,90050,142905.40540540538
367583,170851,0.006482758620689655,0.01393103448275862,0.015,140732,82425,142905.40540540538
341188,194097,0.006482758620689655,0.014344827586206896,0.006,135593,108815,140066.2251655629
352104,177831,0.006482758620689655,0.014344827586206896,0.009,138117,97902,140066.2251655629
361068,193505,0.006482758620689655,0.014344827586206896,0.012,133571,88939,140066.2251655629
368506,182138,0.006482758620689655,0.014344827586206896,0.015,136325,81497,140066.2251655629
342827,181143,0.006482758620689655,0.014758620689655172,0.006,136307,107180,137337.66233766233
353567,181579,0.006482758620689655,0.014758620689655172,0.009,135839,96442,137337.66233766233
362186,181200,0.006482758620689655,0.014758620689655172,0.012,135673,87817,137337.66233766233
369426,182961,0.006482758620689655,0.014758620689655172,0.015,134931,80577,137337.66233766233
344446,185345,0.006482758620689655,0.015172413793103448,0.006,133790,105559,134713.37579617836
354878,201980,0.006482758620689655,0.015172413793103448,0.009,129725,95124,134713.37579617836
363357,197656,0.006482758620689655,0.015172413793103448,0.012,130124,86644,134713.37579617836
370371,185312,0.006482758620689655,0.015172413793103448,0.015,133209,79631,134713.37579617836
346106,197390,0.006482758620689655,0.015586206896551724,0.006,130024,103896,132187.5
356017,207709,0.006482758620689655,0.015586206896551724,0.009,127082,93991,132187.5
364392,187006,0.006482758620689655,0.015586206896551724,0.012,131738,85608,132187.5
371366,193383,0.006482758620689655,0.015586206896551724,0.015,129854,78640,132187.5
347548,215972,0.006482758620689655,0.016,0.006,125259,102457,129754.60122699385
357375,219218,0.006482758620689655,0.016,0.009,123248,92626,129754.60122699385
365457,194389,0.006482758620689655,0.016,0.012,128615,84549,129754.60122699385
372209,197004,0.006482758620689655,0.016,0.015,127725,77792,129754.60122699385
266223,13396,0.006896551724137931,0.004,0.006,249816,183782,284810.12658227846
293932,14512,0.006896551724137931,0.004,0.009,242857,156073,284810.12658227846
314380,16933,0.006896551724137931,0.004,0.012,237633,135625,284810.12658227846
330091,19442,0.006896551724137931,0.004,0.015,233555,119914,284810.12658227846
270703,11205,0.006896551724137931,0.004413793103448276,0.006,245942,179297,274390.243902439
297235,14478,0.006896551724137931,0.004413793103448276,0.009,239453,152771,274390.243902439
316792,18616,0.006896551724137931,0.004413793103448276,0.012,234231,133213,274390.243902439
331977,21270,0.006896551724137931,0.004413793103448276,0.015,230558,118030,274390.243902439
274924,15961,0.006896551724137931,0.004827586206896552,0.006,240419,175076,264705.88235294115
300140,17553,0.006896551724137931,0.004827586206896552,0.009,235139,149865,264705.88235294115
319109,16817,0.006896551724137931,0.004827586206896552,0.012,232148,130896,264705.88235294115
333801,24244,0.006896551724137931,0.004827586206896552,0.015,227170,116206,264705.88235294115
278937,17464,0.006896551724137931,0.005241379310344827,0.006,235933,171069,255681.8181818182
303227,17665,0.006896551724137931,0.005241379310344827,0.009,231867,146774,255681.8181818182
321431,21024,0.006896551724137931,0.005241379310344827,0.012,228102,128578,255681.8181818182
335578,22822,0.006896551724137931,0.005241379310344827,0.015,225444,114427,255681.8181818182
282729,14436,0.006896551724137931,0.005655172413793104,0.006,232692,167271,247252.74725274724
306051,21418,0.006896551724137931,0.005655172413793104,0.009,227644,143955,247252.74725274724
323515,15955,0.006896551724137931,0.005655172413793104,0.012,227112,126492,247252.74725274724
337325,21708,0.006896551724137931,0.005655172413793104,0.015,223626,112683,247252.74725274724
286274,10692,0.006896551724137931,0.006068965517241379,0.006,229725,163731,239361.70212765958
308629,16689,0.006896551724137931,0.006068965517241379,0.009,225948,141373,239361.70212765958
325694,17735,0.006896551724137931,0.006068965517241379,0.012,224043,124315,239361.70212765958
338965,20901,0.006896551724137931,0.006068965517241379,0.015,221781,111042,239361.70212765958
289743,20873,0.006896551724137931,0.006482758620689655,0.006,223581,160261,231958.76288659792
311303,18515,0.006896551724137931,0.006482758620689655,0.009,222418,138705,231958.76288659792
327652,24638,0.006896551724137931,0.006482758620689655,0.012,219354,122350,231958.76288659792
340568,21422,0.006896551724137931,0.006482758620689655,0.015,219475,109435,231958.76288659792
293105,26653,0.006896551724137931,0.006896551724137931,0.006,218680,156901,225000.0
313896,29184,0.006896551724137931,0.006896551724137931,0.009,216551,136110,225000.0
329612,23118,0.006896551724137931,0.006896551724137931,0.012,217483,120390,225000.0
342150,27137,0.006896551724137931,0.006896551724137931,0.015,215452,107853,225000.0
296465,35813,0.006896551724137931,0.007310344827586207,0.006,213138,153541,218446.60194174756
316164,45804,0.006896551724137931,0.007310344827586207,0.009,209153,133840,218446.60194174756
331606,48933,0.006896551724137931,0.007310344827586207,0.012,207001,118394,218446.60194174756
343778,45678,0.006896551724137931,0.007310344827586207,0.015,207195,106231,218446.60194174756
299411,61587,0.006896551724137931,0.007724137931034483,0.006,204037,150594,212264.1509433962
318662,51637,0.006896551724137931,0.007724137931034483,0.009,204968,131344,212264.1509433962
333468,54941,0.006896551724137931,0.007724137931034483,0.012,202931,116534,212264.1509433962
345176,61537,0.006896551724137931,0.007724137931034483,0.015,199943,104832,212264.1509433962
302445,59445,0.006896551724137931,0.008137931034482758,0.006,201385,147555,206422.01834862385
320801,76603,0.006896551724137931,0.008137931034482758,0.009,195487,129203,206422.01834862385
335155,67492,0.006896551724137931,0.008137931034482758,0.012,196913,114846,206422.01834862385
346638,70056,0.006896551724137931,0.008137931034482758,0.015,195282,103371,206422.01834862385
305217,96718,0.006896551724137931,0.008551724137931035,0.006,190166,144788,200892.85714285713
323078,86022,0.006896551724137931,0.008551724137931035,0.009,190518,126931,200892.85714285713
336876,79676,0.006896551724137931,0.008551724137931035,0.012,191127,113132,200892.85714285713
347994,68890,0.006896551724137931,0.008551724137931035,0.015,193873,102013,200892.85714285713
307967,101334,0.006896551724137931,0.00896551724137931,0.006,186349,142035,195652.17391304346
325071,78609,0.006896551724137931,0.00896551724137931,0.009,190230,124931,195652.17391304346
338621,88068,0.006896551724137931,0.00896551724137931,0.012,186626,111388,195652.17391304346
349390,85522,0.006896551724137931,0.00896551724137931,0.015,186681,100616,195652.17391304346
310595,116813,0.006896551724137931,0.009379310344827585,0.006,180323,139409,190677.9661016949
327216,98723,0.006896551724137931,0.009379310344827585,0.009,182599,122793,190677.9661016949
340147,101050,0.006896551724137931,0.009379310344827585,0.012,180869,109858,190677.9661016949
350737,95341,0.006896551724137931,0.009379310344827585,0.015,181842,99269,190677.9661016949
313149,130980,0.006896551724137931,0.009793103448275862,0.006,174878,136856,185950.4132231405
329209,86542,0.006896551724137931,0.009793103448275862,0.009,183662,120800,185950.4132231405
341818,97644,0.006896551724137931,0.009793103448275862,0.012,180033,108191,185950.4132231405
352019,94817,0.006896551724137931,0.009793103448275862,0.015,180376,97986,185950.4132231405
315733,123444,0.006896551724137931,0.010206896551724139,0.006,173806,134270,181451.6129032258
331044,110411,0.006896551724137931,0.010206896551724139,0.009,175310,118962,181451.6129032258
343308,123942,0.006896551724137931,0.010206896551724139,0.012,170497,106697,181451.6129032258
353319,98347,0.006896551724137931,0.010206896551724139,0.015,177680,96681,181451.6129032258
318072,126958,0.006896551724137931,0.010620689655172414,0.006,170682,131929,177165.35433070868
332895,129950,0.006896551724137931,0.010620689655172414,0.009,168311,117110,177165.35433070868
344835,116345,0.006896551724137931,0.010620689655172414,0.012,171063,105165,177165.35433070868
354574,125702,0.006896551724137931,0.010620689655172414,0.015,167482,95435,177165.35433070868
320242,112263,0.006896551724137931,0.011034482758620689,0.006,171322,129763,173076.92307692312
334712,131458,0.006896551724137931,0.011034482758620689,0.009,165987,115291,173076.92307692312
346366,115636,0.006896551724137931,0.011034482758620689,0.012,169533,103642,173076.92307692312
355707,115934,0.006896551724137931,0.011034482758620689,0.015,169144,94298,173076.92307692312
322446,118641,0.006896551724137931,0.011448275862068966,0.006,167697,127558,169172.93233082705
336416,129843,0.006896551724137931,0.011448275862068966,0.009,164542,113586,169172.93233082705
347786,121865,0.006896551724137931,0.011448275862068966,0.012,166109,102222,169172.93233082705
356865,125354,0.006896551724137931,0.011448275862068966,0.015,164725,93142,169172.93233082705
324710,135089,0.006896551724137931,0.01186206896551724,0.006,162210,125296,165441.17647058822
338138,127966,0.006896551724137931,0.01186206896551724,0.009,163126,111867,165441.17647058822
349120,133698,0.006896551724137931,0.01186206896551724,0.012,161200,100880,165441.17647058822
358001,134217,0.006896551724137931,0.01186206896551724,0.015,160590,92006,165441.17647058822
326645,178953,0.006896551724137931,0.012275862068965518,0.006,151611,123359,161870.5035971223
339884,151137,0.006896551724137931,0.012275862068965518,0.009,155710,110125,161870.5035971223
350412,137427,0.006896551724137931,0.012275862068965518,0.012,158606,99596,161870.5035971223
359095,136678,0.006896551724137931,0.012275862068965518,0.015,158541,90910,161870.5035971223
328681,139577,0.006896551724137931,0.012689655172413793,0.006,157163,121319,158450.70422535215
341376,159740,0.006896551724137931,0.012689655172413793,0.009,151926,108631,158450.70422535215
351718,138017,0.006896551724137931,0.012689655172413793,0.012,156938,98282,158450.70422535215
360208,137427,0.006896551724137931,0.012689655172413793,0.015,157009,89799,158450.70422535215
330677,190115,0.006896551724137931,0.01310344827586207,0.006,145577,119331,155172.41379310345
342917,141486,0.006896551724137931,0.01310344827586207,0.009,154602,107090,155172.41379310345
353006,159207,0.006896551724137931,0.01310344827586207,0.012,149678,96996,155172.41379310345
361244,155516,0.006896551724137931,0.01310344827586207,0.015,150257,88761,155172.41379310345
332468,169952,0.006896551724137931,0.013517241379310345,0.006,147462,117540,152027.027027027
344432,158409,0.006896551724137931,0.013517241379310345,0.009,148983,105571,152027.027027027
354196,149922,0.006896551724137931,0.013517241379310345,0.012,150779,95811,152027.027027027
362312,172688,0.006896551724137931,0.013517241379310345,0.015,143844,87695,152027.027027027
334278,160419,0.006896551724137931,0.01393103448275862,0.006,147377,115730,149006.6225165563
345898,164372,0.006896551724137931,0.01393103448275862,0.009,145990,104107,149006.6225165563
355417,159681,0.006896551724137931,0.01393103448275862,0.012,146763,94586,149006.6225165563
363338,157926,0.006896551724137931,0.01393103448275862,0.015,147072,86667,149006.6225165563
336114,171316,0.006896551724137931,0.014344827586206896,0.006,143517,113895,146103.8961038961
347324,161573,0.006896551724137931,0.014344827586206896,0.009,145160,102682,146103.8961038961
356697,160045,0.006896551724137931,0.014344827586206896,0.012,145388,93311,146103.8961038961
364289,163722,0.006896551724137931,0.014344827586206896,0.015,144153,85717,146103.8961038961
337754,183473,0.006896551724137931,0.014758620689655172,0.006,139634,112246,143312.10191082803
348726,169286,0.006896551724137931,0.014758620689655172,0.009,141894,101282,143312.10191082803
357832,169693,0.006896551724137931,0.014758620689655172,0.012,141494,92177,143312.10191082803
365276,174286,0.006896551724137931,0.014758620689655172,0.015,139986,84727,143312.10191082803
339372,187022,0.006896551724137931,0.015172413793103448,0.006,137324,110633,140625.0
350036,193935,0.006896551724137931,0.015172413793103448,0.009,134873,99971,140625.0
358861,173763,0.006896551724137931,0.015172413793103448,0.012,139253,91147,140625.0
366235,180947,0.006896551724137931,0.015172413793103448,0.015,136996,83773,140625.0
340974,197536,0.006896551724137931,0.015586206896551724,0.006,133877,109032,138036.80981595092
351375,208709,0.006896551724137931,0.015586206896551724,0.009,130145,98633,138036.80981595092
360050,183887,0.006896551724137931,0.015586206896551724,0.012,135349,89959,138036.80981595092
367212,183460,0.006896551724137931,0.015586206896551724,0.015,135142,82788,138036.80981595092
342614,202584,0.006896551724137931,0.016,0.006,131426,107395,135542.16867469877
352643,181396,0.006896551724137931,0.016,0.009,134991,97364,135542.16867469877
361041,185043,0.006896551724137931,0.016,0.012,133873,88968,135542.16867469877
368113,180715,0.006896551724137931,0.016,0.015,134961,81887,135542.16867469877
259871,7486,0.007310344827586207,0.004,0.006,254864,190130,290853.65853658534
287927,12150,0.007310344827586207,0.004,0.009,246497,162077,290853.65853658534
308831,16182,0.007310344827586207,0.004,0.012,240335,141171,290853.65853658534
324926,19022,0.007310344827586207,0.004,0.015,235825,125082,290853.65853658534
264408,11146,0.007310344827586207,0.004413793103448276,0.006,249432,185592,280588.23529411765
291197,14741,0.007310344827586207,0.004413793103448276,0.009,242252,158808,280588.23529411765
311273,16737,0.007310344827586207,0.004413793103448276,0.012,237373,138729,280588.23529411765
326841,20976,0.007310344827586207,0.004413793103448276,0.015,232795,123166,280588.23529411765
268662,12941,0.007310344827586207,0.004827586206896552,0.006,244780,181339,271022.72727272724
294272,16722,0.007310344827586207,0.004827586206896552,0.009,238339,155730,271022.72727272724
313615,16724,0.007310344827586207,0.004827586206896552,0.012,234702,136391,271022.72727272724
328754,11164,0.007310344827586207,0.004827586206896552,0.015,233970,121254,271022.72727272724
272708,14125,0.007310344827586207,0.005241379310344827,0.006,240324,177292,262087.91208791215
297360,16902,0.007310344827586207,0.005241379310344827,0.009,235054,152640,262087.91208791215
315938,18803,0.007310344827586207,0.005241379310344827,0.012,231351,134067,262087.91208791215
330663,23468,0.007310344827586207,0.005241379310344827,0.015,227379,119343,262087.91208791215
276442,16037,0.007310344827586207,0.005655172413793104,0.006,235894,173561,253723.40425531915
300213,17954,0.007310344827586207,0.005655172413793104,0.009,231583,149787,253723.40425531915
318155,23058,0.007310344827586207,0.005655172413793104,0.012,227332,131847,253723.40425531915
332277,23230,0.007310344827586207,0.005655172413793104,0.015,225275,117729,253723.40425531915
280146,14496,0.007310344827586207,0.006068965517241379,0.006,232405,169858,245876.28865979382
303067,19128,0.007310344827586207,0.006068965517241379,0.009,228192,146937,245876.28865979382
320434,19397,0.007310344827586207,0.006068965517241379,0.012,225990,129572,245876.28865979382
334020,15739,0.007310344827586207,0.006068965517241379,0.015,225684,115984,245876.28865979382
283816,18796,0.007310344827586207,0.006482758620689655,0.006,227694,166190,238500.00000000003
305616,14517,0.007310344827586207,0.006482758620689655,0.009,226474,144386,238500.00000000003
322496,18753,0.007310344827586207,0.006482758620689655,0.012,223720,127511,238500.00000000003
335687,17764,0.007310344827586207,0.006482758620689655,0.015,222857,114318,238500.00000000003
287125,19811,0.007310344827586207,0.006896551724137931,0.006,223867,162880,231553.39805825244
308283,18615,0.007310344827586207,0.006896551724137931,0.009,222443,141718,231553.39805825244
324381,19462,0.007310344827586207,0.006896551724137931,0.012,221109,125625,231553.39805825244
337408,22791,0.007310344827586207,0.006896551724137931,0.015,219123,112600,231553.39805825244
290528,24174,0.007310344827586207,0.007310344827586207,0.006,219391,159477,224999.99999999997
310767,32720,0.007310344827586207,0.007310344827586207,0.009,215798,139239,224999.99999999997
326348,24251,0.007310344827586207,0.007310344827586207,0.012,217183,123659,224999.99999999997
338879,24604,0.007310344827586207,0.007310344827586207,0.015,216499,111127,224999.99999999997
293596,35090,0.007310344827586207,0.007724137931034483,0.006,213655,156411,218807.33944954126
313081,39903,0.007310344827586207,0.007724137931034483,0.009,211161,136927,218807.33944954126
328254,47031,0.007310344827586207,0.007724137931034483,0.012,208012,121751,218807.33944954126
340411,41384,0.007310344827586207,0.007724137931034483,0.015,208897,109594,218807.33944954126
296674,59631,0.007310344827586207,0.008137931034482758,0.006,205081,153330,212946.42857142855
315346,58548,0.007310344827586207,0.008137931034482758,0.009,203548,134660,212946.42857142855
330092,59888,0.007310344827586207,0.008137931034482758,0.012,201868,119913,212946.42857142855
341992,53098,0.007310344827586207,0.008137931034482758,0.015,203205,108016,212946.42857142855
299536,71256,0.007310344827586207,0.008551724137931035,0.006,199529,150464,207391.3043478261
317630,81803,0.007310344827586207,0.008551724137931035,0.009,194849,132377,207391.3043478261
331868,70742,0.007310344827586207,0.008551724137931035,0.012,196539,118137,207391.3043478261
343321,61931,0.007310344827586207,0.008551724137931035,0.015,198467,106686,207391.3043478261
302238,81310,0.007310344827586207,0.00896551724137931,0.006,194477,147765,202118.6440677966
319773,90177,0.007310344827586207,0.00896551724137931,0.009,190266,130229,202118.6440677966
333571,82694,0.007310344827586207,0.00896551724137931,0.012,190948,116433,202118.6440677966
344761,75257,0.007310344827586207,0.00896551724137931,0.015,192363,105244,202118.6440677966
305059,106794,0.007310344827586207,0.009379310344827585,0.006,186336,144947,197107.43801652893
321876,86257,0.007310344827586207,0.009379310344827585,0.009,189081,128126,197107.43801652893
335370,98244,0.007310344827586207,0.009379310344827585,0.012,184391,114639,197107.43801652893
346130,91322,0.007310344827586207,0.009379310344827585,0.015,185525,103872,197107.43801652893
307633,122232,0.007310344827586207,0.009793103448275862,0.006,180466,142375,192338.70967741933
323982,91753,0.007310344827586207,0.009793103448275862,0.009,185466,126027,192338.70967741933
336909,96631,0.007310344827586207,0.009793103448275862,0.012,183010,113096,192338.70967741933
347488,87371,0.007310344827586207,0.009793103448275862,0.015,185173,102520,192338.70967741933
310039,112886,0.007310344827586207,0.010206896551724139,0.006,179833,139966,187795.2755905512
325974,103604,0.007310344827586207,0.010206896551724139,0.009,180324,124026,187795.2755905512
338462,115513,0.007310344827586207,0.010206896551724139,0.012,175756,111544,187795.2755905512
348784,91098,0.007310344827586207,0.010206896551724139,0.015,182334,101224,187795.2755905512
312472,128875,0.007310344827586207,0.010620689655172414,0.006,174297,137535,183461.53846153847
327802,109185,0.007310344827586207,0.010620689655172414,0.009,176782,122200,183461.53846153847
340001,103511,0.007310344827586207,0.010620689655172414,0.012,177451,110003,183461.53846153847
350103,118816,0.007310344827586207,0.010620689655172414,0.015,172074,99897,183461.53846153847
314808,130033,0.007310344827586207,0.011034482758620689,0.006,171498,135199,179323.3082706767
329678,114813,0.007310344827586207,0.011034482758620689,0.009,173334,120330,179323.3082706767
341568,110393,0.007310344827586207,0.011034482758620689,0.012,173766,108441,179323.3082706767
351403,121946,0.007310344827586207,0.011034482758620689,0.015,169654,98602,179323.3082706767
317063,108875,0.007310344827586207,0.011448275862068966,0.006,173386,132942,175367.64705882352
331426,143228,0.007310344827586207,0.011448275862068966,0.009,164542,118579,175367.64705882352
343105,118055,0.007310344827586207,0.011448275862068966,0.012,169890,106902,175367.64705882352
352508,117817,0.007310344827586207,0.011448275862068966,0.015,169501,97500,175367.64705882352
319365,133921,0.007310344827586207,0.01186206896551724,0.006,166276,130641,171582.73381294962
333284,125332,0.007310344827586207,0.01186206896551724,0.009,166946,116719,171582.73381294962
344534,132759,0.007310344827586207,0.01186206896551724,0.012,164184,105472,171582.73381294962
353752,115817,0.007310344827586207,0.01186206896551724,0.015,168623,96257,171582.73381294962
321358,140534,0.007310344827586207,0.012275862068965518,0.006,162822,128646,167957.74647887322
334860,120886,0.007310344827586207,0.012275862068965518,0.009,166189,115145,167957.74647887322
345852,151092,0.007310344827586207,0.012275862068965518,0.012,157587,104157,167957.74647887322
354934,132598,0.007310344827586207,0.012275862068965518,0.015,162146,95073,167957.74647887322
323392,135630,0.007310344827586207,0.012689655172413793,0.006,161585,126610,164482.75862068968
336520,130098,0.007310344827586207,0.012689655172413793,0.009,162251,113482,164482.75862068968
347122,136192,0.007310344827586207,0.012689655172413793,0.012,160188,102885,164482.75862068968
356066,130198,0.007310344827586207,0.012689655172413793,0.015,161603,93940,164482.75862068968
325476,137092,0.007310344827586207,0.01310344827586207,0.006,159309,124524,161148.64864864864
338077,138712,0.007310344827586207,0.01310344827586207,0.009,158415,111927,161148.64864864864
348449,154254,0.007310344827586207,0.01310344827586207,0.012,153848,101556,161148.64864864864
357082,136312,0.007310344827586207,0.01310344827586207,0.015,158363,92927,161148.64864864864
327423,151219,0.007310344827586207,0.013517241379310345,0.006,154735,122579,157947.01986754965
339752,145567,0.007310344827586207,0.013517241379310345,0.009,155166,110253,157947.01986754965
349732,154829,0.007310344827586207,0.013517241379310345,0.012,152218,100275,157947.01986754965
358123,156362,0.007310344827586207,0.013517241379310345,0.015,151190,91884,157947.01986754965
329225,177759,0.007310344827586207,0.01393103448275862,0.006,148008,120775,154870.1298701299
341155,181547,0.007310344827586207,0.01393103448275862,0.009,145232,108852,154870.1298701299
350987,164725,0.007310344827586207,0.01393103448275862,0.012,148200,99018,154870.1298701299
359154,154385,0.007310344827586207,0.01393103448275862,0.015,150512,90850,154870.1298701299
330954,171027,0.007310344827586207,0.014344827586206896,0.006,147368,119053,151910.8280254777
342637,154107,0.007310344827586207,0.014344827586206896,0.009,149969,107369,151910.8280254777
352173,148399,0.007310344827586207,0.014344827586206896,0.012,151180,97834,151910.8280254777
360265,152093,0.007310344827586207,0.014344827586206896,0.015,149999,89735,151910.8280254777
332736,165779,0.007310344827586207,0.014758620689655172,0.006,146458,117269,149062.50000000003
344059,157387,0.007310344827586207,0.014758620689655172,0.009,147697,105946,149062.50000000003
353388,156937,0.007310344827586207,0.014758620689655172,0.012,147600,96619,149062.50000000003
361314,154243,0.007310344827586207,0.014758620689655172,0.015,148201,88693,149062.50000000003
334458,185888,0.007310344827586207,0.015172413793103448,0.006,141235,115543,146319.01840490798
345453,165507,0.007310344827586207,0.015172413793103448,0.009,144394,104554,146319.01840490798
354548,182596,0.007310344827586207,0.015172413793103448,0.012,139654,95455,146319.01840490798
362192,164156,0.007310344827586207,0.015172413793103448,0.015,144239,87814,146319.01840490798
336137,167761,0.007310344827586207,0.015586206896551724,0.006,142669,113867,143674.69879518074
346920,173628,0.007310344827586207,0.015586206896551724,0.009,141131,103086,143674.69879518074
355691,199299,0.007310344827586207,0.015586206896551724,0.012,134128,94315,143674.69879518074
363252,188732,0.007310344827586207,0.015586206896551724,0.015,136070,86754,143674.69879518074
337684,174896,0.007310344827586207,0.016,0.006,139822,112323,141124.26035502958
348136,200795,0.007310344827586207,0.016,0.009,133741,101869,141124.26035502958
356764,178643,0.007310344827586207,0.016,0.012,138204,93243,141124.26035502958
364178,186547,0.007310344827586207,0.016,0.015,135672,85830,141124.26035502958
253838,8236,0.007724137931034483,0.004,0.006,258044,196164,296470.5882352941
282270,12707,0.007724137931034483,0.004,0.009,249118,167735,296470.5882352941
303412,14405,0.007724137931034483,0.004,0.012,243334,146592,296470.5882352941
319889,15845,0.007724137931034483,0.004,0.015,239089,130119,296470.5882352941
258244,10090,0.007724137931034483,0.004413793103448276,0.006,253206,191758,286363.63636363635
285466,15239,0.007724137931034483,0.004413793103448276,0.009,244880,164535,286363.63636363635
305919,14970,0.007724137931034483,0.004413793103448276,0.012,240349,144085,286363.63636363635
321890,16908,0.007724137931034483,0.004413793103448276,0.015,236349,128118,286363.63636363635
262598,14116,0.007724137931034483,0.004827586206896552,0.006,247989,187406,276923.07692307694
288765,15473,0.007724137931034483,0.004827586206896552,0.009,241563,161238,276923.07692307694
308455,17504,0.007724137931034483,0.004827586206896552,0.012,236878,141551,276923.07692307694
323890,17962,0.007724137931034483,0.004827586206896552,0.015,233671,126116,276923.07692307694
266768,14636,0.007724137931034483,0.005241379310344827,0.006,243685,183237,268085.1063829788
291801,16769,0.007724137931034483,0.005241379310344827,0.009,237965,158205,268085.1063829788
310708,20417,0.007724137931034483,0.005241379310344827,0.012,233241,139294,268085.1063829788
325640,18855,0.007724137931034483,0.005241379310344827,0.015,231125,124362,268085.1063829788
270540,17478,0.007724137931034483,0.005655172413793104,0.006,239044,179461,259793.8144329897
294686,16557,0.007724137931034483,0.005655172413793104,0.009,234859,155314,259793.8144329897
312950,16769,0.007724137931034483,0.005655172413793104,0.012,231794,137053,259793.8144329897
327457,19252,0.007724137931034483,0.005655172413793104,0.015,228793,122548,259793.8144329897
274298,12120,0.007724137931034483,0.006068965517241379,0.006,236457,175703,252000.0
297543,15834,0.007724137931034483,0.006068965517241379,0.009,232000,152460,252000.0
315156,22555,0.007724137931034483,0.006068965517241379,0.012,227424,134851,252000.0
329205,25874,0.007724137931034483,0.006068965517241379,0.015,224332,120798,252000.0
277937,19071,0.007724137931034483,0.006482758620689655,0.006,231130,172065,244660.1941747573
300122,10440,0.007724137931034483,0.006482758620689655,0.009,230531,149882,244660.1941747573
317411,21987,0.007724137931034483,0.006482758620689655,0.012,225147,132591,244660.1941747573
331026,14161,0.007724137931034483,0.006482758620689655,0.015,226225,118975,244660.1941747573
281484,20139,0.007724137931034483,0.006896551724137931,0.006,227304,168519,237735.84905660377
302766,19463,0.007724137931034483,0.006896551724137931,0.009,225118,147238,237735.84905660377
319356,21992,0.007724137931034483,0.006896551724137931,0.012,222760,130651,237735.84905660377
332581,22204,0.007724137931034483,0.006896551724137931,0.015,221376,117426,237735.84905660377
284659,19965,0.007724137931034483,0.007310344827586207,0.006,223847,165345,231192.6605504587
305301,22466,0.007724137931034483,0.007310344827586207,0.009,221432,144700,231192.6605504587
321376,21586,0.007724137931034483,0.007310344827586207,0.012,220492,128628,231192.6605504587
334183,28517,0.007724137931034483,0.007310344827586207,0.015,217297,115820,231192.6605504587
287834,30794,0.007724137931034483,0.007724137931034483,0.006,218109,162169,225000.0
307865,25433,0.007724137931034483,0.007724137931034483,0.009,217965,142135,225000.0
323324,23023,0.007724137931034483,0.007724137931034483,0.012,217743,126679,225000.0
335769,26923,0.007724137931034483,0.007724137931034483,0.015,215779,114238,225000.0
290907,35265,0.007724137931034483,0.008137931034482758,0.006,213946,159097,219130.4347826087
310247,47453,0.007724137931034483,0.008137931034482758,0.009,209477,139759,219130.4347826087
325306,39083,0.007724137931034483,0.008137931034482758,0.012,210708,124700,219130.4347826087
337298,43359,0.007724137931034483,0.008137931034482758,0.015,208563,112705,219130.4347826087
293876,57492,0.007724137931034483,0.008551724137931035,0.006,206086,156125,213559.32203389832
312411,61837,0.007724137931034483,0.008551724137931035,0.009,203219,137596,213559.32203389832
327009,50933,0.007724137931034483,0.008551724137931035,0.012,205033,122996,213559.32203389832
338883,57064,0.007724137931034483,0.008551724137931035,0.015,202294,111117,213559.32203389832
296721,76639,0.007724137931034483,0.00896551724137931,0.006,199118,153282,208264.46280991737
314753,75840,0.007724137931034483,0.00896551724137931,0.009,197143,135253,208264.46280991737
328789,77559,0.007724137931034483,0.00896551724137931,0.012,195084,121216,208264.46280991737
340263,62506,0.007724137931034483,0.00896551724137931,0.015,198764,109743,208264.46280991737
299602,89669,0.007724137931034483,0.009379310344827585,0.006,193607,150404,203225.80645161294
316824,74466,0.007724137931034483,0.009379310344827585,0.009,195182,133184,203225.80645161294
330482,76764,0.007724137931034483,0.009379310344827585,0.012,193334,119521,203225.80645161294
341770,78887,0.007724137931034483,0.009379310344827585,0.015,191787,108236,203225.80645161294
302226,76806,0.007724137931034483,0.009793103448275862,0.006,193450,147774,198425.19685039372
318821,91084,0.007724137931034483,0.009793103448275862,0.009,188634,131182,198425.19685039372
332292,69461,0.007724137931034483,0.009793103448275862,0.012,193574,117711,198425.19685039372
343055,77942,0.007724137931034483,0.009793103448275862,0.015,190413,106952,198425.19685039372
304811,81831,0.007724137931034483,0.010206896551724139,0.006,189813,145192,193846.15384615384
320973,100991,0.007724137931034483,0.010206896551724139,0.009,184000,129028,193846.15384615384
333917,92821,0.007724137931034483,0.010206896551724139,0.012,184958,116089,193846.15384615384
344394,91832,0.007724137931034483,0.010206896551724139,0.015,184375,105608,193846.15384615384
307180,116516,0.007724137931034483,0.010620689655172414,0.006,180355,142821,189473.68421052632
322858,106710,0.007724137931034483,0.010620689655172414,0.009,180427,127148,189473.68421052632
335434,90780,0.007724137931034483,0.010620689655172414,0.012,183737,114571,189473.68421052632
345722,101411,0.007724137931034483,0.010620689655172414,0.015,179818,104279,189473.68421052632
309607,121220,0.007724137931034483,0.011034482758620689,0.006,177121,140401,185294.11764705883
324734,117085,0.007724137931034483,0.011034482758620689,0.009,175894,125271,185294.11764705883
336941,99541,0.007724137931034483,0.011034482758620689,0.012,179447,113064,185294.11764705883
346979,109774,0.007724137931034483,0.011034482758620689,0.015,175744,103023,185294.11764705883
311921,138583,0.007724137931034483,0.011448275862068966,0.006,171343,138088,181294.96402877697
326661,120479,0.007724137931034483,0.011448275862068966,0.009,173104,123346,181294.96402877697
338442,100274,0.007724137931034483,0.011448275862068966,0.012,177536,111565,181294.96402877697
348300,103650,0.007724137931034483,0.011448275862068966,0.015,176129,101709,181294.96402877697
314085,139337,0.007724137931034483,0.01186206896551724,0.006,168983,135920,177464.78873239434
328319,125598,0.007724137931034483,0.01186206896551724,0.009,169976,121688,177464.78873239434
339919,119307,0.007724137931034483,0.01186206896551724,0.012,170622,110089,177464.78873239434
349466,111201,0.007724137931034483,0.01186206896551724,0.015,172367,100535,177464.78873239434
316221,112924,0.007724137931034483,0.012275862068965518,0.006,171786,133786,173793.10344827586
330194,123210,0.007724137931034483,0.012275862068965518,0.009,168731,119812,173793.10344827586
341321,115880,0.007724137931034483,0.012275862068965518,0.012,169926,108684,173793.10344827586
350699,121791,0.007724137931034483,0.012275862068965518,0.015,167780,99310,173793.10344827586
318375,146204,0.007724137931034483,0.012689655172413793,0.006,163375,131625,170270.27027027027
331770,115260,0.007724137931034483,0.012689655172413793,0.009,168808,118235,170270.27027027027
342686,116582,0.007724137931034483,0.012689655172413793,0.012,168192,107321,170270.27027027027
351793,131898,0.007724137931034483,0.012689655172413793,0.015,163375,98214,170270.27027027027
320474,150393,0.007724137931034483,0.01310344827586207,0.006,160479,129527,166887.41721854307
333421,144081,0.007724137931034483,0.01310344827586207,0.009,160296,116586,166887.41721854307
344085,121913,0.007724137931034483,0.01310344827586207,0.012,165212,105918,166887.41721854307
352978,133226,0.007724137931034483,0.01310344827586207,0.015,161682,97022,166887.41721854307
322411,175821,0.007724137931034483,0.013517241379310345,0.006,153925,127589,163636.36363636365
334975,137379,0.007724137931034483,0.013517241379310345,0.009,160147,115029,163636.36363636365
345398,145630,0.007724137931034483,0.013517241379310345,0.012,157411,104610,163636.36363636365
354135,140456,0.007724137931034483,0.013517241379310345,0.015,158204,95874,163636.36363636365
324235,148842,0.007724137931034483,0.01393103448275862,0.006,156846,125767,160509.5541401274
336636,134503,0.007724137931034483,0.01393103448275862,0.009,159158,113364,160509.5541401274
346721,140963,0.007724137931034483,0.01393103448275862,0.012,157207,103288,160509.5541401274
355121,140473,0.007724137931034483,0.01393103448275862,0.015,156914,94884,160509.5541401274
326102,146622,0.007724137931034483,0.014344827586206896,0.006,155350,123903,157500.0
338046,163494,0.007724137931034483,0.014344827586206896,0.009,150983,111961,157500.0
347927,147665,0.007724137931034483,0.014344827586206896,0.012,154008,102080,157500.0
356202,145992,0.007724137931034483,0.014344827586206896,0.015,154168,93806,157500.0
328022,169373,0.007724137931034483,0.014758620689655172,0.006,149479,121982,154601.22699386504
339539,166593,0.007724137931034483,0.014758620689655172,0.009,148712,110467,154601.22699386504
349166,156812,0.007724137931034483,0.014758620689655172,0.012,150331,100842,154601.22699386504
357226,144323,0.007724137931034483,0.014758620689655172,0.015,153384,92780,154601.22699386504
329650,156691,0.007724137931034483,0.015172413793103448,0.006,149927,120355,151807.22891566265
340942,178759,0.007724137931034483,0.015172413793103448,0.009,144544,109063,151807.22891566265
350340,165217,0.007724137931034483,0.015172413793103448,0.012,146855,99667,151807.22891566265
358214,151649,0.007724137931034483,0.015172413793103448,0.015,150120,91790,151807.22891566265
331359,160289,0.007724137931034483,0.015586206896551724,0.006,147547,118648,149112.42603550295
342476,155954,0.007724137931034483,0.015586206896551724,0.009,148068,107530,149112.42603550295
351616,153284,0.007724137931034483,0.015586206896551724,0.012,148580,98390,149112.42603550295
359234,158977,0.007724137931034483,0.015586206896551724,0.015,146880,90774,149112.42603550295
332971,165866,0.007724137931034483,0.016,0.006,144924,117036,146511.62790697673
343732,190531,0.007724137931034483,0.016,0.009,139164,106273,146511.62790697673
352647,163083,0.007724137931034483,0.016,0.012,144827,97358,146511.62790697673
360200,162457,0.007724137931034483,0.016,0.015,144771,89805,146511.62790697673
248134,9172,0.008137931034482758,0.004,0.006,261038,201868,301704.5454545454
276757,10011,0.008137931034482758,0.004,0.009,252678,173243,301704.5454545454
298203,13384,0.008137931034482758,0.004,0.012,246055,151801,301704.5454545454
314988,13464,0.008137931034482758,0.004,0.015,241963,135016,301704.5454545454
252640,11639,0.008137931034482758,0.004413793103448276,0.006,256128,197362,291758.2417582417
280010,10670,0.008137931034482758,0.004413793103448276,0.009,249062,169995,291758.2417582417
300759,17561,0.008137931034482758,0.004413793103448276,0.012,241883,149245,291758.2417582417
317021,16955,0.008137931034482758,0.004413793103448276,0.015,238415,132984,291758.2417582417
256823,9705,0.008137931034482758,0.004827586206896552,0.006,252283,193178,282446.8085106383
283193,13437,0.008137931034482758,0.004827586206896552,0.009,244905,166810,282446.8085106383
303270,16343,0.008137931034482758,0.004827586206896552,0.012,239572,146733,282446.8085106383
319083,20086,0.008137931034482758,0.004827586206896552,0.015,235022,130923,282446.8085106383
260934,12961,0.008137931034482758,0.005241379310344827,0.006,247464,189070,273711.34020618553
286272,14977,0.008137931034482758,0.005241379310344827,0.009,241253,163731,273711.34020618553
305632,19582,0.008137931034482758,0.005241379310344827,0.012,235883,144373,273711.34020618553
320879,18599,0.008137931034482758,0.005241379310344827,0.015,233349,129123,273711.34020618553
264933,15952,0.008137931034482758,0.005655172413793104,0.006,242760,185069,265499.99999999994
289344,18990,0.008137931034482758,0.005655172413793104,0.009,236972,160662,265499.99999999994
307943,18431,0.008137931034482758,0.005655172413793104,0.012,233661,142063,265499.99999999994
322802,20148,0.008137931034482758,0.005655172413793104,0.015,230568,127207,265499.99999999994
268710,13565,0.008137931034482758,0.006068965517241379,0.006,239475,181291,257766.99029126213
292138,17020,0.008137931034482758,0.006068965517241379,0.009,234442,157867,257766.99029126213
310274,21497,0.008137931034482758,0.006068965517241379,0.012,230181,139734,257766.99029126213
324670,23821,0.008137931034482758,0.006068965517241379,0.015,227154,125335,257766.99029126213
272334,13122,0.008137931034482758,0.006482758620689655,0.006,235865,177667,250471.69811320753
294880,19575,0.008137931034482758,0.006482758620689655,0.009,230791,155121,250471.69811320753
312398,10830,0.008137931034482758,0.006482758620689655,0.012,230971,137610,250471.69811320753
326307,21649,0.008137931034482758,0.006482758620689655,0.015,225785,123696,250471.69811320753
275924,15369,0.008137931034482758,0.006896551724137931,0.006,231759,174076,243577.98165137615
297544,13422,0.008137931034482758,0.006896551724137931,0.009,229555,152461,243577.98165137615
314484,13854,0.008137931034482758,0.006896551724137931,0.012,227627,135522,243577.98165137615
328012,14242,0.008137931034482758,0.006896551724137931,0.015,226117,121993,243577.98165137615
279291,18014,0.008137931034482758,0.007310344827586207,0.006,227677,170711,237053.5714285714
300136,14778,0.008137931034482758,0.007310344827586207,0.009,226306,149869,237053.5714285714
316518,17744,0.008137931034482758,0.007310344827586207,0.012,224059,133487,237053.5714285714
329670,21088,0.008137931034482758,0.007310344827586207,0.015,221811,120335,237053.5714285714
282476,18803,0.008137931034482758,0.007724137931034483,0.006,224079,167524,230869.5652173913
302642,19425,0.008137931034482758,0.007724137931034483,0.009,222333,147363,230869.5652173913
318496,19350,0.008137931034482758,0.007724137931034483,0.012,221242,131511,230869.5652173913
331367,23313,0.008137931034482758,0.007724137931034483,0.015,219101,118642,230869.5652173913
285526,20735,0.008137931034482758,0.008137931034482758,0.006,220398,164477,225000.0
305023,21306,0.008137931034482758,0.008137931034482758,0.009,219216,144981,225000.0
320417,25843,0.008137931034482758,0.008137931034482758,0.012,217035,129589,225000.0
332971,29143,0.008137931034482758,0.008137931034482758,0.015,215242,117035,225000.0
288556,47208,0.008137931034482758,0.008551724137931035,0.006,211748,161450,219421.48760330578
307471,40631,0.008137931034482758,0.008551724137931035,0.009,211617,142536,219421.48760330578
322293,42502,0.008137931034482758,0.008551724137931035,0.012,209997,127714,219421.48760330578
334383,37613,0.008137931034482758,0.008551724137931035,0.015,210675,115622,219421.48760330578
291397,68515,0.008137931034482758,0.00896551724137931,0.006,204334,158606,214112.90322580645
309640,56785,0.008137931034482758,0.00896551724137931,0.009,204972,140364,214112.90322580645
324115,55790,0.008137931034482758,0.00896551724137931,0.012,203989,125892,214112.90322580645
335868,52320,0.008137931034482758,0.00896551724137931,0.015,204215,114134,214112.90322580645
294317,82899,0.008137931034482758,0.009379310344827585,0.006,198550,155684,209055.11811023622
311817,65236,0.008137931034482758,0.009379310344827585,0.009,200483,138188,209055.11811023622
325877,70653,0.008137931034482758,0.009379310344827585,0.012,197639,124128,209055.11811023622
337428,65387,0.008137931034482758,0.009379310344827585,0.015,198296,112578,209055.11811023622
296981,83199,0.008137931034482758,0.009793103448275862,0.006,195769,153019,204230.76923076922
314063,66033,0.008137931034482758,0.009793103448275862,0.009,197938,135940,204230.76923076922
327564,74332,0.008137931034482758,0.009793103448275862,0.012,194676,122441,204230.76923076922
338747,78254,0.008137931034482758,0.009793103448275862,0.015,192532,111259,204230.76923076922
299618,100814,0.008137931034482758,0.010206896551724139,0.006,189651,150388,199624.06015037594
316017,90870,0.008137931034482758,0.010206896551724139,0.009,189514,133985,199624.06015037594
329234,72915,0.008137931034482758,0.010206896551724139,0.012,193165,120772,199624.06015037594
340109,83568,0.008137931034482758,0.010206896551724139,0.015,189215,109898,199624.06015037594
302005,106556,0.008137931034482758,0.010620689655172414,0.006,185973,148002,195220.5882352941
318023,88990,0.008137931034482758,0.010620689655172414,0.009,187839,131979,195220.5882352941
330899,77600,0.008137931034482758,0.010620689655172414,0.012,190052,119108,195220.5882352941
341574,92480,0.008137931034482758,0.010620689655172414,0.015,184893,108432,195220.5882352941
304536,110924,0.008137931034482758,0.011034482758620689,0.006,182690,145472,191007.1942446043
320043,91767,0.008137931034482758,0.011034482758620689,0.009,185099,129961,191007.1942446043
332563,108269,0.008137931034482758,0.011034482758620689,0.012,179625,117444,191007.1942446043
342779,83982,0.008137931034482758,0.011034482758620689,0.015,185943,107223,191007.1942446043
306799,118714,0.008137931034482758,0.011448275862068966,0.006,178781,143206,186971.83098591544
321930,125699,0.008137931034482758,0.011448275862068966,0.009,174953,128076,186971.83098591544
333978,90829,0.008137931034482758,0.011448275862068966,0.012,182738,116026,186971.83098591544
344100,93580,0.008137931034482758,0.011448275862068966,0.015,181471,105909,186971.83098591544
309096,117265,0.008137931034482758,0.01186206896551724,0.006,176713,140906,183103.44827586203
323665,92155,0.008137931034482758,0.01186206896551724,0.009,180981,126340,183103.44827586203
335613,109823,0.008137931034482758,0.01186206896551724,0.012,175817,114393,183103.44827586203
345293,104165,0.008137931034482758,0.01186206896551724,0.015,176783,104711,183103.44827586203
311408,99535,0.008137931034482758,0.012275862068965518,0.006,177722,138598,179391.89189189184
325482,93773,0.008137931034482758,0.012275862068965518,0.009,178664,124518,179391.89189189184
336939,114412,0.008137931034482758,0.012275862068965518,0.012,172901,113067,179391.89189189184
346642,110946,0.008137931034482758,0.012275862068965518,0.015,173278,103364,179391.89189189184
313495,124399,0.008137931034482758,0.012689655172413793,0.006,170933,136514,175827.81456953642
327281,147797,0.008137931034482758,0.012689655172413793,0.009,164177,122725,175827.81456953642
338449,117230,0.008137931034482758,0.012689655172413793,0.012,170561,111551,175827.81456953642
347741,129698,0.008137931034482758,0.012689655172413793,0.015,166358,102264,175827.81456953642
315560,146349,0.008137931034482758,0.01310344827586207,0.006,164813,134449,172402.5974025974
328924,122566,0.008137931034482758,0.01310344827586207,0.009,168259,121085,172402.5974025974
339776,113894,0.008137931034482758,0.01310344827586207,0.012,169933,110231,172402.5974025974
348875,131234,0.008137931034482758,0.01310344827586207,0.015,164556,101129,172402.5974025974
317625,157312,0.008137931034482758,0.013517241379310345,0.006,160859,132381,169108.28025477706
330515,137026,0.008137931034482758,0.013517241379310345,0.009,163257,119491,169108.28025477706
341138,143292,0.008137931034482758,0.013517241379310345,0.012,160637,108867,169108.28025477706
350028,132142,0.008137931034482758,0.013517241379310345,0.015,162962,99975,169108.28025477706
319486,163677,0.008137931034482758,0.01393103448275862,0.006,157725,130517,165937.5
332072,158419,0.008137931034482758,0.01393103448275862,0.009,156794,117933,165937.5
342446,142900,0.008137931034482758,0.01393103448275862,0.012,159303,107561,165937.5
351258,125082,0.008137931034482758,0.01393103448275862,0.015,163758,98751,165937.5
321364,144071,0.008137931034482758,0.014344827586206896,0.006,159319,128641,162883.43558282207
333731,151858,0.008137931034482758,0.014344827586206896,0.009,156603,116275,162883.43558282207
343742,149694,0.008137931034482758,0.014344827586206896,0.012,156125,106265,162883.43558282207
352246,150002,0.008137931034482758,0.014344827586206896,0.015,155305,97757,162883.43558282207
323259,157039,0.008137931034482758,0.014758620689655172,0.006,155205,126741,159939.75903614456
335245,144679,0.008137931034482758,0.014758620689655172,0.009,156597,114762,159939.75903614456
345082,146625,0.008137931034482758,0.014758620689655172,0.012,155520,104927,159939.75903614456
353411,138380,0.008137931034482758,0.014758620689655172,0.015,157444,96598,159939.75903614456
325048,154092,0.008137931034482758,0.015172413793103448,0.006,153890,124961,157100.5917159763
336710,157583,0.008137931034482758,0.015172413793103448,0.009,152224,113296,157100.5917159763
346242,140759,0.008137931034482758,0.015172413793103448,0.012,155688,103764,157100.5917159763
354369,145751,0.008137931034482758,0.015172413793103448,0.015,154038,95633,157100.5917159763
326820,149087,0.008137931034482758,0.015586206896551724,0.006,152977,123187,154360.46511627905
338053,153578,0.008137931034482758,0.015586206896551724,0.009,151603,111955,154360.46511627905
347442,156051,0.008137931034482758,0.015586206896551724,0.012,150502,102561,154360.46511627905
355360,148904,0.008137931034482758,0.015586206896551724,0.015,152055,94645,154360.46511627905
328530,169000,0.008137931034482758,0.016,0.006,147902,121476,151714.28571428568
339425,157475,0.008137931034482758,0.016,0.009,149232,110577,151714.28571428568
348666,154914,0.008137931034482758,0.016,0.012,149456,101343,151714.28571428568
356475,154872,0.008137931034482758,0.016,0.015,149208,93528,151714.28571428568
242578,8761,0.008551724137931035,0.004,0.006,264428,207422,306593.4065934066
271410,12787,0.008551724137931035,0.004,0.009,254570,178590,306593.4065934066
293182,14785,0.008551724137931035,0.004,0.012,247904,156822,306593.4065934066
310333,14184,0.008551724137931035,0.004,0.015,243767,139667,306593.4065934066
247065,6677,0.008551724137931035,0.004413793103448276,0.006,260497,202935,296808.5106382979
274804,12446,0.008551724137931035,0.004413793103448276,0.009,251225,175202,296808.5106382979
295760,13977,0.008551724137931035,0.004413793103448276,0.012,245347,154242,296808.5106382979
312309,15214,0.008551724137931035,0.004413793103448276,0.015,241051,137693,296808.5106382979
251355,10570,0.008551724137931035,0.004827586206896552,0.006,255329,198650,287628.8659793815
278018,12010,0.008551724137931035,0.004827586206896552,0.009,248000,171988,287628.8659793815
298289,14457,0.008551724137931035,0.004827586206896552,0.012,242505,151712,287628.8659793815
314334,16754,0.008551724137931035,0.004827586206896552,0.015,238210,135671,287628.8659793815
255564,9017,0.008551724137931035,0.005241379310344827,0.006,251624,194436,279000.0
281211,13170,0.008551724137931035,0.005241379310344827,0.009,244462,168793,279000.0
300768,15835,0.008551724137931035,0.005241379310344827,0.012,239376,149240,279000.0
316347,17164,0.008551724137931035,0.005241379310344827,0.015,235799,133653,279000.0
259549,14940,0.008551724137931035,0.005655172413793104,0.006,246276,190457,270873.7864077669
284089,15305,0.008551724137931035,0.005655172413793104,0.009,240718,165915,270873.7864077669
303098,17578,0.008551724137931035,0.005655172413793104,0.012,236256,146906,270873.7864077669
318193,19834,0.008551724137931035,0.005655172413793104,0.015,232691,131814,270873.7864077669
263347,17084,0.008551724137931035,0.006068965517241379,0.006,241962,186653,263207.5471698113
287124,19555,0.008551724137931035,0.006068965517241379,0.009,236494,162878,263207.5471698113
305453,15675,0.008551724137931035,0.006068965517241379,0.012,234333,144547,263207.5471698113
320122,20504,0.008551724137931035,0.006068965517241379,0.015,230307,129884,263207.5471698113
267009,20655,0.008551724137931035,0.006482758620689655,0.006,237480,182992,255963.3027522936
289926,6495,0.008551724137931035,0.006482758620689655,0.009,237064,160076,255963.3027522936
307592,21153,0.008551724137931035,0.006482758620689655,0.012,230145,142411,255963.3027522936
321911,14495,0.008551724137931035,0.006482758620689655,0.015,230208,128095,255963.3027522936
270600,7111,0.008551724137931035,0.006896551724137931,0.006,236812,179406,249107.14285714284
292572,11026,0.008551724137931035,0.006896551724137931,0.009,232931,157436,249107.14285714284
309735,9666,0.008551724137931035,0.006896551724137931,0.012,231184,140269,249107.14285714284
323562,25712,0.008551724137931035,0.006896551724137931,0.015,224407,126445,249107.14285714284
274013,14277,0.008551724137931035,0.007310344827586207,0.006,231734,175993,242608.6956521739
295128,22554,0.008551724137931035,0.007310344827586207,0.009,227048,154877,242608.6956521739
311788,22642,0.008551724137931035,0.007310344827586207,0.012,224945,138216,242608.6956521739
325328,20741,0.008551724137931035,0.007310344827586207,0.015,223991,124681,242608.6956521739
277196,12353,0.008551724137931035,0.007724137931034483,0.006,228761,172806,236440.67796610174
297697,21472,0.008551724137931035,0.007724137931034483,0.009,224573,152310,236440.67796610174
313859,26824,0.008551724137931035,0.007724137931034483,0.012,221360,136149,236440.67796610174
326918,17803,0.008551724137931035,0.007724137931034483,0.015,222947,123085,236440.67796610174
280440,20194,0.008551724137931035,0.008137931034482758,0.006,223837,169565,230578.51239669425
300129,21656,0.008551724137931035,0.008137931034482758,0.009,221803,149878,230578.51239669425
315812,21225,0.008551724137931035,0.008137931034482758,0.012,220722,134194,230578.51239669425
328542,21372,0.008551724137931035,0.008137931034482758,0.015,219820,121458,230578.51239669425
283394,30534,0.008551724137931035,0.008551724137931035,0.006,218552,166607,225000.0
302570,21112,0.008551724137931035,0.008551724137931035,0.009,219320,147430,225000.0
317703,26454,0.008551724137931035,0.008551724137931035,0.012,216998,132301,225000.0
330179,22983,0.008551724137931035,0.008551724137931035,0.015,217375,119824,225000.0
286402,31599,0.008551724137931035,0.00896551724137931,0.006,215272,163604,219685.03937007874
304864,43919,0.008551724137931035,0.00896551724137931,0.009,211076,145144,219685.03937007874
319569,41165,0.008551724137931035,0.00896551724137931,0.012,210649,130436,219685.03937007874
331608,39422,0.008551724137931035,0.00896551724137931,0.015,210338,118399,219685.03937007874
289132,49849,0.008551724137931035,0.009379310344827585,0.006,208652,160870,214615.38461538465
307156,50528,0.008551724137931035,0.009379310344827585,0.009,206999,142850,214615.38461538465
321372,45416,0.008551724137931035,0.009379310344827585,0.012,207374,128633,214615.38461538465
333093,50141,0.008551724137931035,0.009379310344827585,0.015,205209,116911,214615.38461538465
291942,72566,0.008551724137931035,0.009793103448275862,0.006,201346,158064,209774.4360902256
309279,70811,0.008551724137931035,0.009793103448275862,0.009,199638,140729,209774.4360902256
323121,58508,0.008551724137931035,0.009793103448275862,0.012,201647,126886,209774.4360902256
334629,57507,0.008551724137931035,0.009793103448275862,0.015,201171,115373,209774.4360902256
294605,76012,0.008551724137931035,0.010206896551724139,0.006,197925,155400,205147.0588235294
311307,86279,0.008551724137931035,0.010206896551724139,0.009,193604,138698,205147.0588235294
324827,78291,0.008551724137931035,0.010206896551724139,0.012,194126,125177,205147.0588235294
335958,79013,0.008551724137931035,0.010206896551724139,0.015,192829,114044,205147.0588235294
297046,81885,0.008551724137931035,0.010620689655172414,0.006,194154,152959,200719.42446043168
313405,84220,0.008551724137931035,0.010620689655172414,0.009,191944,136604,200719.42446043168
326468,77053,0.008551724137931035,0.010620689655172414,0.012,192633,123538,200719.42446043168
337334,78808,0.008551724137931035,0.010620689655172414,0.015,191285,112671,200719.42446043168
299627,96054,0.008551724137931035,0.011034482758620689,0.006,188971,150379,196478.87323943665
315423,96861,0.008551724137931035,0.011034482758620689,0.009,186774,134582,196478.87323943665
328126,90827,0.008551724137931035,0.011034482758620689,0.012,186982,121876,196478.87323943665
338781,76327,0.008551724137931035,0.011034482758620689,0.015,190410,111222,196478.87323943665
301913,87645,0.008551724137931035,0.011448275862068966,0.006,188097,148091,192413.79310344823
317243,85727,0.008551724137931035,0.011448275862068966,0.009,187398,132762,192413.79310344823
329686,90053,0.008551724137931035,0.011448275862068966,0.012,185451,120319,192413.79310344823
340003,90092,0.008551724137931035,0.011448275862068966,0.015,184718,110003,192413.79310344823
304234,125000,0.008551724137931035,0.01186206896551724,0.006,178740,145770,188513.51351351352
319081,95375,0.008551724137931035,0.01186206896551724,0.009,183093,130924,188513.51351351352
331226,89247,0.008551724137931035,0.01186206896551724,0.012,183930,118779,188513.51351351352
341296,99521,0.008551724137931035,0.01186206896551724,0.015,180386,108706,188513.51351351352
306469,130559,0.008551724137931035,0.012275862068965518,0.006,175481,143536,184768.2119205298
320967,119391,0.008551724137931035,0.012275862068965518,0.009,175579,129033,184768.2119205298
332745,107519,0.008551724137931035,0.012275862068965518,0.012,177318,117263,184768.2119205298
342605,85398,0.008551724137931035,0.012275862068965518,0.015,183102,107404,184768.2119205298
308648,98050,0.008551724137931035,0.012689655172413793,0.006,179203,141355,181168.83116883118
322757,109609,0.008551724137931035,0.012689655172413793,0.009,176006,127243,181168.83116883118
334178,123478,0.008551724137931035,0.012689655172413793,0.012,171522,115828,181168.83116883118
343768,114249,0.008551724137931035,0.012689655172413793,0.015,173107,106237,181168.83116883118
310765,123792,0.008551724137931035,0.01310344827586207,0.006,172447,139241,177707.00636942673
324514,107986,0.008551724137931035,0.01310344827586207,0.009,174475,125491,177707.00636942673
335657,125159,0.008551724137931035,0.01310344827586207,0.012,169482,114343,177707.00636942673
344957,122597,0.008551724137931035,0.01310344827586207,0.015,169368,105046,177707.00636942673
312831,146631,0.008551724137931035,0.013517241379310345,0.006,166319,137174,174375.00000000003
326139,152743,0.008551724137931035,0.013517241379310345,0.009,162676,123861,174375.00000000003
336967,118743,0.008551724137931035,0.013517241379310345,0.012,169623,113037,174375.00000000003
346130,114854,0.008551724137931035,0.013517241379310345,0.015,170226,103877,174375.00000000003
314927,147111,0.008551724137931035,0.01393103448275862,0.006,164140,135079,171165.64417177916
327767,135265,0.008551724137931035,0.01393103448275862,0.009,164876,122242,171165.64417177916
338424,130364,0.008551724137931035,0.01393103448275862,0.012,165103,111584,171165.64417177916
347383,125232,0.008551724137931035,0.01393103448275862,0.015,165919,102623,171165.64417177916
316760,153399,0.008551724137931035,0.014344827586206896,0.006,161097,133247,168072.2891566265
329273,119814,0.008551724137931035,0.014344827586206896,0.009,166578,120734,168072.2891566265
339680,132079,0.008551724137931035,0.014344827586206896,0.012,163209,110321,168072.2891566265
348413,138473,0.008551724137931035,0.014344827586206896,0.015,160871,101593,168072.2891566265
318751,163166,0.008551724137931035,0.014758620689655172,0.006,157678,131252,165088.75739644974
330937,150014,0.008551724137931035,0.014758620689655172,0.009,158361,119069,165088.75739644974
341002,123822,0.008551724137931035,0.014758620689655172,0.012,163882,109007,165088.75739644974
349535,140432,0.008551724137931035,0.014758620689655172,0.015,159077,100465,165088.75739644974
320533,154027,0.008551724137931035,0.015172413793103448,0.006,157314,129476,162209.30232558138
332348,139544,0.008551724137931035,0.015172413793103448,0.009,159015,117659,162209.30232558138
342206,151785,0.008551724137931035,0.015172413793103448,0.012,155429,107801,162209.30232558138
350625,137056,0.008551724137931035,0.015172413793103448,0.015,158814,99384,162209.30232558138
322255,174080,0.008551724137931035,0.015586206896551724,0.006,152221,127750,159428.57142857142
333799,137797,0.008551724137931035,0.015586206896551724,0.009,157841,116208,159428.57142857142
343452,140851,0.008551724137931035,0.015586206896551724,0.012,156874,106550,159428.57142857142
351630,163858,0.008551724137931035,0.015586206896551724,0.015,150150,98375,159428.57142857142
323991,189229,0.008551724137931035,0.016,0.006,147880,126014,156741.57303370786
335274,158147,0.008551724137931035,0.016,0.009,152014,114734,156741.57303370786
344706,149560,0.008551724137931035,0.016,0.012,153354,105303,156741.57303370786
352640,154144,0.008551724137931035,0.016,0.015,151693,97367,156741.57303370786
237292,6035,0.00896551724137931,0.004,0.006,268124,212711,311170.21276595746
266362,11088,0.00896551724137931,0.004,0.009,257676,183639,311170.21276595746
288392,9808,0.00896551724137931,0.004,0.012,251753,161608,311170.21276595746
305670,12541,0.00896551724137931,0.004,0.015,246291,144334,311170.21276595746
241752,7571,0.00896551724137931,0.004413793103448276,0.006,263406,208248,301546.3917525773
269710,10987,0.00896551724137931,0.004413793103448276,0.009,254220,180295,301546.3917525773
290956,13450,0.00896551724137931,0.004413793103448276,0.012,247779,159046,301546.3917525773
307796,13000,0.00896551724137931,0.004413793103448276,0.015,243775,142211,301546.3917525773
246152,7433,0.00896551724137931,0.004827586206896552,0.006,259168,203854,292500.0
273007,12234,0.00896551724137931,0.004827586206896552,0.009,250538,176999,292500.0
293527,13142,0.00896551724137931,0.004827586206896552,0.012,245212,156478,292500.0
309843,15201,0.00896551724137931,0.004827586206896552,0.015,240716,140160,292500.0
250238,12454,0.00896551724137931,0.005241379310344827,0.006,254007,199762,283980.58252427186
276111,12622,0.00896551724137931,0.005241379310344827,0.009,247225,173891,283980.58252427186
296006,17453,0.00896551724137931,0.005241379310344827,0.012,241174,154001,283980.58252427186
311822,15126,0.00896551724137931,0.005241379310344827,0.015,238454,138185,283980.58252427186
254283,10465,0.00896551724137931,0.005655172413793104,0.006,250436,195718,275943.3962264151
279128,13725,0.00896551724137931,0.005655172413793104,0.009,243798,170877,275943.3962264151
298379,17128,0.00896551724137931,0.005655172413793104,0.012,238691,151626,275943.3962264151
313749,18479,0.00896551724137931,0.005655172413793104,0.015,235143,136253,275943.3962264151
258120,11103,0.00896551724137931,0.006068965517241379,0.006,246465,191881,268348.62385321106
282057,16972,0.00896551724137931,0.006068965517241379,0.009,239864,167948,268348.62385321106
300784,18872,0.00896551724137931,0.006068965517241379,0.012,235595,149222,268348.62385321106
315719,20063,0.00896551724137931,0.006068965517241379,0.015,232470,134286,268348.62385321106
261900,16089,0.00896551724137931,0.006482758620689655,0.006,241668,188106,261160.7142857143
284895,16699,0.00896551724137931,0.006482758620689655,0.009,236973,165109,261160.7142857143
302942,19628,0.00896551724137931,0.006482758620689655,0.012,232906,147062,261160.7142857143
317538,20108,0.00896551724137931,0.006482758620689655,0.015,230355,132468,261160.7142857143
265445,14341,0.00896551724137931,0.006896551724137931,0.006,238462,184555,254347.82608695654
287763,10072,0.00896551724137931,0.006896551724137931,0.009,235779,162240,254347.82608695654
305136,22247,0.00896551724137931,0.006896551724137931,0.012,229705,144868,254347.82608695654
319215,23922,0.00896551724137931,0.006896551724137931,0.015,227012,130790,254347.82608695654
268793,12276,0.00896551724137931,0.007310344827586207,0.006,235374,181209,247881.35593220333
290371,12528,0.00896551724137931,0.007310344827586207,0.009,232291,159629,247881.35593220333
307360,17247,0.00896551724137931,0.007310344827586207,0.012,228828,142646,247881.35593220333
321023,17751,0.00896551724137931,0.007310344827586207,0.015,226993,128986,247881.35593220333
272102,12755,0.00896551724137931,0.007724137931034483,0.006,231877,177901,241735.53719008263
292872,11518,0.00896551724137931,0.007724137931034483,0.009,229790,157133,241735.53719008263
309369,12975,0.00896551724137931,0.007724137931034483,0.012,227674,140640,241735.53719008263
322612,18601,0.00896551724137931,0.007724137931034483,0.015,224671,127391,241735.53719008263
275289,15041,0.00896551724137931,0.008137931034482758,0.006,228125,174715,235887.09677419355
295400,23632,0.00896551724137931,0.008137931034482758,0.009,224003,154603,235887.09677419355
311420,16171,0.00896551724137931,0.008137931034482758,0.012,224483,138583,235887.09677419355
324277,25912,0.00896551724137931,0.008137931034482758,0.015,220388,125728,235887.09677419355
278426,16814,0.00896551724137931,0.008551724137931035,0.006,224551,171579,230314.9606299213
297817,19665,0.00896551724137931,0.008551724137931035,0.009,222397,152184,230314.9606299213
313360,21857,0.00896551724137931,0.008551724137931035,0.012,220622,136645,230314.9606299213
325881,27300,0.00896551724137931,0.008551724137931035,0.015,218029,124122,230314.9606299213
281326,20907,0.00896551724137931,0.00896551724137931,0.006,220648,168677,225000.0
300229,23338,0.00896551724137931,0.00896551724137931,0.009,218910,149777,225000.0
315211,28709,0.00896551724137931,0.00896551724137931,0.012,216531,134789,225000.0
327534,26605,0.00896551724137931,0.00896551724137931,0.015,216369,122468,225000.0
284321,29005,0.00896551724137931,0.009379310344827585,0.006,216073,165680,219924.8120300752
302465,36559,0.00896551724137931,0.009379310344827585,0.009,213227,147544,219924.8120300752
316987,43312,0.00896551724137931,0.009379310344827585,0.012,210271,133015,219924.8120300752
329017,37645,0.00896551724137931,0.009379310344827585,0.015,211160,120991,219924.8120300752
286974,62858,0.00896551724137931,0.009793103448275862,0.006,206528,163029,215073.5294117647
304677,49012,0.00896551724137931,0.009793103448275862,0.009,207765,145330,215073.5294117647
318755,45604,0.00896551724137931,0.009793103448275862,0.012,207627,131249,215073.5294117647
330443,51080,0.00896551724137931,0.009793103448275862,0.015,205236,119562,215073.5294117647
289700,73397,0.00896551724137931,0.010206896551724139,0.006,201796,160308,210431.654676259
306792,48029,0.00896551724137931,0.010206896551724139,0.009,205701,143216,210431.654676259
320514,63819,0.00896551724137931,0.010206896551724139,0.012,200559,129490,210431.654676259
331892,60791,0.00896551724137931,0.010206896551724139,0.015,200576,118115,210431.654676259
292265,77169,0.00896551724137931,0.010620689655172414,0.006,198413,157737,205985.91549295778
308898,81067,0.00896551724137931,0.010620689655172414,0.009,195487,141103,205985.91549295778
322226,72531,0.00896551724137931,0.010620689655172414,0.012,196269,127777,205985.91549295778
333329,77825,0.00896551724137931,0.010620689655172414,0.015,193736,116671,205985.91549295778
294734,65794,0.00896551724137931,0.011034482758620689,0.006,198001,155272,201724.1379310345
310846,102120,0.00896551724137931,0.011034482758620689,0.009,188343,139162,201724.1379310345
323863,90012,0.00896551724137931,0.011034482758620689,0.012,189711,126139,201724.1379310345
334677,70235,0.00896551724137931,0.011034482758620689,0.015,194383,115328,201724.1379310345
297236,77570,0.00896551724137931,0.011448275862068966,0.006,193239,152773,197635.1351351351
312749,113356,0.00896551724137931,0.011448275862068966,0.009,183759,137255,197635.1351351351
325559,95850,0.00896551724137931,0.011448275862068966,0.012,186271,124450,197635.1351351351
336069,88659,0.00896551724137931,0.011448275862068966,0.015,187302,113931,197635.1351351351
299555,103360,0.00896551724137931,0.01186206896551724,0.006,186110,150450,193708.60927152316
314776,84913,0.00896551724137931,0.01186206896551724,0.009,188387,135226,193708.60927152316
327047,86920,0.00896551724137931,0.01186206896551724,0.012,186975,122958,193708.60927152316
337430,95883,0.00896551724137931,0.01186206896551724,0.015,183668,112578,193708.60927152316
301827,111961,0.00896551724137931,0.012275862068965518,0.006,182228,148177,189935.0649350649
316635,120574,0.00896551724137931,0.012275862068965518,0.009,178178,133371,189935.0649350649
328667,103356,0.00896551724137931,0.012275862068965518,0.012,180859,121335,189935.0649350649
338631,100520,0.00896551724137931,0.012275862068965518,0.015,180805,111375,189935.0649350649
304043,112791,0.00896551724137931,0.012689655172413793,0.006,179807,145962,186305.73248407643
318441,109299,0.00896551724137931,0.012689655172413793,0.009,178852,131562,186305.73248407643
330126,103452,0.00896551724137931,0.012689655172413793,0.012,179244,119874,186305.73248407643
339891,97360,0.00896551724137931,0.012689655172413793,0.015,180306,110114,186305.73248407643
306215,108681,0.00896551724137931,0.01310344827586207,0.006,178480,143792,182812.5
320087,109226,0.00896551724137931,0.01310344827586207,0.009,177051,129917,182812.5
331507,107443,0.00896551724137931,0.01310344827586207,0.012,176610,118500,182812.5
341209,102769,0.00896551724137931,0.01310344827586207,0.015,177278,108797,182812.5
308395,126341,0.00896551724137931,0.013517241379310345,0.006,173175,141608,179447.8527607362
321813,123267,0.00896551724137931,0.013517241379310345,0.009,172124,128195,179447.8527607362
332975,114989,0.00896551724137931,0.013517241379310345,0.012,173076,117033,179447.8527607362
342301,105390,0.00896551724137931,0.013517241379310345,0.015,175150,107706,179447.8527607362
310323,149754,0.00896551724137931,0.01393103448275862,0.006,167180,139681,176204.81927710844
323551,134076,0.00896551724137931,0.01393103448275862,0.009,168041,126455,176204.81927710844
334335,109950,0.00896551724137931,0.01393103448275862,0.012,172804,115670,176204.81927710844
343578,116988,0.00896551724137931,0.01393103448275862,0.015,170478,106431,176204.81927710844
312395,140573,0.00896551724137931,0.014344827586206896,0.006,166677,137607,173076.9230769231
325077,115468,0.00896551724137931,0.014344827586206896,0.009,170363,124927,173076.9230769231
335706,134212,0.00896551724137931,0.014344827586206896,0.012,165179,114302,173076.9230769231
344647,117276,0.00896551724137931,0.014344827586206896,0.015,169057,105358,173076.9230769231
314231,117278,0.00896551724137931,0.014758620689655172,0.006,168692,135777,170058.13953488372
326644,117464,0.00896551724137931,0.014758620689655172,0.009,168230,123360,170058.13953488372
337018,123027,0.00896551724137931,0.014758620689655172,0.012,166564,112987,170058.13953488372
345780,125652,0.00896551724137931,0.014758620689655172,0.015,165486,104222,170058.13953488372
316074,138116,0.00896551724137931,0.015172413793103448,0.006,163269,133931,167142.85714285713
328198,143004,0.00896551724137931,0.015172413793103448,0.009,161145,121807,167142.85714285713
338408,126286,0.00896551724137931,0.015172413793103448,0.012,164305,111597,167142.85714285713
346857,134360,0.00896551724137931,0.015172413793103448,0.015,161708,103150,167142.85714285713
317893,130416,0.00896551724137931,0.015586206896551724,0.006,162719,132112,164325.8426966292
329725,154675,0.00896551724137931,0.015586206896551724,0.009,157107,120283,164325.8426966292
339639,130065,0.00896551724137931,0.015586206896551724,0.012,161989,110361,164325.8426966292
347978,129441,0.00896551724137931,0.015586206896551724,0.015,161883,102031,164325.8426966292
319652,139876,0.00896551724137931,0.016,0.006,159439,130353,161602.20994475135
331198,161544,0.00896551724137931,0.016,0.009,154136,118802,161602.20994475135
340810,145657,0.00896551724137931,0.016,0.012,156751,109195,161602.20994475135
349009,138491,0.00896551724137931,0.016,0.015,158206,100998,161602.20994475135
232119,5150,0.009379310344827585,0.004,0.006,271336,217884,315463.91752577317
261347,7823,0.009379310344827585,0.004,0.009,261079,188658,315463.91752577317
283618,9624,0.009379310344827585,0.004,0.012,253984,166386,315463.91752577317
301215,12020,0.009379310344827585,0.004,0.015,248402,148790,315463.91752577317
236686,7026,0.009379310344827585,0.004413793103448276,0.006,266540,213317,305999.99999999994
264745,8926,0.009379310344827585,0.004413793103448276,0.009,257375,185259,305999.99999999994
286391,12309,0.009379310344827585,0.004413793103448276,0.012,250344,163615,305999.99999999994
303455,13304,0.009379310344827585,0.004413793103448276,0.015,245626,146547,305999.99999999994
241109,6601,0.009379310344827585,0.004827586206896552,0.006,262441,208896,297087.3786407767
268102,10839,0.009379310344827585,0.004827586206896552,0.009,253526,181903,297087.3786407767
288871,12283,0.009379310344827585,0.004827586206896552,0.012,247654,161133,297087.3786407767
305423,13747,0.009379310344827585,0.004827586206896552,0.015,243154,144581,297087.3786407767
245217,9396,0.009379310344827585,0.005241379310344827,0.006,257703,204786,288679.2452830188
271268,11384,0.009379310344827585,0.005241379310344827,0.009,250160,178734,288679.2452830188
291375,15857,0.009379310344827585,0.005241379310344827,0.012,243868,158628,288679.2452830188
307467,17737,0.009379310344827585,0.005241379310344827,0.015,239560,142536,288679.2452830188
249248,8471,0.009379310344827585,0.005655172413793104,0.006,253940,200753,280733.9449541284
274422,12137,0.009379310344827585,0.005655172413793104,0.009,246802,175582,280733.9449541284
293845,14409,0.009379310344827585,0.005655172413793104,0.012,241736,156157,280733.9449541284
309432,18515,0.009379310344827585,0.005655172413793104,0.015,237101,140573,280733.9449541284
253159,11196,0.009379310344827585,0.006068965517241379,0.006,249495,196845,273214.2857142857
277369,16318,0.009379310344827585,0.006068965517241379,0.009,242608,172637,273214.2857142857
296162,16132,0.009379310344827585,0.006068965517241379,0.012,238692,153843,273214.2857142857
311335,17927,0.009379310344827585,0.006068965517241379,0.015,235144,138667,273214.2857142857
256846,14242,0.009379310344827585,0.006482758620689655,0.006,245155,193155,266086.95652173914
280267,15894,0.009379310344827585,0.006482758620689655,0.009,239745,169739,266086.95652173914
298436,15541,0.009379310344827585,0.006482758620689655,0.012,236372,151566,266086.95652173914
313176,20985,0.009379310344827585,0.006482758620689655,0.015,232008,136830,266086.95652173914
260443,15607,0.009379310344827585,0.006896551724137931,0.006,241307,189562,259322.03389830506
283000,16953,0.009379310344827585,0.006896551724137931,0.009,236591,167005,259322.03389830506
300651,20661,0.009379310344827585,0.006896551724137931,0.012,232429,149352,259322.03389830506
314968,18680,0.009379310344827585,0.006896551724137931,0.015,230686,135036,259322.03389830506
263935,13821,0.009379310344827585,0.007310344827586207,0.006,238155,186065,252892.56198347104
285644,19216,0.009379310344827585,0.007310344827586207,0.009,233177,164361,252892.56198347104
302875,20764,0.009379310344827585,0.007310344827586207,0.012,230074,147133,252892.56198347104
316758,20310,0.009379310344827585,0.007310344827586207,0.015,228104,133247,252892.56198347104
267236,15608,0.009379310344827585,0.007724137931034483,0.006,234397,182769,246774.19354838703
288281,12184,0.009379310344827585,0.007724137931034483,0.009,232234,161725,246774.19354838703
305012,9393,0.009379310344827585,0.007724137931034483,0.012,231025,144994,246774.19354838703
318504,23335,0.009379310344827585,0.007724137931034483,0.015,225174,131504,246774.19354838703
270452,13083,0.009379310344827585,0.008137931034482758,0.006,231636,179549,240944.88188976378
290822,14833,0.009379310344827585,0.008137931034482758,0.009,228858,159186,240944.88188976378
306940,20002,0.009379310344827585,0.008137931034482758,0.012,225670,143066,240944.88188976378
320186,18603,0.009379310344827585,0.008137931034482758,0.015,224711,129821,240944.88188976378
273567,11814,0.009379310344827585,0.008551724137931035,0.006,228638,176435,235384.6153846154
293314,15614,0.009379310344827585,0.008551724137931035,0.009,226026,156688,235384.6153846154
308902,16322,0.009379310344827585,0.008551724137931035,0.012,224479,141101,235384.6153846154
321787,20222,0.009379310344827585,0.008551724137931035,0.015,222260,128216,235384.6153846154
276541,16531,0.009379310344827585,0.00896551724137931,0.006,224590,173462,230075.1879699248
295664,18165,0.009379310344827585,0.00896551724137931,0.009,222786,154342,230075.1879699248
310845,21435,0.009379310344827585,0.00896551724137931,0.012,220820,139156,230075.1879699248
323391,20967,0.009379310344827585,0.00896551724137931,0.015,220095,126611,230075.1879699248
279441,31032,0.009379310344827585,0.009379310344827585,0.006,218801,170563,225000.0
297939,23273,0.009379310344827585,0.009379310344827585,0.009,219051,152066,225000.0
312795,22448,0.009379310344827585,0.009379310344827585,0.012,218333,137214,225000.0
324909,26655,0.009379310344827585,0.009379310344827585,0.015,216465,125095,225000.0
282340,40386,0.009379310344827585,0.009793103448275862,0.006,214120,167666,220143.88489208632
300197,35646,0.009379310344827585,0.009793103448275862,0.009,213668,149809,220143.88489208632
314641,34504,0.009379310344827585,0.009793103448275862,0.012,213048,135362,220143.88489208632
326437,44451,0.009379310344827585,0.009793103448275862,0.015,209286,123568,220143.88489208632
284960,57172,0.009379310344827585,0.010206896551724139,0.006,208141,165043,215492.95774647887
302283,45020,0.009379310344827585,0.010206896551724139,0.009,209096,147721,215492.95774647887
316306,41195,0.009379310344827585,0.010206896551724139,0.012,209193,133701,215492.95774647887
327974,50772,0.009379310344827585,0.010206896551724139,0.015,205593,122031,215492.95774647887
287678,67115,0.009379310344827585,0.010620689655172414,0.006,203602,162328,211034.48275862067
304395,80203,0.009379310344827585,0.010620689655172414,0.009,198434,145609,211034.48275862067
318054,55074,0.009379310344827585,0.010620689655172414,0.012,203438,131951,211034.48275862067
329362,65837,0.009379310344827585,0.010620689655172414,0.015,199432,120645,211034.48275862067
290193,80056,0.009379310344827585,0.011034482758620689,0.006,198649,159814,206756.75675675675
306474,56487,0.009379310344827585,0.011034482758620689,0.009,201941,143526,206756.75675675675
319772,69317,0.009379310344827585,0.011034482758620689,0.012,197659,130228,206756.75675675675
330818,62558,0.009379310344827585,0.011034482758620689,0.015,198761,119182,206756.75675675675
292635,84260,0.009379310344827585,0.011448275862068966,0.006,195255,157370,202649.00662251652
308452,84204,0.009379310344827585,0.011448275862068966,0.009,193294,141555,202649.00662251652
321461,82524,0.009379310344827585,0.011448275862068966,0.012,192291,128547,202649.00662251652
332147,83685,0.009379310344827585,0.011448275862068966,0.015,190882,117858,202649.00662251652
294996,85152,0.009379310344827585,0.01186206896551724,0.006,192727,155009,198701.29870129869
310368,87041,0.009379310344827585,0.01186206896551724,0.009,190611,139636,198701.29870129869
322944,100456,0.009379310344827585,0.01186206896551724,0.012,185764,127061,198701.29870129869
333493,86663,0.009379310344827585,0.01186206896551724,0.015,188442,116512,198701.29870129869
297310,117718,0.009379310344827585,0.012275862068965518,0.006,184487,152694,194904.45859872608
312252,93961,0.009379310344827585,0.012275862068965518,0.009,187015,137752,194904.45859872608
324572,91950,0.009379310344827585,0.012275862068965518,0.012,186334,125428,194904.45859872608
334886,92826,0.009379310344827585,0.012275862068965518,0.015,185216,115123,194904.45859872608
299573,103104,0.009379310344827585,0.012689655172413793,0.006,184783,150432,191250.0
314108,115132,0.009379310344827585,0.012689655172413793,0.009,180408,135899,191250.0
326037,108586,0.009379310344827585,0.012689655172413793,0.012,180358,123968,191250.0
336126,104777,0.009379310344827585,0.012689655172413793,0.015,180280,113874,191250.0
301845,132493,0.009379310344827585,0.01310344827586207,0.006,177521,148161,187730.06134969322
315892,111360,0.009379310344827585,0.01310344827586207,0.009,179361,134113,187730.06134969322
327562,101661,0.009379310344827585,0.01310344827586207,0.012,180466,122443,187730.06134969322
337349,102042,0.009379310344827585,0.01310344827586207,0.015,179641,112656,187730.06134969322
303862,111893,0.009379310344827585,0.013517241379310345,0.006,178963,146139,184337.34939759035
317631,125767,0.009379310344827585,0.013517241379310345,0.009,174427,132374,184337.34939759035
329064,108535,0.009379310344827585,0.013517241379310345,0.012,177147,120936,184337.34939759035
338614,109228,0.009379310344827585,0.013517241379310345,0.015,176183,111386,184337.34939759035
305985,112207,0.009379310344827585,0.01393103448275862,0.006,176777,144023,181065.08875739644
319367,112291,0.009379310344827585,0.01393103448275862,0.009,175540,130642,181065.08875739644
330448,126376,0.009379310344827585,0.01393103448275862,0.012,171068,119559,181065.08875739644
339783,103042,0.009379310344827585,0.01393103448275862,0.015,176588,110222,181065.08875739644
307945,136506,0.009379310344827585,0.014344827586206896,0.006,170661,142059,177906.97674418602
320965,129064,0.009379310344827585,0.014344827586206896,0.009,170241,129040,177906.97674418602
331821,119967,0.009379310344827585,0.014344827586206896,0.012,171269,118180,177906.97674418602
340964,108692,0.009379310344827585,0.014344827586206896,0.015,173616,109041,177906.97674418602
309877,114894,0.009379310344827585,0.014758620689655172,0.006,172308,140126,174857.14285714284
322552,153161,0.009379310344827585,0.014758620689655172,0.009,163431,127454,174857.14285714284
333212,120419,0.009379310344827585,0.014758620689655172,0.012,169634,116788,174857.14285714284
342208,127722,0.009379310344827585,0.014758620689655172,0.015,167028,107796,174857.14285714284
311777,139204,0.009379310344827585,0.015172413793103448,0.006,166360,138224,171910.11235955052
324191,140428,0.009379310344827585,0.015172413793103448,0.009,164543,125818,171910.11235955052
334481,136320,0.009379310344827585,0.015172413793103448,0.012,164284,115524,171910.11235955052
343237,113665,0.009379310344827585,0.015172413793103448,0.015,169639,106768,171910.11235955052
313721,140275,0.009379310344827585,0.015586206896551724,0.006,164313,136286,169060.77348066296
325785,149712,0.009379310344827585,0.015586206896551724,0.009,160913,124220,169060.77348066296
335797,141663,0.009379310344827585,0.015586206896551724,0.012,161517,114211,169060.77348066296
344378,125976,0.009379310344827585,0.015586206896551724,0.015,164998,105631,169060.77348066296
315420,164687,0.009379310344827585,0.016,0.006,158638,134587,166304.34782608692
327155,144348,0.009379310344827585,0.016,0.009,160541,122850,166304.34782608692
337033,121599,0.009379310344827585,0.016,0.012,165109,112970,166304.34782608692
345423,144093,0.009379310344827585,0.016,0.015,158835,104584,166304.34782608692
227319,4254,0.009793103448275862,0.004,0.006,274347,222682,319500.0
256617,7324,0.009793103448275862,0.004,0.009,263612,193384,319500.0
279175,11198,0.009793103448275862,0.004,0.012,255620,170831,319500.0
296889,10887,0.009793103448275862,0.004,0.015,250672,153116,319500.0
231805,6560,0.009793103448275862,0.004413793103448276,0.006,269498,218197,310194.17475728155
260053,9220,0.009793103448275862,0.004413793103448276,0.009,259732,189948,310194.17475728155
281843,12641,0.009793103448275862,0.004413793103448276,0.012,252390,168163,310194.17475728155
299103,12986,0.009793103448275862,0.004413793103448276,0.015,247617,150897,310194.17475728155
236200,6985,0.009793103448275862,0.004827586206896552,0.006,265186,213803,301415.09433962265
263344,9224,0.009793103448275862,0.004827586206896552,0.009,256420,186659,301415.09433962265
284456,11486,0.009793103448275862,0.004827586206896552,0.012,250062,165544,301415.09433962265
301173,14185,0.009793103448275862,0.004827586206896552,0.015,244907,148832,301415.09433962265
240388,7163,0.009793103448275862,0.005241379310344827,0.006,261097,209615,293119.2660550459
266644,9360,0.009793103448275862,0.005241379310344827,0.009,253165,183356,293119.2660550459
286965,12799,0.009793103448275862,0.005241379310344827,0.012,246980,163035,293119.2660550459
303213,15087,0.009793103448275862,0.005241379310344827,0.015,242356,146791,293119.2660550459
244433,8797,0.009793103448275862,0.005655172413793104,0.006,256803,205570,285267.8571428571
269677,12583,0.009793103448275862,0.005655172413793104,0.009,249196,180324,285267.8571428571
289483,15242,0.009793103448275862,0.005655172413793104,0.012,243684,160520,285267.8571428571
305212,16836,0.009793103448275862,0.005655172413793104,0.015,239577,144790,285267.8571428571
248448,12577,0.009793103448275862,0.006068965517241379,0.006,252191,201555,277826.0869565217
272713,12749,0.009793103448275862,0.006068965517241379,0.009,246095,177292,277826.0869565217
291868,16131,0.009793103448275862,0.006068965517241379,0.012,240860,158134,277826.0869565217
307133,16474,0.009793103448275862,0.006068965517241379,0.015,237550,142870,277826.0869565217
252126,12196,0.009793103448275862,0.006482758620689655,0.006,248535,197876,270762.71186440677
275641,14844,0.009793103448275862,0.006482758620689655,0.009,242537,174359,270762.71186440677
294080,17465,0.009793103448275862,0.006482758620689655,0.012,237977,155924,270762.71186440677
309044,17478,0.009793103448275862,0.006482758620689655,0.015,235112,140961,270762.71186440677
255683,13425,0.009793103448275862,0.006896551724137931,0.006,244732,194320,264049.58677685953
278425,15211,0.009793103448275862,0.006896551724137931,0.009,239577,171582,264049.58677685953
296346,17383,0.009793103448275862,0.006896551724137931,0.012,235583,153657,264049.58677685953
310948,17539,0.009793103448275862,0.006896551724137931,0.015,232976,139060,264049.58677685953
259192,16154,0.009793103448275862,0.007310344827586207,0.006,240691,190809,257661.29032258064
281187,15972,0.009793103448275862,0.007310344827586207,0.009,236545,168813,257661.29032258064
298506,6638,0.009793103448275862,0.007310344827586207,0.012,236367,151498,257661.29032258064
312652,23881,0.009793103448275862,0.007310344827586207,0.015,228935,137351,257661.29032258064
262538,14486,0.009793103448275862,0.007724137931034483,0.006,237655,187466,251574.80314960628
283739,20898,0.009793103448275862,0.007724137931034483,0.009,232574,166264,251574.80314960628
300646,10022,0.009793103448275862,0.007724137931034483,0.012,233019,149355,251574.80314960628
314463,21666,0.009793103448275862,0.007724137931034483,0.015,227622,135545,251574.80314960628
265829,14147,0.009793103448275862,0.008137931034482758,0.006,234417,184176,245769.2307692308
286326,18981,0.009793103448275862,0.008137931034482758,0.009,230354,163679,245769.2307692308
302708,22723,0.009793103448275862,0.008137931034482758,0.012,227080,147297,245769.2307692308
316119,14727,0.009793103448275862,0.008137931034482758,0.015,227831,133885,245769.2307692308
268893,15584,0.009793103448275862,0.008551724137931035,0.006,230907,181110,240225.56390977444
288791,17792,0.009793103448275862,0.008551724137931035,0.009,228026,161214,240225.56390977444
304705,25800,0.009793103448275862,0.008551724137931035,0.012,224002,145296,240225.56390977444
317880,17744,0.009793103448275862,0.008551724137931035,0.015,224963,132123,240225.56390977444
271927,15996,0.009793103448275862,0.00896551724137931,0.006,227731,178077,234926.4705882353
291174,17764,0.009793103448275862,0.00896551724137931,0.009,225459,158831,234926.4705882353
306671,26196,0.009793103448275862,0.00896551724137931,0.012,221723,143334,234926.4705882353
319453,18185,0.009793103448275862,0.00896551724137931,0.015,222889,130547,234926.4705882353
274857,17086,0.009793103448275862,0.009379310344827585,0.006,224509,175145,229856.11510791368
293551,17942,0.009793103448275862,0.009379310344827585,0.009,222915,156449,229856.11510791368
308557,18753,0.009793103448275862,0.009379310344827585,0.012,221730,141444,229856.11510791368
320989,19723,0.009793103448275862,0.009379310344827585,0.015,220579,129016,229856.11510791368
277726,20584,0.009793103448275862,0.009793103448275862,0.006,220911,172276,225000.0
295795,22963,0.009793103448275862,0.009793103448275862,0.009,219240,154206,225000.0
310420,22013,0.009793103448275862,0.009793103448275862,0.012,218598,139584,225000.0
322533,31534,0.009793103448275862,0.009793103448275862,0.015,215150,127472,225000.0
280436,45047,0.009793103448275862,0.010206896551724139,0.006,213531,169569,220344.8275862069
297958,43371,0.009793103448275862,0.010206896551724139,0.009,212052,152045,220344.8275862069
312327,36239,0.009793103448275862,0.010206896551724139,0.012,212769,137676,220344.8275862069
324039,35254,0.009793103448275862,0.010206896551724139,0.015,212305,125966,220344.8275862069
283080,59188,0.009793103448275862,0.010620689655172414,0.006,208123,166923,215878.3783783784
300139,40865,0.009793103448275862,0.010620689655172414,0.009,210416,149869,215878.3783783784
313986,45969,0.009793103448275862,0.010620689655172414,0.012,208177,136017,215878.3783783784
325509,58997,0.009793103448275862,0.010620689655172414,0.015,203501,124496,215878.3783783784
285754,68802,0.009793103448275862,0.011034482758620689,0.006,203766,164252,211589.40397350994
302181,61644,0.009793103448275862,0.011034482758620689,0.009,203368,147824,211589.40397350994
315768,56203,0.009793103448275862,0.011034482758620689,0.012,203536,134241,211589.40397350994
326941,52644,0.009793103448275862,0.011034482758620689,0.015,203780,123066,211589.40397350994
288224,84572,0.009793103448275862,0.011448275862068966,0.006,198361,161782,207467.53246753247
304320,83855,0.009793103448275862,0.011448275862068966,0.009,196108,145683,207467.53246753247
317381,74750,0.009793103448275862,0.011448275862068966,0.012,196751,132626,207467.53246753247
328360,62499,0.009793103448275862,0.011448275862068966,0.015,199185,121647,207467.53246753247
290577,62467,0.009793103448275862,0.01186206896551724,0.006,199921,159428,203503.18471337578
306277,80898,0.009793103448275862,0.01186206896551724,0.009,194727,143729,203503.18471337578
319004,79263,0.009793103448275862,0.01186206896551724,0.012,193776,131000,203503.18471337578
329782,89907,0.009793103448275862,0.01186206896551724,0.015,189613,120227,203503.18471337578
292932,101941,0.009793103448275862,0.012275862068965518,0.006,190556,157072,199687.49999999997
308205,77851,0.009793103448275862,0.012275862068965518,0.009,193388,141798,199687.49999999997
320678,88528,0.009793103448275862,0.012275862068965518,0.012,189590,129324,199687.49999999997
331048,86383,0.009793103448275862,0.012275862068965518,0.015,189150,118959,199687.49999999997
295209,104628,0.009793103448275862,0.012689655172413793,0.006,187732,154796,196012.2699386503
309950,108603,0.009793103448275862,0.012689655172413793,0.009,184541,140052,196012.2699386503
322137,91704,0.009793103448275862,0.012689655172413793,0.012,187066,127870,196012.2699386503
332383,92645,0.009793103448275862,0.012689655172413793,0.015,185887,117622,196012.2699386503
297522,97715,0.009793103448275862,0.01310344827586207,0.006,186726,152484,192469.8795180723
311794,88733,0.009793103448275862,0.01310344827586207,0.009,187129,138210,192469.8795180723
323727,113664,0.009793103448275862,0.01310344827586207,0.012,179785,126281,192469.8795180723
333749,103356,0.009793103448275862,0.01310344827586207,0.015,181364,116253,192469.8795180723
299573,101155,0.009793103448275862,0.013517241379310345,0.006,183945,150433,189053.25443786982
313586,117489,0.009793103448275862,0.013517241379310345,0.009,178881,136416,189053.25443786982
325144,106308,0.009793103448275862,0.013517241379310345,0.012,180112,124858,189053.25443786982
334939,110449,0.009793103448275862,0.013517241379310345,0.015,177960,115069,189053.25443786982
301784,102252,0.009793103448275862,0.01393103448275862,0.006,181596,148222,185755.8139534884
315272,114809,0.009793103448275862,0.01393103448275862,0.009,177764,134732,185755.8139534884
326630,105345,0.009793103448275862,0.01393103448275862,0.012,178794,123378,185755.8139534884
336149,111659,0.009793103448275862,0.01393103448275862,0.015,176239,113854,185755.8139534884
303728,116455,0.009793103448275862,0.014344827586206896,0.006,177182,146278,182571.42857142858
316963,90106,0.009793103448275862,0.014344827586206896,0.009,181229,133042,182571.42857142858
327998,100307,0.009793103448275862,0.014344827586206896,0.012,178500,122009,182571.42857142858
337370,100677,0.009793103448275862,0.014344827586206896,0.015,177919,112633,182571.42857142858
305699,109609,0.009793103448275862,0.014758620689655172,0.006,176333,144306,179494.38202247192
318599,119196,0.009793103448275862,0.014758620689655172,0.009,173327,131404,179494.38202247192
329387,124484,0.009793103448275862,0.014758620689655172,0.012,170981,120618,179494.38202247192
338538,110374,0.009793103448275862,0.014758620689655172,0.015,173937,111470,179494.38202247192
307643,122364,0.009793103448275862,0.015172413793103448,0.006,172251,142364,176519.33701657457
320211,125509,0.009793103448275862,0.015172413793103448,0.009,170340,129796,176519.33701657457
330804,126856,0.009793103448275862,0.015172413793103448,0.012,169004,119205,176519.33701657457
339681,123017,0.009793103448275862,0.015172413793103448,0.015,169148,110326,176519.33701657457
309502,142548,0.009793103448275862,0.015586206896551724,0.006,167178,140503,173641.3043478261
321827,138889,0.009793103448275862,0.015586206896551724,0.009,165956,128181,173641.3043478261
332040,128791,0.009793103448275862,0.015586206896551724,0.012,167123,117964,173641.3043478261
340819,125794,0.009793103448275862,0.015586206896551724,0.015,167200,109186,173641.3043478261
311323,152840,0.009793103448275862,0.016,0.006,163617,138684,170855.614973262
323264,127652,0.009793103448275862,0.016,0.009,166737,126741,170855.614973262
333346,126619,0.009793103448275862,0.016,0.012,166242,116659,170855.614973262
341927,127982,0.009793103448275862,0.016,0.015,165332,108076,170855.614973262
222581,4481,0.010206896551724139,0.004,0.006,277075,227420,323300.9708737864
251984,6080,0.010206896551724139,0.004,0.009,266416,198019,323300.9708737864
274744,9073,0.010206896551724139,0.004,0.012,258375,175256,323300.9708737864
292672,9682,0.010206896551724139,0.004,0.015,252936,157331,323300.9708737864
227255,3877,0.010206896551724139,0.004413793103448276,0.006,272895,222749,314150.9433962264
255505,7925,0.010206896551724139,0.004413793103448276,0.009,262507,194500,314150.9433962264
277453,9061,0.010206896551724139,0.004413793103448276,0.012,255623,172553,314150.9433962264
294964,11981,0.010206896551724139,0.004413793103448276,0.015,249840,155037,314150.9433962264
231597,5819,0.010206896551724139,0.004827586206896552,0.006,268281,218404,305504.58715596335
258878,8444,0.010206896551724139,0.004827586206896552,0.009,259056,191122,305504.58715596335
280034,11150,0.010206896551724139,0.004827586206896552,0.012,252254,169970,305504.58715596335
297027,11463,0.010206896551724139,0.004827586206896552,0.015,247687,152978,305504.58715596335
235791,6105,0.010206896551724139,0.005241379310344827,0.006,264189,214208,297321.4285714286
262099,9078,0.010206896551724139,0.005241379310344827,0.009,255681,187905,297321.4285714286
282589,11763,0.010206896551724139,0.005241379310344827,0.012,249468,167415,297321.4285714286
299086,12656,0.010206896551724139,0.005241379310344827,0.015,245042,150918,297321.4285714286
239798,8040,0.010206896551724139,0.005655172413793104,0.006,259781,210204,289565.2173913043
265184,9961,0.010206896551724139,0.005655172413793104,0.009,252340,184820,289565.2173913043
285090,14222,0.010206896551724139,0.005655172413793104,0.012,246109,164910,289565.2173913043
301153,15728,0.010206896551724139,0.005655172413793104,0.015,241822,148847,289565.2173913043
243837,7391,0.010206896551724139,0.006068965517241379,0.006,256163,206165,282203.3898305085
268282,13196,0.010206896551724139,0.006068965517241379,0.009,248416,181718,282203.3898305085
287601,14923,0.010206896551724139,0.006068965517241379,0.012,243378,162403,282203.3898305085
303179,17333,0.010206896551724139,0.006068965517241379,0.015,239144,146824,282203.3898305085
247598,11290,0.010206896551724139,0.006482758620689655,0.006,251620,202405,275206.611570248
271195,13740,0.010206896551724139,0.006482758620689655,0.009,245319,178805,275206.611570248
289837,17618,0.010206896551724139,0.006482758620689655,0.012,240112,160167,275206.611570248
305105,17087,0.010206896551724139,0.006482758620689655,0.015,237127,144899,275206.611570248
251119,10638,0.010206896551724139,0.006896551724137931,0.006,248158,198880,268548.3870967742
273962,15625,0.010206896551724139,0.006896551724137931,0.009,241949,176040,268548.3870967742
292120,16109,0.010206896551724139,0.006896551724137931,0.012,238117,157885,268548.3870967742
306886,17832,0.010206896551724139,0.006896551724137931,0.015,234816,143117,268548.3870967742
254690,14503,0.010206896551724139,0.007310344827586207,0.006,243937,195310,262204.7244094488
276723,15818,0.010206896551724139,0.007310344827586207,0.009,239132,173278,262204.7244094488
294339,15094,0.010206896551724139,0.007310344827586207,0.012,236065,155667,262204.7244094488
308727,20399,0.010206896551724139,0.007310344827586207,0.015,231920,141281,262204.7244094488
258041,13114,0.010206896551724139,0.007724137931034483,0.006,240837,191963,256153.84615384613
279370,20423,0.010206896551724139,0.007724137931034483,0.009,235173,170633,256153.84615384613
296479,20201,0.010206896551724139,0.007724137931034483,0.012,232236,153522,256153.84615384613
310499,23442,0.010206896551724139,0.007724137931034483,0.015,228997,139501,256153.84615384613
261333,13252,0.010206896551724139,0.008137931034482758,0.006,237533,188673,250375.93984962406
281958,22144,0.010206896551724139,0.008137931034482758,0.009,232057,168043,250375.93984962406
298561,17630,0.010206896551724139,0.008137931034482758,0.012,230681,151444,250375.93984962406
312269,21189,0.010206896551724139,0.008137931034482758,0.015,227731,137739,250375.93984962406
264402,12553,0.010206896551724139,0.008551724137931035,0.006,234478,185600,244852.94117647057
284487,15612,0.010206896551724139,0.008551724137931035,0.009,231042,165515,244852.94117647057
300638,17437,0.010206896551724139,0.008551724137931035,0.012,228524,149363,244852.94117647057
313892,13749,0.010206896551724139,0.008551724137931035,0.015,228081,136113,244852.94117647057
267452,9787,0.010206896551724139,0.00896551724137931,0.006,231883,182551,239568.345323741
286920,22610,0.010206896551724139,0.00896551724137931,0.009,226777,163082,239568.345323741
302646,12694,0.010206896551724139,0.00896551724137931,0.012,227592,147354,239568.345323741
315623,16321,0.010206896551724139,0.00896551724137931,0.015,225294,134383,239568.345323741
270437,19000,0.010206896551724139,0.009379310344827585,0.006,227090,179564,234507.04225352113
289255,17927,0.010206896551724139,0.009379310344827585,0.009,225381,160748,234507.04225352113
304522,17377,0.010206896551724139,0.009379310344827585,0.012,224154,145482,234507.04225352113
317170,21780,0.010206896551724139,0.009379310344827585,0.015,221829,132839,234507.04225352113
273296,17116,0.010206896551724139,0.009793103448275862,0.006,224511,176706,229655.1724137931
291565,21320,0.010206896551724139,0.009793103448275862,0.009,222152,158440,229655.1724137931
306499,18736,0.010206896551724139,0.009793103448275862,0.012,221656,143507,229655.1724137931
318715,20448,0.010206896551724139,0.009793103448275862,0.015,220388,131289,229655.1724137931
276032,26635,0.010206896551724139,0.010206896551724139,0.006,219909,173972,225000.0
293824,33039,0.010206896551724139,0.010206896551724139,0.009,217064,156178,225000.0
308239,26031,0.010206896551724139,0.010206896551724139,0.012,217655,141764,225000.0
320347,24429,0.010206896551724139,0.010206896551724139,0.015,217398,129659,225000.0
278719,31508,0.010206896551724139,0.010620689655172414,0.006,216260,171285,220529.80132450332
295956,34936,0.010206896551724139,0.010620689655172414,0.009,214309,154049,220529.80132450332
310027,42533,0.010206896551724139,0.010620689655172414,0.012,211316,139975,220529.80132450332
321752,42428,0.010206896551724139,0.010620689655172414,0.015,210365,128253,220529.80132450332
281429,55344,0.010206896551724139,0.011034482758620689,0.006,209290,168576,216233.76623376628
298152,53547,0.010206896551724139,0.011034482758620689,0.009,207797,151850,216233.76623376628
311766,52831,0.010206896551724139,0.011034482758620689,0.012,206673,138241,216233.76623376628
323214,45167,0.010206896551724139,0.011034482758620689,0.015,207892,126791,216233.76623376628
283841,76640,0.010206896551724139,0.011448275862068966,0.006,202913,166163,212101.91082802543
300180,49510,0.010206896551724139,0.011448275862068966,0.009,206542,149820,212101.91082802543
313467,59059,0.010206896551724139,0.011448275862068966,0.012,203142,136540,212101.91082802543
324676,50081,0.010206896551724139,0.011448275862068966,0.015,204813,125332,212101.91082802543
286403,82715,0.010206896551724139,0.01186206896551724,0.006,199422,163600,208124.99999999997
302165,72548,0.010206896551724139,0.01186206896551724,0.009,199265,147835,208124.99999999997
315134,72067,0.010206896551724139,0.01186206896551724,0.012,197915,134872,208124.99999999997
326125,60316,0.010206896551724139,0.01186206896551724,0.015,200269,123876,208124.99999999997
288733,67280,0.010206896551724139,0.012275862068965518,0.006,199663,161267,204294.47852760734
304037,83626,0.010206896551724139,0.012275862068965518,0.009,194702,145964,204294.47852760734
316783,67535,0.010206896551724139,0.012275862068965518,0.012,197355,133225,204294.47852760734
327417,79232,0.010206896551724139,0.012275862068965518,0.015,193253,122587,204294.47852760734
290976,75189,0.010206896551724139,0.012689655172413793,0.006,195953,159029,200602.40963855427
305949,80918,0.010206896551724139,0.012689655172413793,0.009,193359,144056,200602.40963855427
318322,82731,0.010206896551724139,0.012689655172413793,0.012,191725,131680,200602.40963855427
328840,84152,0.010206896551724139,0.012689655172413793,0.015,190315,121166,200602.40963855427
293252,105948,0.010206896551724139,0.01310344827586207,0.006,188487,156755,197041.42011834317
307773,102287,0.010206896551724139,0.01310344827586207,0.009,186787,142229,197041.42011834317
319869,98392,0.010206896551724139,0.01310344827586207,0.012,186028,130135,197041.42011834317
330039,82484,0.010206896551724139,0.01310344827586207,0.015,189311,119967,197041.42011834317
295407,118473,0.010206896551724139,0.013517241379310345,0.006,184138,154594,193604.65116279072
309648,92468,0.010206896551724139,0.013517241379310345,0.009,187020,140359,193604.65116279072
321388,112044,0.010206896551724139,0.013517241379310345,0.012,181033,128615,193604.65116279072
331350,94881,0.010206896551724139,0.013517241379310345,0.015,184352,118653,193604.65116279072
297640,118142,0.010206896551724139,0.01393103448275862,0.006,182109,152365,190285.7142857143
311392,105029,0.010206896551724139,0.01393103448275862,0.009,182492,138608,190285.7142857143
322873,89646,0.010206896551724139,0.01393103448275862,0.012,185038,127130,190285.7142857143
332599,113863,0.010206896551724139,0.01393103448275862,0.015,177714,117406,190285.7142857143
299663,110696,0.010206896551724139,0.014344827586206896,0.006,181273,150345,187078.65168539324
313104,98691,0.010206896551724139,0.014344827586206896,0.009,182065,136896,187078.65168539324
324295,107372,0.010206896551724139,0.014344827586206896,0.012,179074,125709,187078.65168539324
333858,91665,0.010206896551724139,0.014344827586206896,0.015,182487,116149,187078.65168539324
301682,111963,0.010206896551724139,0.014758620689655172,0.006,178937,148326,183977.9005524862
314730,95944,0.010206896551724139,0.014758620689655172,0.009,180948,135273,183977.9005524862
325684,102440,0.010206896551724139,0.014758620689655172,0.012,178793,124319,183977.9005524862
335010,109153,0.010206896551724139,0.014758620689655172,0.015,176309,114992,183977.9005524862
303665,136672,0.010206896551724139,0.015172413793103448,0.006,173015,146337,180978.2608695652
316349,131311,0.010206896551724139,0.015172413793103448,0.009,171797,133655,180978.2608695652
327156,124618,0.010206896551724139,0.015172413793103448,0.012,171868,122846,180978.2608695652
336270,115936,0.010206896551724139,0.015172413793103448,0.015,173176,113737,180978.2608695652
305460,105163,0.010206896551724139,0.015586206896551724,0.006,176151,144544,178074.86631016043
318030,124577,0.010206896551724139,0.015586206896551724,0.009,171585,131976,178074.86631016043
328423,109599,0.010206896551724139,0.015586206896551724,0.012,174112,121582,178074.86631016043
337341,102118,0.010206896551724139,0.015586206896551724,0.015,175634,112665,178074.86631016043
307324,126316,0.010206896551724139,0.016,0.006,170924,142682,175263.15789473683
319502,135891,0.010206896551724139,0.016,0.009,167651,130501,175263.15789473683
329824,114591,0.010206896551724139,0.016,0.012,171392,120182,175263.15789473683
338529,117275,0.010206896551724139,0.016,0.015,170305,111480,175263.15789473683
218117,5249,0.010620689655172414,0.004,0.006,279596,231883,326886.7924528302
247576,5803,0.010620689655172414,0.004,0.009,268781,202425,326886.7924528302
270475,7777,0.010620689655172414,0.004,0.012,260870,179525,326886.7924528302
288613,9812,0.010620689655172414,0.004,0.015,254679,161389,326886.7924528302
222748,4389,0.010620689655172414,0.004413793103448276,0.006,275420,227252,317889.90825688076
251167,7038,0.010620689655172414,0.004413793103448276,0.009,265085,198833,317889.90825688076
273160,8626,0.010620689655172414,0.004413793103448276,0.012,257756,176843,317889.90825688076
290867,11872,0.010620689655172414,0.004413793103448276,0.015,251678,159140,317889.90825688076
227109,5578,0.010620689655172414,0.004827586206896552,0.006,271095,222893,309375.0
254432,7259,0.010620689655172414,0.004827586206896552,0.009,261731,195571,309375.0
275809,9268,0.010620689655172414,0.004827586206896552,0.012,254892,174194,309375.0
292970,12468,0.010620689655172414,0.004827586206896552,0.015,249224,157034,309375.0
231392,6549,0.010620689655172414,0.005241379310344827,0.006,266824,218611,301304.347826087
257704,9613,0.010620689655172414,0.005241379310344827,0.009,257942,192297,301304.347826087
278470,11078,0.010620689655172414,0.005241379310344827,0.012,251731,171536,301304.347826087
295076,13270,0.010620689655172414,0.005241379310344827,0.015,246705,154927,301304.347826087
235416,6984,0.010620689655172414,0.005655172413793104,0.006,262846,214586,293644.0677966102
260943,10091,0.010620689655172414,0.005655172413793104,0.009,254688,189058,293644.0677966102
280978,11299,0.010620689655172414,0.005655172413793104,0.012,249035,169022,293644.0677966102
297121,14376,0.010620689655172414,0.005655172413793104,0.015,244100,152884,293644.0677966102
239322,9091,0.010620689655172414,0.006068965517241379,0.006,258601,210679,286363.63636363635
263891,9965,0.010620689655172414,0.006068965517241379,0.009,251639,186110,286363.63636363635
283363,13142,0.010620689655172414,0.006068965517241379,0.012,245952,166639,286363.63636363635
299117,16359,0.010620689655172414,0.006068965517241379,0.015,241293,150887,286363.63636363635
243161,9252,0.010620689655172414,0.006482758620689655,0.006,254882,206840,279435.48387096776
266943,13154,0.010620689655172414,0.006482758620689655,0.009,247885,183060,279435.48387096776
285713,15646,0.010620689655172414,0.006482758620689655,0.012,242792,164288,279435.48387096776
301067,17431,0.010620689655172414,0.006482758620689655,0.015,238864,148938,279435.48387096776
246705,11121,0.010620689655172414,0.006896551724137931,0.006,250921,203298,272834.6456692914
269698,14498,0.010620689655172414,0.006896551724137931,0.009,244647,180306,272834.6456692914
288016,15746,0.010620689655172414,0.006896551724137931,0.012,240303,161989,272834.6456692914
302966,16778,0.010620689655172414,0.006896551724137931,0.015,237001,147041,272834.6456692914
250211,12635,0.010620689655172414,0.007310344827586207,0.006,247152,199792,266538.4615384615
272468,14630,0.010620689655172414,0.007310344827586207,0.009,241804,177536,266538.4615384615
290343,17365,0.010620689655172414,0.007310344827586207,0.012,237478,159662,266538.4615384615
304878,18447,0.010620689655172414,0.007310344827586207,0.015,234404,145122,266538.4615384615
253651,13695,0.010620689655172414,0.007724137931034483,0.006,243536,196350,260526.31578947365
275155,12876,0.010620689655172414,0.007724137931034483,0.009,239496,174848,260526.31578947365
292483,15624,0.010620689655172414,0.007724137931034483,0.012,235644,157520,260526.31578947365
306703,19352,0.010620689655172414,0.007724137931034483,0.015,232133,143303,260526.31578947365
256977,14904,0.010620689655172414,0.008137931034482758,0.006,240046,193023,254779.4117647059
277859,12296,0.010620689655172414,0.008137931034482758,0.009,236939,172143,254779.4117647059
294637,18388,0.010620689655172414,0.008137931034482758,0.012,232629,155363,254779.4117647059
308423,12377,0.010620689655172414,0.008137931034482758,0.015,232354,141585,254779.4117647059
260150,12588,0.010620689655172414,0.008551724137931035,0.006,237306,189851,249280.57553956835
280285,6275,0.010620689655172414,0.008551724137931035,0.009,235769,169719,249280.57553956835
296631,17217,0.010620689655172414,0.008551724137931035,0.012,230668,153374,249280.57553956835
310105,21982,0.010620689655172414,0.008551724137931035,0.015,227424,139897,249280.57553956835
263167,15637,0.010620689655172414,0.00896551724137931,0.006,233622,186834,244014.08450704222
282749,13624,0.010620689655172414,0.00896551724137931,0.009,231354,167256,244014.08450704222
298641,10648,0.010620689655172414,0.00896551724137931,0.012,230259,151361,244014.08450704222
311760,16754,0.010620689655172414,0.00896551724137931,0.015,227128,138244,244014.08450704222
266145,20000,0.010620689655172414,0.009379310344827585,0.006,229786,183856,238965.51724137933
285121,12673,0.010620689655172414,0.009379310344827585,0.009,229052,164881,238965.51724137933
300592,20056,0.010620689655172414,0.009379310344827585,0.012,225564,149413,238965.51724137933
313404,14276,0.010620689655172414,0.009379310344827585,0.015,226003,136600,238965.51724137933
269047,18580,0.010620689655172414,0.009793103448275862,0.006,227115,180958,234121.6216216216
287505,18738,0.010620689655172414,0.009793103448275862,0.009,225191,162501,234121.6216216216
302529,16075,0.010620689655172414,0.009793103448275862,0.012,224534,147471,234121.6216216216
314981,24898,0.010620689655172414,0.009793103448275862,0.015,220948,135020,234121.6216216216
271777,17319,0.010620689655172414,0.010206896551724139,0.006,224481,178227,229470.1986754967
289776,17417,0.010620689655172414,0.010206896551724139,0.009,223136,160224,229470.1986754967
304418,20859,0.010620689655172414,0.010206896551724139,0.012,221257,145589,229470.1986754967
316643,20734,0.010620689655172414,0.010206896551724139,0.015,220321,133363,229470.1986754967
274519,26034,0.010620689655172414,0.010620689655172414,0.006,220136,175486,225000.0
291967,30604,0.010620689655172414,0.010620689655172414,0.009,217748,158033,225000.0
306167,30530,0.010620689655172414,0.010620689655172414,0.012,216615,143838,225000.0
318055,32187,0.010620689655172414,0.010620689655172414,0.015,215262,131950,225000.0
277203,49902,0.010620689655172414,0.011034482758620689,0.006,213174,172798,220700.63694267513
294108,48493,0.010620689655172414,0.011034482758620689,0.009,211479,155898,220700.63694267513
307971,29360,0.010620689655172414,0.011034482758620689,0.012,215022,142037,220700.63694267513
319568,36248,0.010620689655172414,0.011034482758620689,0.015,212399,130436,220700.63694267513
279667,53968,0.010620689655172414,0.011448275862068966,0.006,209919,170336,216562.49999999997
296211,40825,0.010620689655172414,0.011448275862068966,0.009,211026,153792,216562.49999999997
309747,43975,0.010620689655172414,0.011448275862068966,0.012,209299,140259,216562.49999999997
321024,44700,0.010620689655172414,0.011448275862068966,0.015,208306,128981,216562.49999999997
282135,44146,0.010620689655172414,0.01186206896551724,0.006,209108,167869,212576.6871165644
298186,53559,0.010620689655172414,0.01186206896551724,0.009,206035,151814,212576.6871165644
311396,64418,0.010620689655172414,0.01186206896551724,0.012,202135,138604,212576.6871165644
322494,53348,0.010620689655172414,0.01186206896551724,0.015,204195,127506,212576.6871165644
284541,81700,0.010620689655172414,0.012275862068965518,0.006,200141,165464,208734.9397590361
300102,67097,0.010620689655172414,0.012275862068965518,0.009,200966,149903,208734.9397590361
312983,60592,0.010620689655172414,0.012275862068965518,0.012,201358,137024,208734.9397590361
323833,76132,0.010620689655172414,0.012275862068965518,0.015,196116,126174,208734.9397590361
286978,72382,0.010620689655172414,0.012689655172413793,0.006,199380,163027,205029.58579881655
302105,102314,0.010620689655172414,0.012689655172413793,0.009,191232,147901,205029.58579881655
314692,68143,0.010620689655172414,0.012689655172413793,0.012,197637,135313,205029.58579881655
325234,81985,0.010620689655172414,0.012689655172413793,0.015,192945,124766,205029.58579881655
289145,94413,0.010620689655172414,0.01310344827586207,0.006,193368,160859,201453.488372093
303891,81380,0.010620689655172414,0.01310344827586207,0.009,193854,146112,201453.488372093
316157,90575,0.010620689655172414,0.01310344827586207,0.012,190302,133850,201453.488372093
326540,91064,0.010620689655172414,0.01310344827586207,0.015,188938,123465,201453.488372093
291445,111976,0.010620689655172414,0.013517241379310345,0.006,188165,158556,198000.0
305809,102579,0.010620689655172414,0.013517241379310345,0.009,187479,144195,198000.0
317788,85298,0.010620689655172414,0.013517241379310345,0.012,189940,132215,198000.0
327842,86496,0.010620689655172414,0.013517241379310345,0.015,188701,122163,198000.0
293562,104846,0.010620689655172414,0.01393103448275862,0.006,187292,156445,194662.92134831462
307496,100555,0.010620689655172414,0.01393103448275862,0.009,186042,142507,194662.92134831462
319198,95727,0.010620689655172414,0.01393103448275862,0.012,185732,130806,194662.92134831462
329178,96610,0.010620689655172414,0.01393103448275862,0.015,184515,120831,194662.92134831462
295623,104673,0.010620689655172414,0.014344827586206896,0.006,185163,154384,191436.46408839777
309229,109812,0.010620689655172414,0.014344827586206896,0.009,182243,140775,191436.46408839777
320652,110636,0.010620689655172414,0.014344827586206896,0.012,180531,129355,191436.46408839777
330432,103840,0.010620689655172414,0.014344827586206896,0.015,181127,119569,191436.46408839777
297710,125466,0.010620689655172414,0.014758620689655172,0.006,179803,152296,188315.21739130435
310942,104948,0.010620689655172414,0.014758620689655172,0.009,181480,139063,188315.21739130435
322095,106320,0.010620689655172414,0.014758620689655172,0.012,180105,127910,188315.21739130435
331593,101651,0.010620689655172414,0.014758620689655172,0.015,180397,118412,188315.21739130435
299713,127040,0.010620689655172414,0.015172413793103448,0.006,177619,150289,185294.1176470588
312640,105345,0.010620689655172414,0.015172413793103448,0.009,179787,137360,185294.1176470588
323561,109005,0.010620689655172414,0.015172413793103448,0.012,177960,126439,185294.1176470588
332809,96617,0.010620689655172414,0.015172413793103448,0.015,180406,117197,185294.1176470588
301544,129477,0.010620689655172414,0.015586206896551724,0.006,175241,148460,182368.42105263157
314238,108198,0.010620689655172414,0.015586206896551724,0.009,177524,135770,182368.42105263157
324902,127797,0.010620689655172414,0.015586206896551724,0.012,171971,125107,182368.42105263157
334028,102730,0.010620689655172414,0.015586206896551724,0.015,177438,115981,182368.42105263157
303442,123502,0.010620689655172414,0.016,0.006,174308,146563,179533.67875647664
315847,111298,0.010620689655172414,0.016,0.009,175256,134162,179533.67875647664
326247,125600,0.010620689655172414,0.016,0.012,171109,123753,179533.67875647664
335106,116254,0.010620689655172414,0.016,0.015,172559,114898,179533.67875647664
213915,4192,0.011034482758620689,0.004,0.006,282443,236089,330275.2293577981
243331,6797,0.011034482758620689,0.004,0.009,270786,206668,330275.2293577981
266348,6544,0.011034482758620689,0.004,0.012,263231,183658,330275.2293577981
284628,9676,0.011034482758620689,0.004,0.015,256505,165377,330275.2293577981
218456,3361,0.011034482758620689,0.004413793103448276,0.006,278259,231544,321428.5714285714
246864,6065,0.011034482758620689,0.004413793103448276,0.009,267620,203138,321428.5714285714
269070,8535,0.011034482758620689,0.004413793103448276,0.012,259816,180935,321428.5714285714
286857,9740,0.011034482758620689,0.004413793103448276,0.015,254166,163147,321428.5714285714
222878,5246,0.011034482758620689,0.004827586206896552,0.006,273752,227122,313043.47826086957
250252,6460,0.011034482758620689,0.004827586206896552,0.009,264285,199753,313043.47826086957
271716,9143,0.011034482758620689,0.004827586206896552,0.012,256940,178289,313043.47826086957
289054,12805,0.011034482758620689,0.004827586206896552,0.015,250901,160947,313043.47826086957
226984,4739,0.011034482758620689,0.005241379310344827,0.006,269852,223017,305084.74576271186
253508,8026,0.011034482758620689,0.005241379310344827,0.009,260654,196496,305084.74576271186
274424,11773,0.011034482758620689,0.005241379310344827,0.012,253523,175579,305084.74576271186
291201,11789,0.011034482758620689,0.005241379310344827,0.015,248989,158801,305084.74576271186
231090,6452,0.011034482758620689,0.005655172413793104,0.006,265634,218914,297520.66115702473
256656,10367,0.011034482758620689,0.005655172413793104,0.009,256912,193348,297520.66115702473
276892,12201,0.011034482758620689,0.005655172413793104,0.012,250795,173109,297520.66115702473
293249,15056,0.011034482758620689,0.005655172413793104,0.015,245703,156752,297520.66115702473
234995,6268,0.011034482758620689,0.006068965517241379,0.006,261885,215004,290322.58064516133
259765,8697,0.011034482758620689,0.006068965517241379,0.009,254316,190241,290322.58064516133
279311,10558,0.011034482758620689,0.006068965517241379,0.012,248772,170692,290322.58064516133
295255,13755,0.011034482758620689,0.006068965517241379,0.015,243981,154749,290322.58064516133
238871,7802,0.011034482758620689,0.006482758620689655,0.006,257920,211134,283464.56692913384
262690,10948,0.011034482758620689,0.006482758620689655,0.009,250812,187315,283464.56692913384
281793,13428,0.011034482758620689,0.006482758620689655,0.012,245460,168213,283464.56692913384
297308,14609,0.011034482758620689,0.006482758620689655,0.015,241549,152698,283464.56692913384
242507,10534,0.011034482758620689,0.006896551724137931,0.006,253787,207493,276923.07692307694
265652,11311,0.011034482758620689,0.006896551724137931,0.009,247825,184351,276923.07692307694
284060,14090,0.011034482758620689,0.006896551724137931,0.012,242848,165941,276923.07692307694
299161,17421,0.011034482758620689,0.006896551724137931,0.015,238620,150843,276923.07692307694
245938,11944,0.011034482758620689,0.007310344827586207,0.006,250044,204064,270676.6917293233
268363,13235,0.011034482758620689,0.007310344827586207,0.009,244488,181638,270676.6917293233
286298,17602,0.011034482758620689,0.007310344827586207,0.012,239470,163705,270676.6917293233
301040,17335,0.011034482758620689,0.007310344827586207,0.015,236599,148962,270676.6917293233
249376,12223,0.011034482758620689,0.007724137931034483,0.006,246612,200628,264705.88235294115
271108,14092,0.011034482758620689,0.007724137931034483,0.009,241553,178898,264705.88235294115
288501,16938,0.011034482758620689,0.007724137931034483,0.012,237361,161504,264705.88235294115
302854,18094,0.011034482758620689,0.007724137931034483,0.015,234362,147147,264705.88235294115
252651,11528,0.011034482758620689,0.008137931034482758,0.006,243502,197352,258992.80575539565
273666,13178,0.011034482758620689,0.008137931034482758,0.009,239074,176337,258992.80575539565
290657,17515,0.011034482758620689,0.008137931034482758,0.012,234907,159346,258992.80575539565
304677,18769,0.011034482758620689,0.008137931034482758,0.015,232174,145323,258992.80575539565
255883,15080,0.011034482758620689,0.008551724137931035,0.006,239606,194118,253521.12676056338
276279,19533,0.011034482758620689,0.008551724137931035,0.009,234926,173727,253521.12676056338
292821,20107,0.011034482758620689,0.008551724137931035,0.012,231970,157185,253521.12676056338
306373,18036,0.011034482758620689,0.008551724137931035,0.015,230435,143630,253521.12676056338
258994,4284,0.011034482758620689,0.00896551724137931,0.006,238465,191011,248275.86206896548
278801,10757,0.011034482758620689,0.00896551724137931,0.009,234452,171205,248275.86206896548
294727,17873,0.011034482758620689,0.00896551724137931,0.012,230401,155277,248275.86206896548
308079,14827,0.011034482758620689,0.00896551724137931,0.015,229500,141926,248275.86206896548
261991,13338,0.011034482758620689,0.009379310344827585,0.006,233830,188009,243243.24324324323
281121,10362,0.011034482758620689,0.009379310344827585,0.009,231968,168883,243243.24324324323
296746,13904,0.011034482758620689,0.009379310344827585,0.012,229304,153259,243243.24324324323
309741,17565,0.011034482758620689,0.009379310344827585,0.015,226818,140264,243243.24324324323
264941,12448,0.011034482758620689,0.009793103448275862,0.006,231016,185064,238410.59602649004
283456,10893,0.011034482758620689,0.009793103448275862,0.009,229398,166547,238410.59602649004
298706,16486,0.011034482758620689,0.009793103448275862,0.012,226471,151297,238410.59602649004
311407,20765,0.011034482758620689,0.009793103448275862,0.015,223980,138602,238410.59602649004
267664,13473,0.011034482758620689,0.010206896551724139,0.006,227997,182337,233766.23376623378
285784,15123,0.011034482758620689,0.010206896551724139,0.009,225941,164217,233766.23376623378
300622,16462,0.011034482758620689,0.010206896551724139,0.012,224474,149386,233766.23376623378
312938,17280,0.011034482758620689,0.010206896551724139,0.015,223176,137066,233766.23376623378
270408,24952,0.011034482758620689,0.010620689655172414,0.006,223129,179597,229299.3630573248
288012,18297,0.011034482758620689,0.010620689655172414,0.009,222917,161988,229299.3630573248
302501,19522,0.011034482758620689,0.010620689655172414,0.012,221675,147504,229299.3630573248
314573,21251,0.011034482758620689,0.010620689655172414,0.015,220239,135433,229299.3630573248
273112,18896,0.011034482758620689,0.011034482758620689,0.006,221503,176889,225000.0
290200,21171,0.011034482758620689,0.011034482758620689,0.009,219975,159800,225000.0
304287,23157,0.011034482758620689,0.011034482758620689,0.012,218712,145716,225000.0
316002,30785,0.011034482758620689,0.011034482758620689,0.015,215820,134000,225000.0
275604,28617,0.011034482758620689,0.011448275862068966,0.006,217176,174398,220858.89570552146
292247,35851,0.011034482758620689,0.011448275862068966,0.009,214522,157760,220858.89570552146
305947,36982,0.011034482758620689,0.011448275862068966,0.012,213214,144055,220858.89570552146
317482,37636,0.011034482758620689,0.011448275862068966,0.015,212187,132523,220858.89570552146
278103,55502,0.011034482758620689,0.01186206896551724,0.006,209955,171902,216867.46987951803
294363,50073,0.011034482758620689,0.01186206896551724,0.009,209248,155640,216867.46987951803
307752,43873,0.011034482758620689,0.01186206896551724,0.012,209578,142251,216867.46987951803
319014,42418,0.011034482758620689,0.01186206896551724,0.015,209206,130989,216867.46987951803
280624,63292,0.011034482758620689,0.012275862068965518,0.006,206182,169379,213017.7514792899
296249,60599,0.011034482758620689,0.012275862068965518,0.009,204825,153756,213017.7514792899
309372,61090,0.011034482758620689,0.012275862068965518,0.012,203384,140637,213017.7514792899
320319,64662,0.011034482758620689,0.012275862068965518,0.015,201336,129685,213017.7514792899
282881,53589,0.011034482758620689,0.012689655172413793,0.006,205432,167123,209302.32558139536
298272,71695,0.011034482758620689,0.012689655172413793,0.009,200451,151734,209302.32558139536
310950,61095,0.011034482758620689,0.012689655172413793,0.012,201585,139054,209302.32558139536
321745,67471,0.011034482758620689,0.012689655172413793,0.015,198996,128255,209302.32558139536
285270,60520,0.011034482758620689,0.01310344827586207,0.006,201900,164736,205714.2857142857
300117,85110,0.011034482758620689,0.01310344827586207,0.009,195625,149885,205714.2857142857
312636,67394,0.011034482758620689,0.01310344827586207,0.012,198299,137367,205714.2857142857
323084,64865,0.011034482758620689,0.01310344827586207,0.015,198180,126923,205714.2857142857
287413,92196,0.011034482758620689,0.013517241379310345,0.006,194420,162592,202247.19101123593
301993,81720,0.011034482758620689,0.013517241379310345,0.009,194409,148015,202247.19101123593
314105,87269,0.011034482758620689,0.013517241379310345,0.012,191658,135900,202247.19101123593
324411,82827,0.011034482758620689,0.013517241379310345,0.015,191713,125594,202247.19101123593
289581,113967,0.011034482758620689,0.01393103448275862,0.006,188795,160422,198895.0276243094
303774,103786,0.011034482758620689,0.01393103448275862,0.009,187935,146233,198895.0276243094
315639,68766,0.011034482758620689,0.01393103448275862,0.012,194623,134364,198895.0276243094
325793,105715,0.011034482758620689,0.01393103448275862,0.015,184029,124213,198895.0276243094
291695,107063,0.011034482758620689,0.014344827586206896,0.006,187803,158308,195652.17391304343
305580,97440,0.011034482758620689,0.014344827586206896,0.009,187366,144428,195652.17391304343
317138,93208,0.011034482758620689,0.014344827586206896,0.012,187080,132862,195652.17391304343
326988,98396,0.011034482758620689,0.014344827586206896,0.015,184644,123018,195652.17391304343
293777,111444,0.011034482758620689,0.014758620689655172,0.006,185042,156229,192513.36898395722
307229,95677,0.011034482758620689,0.014758620689655172,0.009,186031,142775,192513.36898395722
318621,89293,0.011034482758620689,0.014758620689655172,0.012,186415,131387,192513.36898395722
328301,104687,0.011034482758620689,0.014758620689655172,0.015,181557,121708,192513.36898395722
295800,90165,0.011034482758620689,0.015172413793103448,0.006,186327,154206,189473.6842105263
308908,122596,0.011034482758620689,0.015172413793103448,0.009,178824,141096,189473.6842105263
320073,113279,0.011034482758620689,0.015172413793103448,0.012,179146,129933,189473.6842105263
329504,117038,0.011034482758620689,0.015172413793103448,0.015,176954,120504,189473.6842105263
297742,112023,0.011034482758620689,0.015586206896551724,0.006,180921,152259,186528.49740932643
310544,122292,0.011034482758620689,0.015586206896551724,0.009,177192,139459,186528.49740932643
321440,106004,0.011034482758620689,0.015586206896551724,0.012,179386,128569,186528.49740932643
330650,108887,0.011034482758620689,0.015586206896551724,0.015,177818,119352,186528.49740932643
299648,120663,0.011034482758620689,0.016,0.006,177693,150359,183673.4693877551
312145,106063,0.011034482758620689,0.016,0.009,178794,137862,183673.4693877551
322795,109901,0.011034482758620689,0.016,0.012,177044,127205,183673.4693877551
331827,100855,0.011034482758620689,0.016,0.015,178635,118178,183673.4693877551
209820,3396,0.011448275862068966,0.004,0.006,285098,240181,333482.1428571429
239197,5991,0.011448275862068966,0.004,0.009,273170,210806,333482.1428571429
262241,6954,0.011448275862068966,0.004,0.012,265047,187763,333482.1428571429
280809,7667,0.011448275862068966,0.004,0.015,258947,169191,333482.1428571429
214332,3495,0.011448275862068966,0.004413793103448276,0.006,280791,235669,324782.6086956522
242752,6040,0.011448275862068966,0.004413793103448276,0.009,269858,207249,324782.6086956522
265062,8160,0.011448275862068966,0.004413793103448276,0.012,261876,184943,324782.6086956522
283083,8269,0.011448275862068966,0.004413793103448276,0.015,256436,166923,324782.6086956522
218677,4839,0.011448275862068966,0.004827586206896552,0.006,276444,231321,316525.4237288136
246202,6187,0.011448275862068966,0.004827586206896552,0.009,266527,203801,316525.4237288136
267826,9448,0.011448275862068966,0.004827586206896552,0.012,258853,182180,316525.4237288136
285275,10928,0.011448275862068966,0.004827586206896552,0.015,253288,164730,316525.4237288136
222891,4763,0.011448275862068966,0.005241379310344827,0.006,272451,227111,308677.68595041323
249490,7665,0.011448275862068966,0.005241379310344827,0.009,262983,200512,308677.68595041323
270466,9201,0.011448275862068966,0.005241379310344827,0.012,256242,179537,308677.68595041323
287369,10926,0.011448275862068966,0.005241379310344827,0.015,251030,162636,308677.68595041323
227001,6072,0.011448275862068966,0.005655172413793104,0.006,268374,222999,301209.67741935485
252653,8007,0.011448275862068966,0.005655172413793104,0.009,259797,197352,301209.67741935485
272907,11330,0.011448275862068966,0.005655172413793104,0.012,253075,177096,301209.67741935485
289497,12569,0.011448275862068966,0.005655172413793104,0.015,248274,160506,301209.67741935485
230871,7556,0.011448275862068966,0.006068965517241379,0.006,264301,219132,294094.4881889764
255671,8837,0.011448275862068966,0.006068965517241379,0.009,256559,194334,294094.4881889764
275459,12358,0.011448275862068966,0.006068965517241379,0.012,250209,174547,294094.4881889764
291608,14177,0.011448275862068966,0.006068965517241379,0.015,245584,158397,294094.4881889764
234640,7114,0.011448275862068966,0.006482758620689655,0.006,260690,215363,287307.6923076923
258667,9955,0.011448275862068966,0.006482758620689655,0.009,253363,191334,287307.6923076923
277908,11519,0.011448275862068966,0.006482758620689655,0.012,247995,172098,287307.6923076923
293493,16119,0.011448275862068966,0.006482758620689655,0.015,242917,156511,287307.6923076923
238400,9792,0.011448275862068966,0.006896551724137931,0.006,256602,211603,280827.06766917295
261525,11409,0.011448275862068966,0.006896551724137931,0.009,250054,188478,280827.06766917295
280191,12313,0.011448275862068966,0.006896551724137931,0.012,245347,169814,280827.06766917295
295434,16008,0.011448275862068966,0.006896551724137931,0.015,240845,154570,280827.06766917295
241936,9838,0.011448275862068966,0.007310344827586207,0.006,253132,208064,274632.3529411765
264434,12390,0.011448275862068966,0.007310344827586207,0.009,247024,185567,274632.3529411765
282451,15473,0.011448275862068966,0.007310344827586207,0.012,242078,167551,274632.3529411765
297353,15997,0.011448275862068966,0.007310344827586207,0.015,238790,152649,274632.3529411765
245264,11015,0.011448275862068966,0.007724137931034483,0.006,249545,204739,268705.035971223
267073,13634,0.011448275862068966,0.007724137931034483,0.009,243979,182930,268705.035971223
284766,14431,0.011448275862068966,0.007724137931034483,0.012,240069,165237,268705.035971223
299271,18901,0.011448275862068966,0.007724137931034483,0.015,235920,150729,268705.035971223
248588,11282,0.011448275862068966,0.008137931034482758,0.006,246292,201416,263028.1690140845
269768,14722,0.011448275862068966,0.008137931034482758,0.009,240997,180238,263028.1690140845
286839,19446,0.011448275862068966,0.008137931034482758,0.012,236371,163162,263028.1690140845
301001,19419,0.011448275862068966,0.008137931034482758,0.015,233774,149004,263028.1690140845
251818,15291,0.011448275862068966,0.008551724137931035,0.006,242315,198187,257586.20689655174
272350,18090,0.011448275862068966,0.008551724137931035,0.009,237622,177656,257586.20689655174
288955,22658,0.011448275862068966,0.008551724137931035,0.012,233320,161048,257586.20689655174
302764,23427,0.011448275862068966,0.008551724137931035,0.015,230649,147241,257586.20689655174
254922,14945,0.011448275862068966,0.00896551724137931,0.006,239269,195079,252364.86486486485
274873,12012,0.011448275862068966,0.00896551724137931,0.009,236428,175127,252364.86486486485
291095,21496,0.011448275862068966,0.00896551724137931,0.012,231457,158909,252364.86486486485
304516,19467,0.011448275862068966,0.00896551724137931,0.015,229921,145492,252364.86486486485
257901,5451,0.011448275862068966,0.009379310344827585,0.006,237985,192103,247350.99337748345
277218,7700,0.011448275862068966,0.009379310344827585,0.009,234932,172787,247350.99337748345
293007,18738,0.011448275862068966,0.009379310344827585,0.012,230045,156998,247350.99337748345
306245,22494,0.011448275862068966,0.009379310344827585,0.015,227130,143759,247350.99337748345
260817,11122,0.011448275862068966,0.009793103448275862,0.006,233976,189186,242532.46753246753
279604,10516,0.011448275862068966,0.009793103448275862,0.009,231740,170401,242532.46753246753
295020,20523,0.011448275862068966,0.009793103448275862,0.012,227464,154980,242532.46753246753
307807,12070,0.011448275862068966,0.009793103448275862,0.015,228262,142195,242532.46753246753
263741,11277,0.011448275862068966,0.010206896551724139,0.006,231084,186261,237898.08917197454
281876,16995,0.011448275862068966,0.010206896551724139,0.009,227903,168125,237898.08917197454
296973,15934,0.011448275862068966,0.010206896551724139,0.012,226574,153027,237898.08917197454
309488,16709,0.011448275862068966,0.010206896551724139,0.015,225187,140515,237898.08917197454
266387,15259,0.011448275862068966,0.010620689655172414,0.006,227564,183616,233437.50000000003
284118,21459,0.011448275862068966,0.010620689655172414,0.009,224569,165885,233437.50000000003
298740,17643,0.011448275862068966,0.010620689655172414,0.012,224153,151261,233437.50000000003
310977,17209,0.011448275862068966,0.010620689655172414,0.015,223230,139027,233437.50000000003
269062,24316,0.011448275862068966,0.011034482758620689,0.006,223273,180942,229141.10429447857
286312,17868,0.011448275862068966,0.011034482758620689,0.009,223050,163689,229141.10429447857
300600,20399,0.011448275862068966,0.011034482758620689,0.012,221453,149400,229141.10429447857
312507,21853,0.011448275862068966,0.011034482758620689,0.015,220195,137498,229141.10429447857
271653,26014,0.011448275862068966,0.011448275862068966,0.006,220360,178349,224999.99999999997
288423,28587,0.011448275862068966,0.011448275862068966,0.009,218471,161583,224999.99999999997
302320,25847,0.011448275862068966,0.011448275862068966,0.012,218098,147684,224999.99999999997
314084,26573,0.011448275862068966,0.011448275862068966,0.015,217109,135917,224999.99999999997
274152,51895,0.011448275862068966,0.01186206896551724,0.006,213406,175851,221005.9171597633
290506,37835,0.011448275862068966,0.01186206896551724,0.009,214297,159499,221005.9171597633
304145,35822,0.011448275862068966,0.01186206896551724,0.012,213685,145859,221005.9171597633
315505,37404,0.011448275862068966,0.01186206896551724,0.015,212454,134503,221005.9171597633
276650,54730,0.011448275862068966,0.012275862068965518,0.006,210441,173353,217151.16279069768
292541,48969,0.011448275862068966,0.012275862068965518,0.009,209795,157460,217151.16279069768
305788,49003,0.011448275862068966,0.012275862068965518,0.012,208566,144212,217151.16279069768
316977,53566,0.011448275862068966,0.012275862068965518,0.015,206327,133025,217151.16279069768
279007,64950,0.011448275862068966,0.012689655172413793,0.006,206364,170998,213428.57142857148
294498,61066,0.011448275862068966,0.012689655172413793,0.009,205121,155510,213428.57142857148
307481,55339,0.011448275862068966,0.012689655172413793,0.012,205180,142525,213428.57142857148
318406,49633,0.011448275862068966,0.012689655172413793,0.015,205818,131596,213428.57142857148
281319,88250,0.011448275862068966,0.01310344827586207,0.006,200146,168682,209831.4606741573
296409,80925,0.011448275862068966,0.01310344827586207,0.009,198926,153598,209831.4606741573
309057,69234,0.011448275862068966,0.01310344827586207,0.012,200004,140950,209831.4606741573
319696,76784,0.011448275862068966,0.01310344827586207,0.015,196816,130306,209831.4606741573
283632,76404,0.011448275862068966,0.013517241379310345,0.006,199841,166368,206353.591160221
298267,76084,0.011448275862068966,0.013517241379310345,0.009,198038,151734,206353.591160221
310602,78222,0.011448275862068966,0.013517241379310345,0.012,196053,139401,206353.591160221
321052,83475,0.011448275862068966,0.013517241379310345,0.015,193467,128953,206353.591160221
285851,93101,0.011448275862068966,0.01393103448275862,0.006,194933,164150,202989.13043478265
300160,80184,0.011448275862068966,0.01393103448275862,0.009,195334,149846,202989.13043478265
312176,87188,0.011448275862068966,0.01393103448275862,0.012,192251,137833,202989.13043478265
322447,78181,0.011448275862068966,0.01393103448275862,0.015,193493,127559,202989.13043478265
287936,88719,0.011448275862068966,0.014344827586206896,0.006,193546,162064,199732.6203208556
301936,98961,0.011448275862068966,0.014344827586206896,0.009,189557,148073,199732.6203208556
313656,85347,0.011448275862068966,0.014344827586206896,0.012,191077,136352,199732.6203208556
323674,88486,0.011448275862068966,0.014344827586206896,0.015,189311,126331,199732.6203208556
289985,119181,0.011448275862068966,0.014758620689655172,0.006,186615,160019,196578.94736842104
303638,108428,0.011448275862068966,0.014758620689655172,0.009,185885,146363,196578.94736842104
315148,95306,0.011448275862068966,0.014758620689655172,0.012,187167,134860,196578.94736842104
325018,81246,0.011448275862068966,0.014758620689655172,0.015,189792,124988,196578.94736842104
292094,114042,0.011448275862068966,0.015172413793103448,0.006,185501,157906,193523.31606217616
305381,120627,0.011448275862068966,0.015172413793103448,0.009,181664,144628,193523.31606217616
316560,98046,0.011448275862068966,0.015172413793103448,0.012,184946,133445,193523.31606217616
326181,89445,0.011448275862068966,0.015172413793103448,0.015,186242,123823,193523.31606217616
294078,85795,0.011448275862068966,0.015586206896551724,0.006,187842,155928,190561.22448979592
307048,104059,0.011448275862068966,0.015586206896551724,0.009,183334,142958,190561.22448979592
318003,107007,0.011448275862068966,0.015586206896551724,0.012,181357,131997,190561.22448979592
327403,100872,0.011448275862068966,0.015586206896551724,0.015,181854,122602,190561.22448979592
295922,120742,0.011448275862068966,0.016,0.006,180560,154082,187688.44221105526
308635,129306,0.011448275862068966,0.016,0.009,176695,141373,187688.44221105526
319437,108935,0.011448275862068966,0.016,0.012,179418,130569,187688.44221105526
328629,130105,0.011448275862068966,0.016,0.015,172880,121380,187688.44221105526
205781,2636,0.01186206896551724,0.004,0.006,287678,244216,336521.73913043475
235317,5095,0.01186206896551724,0.004,0.009,275590,214685,336521.73913043475
258392,6468,0.01186206896551724,0.004,0.012,267077,191609,336521.73913043475
276980,8115,0.01186206896551724,0.004,0.015,260541,173021,336521.73913043475
210375,3597,0.01186206896551724,0.004413793103448276,0.006,283300,239628,327966.1016949152
238802,6492,0.01186206896551724,0.004413793103448276,0.009,271891,211198,327966.1016949152
261195,7251,0.01186206896551724,0.004413793103448276,0.012,264073,188806,327966.1016949152
279299,9418,0.01186206896551724,0.004413793103448276,0.015,257786,170703,327966.1016949152
214657,4335,0.01186206896551724,0.004827586206896552,0.006,279102,235346,319834.71074380167
242235,7471,0.01186206896551724,0.004827586206896552,0.009,268413,207768,319834.71074380167
263908,8320,0.01186206896551724,0.004827586206896552,0.012,261114,186096,319834.71074380167
281524,11201,0.01186206896551724,0.004827586206896552,0.015,254864,168478,319834.71074380167
218894,4714,0.01186206896551724,0.005241379310344827,0.006,275013,231108,312096.7741935484
245533,7846,0.01186206896551724,0.005241379310344827,0.009,265117,204468,312096.7741935484
266568,9450,0.01186206896551724,0.005241379310344827,0.012,258125,183437,312096.7741935484
283717,11139,0.01186206896551724,0.005241379310344827,0.015,252656,166290,312096.7741935484
222951,5669,0.01186206896551724,0.005655172413793104,0.006,271000,227052,304724.4094488189
248663,7469,0.01186206896551724,0.005655172413793104,0.009,262134,201338,304724.4094488189
269149,11280,0.01186206896551724,0.005655172413793104,0.012,254998,180851,304724.4094488189
285777,13027,0.01186206896551724,0.005655172413793104,0.015,249925,164225,304724.4094488189
226915,7428,0.01186206896551724,0.006068965517241379,0.006,266901,223089,297692.3076923077
251759,8112,0.01186206896551724,0.006068965517241379,0.009,258910,198243,297692.3076923077
271698,11918,0.01186206896551724,0.006068965517241379,0.012,252320,178305,297692.3076923077
287846,11633,0.01186206896551724,0.006068965517241379,0.015,248155,162158,297692.3076923077
230710,7870,0.01186206896551724,0.006482758620689655,0.006,263102,219291,290977.44360902254
254734,10047,0.01186206896551724,0.006482758620689655,0.009,255550,195271,290977.44360902254
274030,11275,0.01186206896551724,0.006482758620689655,0.012,250035,175975,290977.44360902254
289917,13706,0.01186206896551724,0.006482758620689655,0.015,245388,160084,290977.44360902254
234314,7391,0.01186206896551724,0.006896551724137931,0.006,259669,215689,284558.8235294118
257665,11191,0.01186206896551724,0.006896551724137931,0.009,252352,192340,284558.8235294118
276428,11994,0.01186206896551724,0.006896551724137931,0.012,247394,173574,284558.8235294118
291881,13847,0.01186206896551724,0.006896551724137931,0.015,243265,158119,284558.8235294118
237902,10907,0.01186206896551724,0.007310344827586207,0.006,255523,212100,278417.2661870503
260465,11759,0.01186206896551724,0.007310344827586207,0.009,249391,189540,278417.2661870503
278697,13547,0.01186206896551724,0.007310344827586207,0.012,244591,171306,278417.2661870503
293799,14852,0.01186206896551724,0.007310344827586207,0.015,240896,156201,278417.2661870503
241288,10885,0.01186206896551724,0.007724137931034483,0.006,252178,208713,272535.21126760566
263197,14206,0.01186206896551724,0.007724137931034483,0.009,246082,186806,272535.21126760566
280937,16080,0.01186206896551724,0.007724137931034483,0.012,241609,169065,272535.21126760566
295632,15364,0.01186206896551724,0.007724137931034483,0.015,238762,154371,272535.21126760566
244648,12513,0.01186206896551724,0.008137931034482758,0.006,248646,205353,266896.5517241379
265964,11429,0.01186206896551724,0.008137931034482758,0.009,244065,184037,266896.5517241379
283128,15638,0.01186206896551724,0.008137931034482758,0.012,239452,166875,266896.5517241379
297478,16186,0.01186206896551724,0.008137931034482758,0.015,236537,152530,266896.5517241379
247822,17401,0.01186206896551724,0.008551724137931035,0.006,244534,202181,261486.4864864865
268494,16307,0.01186206896551724,0.008551724137931035,0.009,240289,181511,261486.4864864865
285296,16757,0.01186206896551724,0.008551724137931035,0.012,236918,164712,261486.4864864865
299240,19204,0.01186206896551724,0.008551724137931035,0.015,233673,150767,261486.4864864865
250950,15648,0.01186206896551724,0.00896551724137931,0.006,241742,199053,256291.39072847684
271066,16145,0.01186206896551724,0.00896551724137931,0.009,237812,178935,256291.39072847684
287380,14699,0.01186206896551724,0.00896551724137931,0.012,235292,162622,256291.39072847684
300998,19237,0.01186206896551724,0.00896551724137931,0.015,231783,149010,256291.39072847684
254066,12623,0.01186206896551724,0.009379310344827585,0.006,239309,195935,251298.7012987013
273444,13024,0.01186206896551724,0.009379310344827585,0.009,235955,176561,251298.7012987013
289437,18016,0.01186206896551724,0.009379310344827585,0.012,232228,160563,251298.7012987013
302690,19883,0.01186206896551724,0.009379310344827585,0.015,229733,147311,251298.7012987013
257004,16001,0.01186206896551724,0.009793103448275862,0.006,235765,192997,246496.8152866242
275870,15001,0.01186206896551724,0.009793103448275862,0.009,233040,174131,246496.8152866242
291400,8417,0.01186206896551724,0.009793103448275862,0.012,232702,158606,246496.8152866242
304326,21726,0.01186206896551724,0.009793103448275862,0.015,227337,145678,246496.8152866242
259821,7244,0.01186206896551724,0.010206896551724139,0.006,234476,190179,241875.0
278131,20563,0.01186206896551724,0.010206896551724139,0.009,229359,171873,241875.0
293263,14112,0.01186206896551724,0.010206896551724139,0.012,229029,156741,241875.0
305957,11988,0.01186206896551724,0.010206896551724139,0.015,228328,144051,241875.0
262550,12556,0.01186206896551724,0.010620689655172414,0.006,230731,187451,237423.31288343557
280432,13714,0.01186206896551724,0.010620689655172414,0.009,228572,169568,237423.31288343557
295168,13391,0.01186206896551724,0.010620689655172414,0.012,227235,154835,237423.31288343557
307593,14543,0.01186206896551724,0.010620689655172414,0.015,225738,142415,237423.31288343557
265235,15358,0.01186206896551724,0.011034482758620689,0.006,227513,184767,233132.53012048194
282611,16507,0.01186206896551724,0.011034482758620689,0.009,225646,167393,233132.53012048194
297062,25543,0.01186206896551724,0.011034482758620689,0.012,222124,152939,233132.53012048194
309083,16876,0.01186206896551724,0.011034482758620689,0.015,223361,140922,233132.53012048194
267872,17757,0.01186206896551724,0.011448275862068966,0.006,224403,182129,228994.08284023666
284796,17733,0.01186206896551724,0.011448275862068966,0.009,223039,165210,228994.08284023666
298773,20358,0.01186206896551724,0.011448275862068966,0.012,221484,151230,228994.08284023666
310619,22069,0.01186206896551724,0.011448275862068966,0.015,220206,139384,228994.08284023666
270363,30588,0.01186206896551724,0.01186206896551724,0.006,219718,179642,224999.99999999997
286834,22533,0.01186206896551724,0.01186206896551724,0.009,219870,163167,224999.99999999997
300515,26947,0.01186206896551724,0.01186206896551724,0.012,217903,149487,224999.99999999997
312102,29523,0.01186206896551724,0.01186206896551724,0.015,216417,137905,224999.99999999997
272841,53919,0.01186206896551724,0.012275862068965518,0.006,213328,177160,221142.8571428571
288922,37676,0.01186206896551724,0.012275862068965518,0.009,214547,161084,221142.8571428571
302245,35618,0.01186206896551724,0.012275862068965518,0.012,213935,147757,221142.8571428571
313561,38880,0.01186206896551724,0.012275862068965518,0.015,212220,136444,221142.8571428571
275270,41979,0.01186206896551724,0.012689655172413793,0.006,212913,174735,217415.73033707865
290944,48053,0.01186206896551724,0.012689655172413793,0.009,210257,159062,217415.73033707865
303923,52292,0.01186206896551724,0.012689655172413793,0.012,208014,146079,217415.73033707865
315012,49448,0.01186206896551724,0.012689655172413793,0.015,207712,134996,217415.73033707865
277550,64022,0.01186206896551724,0.01310344827586207,0.006,206960,172453,213812.15469613258
292796,60904,0.01186206896551724,0.01310344827586207,0.009,205556,157209,213812.15469613258
305546,51991,0.01186206896551724,0.01310344827586207,0.012,206332,144458,213812.15469613258
316466,57084,0.01186206896551724,0.01310344827586207,0.015,204064,133540,213812.15469613258
279827,90303,0.01186206896551724,0.013517241379310345,0.006,200358,170176,210326.08695652173
294742,82066,0.01186206896551724,0.013517241379310345,0.009,199224,155264,210326.08695652173
307144,70551,0.01186206896551724,0.013517241379310345,0.012,200079,142860,210326.08695652173
317761,58503,0.01186206896551724,0.013517241379310345,0.015,202191,132244,210326.08695652173
282041,81878,0.01186206896551724,0.01393103448275862,0.006,199604,167963,206951.87165775403
296569,91068,0.01186206896551724,0.01393103448275862,0.009,195503,153439,206951.87165775403
308720,74195,0.01186206896551724,0.01393103448275862,0.012,197539,141287,206951.87165775403
319109,74859,0.01186206896551724,0.01393103448275862,0.015,196268,130898,206951.87165775403
284206,89008,0.01186206896551724,0.014344827586206896,0.006,196277,165799,203684.2105263158
298353,73170,0.01186206896551724,0.014344827586206896,0.009,197297,151652,203684.2105263158
310246,83670,0.01186206896551724,0.014344827586206896,0.012,193659,139756,203684.2105263158
320415,73647,0.01186206896551724,0.014344827586206896,0.015,195146,129588,203684.2105263158
286394,108267,0.01186206896551724,0.014758620689655172,0.006,191179,163607,200518.1347150259
300165,99820,0.01186206896551724,0.014758620689655172,0.009,190081,149842,200518.1347150259
311821,84610,0.01186206896551724,0.014758620689655172,0.012,191876,138184,200518.1347150259
321780,92006,0.01186206896551724,0.014758620689655172,0.015,188851,128226,200518.1347150259
288354,97962,0.01186206896551724,0.015172413793103448,0.006,190694,161650,197448.97959183672
301902,88438,0.01186206896551724,0.015172413793103448,0.009,190598,148101,197448.97959183672
313205,79103,0.01186206896551724,0.015172413793103448,0.012,191607,136797,197448.97959183672
323020,107022,0.01186206896551724,0.015172413793103448,0.015,183518,126980,197448.97959183672
290375,119105,0.01186206896551724,0.015586206896551724,0.006,185539,159627,194472.36180904522
303522,90688,0.01186206896551724,0.015586206896551724,0.009,188366,146484,194472.36180904522
314690,96262,0.01186206896551724,0.015586206896551724,0.012,186052,135318,194472.36180904522
324205,85485,0.01186206896551724,0.015586206896551724,0.015,187881,125800,194472.36180904522
292307,110886,0.01186206896551724,0.016,0.006,184810,157698,191584.15841584155
305225,102955,0.01186206896551724,0.016,0.009,184275,144777,191584.15841584155
316045,101950,0.01186206896551724,0.016,0.012,183229,133960,191584.15841584155
325478,90045,0.01186206896551724,0.016,0.015,185320,124530,191584.15841584155
201929,3533,0.012275862068965518,0.004,0.006,289873,248069,339406.77966101695
231408,5490,0.012275862068965518,0.004,0.009,277571,218596,339406.77966101695
254559,6096,0.012275862068965518,0.004,0.012,269060,195444,339406.77966101695
273352,6905,0.012275862068965518,0.004,0.015,262612,176648,339406.77966101695
206461,2592,0.012275862068965518,0.004413793103448276,0.006,285918,243542,330991.7355371901
234925,5482,0.012275862068965518,0.004413793103448276,0.009,274310,215077,330991.7355371901
257462,7120,0.012275862068965518,0.004413793103448276,0.012,266024,192538,330991.7355371901
275619,9109,0.012275862068965518,0.004413793103448276,0.015,259537,174384,330991.7355371901
210865,3920,0.012275862068965518,0.004827586206896552,0.006,281569,239134,322983.87096774194
238356,5710,0.012275862068965518,0.004827586206896552,0.009,271012,211649,322983.87096774194
260145,8729,0.012275862068965518,0.004827586206896552,0.012,262804,189856,322983.87096774194
277921,9070,0.012275862068965518,0.004827586206896552,0.015,257267,172079,322983.87096774194
215090,4280,0.012275862068965518,0.005241379310344827,0.006,277517,234915,315354.33070866147
241693,6478,0.012275862068965518,0.005241379310344827,0.009,267609,208308,315354.33070866147
262780,7627,0.012275862068965518,0.005241379310344827,0.012,260592,187223,315354.33070866147
280068,10500,0.012275862068965518,0.005241379310344827,0.015,254588,169937,315354.33070866147
219059,3659,0.012275862068965518,0.005655172413793104,0.006,273808,230942,308076.92307692306
244791,7780,0.012275862068965518,0.005655172413793104,0.009,264209,205210,308076.92307692306
265453,9278,0.012275862068965518,0.005655172413793104,0.012,257513,184547,308076.92307692306
282204,11111,0.012275862068965518,0.005655172413793104,0.015,252215,167801,308076.92307692306
223057,5225,0.012275862068965518,0.006068965517241379,0.006,269780,226943,301127.8195488722
247903,8791,0.012275862068965518,0.006068965517241379,0.009,260943,202098,301127.8195488722
267920,10289,0.012275862068965518,0.006068965517241379,0.012,254701,182085,301127.8195488722
284323,10852,0.012275862068965518,0.006068965517241379,0.015,250141,165683,301127.8195488722
226808,6640,0.012275862068965518,0.006482758620689655,0.006,265848,223195,294485.2941176471
251018,8632,0.012275862068965518,0.006482758620689655,0.009,258033,198985,294485.2941176471
270367,9335,0.012275862068965518,0.006482758620689655,0.012,252515,179634,294485.2941176471
286346,12812,0.012275862068965518,0.006482758620689655,0.015,247410,163662,294485.2941176471
230557,6516,0.012275862068965518,0.006896551724137931,0.006,262366,219447,288129.49640287773
253922,10341,0.012275862068965518,0.006896551724137931,0.009,254784,196084,288129.49640287773
272763,9944,0.012275862068965518,0.006896551724137931,0.012,249910,177238,288129.49640287773
288304,13010,0.012275862068965518,0.006896551724137931,0.015,245267,161701,288129.49640287773
234094,7401,0.012275862068965518,0.007310344827586207,0.006,258764,215912,282042.25352112675
256740,9787,0.012275862068965518,0.007310344827586207,0.009,252088,193260,282042.25352112675
275049,13265,0.012275862068965518,0.007310344827586207,0.012,246625,174954,282042.25352112675
290273,14780,0.012275862068965518,0.007310344827586207,0.015,242673,159734,282042.25352112675
237507,9612,0.012275862068965518,0.007724137931034483,0.006,255017,212494,276206.8965517241
259437,12617,0.012275862068965518,0.007724137931034483,0.009,248687,190565,276206.8965517241
277311,15418,0.012275862068965518,0.007724137931034483,0.012,243730,172692,276206.8965517241
292117,15476,0.012275862068965518,0.007724137931034483,0.015,240428,157883,276206.8965517241
240779,11700,0.012275862068965518,0.008137931034482758,0.006,251352,209224,270608.1081081081
262163,13836,0.012275862068965518,0.008137931034482758,0.009,245747,187838,270608.1081081081
279603,15232,0.012275862068965518,0.008137931034482758,0.012,241508,170400,270608.1081081081
294029,16233,0.012275862068965518,0.008137931034482758,0.015,238242,155977,270608.1081081081
244011,11960,0.012275862068965518,0.008551724137931035,0.006,248161,205992,265231.7880794702
264729,13223,0.012275862068965518,0.008551724137931035,0.009,243238,185274,265231.7880794702
281689,15518,0.012275862068965518,0.008551724137931035,0.012,239199,168312,265231.7880794702
295767,17417,0.012275862068965518,0.008551724137931035,0.015,235959,154238,265231.7880794702
247173,14049,0.012275862068965518,0.00896551724137931,0.006,244651,202832,260064.93506493504
267338,17918,0.012275862068965518,0.00896551724137931,0.009,239574,182668,260064.93506493504
283814,17701,0.012275862068965518,0.00896551724137931,0.012,236425,166191,260064.93506493504
297520,15738,0.012275862068965518,0.00896551724137931,0.015,234556,152485,260064.93506493504
250175,17345,0.012275862068965518,0.009379310344827585,0.006,241095,199828,255095.5414012739
269733,16060,0.012275862068965518,0.009379310344827585,0.009,237511,180270,255095.5414012739
285799,18671,0.012275862068965518,0.009379310344827585,0.012,234042,164205,255095.5414012739
299299,13700,0.012275862068965518,0.009379310344827585,0.015,233264,150707,255095.5414012739
253129,17773,0.012275862068965518,0.009793103448275862,0.006,238085,196871,250312.5
272174,16663,0.012275862068965518,0.009793103448275862,0.009,234939,177826,250312.5
287801,16573,0.012275862068965518,0.009793103448275862,0.012,232470,162202,250312.5
300927,19775,0.012275862068965518,0.009793103448275862,0.015,229658,149078,250312.5
256046,13605,0.012275862068965518,0.010206896551724139,0.006,235923,193954,245705.52147239266
274492,17886,0.012275862068965518,0.010206896551724139,0.009,232236,175513,245705.52147239266
289827,19363,0.012275862068965518,0.010206896551724139,0.012,229676,160174,245705.52147239266
302599,19086,0.012275862068965518,0.010206896551724139,0.015,228036,147404,245705.52147239266
258810,15803,0.012275862068965518,0.010620689655172414,0.006,232748,191195,241265.06024096385
276797,19981,0.012275862068965518,0.010620689655172414,0.009,229431,173208,241265.06024096385
291729,10846,0.012275862068965518,0.010620689655172414,0.012,229878,158274,241265.06024096385
304253,23952,0.012275862068965518,0.010620689655172414,0.015,224866,145748,241265.06024096385
261492,11070,0.012275862068965518,0.011034482758620689,0.006,230822,188509,236982.2485207101
278969,14792,0.012275862068965518,0.011034482758620689,0.009,228259,171034,236982.2485207101
293559,20590,0.012275862068965518,0.011034482758620689,0.012,225341,156447,236982.2485207101
305751,23056,0.012275862068965518,0.011034482758620689,0.015,223376,144252,236982.2485207101
264088,14159,0.012275862068965518,0.011448275862068966,0.006,227681,185913,232848.83720930232
281158,15149,0.012275862068965518,0.011448275862068966,0.009,225922,168845,232848.83720930232
295315,16276,0.012275862068965518,0.011448275862068966,0.012,224519,154689,232848.83720930232
307350,18323,0.012275862068965518,0.011448275862068966,0.015,222968,142659,232848.83720930232
266696,27430,0.012275862068965518,0.01186206896551724,0.006,222822,183304,228857.14285714284
283252,17405,0.012275862068965518,0.01186206896551724,0.009,223209,166753,228857.14285714284
297082,21824,0.012275862068965518,0.01186206896551724,0.012,221167,152921,228857.14285714284
308870,22957,0.012275862068965518,0.01186206896551724,0.015,219963,141138,228857.14285714284
269158,26440,0.012275862068965518,0.012275862068965518,0.006,220481,180843,224999.99999999997
285291,27243,0.012275862068965518,0.012275862068965518,0.009,218982,164713,224999.99999999997
298825,28690,0.012275862068965518,0.012275862068965518,0.012,217594,151177,224999.99999999997
310352,31152,0.012275862068965518,0.012275862068965518,0.015,216081,139648,224999.99999999997
271591,38334,0.012275862068965518,0.012689655172413793,0.006,216121,178414,221270.71823204422
287368,31014,0.012275862068965518,0.012689655172413793,0.009,216141,162639,221270.71823204422
300500,36445,0.012275862068965518,0.012689655172413793,0.012,213911,149504,221270.71823204422
311719,35056,0.012275862068965518,0.012689655172413793,0.015,213444,138286,221270.71823204422
273892,59221,0.012275862068965518,0.01310344827586207,0.006,210406,176112,217663.04347826086
289319,45758,0.012275862068965518,0.01310344827586207,0.009,211010,160688,217663.04347826086
302231,51469,0.012275862068965518,0.01310344827586207,0.012,208503,147775,217663.04347826086
313150,50302,0.012275862068965518,0.01310344827586207,0.015,207730,136854,217663.04347826086
276183,54567,0.012275862068965518,0.013517241379310345,0.006,208806,173820,214171.1229946524
291205,51932,0.012275862068965518,0.013517241379310345,0.009,207776,158797,214171.1229946524
303816,48481,0.012275862068965518,0.013517241379310345,0.012,207492,146192,214171.1229946524
314547,64772,0.012275862068965518,0.013517241379310345,0.015,202351,135455,214171.1229946524
278432,78706,0.012275862068965518,0.01393103448275862,0.006,202739,171573,210789.47368421056
293038,67382,0.012275862068965518,0.01393103448275862,0.009,202648,156967,210789.47368421056
305436,71975,0.012275862068965518,0.01393103448275862,0.012,200137,144568,210789.47368421056
315896,73618,0.012275862068965518,0.01393103448275862,0.015,198470,134111,210789.47368421056
280687,59393,0.012275862068965518,0.014344827586206896,0.006,203573,169316,207512.95336787566
294942,91077,0.012275862068965518,0.014344827586206896,0.009,196039,155065,207512.95336787566
306914,72843,0.012275862068965518,0.014344827586206896,0.012,198319,143090,207512.95336787566
317312,71895,0.012275862068965518,0.014344827586206896,0.015,197448,132694,207512.95336787566
282719,78577,0.012275862068965518,0.014758620689655172,0.006,198486,167284,204336.73469387757
296655,89039,0.012275862068965518,0.014758620689655172,0.009,194591,153345,204336.73469387757
308433,82883,0.012275862068965518,0.014758620689655172,0.012,194294,141571,204336.73469387757
318545,66484,0.012275862068965518,0.014758620689655172,0.015,197436,131462,204336.73469387757
284803,84788,0.012275862068965518,0.015172413793103448,0.006,195428,165202,201256.2814070352
298474,87444,0.012275862068965518,0.015172413793103448,0.009,193148,151529,201256.2814070352
309922,92684,0.012275862068965518,0.015172413793103448,0.012,190434,140083,201256.2814070352
319872,82955,0.012275862068965518,0.015172413793103448,0.015,191747,130136,201256.2814070352
286812,99457,0.012275862068965518,0.015586206896551724,0.006,191149,163192,198267.3267326733
300091,84395,0.012275862068965518,0.015586206896551724,0.009,192049,149914,198267.3267326733
311359,96637,0.012275862068965518,0.015586206896551724,0.012,188089,138645,198267.3267326733
321078,91830,0.012275862068965518,0.015586206896551724,0.015,188062,128927,198267.3267326733
288785,91321,0.012275862068965518,0.016,0.006,190484,161219,195365.85365853657
301791,104947,0.012275862068965518,0.016,0.009,186288,148209,195365.85365853657
312810,106223,0.012275862068965518,0.016,0.012,184348,137193,195365.85365853657
322331,102443,0.012275862068965518,0.016,0.015,183938,127677,195365.85365853657
198334,3089,0.012689655172413793,0.004,0.006,292301,251666,342148.7603305785
227693,4731,0.012689655172413793,0.004,0.009,279853,222308,342148.7603305785
250984,5697,0.012689655172413793,0.004,0.012,271003,199020,342148.7603305785
269837,7204,0.012689655172413793,0.004,0.015,264111,180168,342148.7603305785
202742,3173,0.012689655172413793,0.004413793103448276,0.006,288106,247257,333870.9677419355
231209,5253,0.012689655172413793,0.004413793103448276,0.009,276462,218792,333870.9677419355
253819,6673,0.012689655172413793,0.004413793103448276,0.012,267935,196183,333870.9677419355
272072,7485,0.012689655172413793,0.004413793103448276,0.015,261757,177930,333870.9677419355
207149,4347,0.012689655172413793,0.004827586206896552,0.006,283833,242849,325984.25196850393
234585,5598,0.012689655172413793,0.004827586206896552,0.009,273107,215418,325984.25196850393
256513,7718,0.012689655172413793,0.004827586206896552,0.012,265005,193489,325984.25196850393
274326,8547,0.012689655172413793,0.004827586206896552,0.015,259087,175678,325984.25196850393
211387,3483,0.012689655172413793,0.005241379310344827,0.006,280066,238613,318461.5384615385
237921,5812,0.012689655172413793,0.005241379310344827,0.009,269891,212080,318461.5384615385
259225,7191,0.012689655172413793,0.005241379310344827,0.012,262520,190775,318461.5384615385
276616,9299,0.012689655172413793,0.005241379310344827,0.015,256669,173390,318461.5384615385
215389,4438,0.012689655172413793,0.005655172413793104,0.006,276056,234613,311278.1954887218
241099,6089,0.012689655172413793,0.005655172413793104,0.009,266729,208904,311278.1954887218
261748,9658,0.012689655172413793,0.005655172413793104,0.012,259294,188254,311278.1954887218
278785,10800,0.012689655172413793,0.005655172413793104,0.015,253997,171219,311278.1954887218
219270,5631,0.012689655172413793,0.006068965517241379,0.006,272104,230733,304411.7647058824
244227,8408,0.012689655172413793,0.006068965517241379,0.009,263194,205778,304411.7647058824
264288,10139,0.012689655172413793,0.006068965517241379,0.012,256627,185713,304411.7647058824
280787,10739,0.012689655172413793,0.006068965517241379,0.015,251854,169217,304411.7647058824
223151,6585,0.012689655172413793,0.006482758620689655,0.006,268287,226855,297841.726618705
247298,8894,0.012689655172413793,0.006482758620689655,0.009,260118,202702,297841.726618705
266836,8788,0.012689655172413793,0.006482758620689655,0.012,254548,183170,297841.726618705
282859,11566,0.012689655172413793,0.006482758620689655,0.015,249448,167145,297841.726618705
226777,5984,0.012689655172413793,0.006896551724137931,0.006,264896,223222,291549.2957746479
250167,8459,0.012689655172413793,0.006896551724137931,0.009,257330,199836,291549.2957746479
269241,11249,0.012689655172413793,0.006896551724137931,0.012,251451,180761,291549.2957746479
284867,14839,0.012689655172413793,0.006896551724137931,0.015,246412,165135,291549.2957746479
230331,8990,0.012689655172413793,0.007310344827586207,0.006,260924,219671,285517.2413793103
253016,9201,0.012689655172413793,0.007310344827586207,0.009,254362,196987,285517.2413793103
271515,14557,0.012689655172413793,0.007310344827586207,0.012,248198,178488,285517.2413793103
286793,13365,0.012689655172413793,0.007310344827586207,0.015,244796,163212,285517.2413793103
233750,7084,0.012689655172413793,0.007724137931034483,0.006,257931,216254,279729.7297297297
255832,9766,0.012689655172413793,0.007724137931034483,0.009,251497,194172,279729.7297297297
273775,13603,0.012689655172413793,0.007724137931034483,0.012,246132,176227,279729.7297297297
288763,14072,0.012689655172413793,0.007724137931034483,0.015,242572,161243,279729.7297297297
237072,8927,0.012689655172413793,0.008137931034482758,0.006,254343,212931,274172.1854304636
258480,12460,0.012689655172413793,0.008137931034482758,0.009,248206,191523,274172.1854304636
276017,13312,0.012689655172413793,0.008137931034482758,0.012,243941,173985,274172.1854304636
290582,16273,0.012689655172413793,0.008137931034482758,0.015,239950,159420,274172.1854304636
240365,11063,0.012689655172413793,0.008551724137931035,0.006,250781,209635,268831.16883116885
261148,14481,0.012689655172413793,0.008551724137931035,0.009,245137,188854,268831.16883116885
278155,15741,0.012689655172413793,0.008551724137931035,0.012,241073,171847,268831.16883116885
292384,15841,0.012689655172413793,0.008551724137931035,0.015,238144,157620,268831.16883116885
243480,10957,0.012689655172413793,0.00896551724137931,0.006,247772,206522,263694.26751592354
263658,14193,0.012689655172413793,0.00896551724137931,0.009,242635,186345,263694.26751592354
280332,16586,0.012689655172413793,0.00896551724137931,0.012,238653,169674,263694.26751592354
294156,15504,0.012689655172413793,0.00896551724137931,0.015,236331,155848,263694.26751592354
246491,12558,0.012689655172413793,0.009379310344827585,0.006,244415,203509,258750.0
266137,15086,0.012689655172413793,0.009379310344827585,0.009,239897,183865,258750.0
282421,18488,0.012689655172413793,0.009379310344827585,0.012,236000,167584,258750.0
295904,17700,0.012689655172413793,0.009379310344827585,0.015,233798,154100,258750.0
249454,15016,0.012689655172413793,0.009793103448275862,0.006,241047,200550,253987.7300613497
268581,16046,0.012689655172413793,0.009793103448275862,0.009,237231,181420,253987.7300613497
284431,15871,0.012689655172413793,0.009793103448275862,0.012,234566,165574,253987.7300613497
297603,14151,0.012689655172413793,0.009793103448275862,0.015,233001,152402,253987.7300613497
252348,9815,0.012689655172413793,0.010206896551724139,0.006,239139,197657,249397.5903614458
270918,11407,0.012689655172413793,0.010206896551724139,0.009,235877,179084,249397.5903614458
286386,10535,0.012689655172413793,0.010206896551724139,0.012,233844,163615,249397.5903614458
299259,18037,0.012689655172413793,0.010206896551724139,0.015,230072,150746,249397.5903614458
255141,10273,0.012689655172413793,0.010620689655172414,0.006,236219,194860,244970.41420118342
273214,9267,0.012689655172413793,0.010620689655172414,0.009,233952,176787,244970.41420118342
288295,15236,0.012689655172413793,0.010620689655172414,0.012,230644,161709,244970.41420118342
300930,16547,0.012689655172413793,0.010620689655172414,0.015,228725,149070,244970.41420118342
257819,15877,0.012689655172413793,0.011034482758620689,0.006,232514,192184,240697.67441860464
275491,13111,0.012689655172413793,0.011034482758620689,0.009,230808,174513,240697.67441860464
290098,13076,0.012689655172413793,0.011034482758620689,0.012,229129,159905,240697.67441860464
302494,22308,0.012689655172413793,0.011034482758620689,0.015,225325,147507,240697.67441860464
260502,11595,0.012689655172413793,0.011448275862068966,0.006,230570,189499,236571.42857142855
277618,13795,0.012689655172413793,0.011448275862068966,0.009,228366,172385,236571.42857142855
291952,16885,0.012689655172413793,0.011448275862068966,0.012,226223,158050,236571.42857142855
304128,16427,0.012689655172413793,0.011448275862068966,0.015,225219,145875,236571.42857142855
263109,20138,0.012689655172413793,0.01186206896551724,0.006,226599,186891,232584.26966292132
279834,14839,0.012689655172413793,0.01186206896551724,0.009,225917,170169,232584.26966292132
293770,16621,0.012689655172413793,0.01186206896551724,0.012,224426,156239,232584.26966292132
305596,18356,0.012689655172413793,0.01186206896551724,0.015,222975,144406,232584.26966292132
265619,16886,0.012689655172413793,0.012275862068965518,0.006,224559,184384,228729.28176795578
281846,21910,0.012689655172413793,0.012275862068965518,0.009,222309,168160,228729.28176795578
295513,19612,0.012689655172413793,0.012275862068965518,0.012,221732,154487,228729.28176795578
307058,23608,0.012689655172413793,0.012275862068965518,0.015,219838,142946,228729.28176795578
267976,24958,0.012689655172413793,0.012689655172413793,0.006,220796,182029,225000.00000000003
283921,27643,0.012689655172413793,0.012689655172413793,0.009,219002,166080,225000.00000000003
297173,26991,0.012689655172413793,0.012689655172413793,0.012,218126,152831,225000.00000000003
308573,26537,0.012689655172413793,0.012689655172413793,0.015,217446,141435,225000.00000000003
270324,34655,0.012689655172413793,0.01310344827586207,0.006,216892,179679,221390.37433155082
285896,46689,0.012689655172413793,0.01310344827586207,0.009,213070,164108,221390.37433155082
298908,33426,0.012689655172413793,0.01310344827586207,0.012,214826,151098,221390.37433155082
310040,32279,0.012689655172413793,0.01310344827586207,0.015,214348,139966,221390.37433155082
272636,55959,0.012689655172413793,0.013517241379310345,0.006,211197,177368,217894.73684210525
287710,49061,0.012689655172413793,0.013517241379310345,0.009,210568,162294,217894.73684210525
300557,46356,0.012689655172413793,0.013517241379310345,0.012,209963,149449,217894.73684210525
311410,47536,0.012689655172413793,0.013517241379310345,0.015,208730,138598,217894.73684210525
274930,57837,0.012689655172413793,0.01393103448275862,0.006,208608,175075,214507.77202072542
289642,69447,0.012689655172413793,0.01393103448275862,0.009,204508,160359,214507.77202072542
302106,57370,0.012689655172413793,0.01393103448275862,0.012,205661,147899,214507.77202072542
312832,60372,0.012689655172413793,0.01393103448275862,0.015,203799,137174,214507.77202072542
277111,55400,0.012689655172413793,0.014344827586206896,0.006,206820,172892,211224.48979591834
291470,61608,0.012689655172413793,0.014344827586206896,0.009,204183,158534,211224.48979591834
303682,58193,0.012689655172413793,0.014344827586206896,0.012,203806,146325,211224.48979591834
314106,63536,0.012689655172413793,0.014344827586206896,0.015,201512,135895,211224.48979591834
279253,64813,0.012689655172413793,0.014758620689655172,0.006,203194,170754,208040.20100502513
293290,80434,0.012689655172413793,0.014758620689655172,0.009,198659,156712,208040.20100502513
305280,66619,0.012689655172413793,0.014758620689655172,0.012,200215,144725,208040.20100502513
315431,69853,0.012689655172413793,0.014758620689655172,0.015,198365,134576,208040.20100502513
281346,88662,0.012689655172413793,0.015172413793103448,0.006,197533,168662,204950.49504950497
295104,84684,0.012689655172413793,0.015172413793103448,0.009,196030,154902,204950.49504950497
306785,85099,0.012689655172413793,0.015172413793103448,0.012,194323,143219,204950.49504950497
316807,72933,0.012689655172413793,0.015172413793103448,0.015,196150,133196,204950.49504950497
283372,105578,0.012689655172413793,0.015586206896551724,0.006,192912,166634,201951.21951219512
296773,104904,0.012689655172413793,0.015586206896551724,0.009,190279,153232,201951.21951219512
308173,86626,0.012689655172413793,0.015586206896551724,0.012,192405,141832,201951.21951219512
317992,79926,0.012689655172413793,0.015586206896551724,0.015,192977,132013,201951.21951219512
285352,103942,0.012689655172413793,0.016,0.006,191240,164650,199038.4615384615
298491,94419,0.012689655172413793,0.016,0.009,190623,151509,199038.4615384615
309616,91813,0.012689655172413793,0.016,0.012,189711,140389,199038.4615384615
319254,93413,0.012689655172413793,0.016,0.015,188183,130750,199038.4615384615
194710,2900,0.01310344827586207,0.004,0.006,294590,255290,344758.0645161291
224021,3833,0.01310344827586207,0.004,0.009,282064,225980,344758.0645161291
247409,5253,0.01310344827586207,0.004,0.012,272919,202591,344758.0645161291
266301,6456,0.01310344827586207,0.004,0.015,266003,183699,344758.0645161291
199207,2826,0.01310344827586207,0.004413793103448276,0.006,290406,250794,336614.1732283465
227639,4999,0.01310344827586207,0.004413793103448276,0.009,278463,222366,336614.1732283465
250167,6937,0.01310344827586207,0.004413793103448276,0.012,269770,199833,336614.1732283465
268661,7483,0.01310344827586207,0.004413793103448276,0.015,263320,181344,336614.1732283465
203610,2809,0.01310344827586207,0.004827586206896552,0.006,286411,246391,328846.1538461539
231058,7009,0.01310344827586207,0.004827586206896552,0.009,274765,218945,328846.1538461539
253004,8269,0.01310344827586207,0.004827586206896552,0.012,266682,197000,328846.1538461539
270905,7916,0.01310344827586207,0.004827586206896552,0.015,260953,179096,328846.1538461539
207775,4407,0.01310344827586207,0.005241379310344827,0.006,282183,242224,321428.5714285715
234336,5648,0.01310344827586207,0.005241379310344827,0.009,271929,215665,321428.5714285715
255613,6827,0.01310344827586207,0.005241379310344827,0.012,264486,194390,321428.5714285715
273095,9807,0.01310344827586207,0.005241379310344827,0.015,258151,176907,321428.5714285715
211796,3960,0.01310344827586207,0.005655172413793104,0.006,278478,238207,314338.2352941176
237582,7241,0.01310344827586207,0.005655172413793104,0.009,268538,212418,314338.2352941176
258327,8254,0.01310344827586207,0.005655172413793104,0.012,261498,191676,314338.2352941176
275280,10853,0.01310344827586207,0.005655172413793104,0.015,255628,174723,314338.2352941176
215681,5406,0.01310344827586207,0.006068965517241379,0.006,274455,234322,307553.9568345324
240642,9137,0.01310344827586207,0.006068965517241379,0.009,265069,209361,307553.9568345324
260855,9105,0.01310344827586207,0.006068965517241379,0.012,258785,189147,307553.9568345324
277388,10444,0.01310344827586207,0.006068965517241379,0.015,253570,172615,307553.9568345324
219560,5302,0.01310344827586207,0.006482758620689655,0.006,270903,230443,301056.33802816906
243707,6981,0.01310344827586207,0.006482758620689655,0.009,262670,206294,301056.33802816906
263285,9453,0.01310344827586207,0.006482758620689655,0.012,256180,186720,301056.33802816906
279452,12081,0.01310344827586207,0.006482758620689655,0.015,250998,170551,301056.33802816906
223162,5344,0.01310344827586207,0.006896551724137931,0.006,267458,226839,294827.5862068966
246640,9808,0.01310344827586207,0.006896551724137931,0.009,259082,203363,294827.5862068966
265754,11147,0.01310344827586207,0.006896551724137931,0.012,253330,184252,294827.5862068966
281471,13509,0.01310344827586207,0.006896551724137931,0.015,248459,168532,294827.5862068966
226761,5770,0.01310344827586207,0.007310344827586207,0.006,263950,223239,288851.35135135136
249498,10341,0.01310344827586207,0.007310344827586207,0.009,256195,200505,288851.35135135136
268026,10418,0.01310344827586207,0.007310344827586207,0.012,251168,181976,288851.35135135136
283495,13540,0.01310344827586207,0.007310344827586207,0.015,246409,166511,288851.35135135136
230123,7468,0.01310344827586207,0.007724137931034483,0.006,260296,219877,283112.58278145693
252299,10792,0.01310344827586207,0.007724137931034483,0.009,253390,197706,283112.58278145693
270334,13164,0.01310344827586207,0.007724137931034483,0.012,248147,179671,283112.58278145693
285367,14130,0.01310344827586207,0.007724137931034483,0.015,244271,164637,283112.58278145693
233558,9666,0.01310344827586207,0.008137931034482758,0.006,256624,216443,277597.40259740263
254983,11338,0.01310344827586207,0.008137931034482758,0.009,250570,195018,277597.40259740263
272635,13095,0.01310344827586207,0.008137931034482758,0.012,245877,177371,277597.40259740263
287315,15668,0.01310344827586207,0.008137931034482758,0.015,241816,162686,277597.40259740263
236804,10380,0.01310344827586207,0.008551724137931035,0.006,253345,213199,272292.99363057327
257568,13983,0.01310344827586207,0.008551724137931035,0.009,247352,192433,272292.99363057327
274805,13440,0.01310344827586207,0.008551724137931035,0.012,243554,175201,272292.99363057327
289142,17588,0.01310344827586207,0.008551724137931035,0.015,239317,160858,272292.99363057327
239867,13778,0.01310344827586207,0.00896551724137931,0.006,249675,210137,267187.5
260185,13126,0.01310344827586207,0.00896551724137931,0.009,244986,189816,267187.5
276880,15637,0.01310344827586207,0.00896551724137931,0.012,240772,173126,267187.5
290910,16062,0.01310344827586207,0.00896551724137931,0.015,237832,159091,267187.5
242953,14461,0.01310344827586207,0.009379310344827585,0.006,246558,207050,262269.9386503068
262648,15710,0.01310344827586207,0.009379310344827585,0.009,241905,187353,262269.9386503068
278968,18349,0.01310344827586207,0.009379310344827585,0.012,237964,171034,262269.9386503068
292635,18560,0.01310344827586207,0.009379310344827585,0.015,235263,157369,262269.9386503068
245913,13072,0.01310344827586207,0.009793103448275862,0.006,243877,204089,257530.1204819277
265081,18044,0.01310344827586207,0.009793103448275862,0.009,238947,184921,257530.1204819277
280974,15763,0.01310344827586207,0.009793103448275862,0.012,236509,169027,257530.1204819277
294356,15618,0.01310344827586207,0.009793103448275862,0.015,234247,155648,257530.1204819277
248813,12990,0.01310344827586207,0.010206896551724139,0.006,241015,201187,252958.57988165686
267441,15793,0.01310344827586207,0.010206896551724139,0.009,237075,182562,252958.57988165686
283020,17762,0.01310344827586207,0.010206896551724139,0.012,233920,166980,252958.57988165686
296037,17775,0.01310344827586207,0.010206896551724139,0.015,231827,153965,252958.57988165686
251553,11192,0.01310344827586207,0.010620689655172414,0.006,238544,198450,248546.511627907
269805,10693,0.01310344827586207,0.010620689655172414,0.009,235788,180195,248546.511627907
284949,17092,0.01310344827586207,0.010620689655172414,0.012,232070,165057,248546.511627907
297734,22407,0.01310344827586207,0.010620689655172414,0.015,228751,152266,248546.511627907
254296,20288,0.01310344827586207,0.011034482758620689,0.006,234323,195708,244285.71428571435
272076,13449,0.01310344827586207,0.011034482758620689,0.009,232880,177925,244285.71428571435
286853,14761,0.01310344827586207,0.011034482758620689,0.012,230576,163148,244285.71428571435
299304,23667,0.01310344827586207,0.011034482758620689,0.015,226651,150702,244285.71428571435
256976,12284,0.01310344827586207,0.011448275862068966,0.006,232933,193029,240168.5393258427
274195,15133,0.01310344827586207,0.011448275862068966,0.009,230276,175808,240168.5393258427
288690,17349,0.01310344827586207,0.011448275862068966,0.012,228046,161316,240168.5393258427
300922,13998,0.01310344827586207,0.011448275862068966,0.015,227559,149078,240168.5393258427
259540,10781,0.01310344827586207,0.01186206896551724,0.006,230606,190461,236187.8453038674
276381,14943,0.01310344827586207,0.01186206896551724,0.009,228047,173619,236187.8453038674
290448,13441,0.01310344827586207,0.01186206896551724,0.012,227109,159559,236187.8453038674
302410,14560,0.01310344827586207,0.01186206896551724,0.015,225717,147597,236187.8453038674
262032,14942,0.01310344827586207,0.012275862068965518,0.006,227375,187972,232336.95652173914
278518,16864,0.01310344827586207,0.012275862068965518,0.009,225494,171484,232336.95652173914
292258,25415,0.01310344827586207,0.012275862068965518,0.012,222250,157748,232336.95652173914
303914,19005,0.01310344827586207,0.012275862068965518,0.015,222886,146090,232336.95652173914
264469,16796,0.01310344827586207,0.012689655172413793,0.006,224637,185534,228609.62566844927
280487,19253,0.01310344827586207,0.012689655172413793,0.009,222892,169518,228609.62566844927
293946,25819,0.01310344827586207,0.012689655172413793,0.012,220323,156056,228609.62566844927
305446,24223,0.01310344827586207,0.012689655172413793,0.015,219779,144554,228609.62566844927
266858,21232,0.01310344827586207,0.01310344827586207,0.006,221471,183144,225000.0
282529,25950,0.01310344827586207,0.01310344827586207,0.009,219454,167472,225000.0
295635,22504,0.01310344827586207,0.01310344827586207,0.012,219279,154371,225000.0
306874,27994,0.01310344827586207,0.01310344827586207,0.015,217184,143129,225000.0
269176,31666,0.01310344827586207,0.013517241379310345,0.006,217503,180827,221502.59067357515
284412,33389,0.01310344827586207,0.013517241379310345,0.009,215942,165592,221502.59067357515
297328,40487,0.01310344827586207,0.013517241379310345,0.012,213283,152679,221502.59067357515
308352,35791,0.01310344827586207,0.013517241379310345,0.015,213547,141650,221502.59067357515
271484,48741,0.01310344827586207,0.01393103448275862,0.006,212594,178520,218112.2448979592
286360,46174,0.01310344827586207,0.01393103448275862,0.009,211432,163645,218112.2448979592
298959,49496,0.01310344827586207,0.01393103448275862,0.012,209473,151043,218112.2448979592
309667,41271,0.01310344827586207,0.01393103448275862,0.015,210591,140339,218112.2448979592
273671,46909,0.01310344827586207,0.014344827586206896,0.006,210634,176330,214824.1206030151
288199,66291,0.01310344827586207,0.014344827586206896,0.009,205497,161802,214824.1206030151
300524,56381,0.01310344827586207,0.014344827586206896,0.012,206175,149484,214824.1206030151
311077,42370,0.01310344827586207,0.014344827586206896,0.015,208806,138931,214824.1206030151
275893,66574,0.01310344827586207,0.014758620689655172,0.006,205495,174112,211633.66336633664
290019,58678,0.01310344827586207,0.014758620689655172,0.009,205203,159989,211633.66336633664
302033,57931,0.01310344827586207,0.014758620689655172,0.012,204171,147971,211633.66336633664
312463,55464,0.01310344827586207,0.014758620689655172,0.015,203915,137543,211633.66336633664
277919,86039,0.01310344827586207,0.015172413793103448,0.006,200436,172086,208536.58536585365
291764,83224,0.01310344827586207,0.015172413793103448,0.009,198560,158241,208536.58536585365
303570,68638,0.01310344827586207,0.015172413793103448,0.012,200093,146431,208536.58536585365
313776,63172,0.01310344827586207,0.015172413793103448,0.015,200496,136230,208536.58536585365
279966,81273,0.01310344827586207,0.015586206896551724,0.006,199145,170037,205528.84615384619
293501,77082,0.01310344827586207,0.015586206896551724,0.009,197972,156503,205528.84615384619
305047,84807,0.01310344827586207,0.015586206896551724,0.012,194855,144958,205528.84615384619
315067,84122,0.01310344827586207,0.015586206896551724,0.015,193692,134936,205528.84615384619
281979,94040,0.01310344827586207,0.016,0.006,195305,168022,202606.63507109004
295275,84482,0.01310344827586207,0.016,0.009,194801,154731,202606.63507109004
306568,98335,0.01310344827586207,0.016,0.012,190228,143438,202606.63507109004
316264,73534,0.01310344827586207,0.016,0.015,195028,133738,202606.63507109004
191331,1963,0.013517241379310345,0.004,0.006,296935,258669,347244.0944881889
220562,3387,0.013517241379310345,0.004,0.009,284059,229440,347244.0944881889
243859,5133,0.013517241379310345,0.004,0.012,274721,206142,347244.0944881889
262876,6486,0.013517241379310345,0.004,0.015,267602,187127,347244.0944881889
195753,3413,0.013517241379310345,0.004413793103448276,0.006,292548,254250,339230.76923076925
224112,3936,0.013517241379310345,0.004413793103448276,0.009,280686,225889,339230.76923076925
246785,5158,0.013517241379310345,0.004413793103448276,0.012,271988,203215,339230.76923076925
265315,6708,0.013517241379310345,0.004413793103448276,0.015,265185,184691,339230.76923076925
200057,3211,0.013517241379310345,0.004827586206896552,0.006,288592,249945,331578.94736842107
227491,4929,0.013517241379310345,0.004827586206896552,0.009,277293,222512,331578.94736842107
249518,5105,0.013517241379310345,0.004827586206896552,0.012,269310,200484,331578.94736842107
267567,8009,0.013517241379310345,0.004827586206896552,0.015,262554,182439,331578.94736842107
204269,3586,0.013517241379310345,0.005241379310344827,0.006,284610,245733,324264.7058823529
230818,6028,0.013517241379310345,0.005241379310344827,0.009,273861,219185,324264.7058823529
252230,7923,0.013517241379310345,0.005241379310344827,0.012,265943,197775,324264.7058823529
269778,8686,0.013517241379310345,0.005241379310344827,0.015,260089,180223,324264.7058823529
208274,4020,0.013517241379310345,0.005655172413793104,0.006,280736,241729,317266.1870503597
234097,5680,0.013517241379310345,0.005655172413793104,0.009,270886,215907,317266.1870503597
254802,8362,0.013517241379310345,0.005655172413793104,0.012,263290,195199,317266.1870503597
271982,9050,0.013517241379310345,0.005655172413793104,0.015,257804,178023,317266.1870503597
212227,4648,0.013517241379310345,0.006068965517241379,0.006,276965,237772,310563.38028169016
237180,6883,0.013517241379310345,0.006068965517241379,0.009,267650,212823,310563.38028169016
257366,9118,0.013517241379310345,0.006068965517241379,0.012,260592,192634,310563.38028169016
274066,11535,0.013517241379310345,0.006068965517241379,0.015,254872,175937,310563.38028169016
216036,4345,0.013517241379310345,0.006482758620689655,0.006,273461,233963,304137.9310344827
240251,7670,0.013517241379310345,0.006482758620689655,0.009,264509,209749,304137.9310344827
259875,10676,0.013517241379310345,0.006482758620689655,0.012,257710,190130,304137.9310344827
276237,10863,0.013517241379310345,0.006482758620689655,0.015,253006,173766,304137.9310344827
219718,5408,0.013517241379310345,0.006896551724137931,0.006,269676,230282,297972.97297297296
243207,6978,0.013517241379310345,0.006896551724137931,0.009,261842,206793,297972.97297297296
262322,10464,0.013517241379310345,0.006896551724137931,0.012,255371,187682,297972.97297297296
278207,11203,0.013517241379310345,0.006896551724137931,0.015,250803,171798,297972.97297297296
223193,7301,0.013517241379310345,0.007310344827586207,0.006,265994,226808,292052.9801324503
246059,8431,0.013517241379310345,0.007310344827586207,0.009,258722,203947,292052.9801324503
264647,11535,0.013517241379310345,0.007310344827586207,0.012,252710,185356,292052.9801324503
280201,12096,0.013517241379310345,0.007310344827586207,0.015,248502,169800,292052.9801324503
226696,8188,0.013517241379310345,0.007724137931034483,0.006,262479,223305,286363.63636363635
248833,8570,0.013517241379310345,0.007724137931034483,0.009,255948,201170,286363.63636363635
267038,11630,0.013517241379310345,0.007724137931034483,0.012,250341,182965,286363.63636363635
282110,13995,0.013517241379310345,0.007724137931034483,0.015,245925,167893,286363.63636363635
230050,8635,0.013517241379310345,0.008137931034482758,0.006,259204,219950,280891.7197452229
251504,10293,0.013517241379310345,0.008137931034482758,0.009,252881,198497,280891.7197452229
269203,12323,0.013517241379310345,0.008137931034482758,0.012,247892,180798,280891.7197452229
284001,14165,0.013517241379310345,0.008137931034482758,0.015,243919,166004,280891.7197452229
233300,8062,0.013517241379310345,0.008551724137931035,0.006,256146,216700,275625.0
254156,12764,0.013517241379310345,0.008551724137931035,0.009,249712,195848,275625.0
271404,16185,0.013517241379310345,0.008551724137931035,0.012,244690,178597,275625.0
285853,15950,0.013517241379310345,0.008551724137931035,0.015,241446,164151,275625.0
236428,9594,0.013517241379310345,0.00896551724137931,0.006,252809,213572,270552.14723926375
256737,11247,0.013517241379310345,0.00896551724137931,0.009,247491,193267,270552.14723926375
273586,15933,0.013517241379310345,0.00896551724137931,0.012,242549,176419,270552.14723926375
287732,14114,0.013517241379310345,0.00896551724137931,0.015,240052,162271,270552.14723926375
239429,9952,0.013517241379310345,0.009379310344827585,0.006,249741,210574,265662.6506024096
259232,15989,0.013517241379310345,0.009379310344827585,0.009,243949,190771,265662.6506024096
275635,16658,0.013517241379310345,0.009379310344827585,0.012,240222,174367,265662.6506024096
289436,17470,0.013517241379310345,0.009379310344827585,0.015,237234,160568,265662.6506024096
242422,15166,0.013517241379310345,0.009793103448275862,0.006,245960,207583,260946.74556213018
261753,12946,0.013517241379310345,0.009793103448275862,0.009,242164,188253,260946.74556213018
277679,16216,0.013517241379310345,0.009793103448275862,0.012,238260,172324,260946.74556213018
291197,18237,0.013517241379310345,0.009793103448275862,0.015,235202,158806,260946.74556213018
245334,11602,0.013517241379310345,0.010206896551724139,0.006,243706,204666,256395.3488372093
264119,13448,0.013517241379310345,0.010206896551724139,0.009,239650,185887,256395.3488372093
279676,19825,0.013517241379310345,0.010206896551724139,0.012,235279,170328,256395.3488372093
292870,20348,0.013517241379310345,0.010206896551724139,0.015,232804,157134,256395.3488372093
248137,16032,0.013517241379310345,0.010620689655172414,0.006,240172,201867,252000.0
266431,16372,0.013517241379310345,0.010620689655172414,0.009,236707,183574,252000.0
281657,18318,0.013517241379310345,0.010620689655172414,0.012,233619,168344,252000.0
294603,19558,0.013517241379310345,0.010620689655172414,0.015,231256,155403,252000.0
250868,9780,0.013517241379310345,0.011034482758620689,0.006,238462,199134,247752.80898876404
268711,22924,0.013517241379310345,0.011034482758620689,0.009,232998,181295,247752.80898876404
283532,14372,0.013517241379310345,0.011034482758620689,0.012,232585,166472,247752.80898876404
296151,18274,0.013517241379310345,0.011034482758620689,0.015,229816,153853,247752.80898876404
253510,11139,0.013517241379310345,0.011448275862068966,0.006,235597,196495,243646.40883977897
270852,16657,0.013517241379310345,0.011448275862068966,0.009,232057,179151,243646.40883977897
285395,15508,0.013517241379310345,0.011448275862068966,0.012,230313,164609,243646.40883977897
297830,21071,0.013517241379310345,0.011448275862068966,0.015,227324,152173,243646.40883977897
256150,12113,0.013517241379310345,0.01186206896551724,0.006,232823,193855,239673.9130434782
273044,12900,0.013517241379310345,0.01186206896551724,0.009,230589,176957,239673.9130434782
287305,12272,0.013517241379310345,0.01186206896551724,0.012,229210,162697,239673.9130434782
299306,24472,0.013517241379310345,0.01186206896551724,0.015,224711,150697,239673.9130434782
258649,11100,0.013517241379310345,0.012275862068965518,0.006,230408,191353,235828.87700534755
275160,19950,0.013517241379310345,0.012275862068965518,0.009,226989,174840,235828.87700534755
289003,13269,0.013517241379310345,0.012275862068965518,0.012,227006,161001,235828.87700534755
300841,15861,0.013517241379310345,0.012275862068965518,0.015,225290,149163,235828.87700534755
261147,12957,0.013517241379310345,0.012689655172413793,0.006,227584,188853,232105.26315789472
277173,16585,0.013517241379310345,0.012689655172413793,0.009,225557,172828,232105.26315789472
290826,18416,0.013517241379310345,0.012689655172413793,0.012,223893,159179,232105.26315789472
302330,18462,0.013517241379310345,0.012689655172413793,0.015,222997,147673,232105.26315789472
263537,16604,0.013517241379310345,0.01310344827586207,0.006,224633,186463,228497.40932642485
279259,17309,0.013517241379310345,0.01310344827586207,0.009,223258,170746,228497.40932642485
292497,19658,0.013517241379310345,0.01310344827586207,0.012,221839,157508,228497.40932642485
303796,22579,0.013517241379310345,0.01310344827586207,0.015,220269,146209,228497.40932642485
265824,26577,0.013517241379310345,0.013517241379310345,0.006,220724,184177,225000.0
281210,20474,0.013517241379310345,0.013517241379310345,0.009,220600,168796,225000.0
294129,23105,0.013517241379310345,0.013517241379310345,0.012,219199,155876,225000.0
305238,28511,0.013517241379310345,0.013517241379310345,0.015,217135,144767,225000.0
268094,28024,0.013517241379310345,0.01393103448275862,0.006,218241,181911,221608.040201005
283080,39246,0.013517241379310345,0.01393103448275862,0.009,214954,166922,221608.040201005
295753,38792,0.013517241379310345,0.01393103448275862,0.012,213878,154250,221608.040201005
306662,35452,0.013517241379310345,0.01393103448275862,0.015,213803,143343,221608.040201005
270336,34915,0.013517241379310345,0.014344827586206896,0.006,214931,179666,218316.8316831683
284952,38316,0.013517241379310345,0.014344827586206896,0.009,213226,165051,218316.8316831683
297381,43535,0.013517241379310345,0.014344827586206896,0.012,211086,152626,218316.8316831683
308089,49780,0.013517241379310345,0.014344827586206896,0.015,208578,141919,218316.8316831683
272563,71340,0.013517241379310345,0.014758620689655172,0.006,207323,177440,215121.95121951218
286764,54915,0.013517241379310345,0.014758620689655172,0.009,208088,163242,215121.95121951218
298936,49833,0.013517241379310345,0.014758620689655172,0.012,207965,151069,215121.95121951218
309393,49850,0.013517241379310345,0.014758620689655172,0.015,207094,140614,215121.95121951218
274628,62274,0.013517241379310345,0.015172413793103448,0.006,206548,175379,212019.23076923075
288571,64939,0.013517241379310345,0.015172413793103448,0.009,204278,161431,212019.23076923075
300472,71754,0.013517241379310345,0.015172413793103448,0.012,201337,149530,212019.23076923075
310796,58408,0.013517241379310345,0.015172413793103448,0.015,203448,139212,212019.23076923075
276741,67506,0.013517241379310345,0.015586206896551724,0.006,203672,173262,209004.73933649287
290389,70686,0.013517241379310345,0.015586206896551724,0.009,201438,159617,209004.73933649287
301956,69340,0.013517241379310345,0.015586206896551724,0.012,200324,148048,209004.73933649287
312038,73480,0.013517241379310345,0.015586206896551724,0.015,198191,137967,209004.73933649287
278769,69700,0.013517241379310345,0.016,0.006,201354,171234,206074.76635514013
292031,82520,0.013517241379310345,0.016,0.009,197430,157974,206074.76635514013
303493,70728,0.013517241379310345,0.016,0.012,198450,146507,206074.76635514013
313334,76128,0.013517241379310345,0.016,0.015,196158,136673,206074.76635514013
187946,1475,0.01393103448275862,0.004,0.006,299110,262054,349615.38461538457
217227,4038,0.01393103448275862,0.004,0.009,285878,232776,349615.38461538457
240563,5507,0.01393103448275862,0.004,0.012,276311,209437,349615.38461538457
259657,4865,0.01393103448275862,0.004,0.015,269631,190346,349615.38461538457
192488,2388,0.01393103448275862,0.004413793103448276,0.006,294870,257512,341729.32330827066
220659,3439,0.01393103448275862,0.004413793103448276,0.009,282751,229343,341729.32330827066
243395,6543,0.01393103448275862,0.004413793103448276,0.012,273316,206605,341729.32330827066
261966,6872,0.01393103448275862,0.004413793103448276,0.015,266723,188038,341729.32330827066
196805,2695,0.01393103448275862,0.004827586206896552,0.006,290880,253195,334191.1764705882
224117,4672,0.01393103448275862,0.004827586206896552,0.009,279273,225885,334191.1764705882
246132,6862,0.01393103448275862,0.004827586206896552,0.012,270576,203868,334191.1764705882
264238,6953,0.01393103448275862,0.004827586206896552,0.015,264433,185766,334191.1764705882
200968,2334,0.01393103448275862,0.005241379310344827,0.006,287081,249032,326978.417266187
227439,5017,0.01393103448275862,0.005241379310344827,0.009,276059,222559,326978.417266187
248913,6696,0.01393103448275862,0.005241379310344827,0.012,268020,201090,326978.417266187
266488,8364,0.01393103448275862,0.005241379310344827,0.015,261762,183515,326978.417266187
204965,3541,0.01393103448275862,0.005655172413793104,0.006,283037,245034,320070.42253521126
230690,5544,0.01393103448275862,0.005655172413793104,0.009,272861,219310,320070.42253521126
251467,6914,0.01393103448275862,0.005655172413793104,0.012,265442,198537,320070.42253521126
268752,8662,0.01393103448275862,0.005655172413793104,0.015,259501,181254,320070.42253521126
208836,4002,0.01393103448275862,0.006068965517241379,0.006,279314,241166,313448.275862069
233767,6534,0.01393103448275862,0.006068965517241379,0.009,269669,216236,313448.275862069
254051,8840,0.01393103448275862,0.006068965517241379,0.012,262402,195954,313448.275862069
270837,8749,0.01393103448275862,0.006068965517241379,0.015,257335,179167,313448.275862069
212652,5272,0.01393103448275862,0.006482758620689655,0.006,275514,237347,307094.5945945946
236871,7956,0.01393103448275862,0.006482758620689655,0.009,266461,213135,307094.5945945946
256602,8943,0.01393103448275862,0.006482758620689655,0.012,259945,193403,307094.5945945946
272959,10206,0.01393103448275862,0.006482758620689655,0.015,254790,177045,307094.5945945946
216303,4367,0.01393103448275862,0.006896551724137931,0.006,272205,233698,300993.37748344365
239789,7354,0.01393103448275862,0.006896551724137931,0.009,263753,210215,300993.37748344365
259009,8916,0.01393103448275862,0.006896551724137931,0.012,257558,190992,300993.37748344365
275018,11464,0.01393103448275862,0.006896551724137931,0.015,252316,174987,300993.37748344365
219854,5591,0.01393103448275862,0.007310344827586207,0.006,268577,230146,295129.87012987013
242636,9172,0.01393103448275862,0.007310344827586207,0.009,260580,207363,295129.87012987013
261382,9547,0.01393103448275862,0.007310344827586207,0.012,255000,188620,295129.87012987013
276968,11932,0.01393103448275862,0.007310344827586207,0.015,250149,173035,295129.87012987013
223283,6833,0.01393103448275862,0.007724137931034483,0.006,265054,226719,289490.4458598726
245431,7493,0.01393103448275862,0.007724137931034483,0.009,258227,204572,289490.4458598726
263704,11152,0.01393103448275862,0.007724137931034483,0.012,252334,186301,289490.4458598726
278925,13283,0.01393103448275862,0.007724137931034483,0.015,247746,171078,289490.4458598726
226655,7626,0.01393103448275862,0.008137931034482758,0.006,261726,223345,284062.5
248174,10126,0.01393103448275862,0.008137931034482758,0.009,254990,201830,284062.5
265949,11530,0.01393103448275862,0.008137931034482758,0.012,249929,184053,284062.5
280834,13633,0.01393103448275862,0.008137931034482758,0.015,245693,169167,284062.5
229829,9088,0.01393103448275862,0.008551724137931035,0.006,258303,220174,278834.35582822084
250880,11322,0.01393103448275862,0.008551724137931035,0.009,252069,199120,278834.35582822084
268197,12228,0.01393103448275862,0.008551724137931035,0.012,247504,181803,278834.35582822084
282780,13622,0.01393103448275862,0.008551724137931035,0.015,243758,167223,278834.35582822084
233063,8434,0.01393103448275862,0.00896551724137931,0.006,255313,216942,273795.1807228915
253482,13715,0.01393103448275862,0.00896551724137931,0.009,248997,196519,273795.1807228915
270305,13147,0.01393103448275862,0.00896551724137931,0.012,245097,179698,273795.1807228915
284542,16048,0.01393103448275862,0.00896551724137931,0.015,241162,165464,273795.1807228915
236053,9234,0.01393103448275862,0.009379310344827585,0.006,252167,213946,268934.91124260356
255993,13101,0.01393103448275862,0.009379310344827585,0.009,246619,194007,268934.91124260356
272406,15788,0.01393103448275862,0.009379310344827585,0.012,242296,177596,268934.91124260356
286338,17059,0.01393103448275862,0.009379310344827585,0.015,238996,163664,268934.91124260356
239027,11339,0.01393103448275862,0.009793103448275862,0.006,248925,210976,264244.1860465116
258386,13188,0.01393103448275862,0.009793103448275862,0.009,244169,191615,264244.1860465116
274469,13137,0.01393103448275862,0.009793103448275862,0.012,240849,175536,264244.1860465116
288101,17461,0.01393103448275862,0.009793103448275862,0.015,237053,161907,264244.1860465116
241957,17491,0.01393103448275862,0.010206896551724139,0.006,245050,208046,259714.2857142857
260757,17825,0.01393103448275862,0.010206896551724139,0.009,240774,189244,259714.2857142857
276559,14767,0.01393103448275862,0.010206896551724139,0.012,238355,173444,259714.2857142857
289834,18180,0.01393103448275862,0.010206896551724139,0.015,235050,160173,259714.2857142857
244781,14249,0.01393103448275862,0.010620689655172414,0.006,242836,205223,255337.07865168538
263119,13387,0.01393103448275862,0.010620689655172414,0.009,239371,186881,255337.07865168538
278495,16486,0.01393103448275862,0.010620689655172414,0.012,235909,171505,255337.07865168538
291453,20310,0.01393103448275862,0.010620689655172414,0.015,232655,158552,255337.07865168538
247494,12243,0.01393103448275862,0.011034482758620689,0.006,240423,202510,251104.97237569065
265422,19265,0.01393103448275862,0.011034482758620689,0.009,235840,184584,251104.97237569065
280380,18040,0.01393103448275862,0.011034482758620689,0.012,233549,169625,251104.97237569065
293121,9675,0.01393103448275862,0.011034482758620689,0.015,233724,156887,251104.97237569065
250162,7520,0.01393103448275862,0.011448275862068966,0.006,238520,199839,247010.86956521735
267619,12326,0.01393103448275862,0.011448275862068966,0.009,235041,182382,247010.86956521735
282274,15922,0.01393103448275862,0.011448275862068966,0.012,232102,167734,247010.86956521735
294748,17100,0.01393103448275862,0.011448275862068966,0.015,230053,155259,247010.86956521735
252829,9163,0.01393103448275862,0.01186206896551724,0.006,235657,197171,243048.12834224597
269824,15285,0.01393103448275862,0.01186206896551724,0.009,232183,180176,243048.12834224597
284097,17496,0.01393103448275862,0.01186206896551724,0.012,229778,165909,243048.12834224597
296356,21423,0.01393103448275862,0.01186206896551724,0.015,227181,153650,243048.12834224597
255290,10708,0.01393103448275862,0.012275862068965518,0.006,232842,194713,239210.52631578947
271923,13748,0.01393103448275862,0.012275862068965518,0.009,230318,178077,239210.52631578947
285950,12547,0.01393103448275862,0.012275862068965518,0.012,229098,164054,239210.52631578947
297803,15263,0.01393103448275862,0.012275862068965518,0.015,227237,152201,239210.52631578947
257759,10756,0.01393103448275862,0.012689655172413793,0.006,230310,192244,235492.22797927467
274033,12420,0.01393103448275862,0.012689655172413793,0.009,228453,175970,235492.22797927467
287625,20139,0.01393103448275862,0.012689655172413793,0.012,225411,162377,235492.22797927467
299364,16040,0.01393103448275862,0.012689655172413793,0.015,225239,150636,235492.22797927467
260180,16459,0.01393103448275862,0.01310344827586207,0.006,227046,189825,231887.7551020408
276025,18231,0.01393103448275862,0.01310344827586207,0.009,225193,173975,231887.7551020408
289360,16324,0.01393103448275862,0.01310344827586207,0.012,224474,160644,231887.7551020408
300817,18221,0.01393103448275862,0.01310344827586207,0.015,223098,149190,231887.7551020408
262602,18539,0.01393103448275862,0.013517241379310345,0.006,224339,187402,228391.95979899497
277981,20208,0.01393103448275862,0.013517241379310345,0.009,222730,172025,228391.95979899497
291033,22278,0.01393103448275862,0.013517241379310345,0.012,221261,158972,228391.95979899497
302278,20495,0.01393103448275862,0.013517241379310345,0.015,220895,147725,228391.95979899497
264806,22384,0.01393103448275862,0.01393103448275862,0.006,221438,185196,225000.0
279878,24380,0.01393103448275862,0.01393103448275862,0.009,219962,170125,225000.0
292761,31587,0.01393103448275862,0.01393103448275862,0.012,217373,157240,225000.0
303738,30420,0.01393103448275862,0.01393103448275862,0.015,216748,146270,225000.0
267116,31081,0.01393103448275862,0.014344827586206896,0.006,217897,182884,221707.31707317074
281794,30702,0.01393103448275862,0.014344827586206896,0.009,216787,168206,221707.31707317074
294301,35240,0.01393103448275862,0.014344827586206896,0.012,214838,155703,221707.31707317074
305088,34487,0.01393103448275862,0.014344827586206896,0.015,214181,144914,221707.31707317074
269233,53505,0.01393103448275862,0.014758620689655172,0.006,212414,180770,218509.61538461538
283683,46624,0.01393103448275862,0.014758620689655172,0.009,211828,166323,218509.61538461538
295884,44566,0.01393103448275862,0.014758620689655172,0.012,211070,154120,218509.61538461538
306473,46830,0.01393103448275862,0.014758620689655172,0.015,209542,143532,218509.61538461538
271390,59241,0.01393103448275862,0.015172413793103448,0.006,209406,178611,215402.84360189573
285444,48002,0.01393103448275862,0.015172413793103448,0.009,209719,164561,215402.84360189573
297463,50291,0.01393103448275862,0.015172413793103448,0.012,208149,152538,215402.84360189573
307813,47786,0.01393103448275862,0.015172413793103448,0.015,207881,142192,215402.84360189573
273494,78520,0.01393103448275862,0.015586206896551724,0.006,204524,176506,212383.17757009345
287198,53963,0.01393103448275862,0.015586206896551724,0.009,206766,162807,212383.17757009345
298961,70607,0.01393103448275862,0.015586206896551724,0.012,201945,151042,212383.17757009345
309205,63109,0.01393103448275862,0.015586206896551724,0.015,202562,140797,212383.17757009345
275467,53415,0.01393103448275862,0.016,0.006,206137,174536,209447.0046082949
288936,64100,0.01393103448275862,0.016,0.009,203060,161066,209447.0046082949
300478,72650,0.01393103448275862,0.016,0.012,199888,149522,209447.0046082949
310453,62776,0.01393103448275862,0.016,0.015,201264,139548,209447.0046082949
184775,1892,0.014344827586206896,0.004,0.006,301096,265225,351879.69924812025
213876,3387,0.014344827586206896,0.004,0.009,287952,236127,351879.69924812025
237285,4059,0.014344827586206896,0.004,0.012,278437,212715,351879.69924812025
256347,5127,0.014344827586206896,0.004,0.015,271116,193656,351879.69924812025
189194,1884,0.014344827586206896,0.004413793103448276,0.006,297031,260807,344117.6470588235
217379,4020,0.014344827586206896,0.004413793103448276,0.009,284462,232623,344117.6470588235
240095,5384,0.014344827586206896,0.004413793103448276,0.012,275350,209905,344117.6470588235
258744,6387,0.014344827586206896,0.004413793103448276,0.015,268396,191257,344117.6470588235
193495,2085,0.014344827586206896,0.004827586206896552,0.006,293091,256505,336690.6474820144
220870,4268,0.014344827586206896,0.004827586206896552,0.009,281245,229130,336690.6474820144
242886,4829,0.014344827586206896,0.004827586206896552,0.012,272892,207116,336690.6474820144
261086,7355,0.014344827586206896,0.004827586206896552,0.015,265839,188919,336690.6474820144
197617,2118,0.014344827586206896,0.005241379310344827,0.006,289188,252383,329577.4647887324
224112,4813,0.014344827586206896,0.005241379310344827,0.009,278033,225891,329577.4647887324
245618,7326,0.014344827586206896,0.005241379310344827,0.012,269594,204388,329577.4647887324
263313,7172,0.014344827586206896,0.005241379310344827,0.015,263676,186689,329577.4647887324
201710,3113,0.014344827586206896,0.005655172413793104,0.006,285290,248289,322758.6206896552
227410,5410,0.014344827586206896,0.005655172413793104,0.009,274872,222595,322758.6206896552
248241,6939,0.014344827586206896,0.005655172413793104,0.012,267124,201764,322758.6206896552
265504,8445,0.014344827586206896,0.005655172413793104,0.015,261127,184499,322758.6206896552
205533,3818,0.014344827586206896,0.006068965517241379,0.006,281522,244467,316216.2162162162
230550,5545,0.014344827586206896,0.006068965517241379,0.009,271835,219451,316216.2162162162
250826,8686,0.014344827586206896,0.006068965517241379,0.012,264185,199174,316216.2162162162
267701,9760,0.014344827586206896,0.006068965517241379,0.015,258579,182305,316216.2162162162
209364,4828,0.014344827586206896,0.006482758620689655,0.006,277762,240637,309933.77483443706
233517,5588,0.014344827586206896,0.006482758620689655,0.009,268936,216483,309933.77483443706
253329,7842,0.014344827586206896,0.006482758620689655,0.012,261979,196672,309933.77483443706
269795,9844,0.014344827586206896,0.006482758620689655,0.015,256446,180205,309933.77483443706
212980,4111,0.014344827586206896,0.006896551724137931,0.006,274463,237023,303896.1038961039
236480,7686,0.014344827586206896,0.006896551724137931,0.009,265611,213523,303896.1038961039
255823,8629,0.014344827586206896,0.006896551724137931,0.012,259374,194183,303896.1038961039
271875,9692,0.014344827586206896,0.006896551724137931,0.015,254409,178130,303896.1038961039
216584,5016,0.014344827586206896,0.007310344827586207,0.006,270881,233416,298089.1719745223
239367,7509,0.014344827586206896,0.007310344827586207,0.009,262917,210636,298089.1719745223
258172,9234,0.014344827586206896,0.007310344827586207,0.012,256871,191832,298089.1719745223
273842,11291,0.014344827586206896,0.007310344827586207,0.015,251919,176162,298089.1719745223
220017,4713,0.014344827586206896,0.007724137931034483,0.006,267705,229983,292500.0
242185,7818,0.014344827586206896,0.007724137931034483,0.009,260105,207815,292500.0
260476,10195,0.014344827586206896,0.007724137931034483,0.012,254319,189525,292500.0
275849,12278,0.014344827586206896,0.007724137931034483,0.015,249650,174151,292500.0
223290,6615,0.014344827586206896,0.008137931034482758,0.006,264125,226712,287116.5644171779
244961,8549,0.014344827586206896,0.008137931034482758,0.009,257305,205039,287116.5644171779
262750,11294,0.014344827586206896,0.008137931034482758,0.012,251746,187255,287116.5644171779
277728,14466,0.014344827586206896,0.008137931034482758,0.015,247068,172274,287116.5644171779
226624,5885,0.014344827586206896,0.008551724137931035,0.006,261111,223378,281927.71084337344
247572,9700,0.014344827586206896,0.008551724137931035,0.009,254399,202431,281927.71084337344
264988,11116,0.014344827586206896,0.008551724137931035,0.012,249575,185017,281927.71084337344
279622,14168,0.014344827586206896,0.008551724137931035,0.015,245210,170379,281927.71084337344
229767,7548,0.014344827586206896,0.00896551724137931,0.006,257786,220233,276923.07692307694
250182,10505,0.014344827586206896,0.00896551724137931,0.009,251725,199819,276923.07692307694
267192,14278,0.014344827586206896,0.00896551724137931,0.012,246576,182814,276923.07692307694
281528,14208,0.014344827586206896,0.00896551724137931,0.015,243284,168473,276923.07692307694
232791,9303,0.014344827586206896,0.009379310344827585,0.006,254493,217211,272093.023255814
252738,11707,0.014344827586206896,0.009379310344827585,0.009,248939,197262,272093.023255814
269274,14693,0.014344827586206896,0.009379310344827585,0.012,244356,180727,272093.023255814
283327,13840,0.014344827586206896,0.009379310344827585,0.015,241517,166678,272093.023255814
235748,10677,0.014344827586206896,0.009793103448275862,0.006,251326,214251,267428.5714285714
255152,14538,0.014344827586206896,0.009793103448275862,0.009,245888,194848,267428.5714285714
271323,12412,0.014344827586206896,0.009793103448275862,0.012,242799,178681,267428.5714285714
285023,15227,0.014344827586206896,0.009793103448275862,0.015,239302,164978,267428.5714285714
238641,11372,0.014344827586206896,0.010206896551724139,0.006,248375,211359,262921.34831460676
257540,14365,0.014344827586206896,0.010206896551724139,0.009,243556,192463,262921.34831460676
273427,16358,0.014344827586206896,0.010206896551724139,0.012,239781,176573,262921.34831460676
286759,19282,0.014344827586206896,0.010206896551724139,0.015,236385,163246,262921.34831460676
241492,13592,0.014344827586206896,0.010620689655172414,0.006,245230,208513,258563.53591160226
259882,14096,0.014344827586206896,0.010620689655172414,0.009,241258,190119,258563.53591160226
275376,15336,0.014344827586206896,0.010620689655172414,0.012,238014,174629,258563.53591160226
288452,17094,0.014344827586206896,0.010620689655172414,0.015,235170,161550,258563.53591160226
244268,11979,0.014344827586206896,0.011034482758620689,0.006,242776,205732,254347.82608695654
262175,16136,0.014344827586206896,0.011034482758620689,0.009,238512,187828,254347.82608695654
277326,17970,0.014344827586206896,0.011034482758620689,0.012,235368,172680,254347.82608695654
290079,19509,0.014344827586206896,0.011034482758620689,0.015,232747,159924,254347.82608695654
246900,11522,0.014344827586206896,0.011448275862068966,0.006,240212,203103,250267.3796791444
264494,13873,0.014344827586206896,0.011448275862068966,0.009,236723,185509,250267.3796791444
279210,17235,0.014344827586206896,0.011448275862068966,0.012,233580,170790,250267.3796791444
291710,15649,0.014344827586206896,0.011448275862068966,0.015,232068,158293,250267.3796791444
249598,5189,0.014344827586206896,0.01186206896551724,0.006,238556,200405,246315.7894736842
266664,12484,0.014344827586206896,0.01186206896551724,0.009,234805,183342,246315.7894736842
281012,13238,0.014344827586206896,0.01186206896551724,0.012,232570,168993,246315.7894736842
293330,10963,0.014344827586206896,0.01186206896551724,0.015,231555,156672,246315.7894736842
252060,9575,0.014344827586206896,0.012275862068965518,0.006,235334,197943,242487.04663212431
268797,15685,0.014344827586206896,0.012275862068965518,0.009,231975,181203,242487.04663212431
282804,14971,0.014344827586206896,0.012275862068965518,0.012,230288,167200,242487.04663212431
294860,15781,0.014344827586206896,0.012275862068965518,0.015,228595,155141,242487.04663212431
254614,16398,0.014344827586206896,0.012689655172413793,0.006,231796,195389,238775.51020408163
270874,14065,0.014344827586206896,0.012689655172413793,0.009,230125,179126,238775.51020408163
284578,17395,0.014344827586206896,0.012689655172413793,0.012,227833,165426,238775.51020408163
296396,14782,0.014344827586206896,0.012689655172413793,0.015,227127,153604,238775.51020408163
257001,12037,0.014344827586206896,0.01310344827586207,0.006,230026,192999,235175.87939698494
272841,20176,0.014344827586206896,0.01310344827586207,0.009,226835,177162,235175.87939698494
286380,20008,0.014344827586206896,0.01310344827586207,0.012,225360,163620,235175.87939698494
297873,20904,0.014344827586206896,0.01310344827586207,0.015,224012,152130,235175.87939698494
259307,19808,0.014344827586206896,0.013517241379310345,0.006,226474,190696,231683.1683168317
274844,15438,0.014344827586206896,0.013517241379310345,0.009,225733,175158,231683.1683168317
288092,16521,0.014344827586206896,0.013517241379310345,0.012,224401,161911,231683.1683168317
299360,23153,0.014344827586206896,0.013517241379310345,0.015,221818,150645,231683.1683168317
261688,24777,0.014344827586206896,0.01393103448275862,0.006,223410,188313,228292.68292682926
276792,17483,0.014344827586206896,0.01393103448275862,0.009,223306,173213,228292.68292682926
289760,22939,0.014344827586206896,0.01393103448275862,0.012,221166,160245,228292.68292682926
300850,20057,0.014344827586206896,0.01393103448275862,0.015,221079,149156,228292.68292682926
263894,23433,0.014344827586206896,0.014344827586206896,0.006,221366,186110,225000.0
278761,30658,0.014344827586206896,0.014344827586206896,0.009,218838,171240,225000.0
291307,24373,0.014344827586206896,0.014344827586206896,0.012,219110,158694,225000.0
302263,28848,0.014344827586206896,0.014344827586206896,0.015,217261,147744,225000.0
266053,27069,0.014344827586206896,0.014758620689655172,0.006,218612,183950,221800.94786729856
280564,38439,0.014344827586206896,0.014758620689655172,0.009,215445,169437,221800.94786729856
292915,38376,0.014344827586206896,0.014758620689655172,0.012,214298,157084,221800.94786729856
303651,32618,0.014344827586206896,0.014758620689655172,0.015,214810,146355,221800.94786729856
268202,56566,0.014344827586206896,0.015172413793103448,0.006,212175,181799,218691.5887850467
282400,55020,0.014344827586206896,0.015172413793103448,0.009,210471,167600,218691.5887850467
294550,44189,0.014344827586206896,0.015172413793103448,0.012,211359,155455,218691.5887850467
304996,44855,0.014344827586206896,0.015172413793103448,0.015,210265,145005,218691.5887850467
270290,58539,0.014344827586206896,0.015586206896551724,0.006,209866,179713,215668.20276497697
284155,56756,0.014344827586206896,0.015586206896551724,0.009,208321,165850,215668.20276497697
296079,51630,0.014344827586206896,0.015586206896551724,0.012,208083,153922,215668.20276497697
306283,55621,0.014344827586206896,0.015586206896551724,0.015,206148,143722,215668.20276497697
272348,58309,0.014344827586206896,0.016,0.006,207794,177657,212727.2727272727
285898,62438,0.014344827586206896,0.016,0.009,205447,164107,212727.2727272727
297569,52030,0.014344827586206896,0.016,0.012,206420,152431,212727.2727272727
307604,63126,0.014344827586206896,0.016,0.015,202875,142400,212727.2727272727
181670,1452,0.014758620689655172,0.004,0.006,303194,268331,354044.1176470588
210706,3021,0.014758620689655172,0.004,0.009,289739,239297,354044.1176470588
234007,4076,0.014758620689655172,0.004,0.012,280063,215994,354044.1176470588
253242,5307,0.014758620689655172,0.004,0.015,272595,196762,354044.1176470588
186095,2367,0.014758620689655172,0.004413793103448276,0.006,299005,263902,346402.87769784173
214196,3791,0.014758620689655172,0.004413793103448276,0.009,286359,235807,346402.87769784173
236919,5097,0.014758620689655172,0.004413793103448276,0.012,277072,213084,346402.87769784173
255589,7027,0.014758620689655172,0.004413793103448276,0.015,269727,194415,346402.87769784173
190425,2791,0.014758620689655172,0.004827586206896552,0.006,294952,259577,339084.5070422535
217645,3620,0.014758620689655172,0.004827586206896552,0.009,283247,232356,339084.5070422535
239729,5751,0.014758620689655172,0.004827586206896552,0.012,274248,210275,339084.5070422535
257958,7048,0.014758620689655172,0.004827586206896552,0.015,267464,192047,339084.5070422535
194534,2581,0.014758620689655172,0.005241379310344827,0.006,291156,255463,332068.96551724133
220969,4981,0.014758620689655172,0.005241379310344827,0.009,279846,229036,332068.96551724133
242453,5322,0.014758620689655172,0.005241379310344827,0.012,271807,207550,332068.96551724133
260185,6221,0.014758620689655172,0.005241379310344827,0.015,265506,189818,332068.96551724133
198504,3493,0.014758620689655172,0.005655172413793104,0.006,287325,251496,325337.8378378378
224167,4831,0.014758620689655172,0.005655172413793104,0.009,276856,225833,325337.8378378378
245124,7568,0.014758620689655172,0.005655172413793104,0.012,268708,204880,325337.8378378378
262442,8154,0.014758620689655172,0.005655172413793104,0.015,262763,187559,325337.8378378378
202404,3449,0.014758620689655172,0.006068965517241379,0.006,283698,247599,318874.1721854305
227283,5213,0.014758620689655172,0.006068965517241379,0.009,273871,222720,318874.1721854305
247656,7104,0.014758620689655172,0.006068965517241379,0.012,266274,202349,318874.1721854305
264641,8811,0.014758620689655172,0.006068965517241379,0.015,260421,185359,318874.1721854305
206185,3225,0.014758620689655172,0.006482758620689655,0.006,280220,243819,312662.33766233764
230360,6283,0.014758620689655172,0.006482758620689655,0.009,270669,219644,312662.33766233764
250182,7947,0.014758620689655172,0.006482758620689655,0.012,263618,199819,312662.33766233764
266691,9050,0.014758620689655172,0.006482758620689655,0.015,258227,183312,312662.33766233764
209811,3027,0.014758620689655172,0.006896551724137931,0.006,276766,240191,306687.89808917197
233337,8260,0.014758620689655172,0.006896551724137931,0.009,267410,216666,306687.89808917197
252606,7923,0.014758620689655172,0.006896551724137931,0.012,261273,197397,306687.89808917197
268778,10630,0.014758620689655172,0.006896551724137931,0.015,255708,181227,306687.89808917197
213334,4596,0.014758620689655172,0.007310344827586207,0.006,273158,236669,300937.5
236177,7159,0.014758620689655172,0.007310344827586207,0.009,264895,213826,300937.5
255012,9125,0.014758620689655172,0.007310344827586207,0.012,258621,194990,300937.5
270788,10719,0.014758620689655172,0.007310344827586207,0.015,253655,179216,300937.5
216759,4030,0.014758620689655172,0.007724137931034483,0.006,269970,233244,295398.7730061349
239065,7073,0.014758620689655172,0.007724137931034483,0.009,262192,210938,295398.7730061349
257419,8927,0.014758620689655172,0.007724137931034483,0.012,256352,192584,295398.7730061349
272815,11799,0.014758620689655172,0.007724137931034483,0.015,251351,177186,295398.7730061349
220167,5566,0.014758620689655172,0.008137931034482758,0.006,266464,229837,290060.24096385535
241722,7234,0.014758620689655172,0.008137931034482758,0.009,259483,208281,290060.24096385535
259669,9925,0.014758620689655172,0.008137931034482758,0.012,253863,190331,290060.24096385535
274692,10951,0.014758620689655172,0.008137931034482758,0.015,249630,175309,290060.24096385535
223349,6550,0.014758620689655172,0.008551724137931035,0.006,263170,226648,284911.2426035503
244440,9821,0.014758620689655172,0.008551724137931035,0.009,256330,205564,284911.2426035503
261860,11822,0.014758620689655172,0.008551724137931035,0.012,251160,188142,284911.2426035503
276590,14669,0.014758620689655172,0.008551724137931035,0.015,246647,173414,284911.2426035503
226526,8623,0.014758620689655172,0.00896551724137931,0.006,259815,223477,279941.8604651162
246991,8803,0.014758620689655172,0.00896551724137931,0.009,254039,203009,279941.8604651162
264108,11731,0.014758620689655172,0.00896551724137931,0.012,248987,185896,279941.8604651162
278491,14796,0.014758620689655172,0.00896551724137931,0.015,244677,171516,279941.8604651162
229650,10334,0.014758620689655172,0.009379310344827585,0.006,256551,220352,275142.8571428571
249528,12611,0.014758620689655172,0.009379310344827585,0.009,250710,200472,275142.8571428571
266245,14832,0.014758620689655172,0.009379310344827585,0.012,246081,183756,275142.8571428571
280256,15379,0.014758620689655172,0.009379310344827585,0.015,242679,169749,275142.8571428571
232608,8559,0.014758620689655172,0.009793103448275862,0.006,253944,217392,270505.6179775281
251992,11498,0.014758620689655172,0.009793103448275862,0.009,248498,198009,270505.6179775281
268246,13828,0.014758620689655172,0.009793103448275862,0.012,244223,181757,270505.6179775281
282041,14559,0.014758620689655172,0.009793103448275862,0.015,241044,167964,270505.6179775281
235535,11774,0.014758620689655172,0.010206896551724139,0.006,250556,214465,266022.0994475138
254405,13204,0.014758620689655172,0.010206896551724139,0.009,245761,195599,266022.0994475138
270368,13678,0.014758620689655172,0.010206896551724139,0.012,242177,179635,266022.0994475138
283839,14409,0.014758620689655172,0.010206896551724139,0.015,239258,166161,266022.0994475138
238291,11032,0.014758620689655172,0.010620689655172414,0.006,247951,211713,261684.78260869565
256771,14585,0.014758620689655172,0.010620689655172414,0.009,243126,193234,261684.78260869565
272276,16948,0.014758620689655172,0.010620689655172414,0.012,239362,177727,261684.78260869565
285489,17290,0.014758620689655172,0.010620689655172414,0.015,236731,164516,261684.78260869565
241066,15283,0.014758620689655172,0.011034482758620689,0.006,244515,208934,257486.6310160428
259089,15536,0.014758620689655172,0.011034482758620689,0.009,240656,190913,257486.6310160428
274297,15083,0.014758620689655172,0.011034482758620689,0.012,237824,175706,257486.6310160428
287142,13539,0.014758620689655172,0.011034482758620689,0.015,235989,162862,257486.6310160428
243724,12251,0.014758620689655172,0.011448275862068966,0.006,242331,206279,253421.0526315789
261303,12323,0.014758620689655172,0.011448275862068966,0.009,239027,188700,253421.0526315789
276187,15870,0.014758620689655172,0.011448275862068966,0.012,235662,173814,253421.0526315789
288829,17644,0.014758620689655172,0.011448275862068966,0.015,233129,161171,253421.0526315789
246381,16089,0.014758620689655172,0.01186206896551724,0.006,239156,203623,249481.86528497408
263495,12347,0.014758620689655172,0.01186206896551724,0.009,236801,186508,249481.86528497408
278015,12919,0.014758620689655172,0.01186206896551724,0.012,234452,171991,249481.86528497408
290403,19140,0.014758620689655172,0.01186206896551724,0.015,231026,159602,249481.86528497408
248917,18114,0.014758620689655172,0.012275862068965518,0.006,236298,201082,245663.26530612243
265689,15560,0.014758620689655172,0.012275862068965518,0.009,233986,184316,245663.26530612243
279808,21850,0.014758620689655172,0.012275862068965518,0.012,230471,170196,245663.26530612243
292029,14373,0.014758620689655172,0.012275862068965518,0.015,230599,157975,245663.26530612243
251415,17859,0.014758620689655172,0.012689655172413793,0.006,233865,198586,241959.7989949749
267749,17034,0.014758620689655172,0.012689655172413793,0.009,231578,182251,241959.7989949749
281592,13314,0.014758620689655172,0.012689655172413793,0.012,230572,168411,241959.7989949749
293497,20540,0.014758620689655172,0.012689655172413793,0.015,227319,156506,241959.7989949749
253806,16832,0.014758620689655172,0.01310344827586207,0.006,231581,196197,238366.33663366333
269777,14296,0.014758620689655172,0.01310344827586207,0.009,230022,180226,238366.33663366333
283403,11467,0.014758620689655172,0.01310344827586207,0.012,229110,166597,238366.33663366333
295039,13441,0.014758620689655172,0.01310344827586207,0.015,227550,154961,238366.33663366333
256257,12421,0.014758620689655172,0.013517241379310345,0.006,229860,193747,234878.04878048776
271791,15288,0.014758620689655172,0.013517241379310345,0.009,227797,178210,234878.04878048776
285056,13721,0.014758620689655172,0.013517241379310345,0.012,226821,164947,234878.04878048776
296516,16983,0.014758620689655172,0.013517241379310345,0.015,224998,153492,234878.04878048776
258491,14158,0.014758620689655172,0.01393103448275862,0.006,227235,191512,231490.3846153846
273770,18506,0.014758620689655172,0.01393103448275862,0.009,225086,176236,231490.3846153846
286758,19511,0.014758620689655172,0.01393103448275862,0.012,223741,163242,231490.3846153846
297980,19179,0.014758620689655172,0.01393103448275862,0.015,222850,152028,231490.3846153846
260752,19124,0.014758620689655172,0.014344827586206896,0.006,224271,189249,228199.0521327014
275654,19600,0.014758620689655172,0.014344827586206896,0.009,222964,174349,228199.0521327014
288433,23019,0.014758620689655172,0.014344827586206896,0.012,221188,161573,228199.0521327014
299368,21708,0.014758620689655172,0.014344827586206896,0.015,220614,150633,228199.0521327014
262953,31603,0.014758620689655172,0.014758620689655172,0.006,220240,187049,225000.0
277521,32355,0.014758620689655172,0.014758620689655172,0.009,218590,172483,225000.0
290016,24015,0.014758620689655172,0.014758620689655172,0.012,219305,159984,225000.0
300840,25614,0.014758620689655172,0.014758620689655172,0.015,218142,149166,225000.0
265147,32591,0.014758620689655172,0.015172413793103448,0.006,217952,184860,221889.40092165893
279356,37606,0.014758620689655172,0.015172413793103448,0.009,215776,170647,221889.40092165893
291572,34593,0.014758620689655172,0.015172413793103448,0.012,215276,158433,221889.40092165893
302152,28749,0.014758620689655172,0.015172413793103448,0.015,215892,147852,221889.40092165893
267235,54996,0.014758620689655172,0.015586206896551724,0.006,212679,182770,218863.63636363632
281164,53004,0.014758620689655172,0.015586206896551724,0.009,211048,168838,218863.63636363632
293164,50437,0.014758620689655172,0.015586206896551724,0.012,210179,156843,218863.63636363632
303493,47240,0.014758620689655172,0.015586206896551724,0.015,209861,146511,218863.63636363632
269275,56984,0.014758620689655172,0.016,0.006,210313,180728,215919.2825112107
282966,57186,0.014758620689655172,0.016,0.009,208511,167034,215919.2825112107
294691,53151,0.014758620689655172,0.016,0.012,207994,155315,215919.2825112107
304822,48942,0.014758620689655172,0.016,0.015,208030,145183,215919.2825112107
178700,1458,0.015172413793103448,0.004,0.006,305159,271300,356115.1079136691
207593,2209,0.015172413793103448,0.004,0.009,291760,242410,356115.1079136691
230921,4021,0.015172413793103448,0.004,0.012,281703,219078,356115.1079136691
250169,4142,0.015172413793103448,0.004,0.015,274384,199834,356115.1079136691
183078,1387,0.015172413793103448,0.004413793103448276,0.006,301149,266923,348591.54929577466
211164,2885,0.015172413793103448,0.004413793103448276,0.009,288339,238836,348591.54929577466
233826,4396,0.015172413793103448,0.004413793103448276,0.012,278938,216175,348591.54929577466
252607,5677,0.015172413793103448,0.004413793103448276,0.015,271653,197396,348591.54929577466
187384,2573,0.015172413793103448,0.004827586206896552,0.006,297015,262616,341379.3103448276
214562,3171,0.015172413793103448,0.004827586206896552,0.009,285214,235438,341379.3103448276
236598,5348,0.015172413793103448,0.004827586206896552,0.012,276049,213406,341379.3103448276
254900,7009,0.015172413793103448,0.004827586206896552,0.015,268987,195105,341379.3103448276
191458,2001,0.015172413793103448,0.005241379310344827,0.006,293305,258542,334459.4594594595
217815,3729,0.015172413793103448,0.005241379310344827,0.009,281995,232187,334459.4594594595
239338,6196,0.015172413793103448,0.005241379310344827,0.012,273156,210664,334459.4594594595
257150,6830,0.015172413793103448,0.005241379310344827,0.015,266850,192851,334459.4594594595
195449,2650,0.015172413793103448,0.005655172413793104,0.006,289549,254553,327814.56953642383
221052,4828,0.015172413793103448,0.005655172413793104,0.009,278713,228950,327814.56953642383
242036,6795,0.015172413793103448,0.005655172413793104,0.012,270572,207964,327814.56953642383
259454,6989,0.015172413793103448,0.005655172413793104,0.015,264611,190547,327814.56953642383
199303,2015,0.015172413793103448,0.006068965517241379,0.006,286001,250700,321428.5714285714
224239,4947,0.015172413793103448,0.006068965517241379,0.009,275730,225764,321428.5714285714
244582,6229,0.015172413793103448,0.006068965517241379,0.012,268231,205423,321428.5714285714
261578,7658,0.015172413793103448,0.006068965517241379,0.015,262279,188424,321428.5714285714
203035,3972,0.015172413793103448,0.006482758620689655,0.006,282174,246968,315286.6242038217
227241,7399,0.015172413793103448,0.006482758620689655,0.009,272363,222757,315286.6242038217
247135,7967,0.015172413793103448,0.006482758620689655,0.012,265325,202871,315286.6242038217
263711,9477,0.015172413793103448,0.006482758620689655,0.015,259656,186291,315286.6242038217
206713,3231,0.015172413793103448,0.006896551724137931,0.006,278824,243289,309375.0
230192,5746,0.015172413793103448,0.006896551724137931,0.009,269873,219807,309375.0
249543,8016,0.015172413793103448,0.006896551724137931,0.012,262885,200457,309375.0
265760,10505,0.015172413793103448,0.006896551724137931,0.015,257296,184243,309375.0
210215,4455,0.015172413793103448,0.007310344827586207,0.006,275310,239787,303680.981595092
233106,6790,0.015172413793103448,0.007310344827586207,0.009,266818,216895,303680.981595092
252017,7433,0.015172413793103448,0.007310344827586207,0.012,260752,197983,303680.981595092
267854,9111,0.015172413793103448,0.007310344827586207,0.015,255653,182146,303680.981595092
213709,6484,0.015172413793103448,0.007724137931034483,0.006,271670,236292,298192.7710843373
235882,8403,0.015172413793103448,0.007724137931034483,0.009,263837,214117,298192.7710843373
254290,9465,0.015172413793103448,0.007724137931034483,0.012,257917,195713,298192.7710843373
269862,11121,0.015172413793103448,0.007724137931034483,0.015,253086,180141,298192.7710843373
217056,5719,0.015172413793103448,0.008137931034482758,0.006,268611,232944,292899.40828402364
238652,7343,0.015172413793103448,0.008137931034482758,0.009,261396,211349,292899.40828402364
256599,8831,0.015172413793103448,0.008137931034482758,0.012,255846,193403,292899.40828402364
271771,11866,0.015172413793103448,0.008137931034482758,0.015,250927,178229,292899.40828402364
220254,6018,0.015172413793103448,0.008551724137931035,0.006,265457,229747,287790.69767441857
241308,8662,0.015172413793103448,0.008551724137931035,0.009,258511,208696,287790.69767441857
258839,10324,0.015172413793103448,0.008551724137931035,0.012,253213,191166,287790.69767441857
273633,11609,0.015172413793103448,0.008551724137931035,0.015,249059,176370,287790.69767441857
223465,8031,0.015172413793103448,0.00896551724137931,0.006,262090,226535,282857.1428571429
243900,10830,0.015172413793103448,0.00896551724137931,0.009,255512,206100,282857.1428571429
261020,9936,0.015172413793103448,0.00896551724137931,0.012,251156,188982,282857.1428571429
275518,13166,0.015172413793103448,0.00896551724137931,0.015,246714,174487,282857.1428571429
226479,8438,0.015172413793103448,0.009379310344827585,0.006,259045,223518,278089.88764044945
246460,11588,0.015172413793103448,0.009379310344827585,0.009,252866,203544,278089.88764044945
263170,13702,0.015172413793103448,0.009379310344827585,0.012,248072,186835,278089.88764044945
277343,13145,0.015172413793103448,0.009379310344827585,0.015,244850,172662,278089.88764044945
229450,8571,0.015172413793103448,0.009793103448275862,0.006,256105,220553,273480.6629834254
248958,13138,0.015172413793103448,0.009793103448275862,0.009,250096,201044,273480.6629834254
265266,13881,0.015172413793103448,0.009793103448275862,0.012,245967,184735,273480.6629834254
279182,13298,0.015172413793103448,0.009793103448275862,0.015,242990,170824,273480.6629834254
232349,11957,0.015172413793103448,0.010206896551724139,0.006,252694,217654,269021.73913043475
251337,12887,0.015172413793103448,0.010206896551724139,0.009,247755,198664,269021.73913043475
267365,15780,0.015172413793103448,0.010206896551724139,0.012,243438,182638,269021.73913043475
280880,15011,0.015172413793103448,0.010206896551724139,0.015,240676,169125,269021.73913043475
235190,10867,0.015172413793103448,0.010620689655172414,0.006,250151,214808,264705.8823529412
253701,14468,0.015172413793103448,0.010620689655172414,0.009,245116,196302,264705.8823529412
269311,13805,0.015172413793103448,0.010620689655172414,0.012,241868,180694,264705.8823529412
282644,17370,0.015172413793103448,0.010620689655172414,0.015,238262,167356,264705.8823529412
237974,13324,0.015172413793103448,0.011034482758620689,0.006,247071,212030,260526.31578947377
256022,16387,0.015172413793103448,0.011034482758620689,0.009,242409,193981,260526.31578947377
271322,15545,0.015172413793103448,0.011034482758620689,0.012,239446,178684,260526.31578947377
284322,17462,0.015172413793103448,0.011034482758620689,0.015,236497,165684,260526.31578947377
240666,13147,0.015172413793103448,0.011448275862068966,0.006,244446,209336,256476.68393782384
258334,17464,0.015172413793103448,0.011448275862068966,0.009,239960,191666,256476.68393782384
273164,14844,0.015172413793103448,0.011448275862068966,0.012,237660,176836,256476.68393782384
285908,17501,0.015172413793103448,0.011448275862068966,0.015,234737,164096,256476.68393782384
243264,13969,0.015172413793103448,0.01186206896551724,0.006,241706,206739,252551.02040816328
260505,7035,0.015172413793103448,0.01186206896551724,0.009,239805,189496,252551.02040816328
275046,15478,0.015172413793103448,0.01186206896551724,0.012,235589,174959,252551.02040816328
287528,16158,0.015172413793103448,0.01186206896551724,0.015,233362,162475,252551.02040816328
245832,13973,0.015172413793103448,0.012275862068965518,0.006,239181,204172,248743.71859296484
262627,18954,0.015172413793103448,0.012275862068965518,0.009,235294,187377,248743.71859296484
276897,11291,0.015172413793103448,0.012275862068965518,0.012,234675,173108,248743.71859296484
289104,18690,0.015172413793103448,0.012275862068965518,0.015,231074,160900,248743.71859296484
248311,15346,0.015172413793103448,0.012689655172413793,0.006,236483,201689,245049.50495049512
264729,15570,0.015172413793103448,0.012689655172413793,0.009,233829,185274,245049.50495049512
278669,18572,0.015172413793103448,0.012689655172413793,0.012,231120,171335,245049.50495049512
290683,11825,0.015172413793103448,0.012689655172413793,0.015,231166,159321,245049.50495049512
250777,13990,0.015172413793103448,0.01310344827586207,0.006,234261,199226,241463.41463414635
266794,11544,0.015172413793103448,0.01310344827586207,0.009,232474,183211,241463.41463414635
280437,18482,0.015172413793103448,0.01310344827586207,0.012,229291,169564,241463.41463414635
292232,18926,0.015172413793103448,0.01310344827586207,0.015,227701,157774,241463.41463414635
253149,12118,0.015172413793103448,0.013517241379310345,0.006,232155,196852,237980.76923076925
268822,11901,0.015172413793103448,0.013517241379310345,0.009,230376,181179,237980.76923076925
282202,16931,0.015172413793103448,0.013517241379310345,0.012,227844,167804,237980.76923076925
293725,17536,0.015172413793103448,0.013517241379310345,0.015,226442,156276,237980.76923076925
255524,19039,0.015172413793103448,0.01393103448275862,0.006,228776,194479,234597.15639810427
270786,14208,0.015172413793103448,0.01393103448275862,0.009,227906,179219,234597.15639810427
283832,15497,0.015172413793103448,0.01393103448275862,0.012,226409,166169,234597.15639810427
295150,16847,0.015172413793103448,0.01393103448275862,0.015,225047,154855,234597.15639810427
257771,14915,0.015172413793103448,0.014344827586206896,0.006,227122,192235,231308.4112149533
272761,17151,0.015172413793103448,0.014344827586206896,0.009,225370,177242,231308.4112149533
285497,16230,0.015172413793103448,0.014344827586206896,0.012,224370,164507,231308.4112149533
296586,22223,0.015172413793103448,0.014344827586206896,0.015,222109,153417,231308.4112149533
259996,16077,0.015172413793103448,0.014758620689655172,0.006,224692,190008,228110.599078341
274624,22914,0.015172413793103448,0.014758620689655172,0.009,222347,175382,228110.599078341
287175,26319,0.015172413793103448,0.014758620689655172,0.012,220558,162825,228110.599078341
298060,19701,0.015172413793103448,0.014758620689655172,0.015,221144,151946,228110.599078341
262113,22879,0.015172413793103448,0.015172413793103448,0.006,221560,187888,225000.0
276417,26011,0.015172413793103448,0.015172413793103448,0.009,219893,173586,225000.0
288726,23299,0.015172413793103448,0.015172413793103448,0.012,219467,161275,225000.0
299393,25639,0.015172413793103448,0.015172413793103448,0.015,218241,150611,225000.0
264270,30222,0.015172413793103448,0.015586206896551724,0.006,218419,185736,221973.09417040358
278295,32897,0.015172413793103448,0.015586206896551724,0.009,216785,171711,221973.09417040358
290281,33662,0.015172413793103448,0.015586206896551724,0.012,215637,159724,221973.09417040358
300756,34107,0.015172413793103448,0.015586206896551724,0.015,214718,149249,221973.09417040358
266337,50496,0.015172413793103448,0.016,0.006,213510,183669,219026.54867256636
279992,44048,0.015172413793103448,0.016,0.009,212932,170010,219026.54867256636
291806,52215,0.015172413793103448,0.016,0.012,210003,158198,219026.54867256636
302095,39837,0.015172413793103448,0.016,0.015,211865,147910,219026.54867256636
175878,1353,0.015586206896551724,0.004,0.006,307027,274121,358098.59154929576
204588,2202,0.015586206896551724,0.004,0.009,293500,245415,358098.59154929576
227960,4108,0.015586206896551724,0.004,0.012,283301,222040,358098.59154929576
247141,3864,0.015586206896551724,0.004,0.015,275926,202861,358098.59154929576
180205,1567,0.015586206896551724,0.004413793103448276,0.006,303062,269797,350689.6551724138
208094,3043,0.015586206896551724,0.004413793103448276,0.009,290133,241908,350689.6551724138
230757,4572,0.015586206896551724,0.004413793103448276,0.012,280504,219242,350689.6551724138
249564,5032,0.015586206896551724,0.004413793103448276,0.015,273288,200437,350689.6551724138
184459,2285,0.015586206896551724,0.004827586206896552,0.006,299010,265542,343581.0810810811
211528,3720,0.015586206896551724,0.004827586206896552,0.009,286799,238473,343581.0810810811
233601,5307,0.015586206896551724,0.004827586206896552,0.012,277649,216400,343581.0810810811
251896,6576,0.015586206896551724,0.004827586206896552,0.015,270594,198109,343581.0810810811
188543,2463,0.015586206896551724,0.005241379310344827,0.006,295178,261455,336754.96688741725
214789,4196,0.015586206896551724,0.005241379310344827,0.009,283688,235211,336754.96688741725
236355,5410,0.015586206896551724,0.005241379310344827,0.012,275059,213650,336754.96688741725
254198,7327,0.015586206896551724,0.005241379310344827,0.015,268187,195807,336754.96688741725
192522,2572,0.015586206896551724,0.005655172413793104,0.006,291530,257477,330194.80519480514
218021,5803,0.015586206896551724,0.005655172413793104,0.009,280227,231982,330194.80519480514
239021,4963,0.015586206896551724,0.005655172413793104,0.012,272678,210980,330194.80519480514
256432,6357,0.015586206896551724,0.005655172413793104,0.015,266271,193569,330194.80519480514
196305,3259,0.015586206896551724,0.006068965517241379,0.006,287791,253695,323885.3503184713
221159,4690,0.015586206896551724,0.006068965517241379,0.009,277579,228842,323885.3503184713
241561,5728,0.015586206896551724,0.006068965517241379,0.012,269990,208444,323885.3503184713
258675,6791,0.015586206896551724,0.006068965517241379,0.015,264012,191325,323885.3503184713
200113,2570,0.015586206896551724,0.006482758620689655,0.006,284458,249891,317812.5
224182,4293,0.015586206896551724,0.006482758620689655,0.009,274846,225821,317812.5
244087,7274,0.015586206896551724,0.006482758620689655,0.012,267144,205917,317812.5
260739,8654,0.015586206896551724,0.006482758620689655,0.015,261356,189261,317812.5
203704,2946,0.015586206896551724,0.006896551724137931,0.006,280965,246294,311963.19018404913
227232,5407,0.015586206896551724,0.006896551724137931,0.009,271763,222769,311963.19018404913
246601,8172,0.015586206896551724,0.006896551724137931,0.012,264545,203403,311963.19018404913
262872,9381,0.015586206896551724,0.006896551724137931,0.015,259097,187128,311963.19018404913
207241,3804,0.015586206896551724,0.007310344827586207,0.006,277487,242756,306325.30120481923
230038,5686,0.015586206896551724,0.007310344827586207,0.009,268925,219963,306325.30120481923
249014,7846,0.015586206896551724,0.007310344827586207,0.012,262293,200992,306325.30120481923
264874,10271,0.015586206896551724,0.007310344827586207,0.015,256819,185128,306325.30120481923
210692,4226,0.015586206896551724,0.007724137931034483,0.006,274142,239306,300887.573964497
232907,5706,0.015586206896551724,0.007724137931034483,0.009,266242,217093,300887.573964497
251342,9598,0.015586206896551724,0.007724137931034483,0.012,259560,198663,300887.573964497
266912,10126,0.015586206896551724,0.007724137931034483,0.015,254919,183093,300887.573964497
214000,4206,0.015586206896551724,0.008137931034482758,0.006,270973,236003,295639.534883721
235651,7782,0.015586206896551724,0.008137931034482758,0.009,263203,214354,295639.534883721
253614,10471,0.015586206896551724,0.008137931034482758,0.012,257088,196390,295639.534883721
268830,11691,0.015586206896551724,0.008137931034482758,0.015,252496,181171,295639.534883721
217273,5885,0.015586206896551724,0.008551724137931035,0.006,267563,232731,290571.4285714285
238294,7967,0.015586206896551724,0.008551724137931035,0.009,260591,211709,290571.4285714285
255889,9865,0.015586206896551724,0.008551724137931035,0.012,255039,194116,290571.4285714285
270739,12317,0.015586206896551724,0.008551724137931035,0.015,250384,179264,290571.4285714285
220410,6050,0.015586206896551724,0.00896551724137931,0.006,264527,229591,285674.15730337077
240913,8688,0.015586206896551724,0.00896551724137931,0.009,257859,209086,285674.15730337077
258052,10880,0.015586206896551724,0.00896551724137931,0.012,252581,191951,285674.15730337077
272635,11850,0.015586206896551724,0.00896551724137931,0.015,248598,177366,285674.15730337077
223456,7298,0.015586206896551724,0.009379310344827585,0.006,261365,226546,280939.22651933704
243457,8571,0.015586206896551724,0.009379310344827585,0.009,255379,206547,280939.22651933704
260229,11194,0.015586206896551724,0.009379310344827585,0.012,250378,189772,280939.22651933704
274477,11770,0.015586206896551724,0.009379310344827585,0.015,246748,175525,280939.22651933704
226458,8106,0.015586206896551724,0.009793103448275862,0.006,258358,223542,276358.6956521739
246003,10756,0.015586206896551724,0.009793103448275862,0.009,252513,204003,276358.6956521739
262309,12166,0.015586206896551724,0.009793103448275862,0.012,248050,187695,276358.6956521739
276313,14870,0.015586206896551724,0.009793103448275862,0.015,244088,173687,276358.6956521739
229331,10030,0.015586206896551724,0.010206896551724139,0.006,255176,220666,271925.13368983957
248414,11962,0.015586206896551724,0.010206896551724139,0.009,249867,201592,271925.13368983957
264408,12203,0.015586206896551724,0.010206896551724139,0.012,245973,185593,271925.13368983957
278015,14435,0.015586206896551724,0.010206896551724139,0.015,242384,171988,271925.13368983957
232240,9989,0.015586206896551724,0.010620689655172414,0.006,252434,217764,267631.5789473684
250699,13559,0.015586206896551724,0.010620689655172414,0.009,247208,199304,267631.5789473684
266364,14587,0.015586206896551724,0.010620689655172414,0.012,243358,183639,267631.5789473684
279746,16168,0.015586206896551724,0.010620689655172414,0.015,240114,170255,267631.5789473684
234921,12039,0.015586206896551724,0.011034482758620689,0.006,249419,215078,263471.5025906736
253106,12690,0.015586206896551724,0.011034482758620689,0.009,245073,196895,263471.5025906736
268373,16388,0.015586206896551724,0.011034482758620689,0.012,240940,181633,263471.5025906736
281500,17532,0.015586206896551724,0.011034482758620689,0.015,238023,168502,263471.5025906736
237609,11037,0.015586206896551724,0.011448275862068966,0.006,246917,212391,259438.77551020408
255297,15213,0.015586206896551724,0.011448275862068966,0.009,242329,194705,259438.77551020408
270347,15717,0.015586206896551724,0.011448275862068966,0.012,239165,179656,259438.77551020408
283165,16928,0.015586206896551724,0.011448275862068966,0.015,236431,166841,259438.77551020408
240282,12156,0.015586206896551724,0.01186206896551724,0.006,244152,209719,255527.63819095478
257523,15921,0.015586206896551724,0.01186206896551724,0.009,239985,192482,255527.63819095478
272235,16703,0.015586206896551724,0.01186206896551724,0.012,237021,177771,255527.63819095478
284802,17530,0.015586206896551724,0.01186206896551724,0.015,234580,165200,255527.63819095478
242881,12417,0.015586206896551724,0.012275862068965518,0.006,241586,207119,251732.67326732675
259706,13904,0.015586206896551724,0.012275862068965518,0.009,238210,190298,251732.67326732675
274035,16755,0.015586206896551724,0.012275862068965518,0.012,235109,175970,251732.67326732675
286390,20291,0.015586206896551724,0.012275862068965518,0.015,232167,163615,251732.67326732675
245308,13148,0.015586206896551724,0.012689655172413793,0.006,239013,204695,248048.78048780494
261832,7798,0.015586206896551724,0.012689655172413793,0.009,237272,188168,248048.78048780494
275803,18496,0.015586206896551724,0.012689655172413793,0.012,232860,174199,248048.78048780494
287896,18854,0.015586206896551724,0.012689655172413793,0.015,230897,162107,248048.78048780494
247823,10879,0.015586206896551724,0.01310344827586207,0.006,236888,202183,244471.15384615381
263850,19438,0.015586206896551724,0.01310344827586207,0.009,232885,186153,244471.15384615381
277633,13190,0.015586206896551724,0.01310344827586207,0.012,232209,172373,244471.15384615381
289420,13609,0.015586206896551724,0.01310344827586207,0.015,230576,160584,244471.15384615381
250135,11718,0.015586206896551724,0.013517241379310345,0.006,234386,199868,240995.26066350713
265949,11622,0.015586206896551724,0.013517241379310345,0.009,232337,184052,240995.26066350713
279364,20627,0.015586206896551724,0.013517241379310345,0.012,228719,170636,240995.26066350713
290927,15545,0.015586206896551724,0.013517241379310345,0.015,228491,159076,240995.26066350713
252493,12303,0.015586206896551724,0.01393103448275862,0.006,231953,197508,237616.82242990655
267852,17945,0.015586206896551724,0.01393103448275862,0.009,229139,182151,237616.82242990655
281032,17843,0.015586206896551724,0.01393103448275862,0.012,227577,168973,237616.82242990655
292400,21499,0.015586206896551724,0.01393103448275862,0.015,225423,157604,237616.82242990655
254799,10565,0.015586206896551724,0.014344827586206896,0.006,229851,195203,234331.79723502306
269810,13133,0.015586206896551724,0.014344827586206896,0.009,228052,180189,234331.79723502306
282699,14863,0.015586206896551724,0.014344827586206896,0.012,226462,167306,234331.79723502306
293921,21135,0.015586206896551724,0.014344827586206896,0.015,224001,156080,234331.79723502306
257024,13975,0.015586206896551724,0.014758620689655172,0.006,227182,192980,231136.36363636362
271727,23166,0.015586206896551724,0.014758620689655172,0.009,224228,178277,231136.36363636362
284318,17458,0.015586206896551724,0.014758620689655172,0.012,224228,165685,231136.36363636362
295295,17007,0.015586206896551724,0.014758620689655172,0.015,223368,154711,231136.36363636362
259213,19135,0.015586206896551724,0.015172413793103448,0.006,224270,190787,228026.90582959642
273541,21066,0.015586206896551724,0.015172413793103448,0.009,222717,176463,228026.90582959642
285937,22508,0.015586206896551724,0.015172413793103448,0.012,221417,164068,228026.90582959642
296678,28883,0.015586206896551724,0.015172413793103448,0.015,219016,153327,228026.90582959642
261322,31075,0.015586206896551724,0.015586206896551724,0.006,220499,188680,225000.0
275360,22645,0.015586206896551724,0.015586206896551724,0.009,220588,174643,225000.0
287556,29900,0.015586206896551724,0.015586206896551724,0.012,218191,162450,225000.0
298060,24775,0.015586206896551724,0.015586206896551724,0.015,218497,151945,225000.0
263345,51574,0.015586206896551724,0.016,0.006,215584,186657,222052.40174672485
277137,41602,0.015586206896551724,0.016,0.009,215331,172866,222052.40174672485
289060,32516,0.015586206896551724,0.016,0.012,215993,160943,222052.40174672485
299410,34731,0.015586206896551724,0.016,0.015,214682,150595,222052.40174672485
172998,1461,0.016,0.004,0.006,308878,277002,360000.0
201702,1939,0.016,0.004,0.009,295300,248297,360000.0
224957,3579,0.016,0.004,0.012,284954,225045,360000.0
244263,4273,0.016,0.004,0.015,277245,205741,360000.0
177345,1243,0.016,0.004413793103448276,0.006,304954,272656,352702.7027027027
205213,2811,0.016,0.004413793103448276,0.009,291880,244790,352702.7027027027
227845,3782,0.016,0.004413793103448276,0.012,282223,222155,352702.7027027027
246659,4481,0.016,0.004413793103448276,0.015,274865,203342,352702.7027027027
181540,2032,0.016,0.004827586206896552,0.006,300969,268460,345695.3642384106
208588,3084,0.016,0.004827586206896552,0.009,288659,241414,345695.3642384106
230602,3972,0.016,0.004827586206896552,0.012,279596,219398,345695.3642384106
249010,5660,0.016,0.004827586206896552,0.015,272295,200991,345695.3642384106
185686,2309,0.016,0.005241379310344827,0.006,297173,264313,338961.038961039
211872,4432,0.016,0.005241379310344827,0.009,285309,238130,338961.038961039
233413,4882,0.016,0.005241379310344827,0.012,276749,216591,338961.038961039
251299,6636,0.016,0.005241379310344827,0.015,269808,198706,338961.038961039
189631,1631,0.016,0.005655172413793104,0.006,293630,260371,332484.076433121
215086,3152,0.016,0.005655172413793104,0.009,282663,234916,332484.076433121
235993,6385,0.016,0.005655172413793104,0.012,273912,214007,332484.076433121
253553,7299,0.016,0.005655172413793104,0.015,267477,196447,332484.076433121
193452,2561,0.016,0.006068965517241379,0.006,289879,256545,326250.0
218232,4144,0.016,0.006068965517241379,0.009,279517,231773,326250.0
238637,6437,0.016,0.006068965517241379,0.012,271422,211364,326250.0
255788,6604,0.016,0.006068965517241379,0.015,265574,194214,326250.0
197138,2706,0.016,0.006482758620689655,0.006,286379,252863,320245.39877300616
221241,4561,0.016,0.006482758620689655,0.009,276561,228761,320245.39877300616
241200,5687,0.016,0.006482758620689655,0.012,269194,208800,320245.39877300616
257875,7668,0.016,0.006482758620689655,0.015,263137,192130,320245.39877300616
200788,3052,0.016,0.006896551724137931,0.006,282948,249214,314457.8313253012
224243,5496,0.016,0.006896551724137931,0.009,273553,225758,314457.8313253012
243667,7738,0.016,0.006896551724137931,0.012,266289,206333,314457.8313253012
259970,7803,0.016,0.006896551724137931,0.015,261049,190035,314457.8313253012
204319,3660,0.016,0.007310344827586207,0.006,279521,245685,308875.7396449704
227106,5319,0.016,0.007310344827586207,0.009,270847,222897,308875.7396449704
246050,7698,0.016,0.007310344827586207,0.012,263974,203954,308875.7396449704
262035,8726,0.016,0.007310344827586207,0.015,258746,187966,308875.7396449704
207760,4336,0.016,0.007724137931034483,0.006,276153,242244,303488.3720930232
229962,6569,0.016,0.007724137931034483,0.009,267861,220039,303488.3720930232
248418,6548,0.016,0.007724137931034483,0.012,261995,201583,303488.3720930232
264018,9220,0.016,0.007724137931034483,0.015,256621,185985,303488.3720930232
211074,4451,0.016,0.008137931034482758,0.006,272971,238930,298285.7142857143
232737,7427,0.016,0.008137931034482758,0.009,265076,217268,298285.7142857143
250747,9087,0.016,0.008137931034482758,0.012,259079,199254,298285.7142857143
266011,10519,0.016,0.008137931034482758,0.015,254305,183993,298285.7142857143
214286,4628,0.016,0.008551724137931035,0.006,269884,235711,293258.4269662922
235357,8175,0.016,0.008551724137931035,0.009,262318,214646,293258.4269662922
252989,9126,0.016,0.008551724137931035,0.012,256847,197016,293258.4269662922
267926,10333,0.016,0.008551724137931035,0.015,252442,182075,293258.4269662922
217434,4668,0.016,0.00896551724137931,0.006,266812,232569,288397.7900552486
238001,7842,0.016,0.00896551724137931,0.009,259896,212000,288397.7900552486
255168,9978,0.016,0.00896551724137931,0.012,254461,194833,288397.7900552486
269833,11169,0.016,0.00896551724137931,0.015,250285,180171,288397.7900552486
220561,7699,0.016,0.009379310344827585,0.006,263357,229442,283695.6521739131
240521,9641,0.016,0.009379310344827585,0.009,256997,209482,283695.6521739131
257353,10942,0.016,0.009379310344827585,0.012,252085,192652,283695.6521739131
271637,12887,0.016,0.009379310344827585,0.015,247964,178367,283695.6521739131
223478,7524,0.016,0.009793103448275862,0.006,260510,226520,279144.38502673793
243007,8889,0.016,0.009793103448275862,0.009,254762,206994,279144.38502673793
259465,10867,0.016,0.009793103448275862,0.012,250054,190537,279144.38502673793
273495,13894,0.016,0.009793103448275862,0.015,245852,176505,279144.38502673793
226407,10137,0.016,0.010206896551724139,0.006,257287,223595,274736.84210526315
245478,10633,0.016,0.010206896551724139,0.009,252006,204523,274736.84210526315
261519,14744,0.016,0.010206896551724139,0.012,247027,188486,274736.84210526315
275237,14162,0.016,0.010206896551724139,0.015,243948,174764,274736.84210526315
229295,9630,0.016,0.010620689655172414,0.006,254624,220706,270466.3212435233
247815,12626,0.016,0.010620689655172414,0.009,249238,202188,270466.3212435233
263536,14693,0.016,0.010620689655172414,0.012,245029,186469,270466.3212435233
276963,15673,0.016,0.010620689655172414,0.015,241757,173040,270466.3212435233
231981,10286,0.016,0.011034482758620689,0.006,251791,218019,266326.53061224497
250169,12040,0.016,0.011034482758620689,0.009,247095,199833,266326.53061224497
265494,12854,0.016,0.011034482758620689,0.012,243486,184509,266326.53061224497
278666,16105,0.016,0.011034482758620689,0.015,239893,171338,266326.53061224497
234720,11847,0.016,0.011448275862068966,0.006,248933,215281,262311.5577889447
252437,14140,0.016,0.011448275862068966,0.009,244428,197567,262311.5577889447
267475,11984,0.016,0.011448275862068966,0.012,241729,182529,262311.5577889447
280358,16539,0.016,0.011448275862068966,0.015,238057,169643,262311.5577889447
237375,11835,0.016,0.01186206896551724,0.006,246383,212625,258415.8415841584
254691,12113,0.016,0.01186206896551724,0.009,242613,195309,258415.8415841584
269324,18836,0.016,0.01186206896551724,0.012,238241,180679,258415.8415841584
282036,16954,0.016,0.01186206896551724,0.015,236255,167964,258415.8415841584
239875,13801,0.016,0.012275862068965518,0.006,243495,210126,254634.14634146343
256868,14234,0.016,0.012275862068965518,0.009,240025,193137,254634.14634146343
271206,15339,0.016,0.012275862068965518,0.012,237121,178799,254634.14634146343
283577,14631,0.016,0.012275862068965518,0.015,235179,166428,254634.14634146343
242391,15248,0.016,0.012689655172413793,0.006,240828,207609,250961.5384615385
258984,15626,0.016,0.012689655172413793,0.009,237655,191017,250961.5384615385
273028,15604,0.016,0.012689655172413793,0.012,235214,176972,250961.5384615385
285209,20977,0.016,0.012689655172413793,0.015,231917,164793,250961.5384615385
244911,13628,0.016,0.01310344827586207,0.006,238624,205092,247393.36492890993
260983,15942,0.016,0.01310344827586207,0.009,235477,189021,247393.36492890993
274784,13973,0.016,0.01310344827586207,0.012,233710,175219,247393.36492890993
286763,19007,0.016,0.01310344827586207,0.015,230795,163243,247393.36492890993
247233,10904,0.016,0.013517241379310345,0.006,236630,202771,243925.23364485984
263006,10983,0.016,0.013517241379310345,0.009,234384,186996,243925.23364485984
276550,15684,0.016,0.013517241379310345,0.012,231544,173451,243925.23364485984
288219,19152,0.016,0.013517241379310345,0.015,229134,161785,243925.23364485984
249555,18460,0.016,0.01393103448275862,0.006,233238,200448,240552.99539170507
265016,15290,0.016,0.01393103448275862,0.009,231537,184985,240552.99539170507
278302,11296,0.016,0.01393103448275862,0.012,230704,171698,240552.99539170507
289781,12936,0.016,0.01393103448275862,0.015,229057,160224,240552.99539170507
251867,12290,0.016,0.014344827586206896,0.006,231807,198134,237272.72727272726
266971,13865,0.016,0.014344827586206896,0.009,229809,183031,237272.72727272726
279993,20154,0.016,0.014344827586206896,0.012,227040,170010,237272.72727272726
291211,18435,0.016,0.014344827586206896,0.015,226158,158789,237272.72727272726
254140,16429,0.016,0.014758620689655172,0.006,229001,195860,234080.71748878926
268933,15097,0.016,0.014758620689655172,0.009,227537,181069,234080.71748878926
281577,17834,0.016,0.014758620689655172,0.012,225759,168424,234080.71748878926
292611,23271,0.016,0.014758620689655172,0.015,223445,157392,234080.71748878926
256271,16687,0.016,0.015172413793103448,0.006,226763,193730,230973.45132743364
270722,20404,0.016,0.015172413793103448,0.009,224745,179281,230973.45132743364
283226,22224,0.016,0.015172413793103448,0.012,223160,166774,230973.45132743364
294021,22507,0.016,0.015172413793103448,0.015,222080,155984,230973.45132743364
258393,21121,0.016,0.015586206896551724,0.006,224014,191608,227947.59825327512
272551,19721,0.016,0.015586206896551724,0.009,222984,177452,227947.59825327512
284762,19133,0.016,0.015586206896551724,0.012,222185,165241,227947.59825327512
295405,22989,0.016,0.015586206896551724,0.015,220509,154599,227947.59825327512
260523,39057,0.016,0.016,0.006,219493,189482,225000.0
274340,32252,0.016,0.016,0.009,218917,175663,225000.0
286328,28762,0.016,0.016,0.012,218495,163677,225000.0
296765,30112,0.016,0.016,0.015,217335,153238,225000.0
