wasted_computation_no_offload,wasted_computation_offload,charge_rate,discharge_rate,AI_computation,offload,no_offload,best_offload
321245,110919,0.004,0.004,0.006,191690,128759,225000.0
344209,109293,0.004,0.004,0.009,186986,105797,225000.0
359886,107774,0.004,0.004,0.012,184479,90121,225000.0
371720,104630,0.004,0.004,0.015,183567,78289,225000.0
325078,132418,0.004,0.004413793103448276,0.006,181546,124930,213934.4262295082
346535,121424,0.004,0.004413793103448276,0.009,180063,103472,213934.4262295082
361691,110395,0.004,0.004413793103448276,0.012,181147,88317,213934.4262295082
373047,117696,0.004,0.004413793103448276,0.015,176443,76956,213934.4262295082
328493,143313,0.004,0.004827586206896552,0.006,174557,121512,203906.25000000003
349043,145259,0.004,0.004827586206896552,0.009,169210,100957,203906.25000000003
363554,131548,0.004,0.004827586206896552,0.012,171025,86455,203906.25000000003
374396,120290,0.004,0.004827586206896552,0.015,173622,75610,203906.25000000003
331721,174425,0.004,0.005241379310344827,0.006,162625,118284,194776.1194029851
351385,149172,0.004,0.005241379310344827,0.009,165487,98624,194776.1194029851
365174,155365,0.004,0.005241379310344827,0.012,160353,84834,194776.1194029851
375739,146604,0.004,0.005241379310344827,0.015,161783,74261,194776.1194029851
334880,182962,0.004,0.005655172413793104,0.006,157121,115127,186428.57142857142
353535,162265,0.004,0.005655172413793104,0.009,158466,96474,186428.57142857142
366826,170837,0.004,0.005655172413793104,0.012,152819,83182,186428.57142857142
376930,158109,0.004,0.005655172413793104,0.015,155580,73078,186428.57142857142
337868,186844,0.004,0.006068965517241379,0.006,152967,112137,178767.12328767127
355705,164248,0.004,0.006068965517241379,0.009,155573,94301,178767.12328767127
368313,169354,0.004,0.006068965517241379,0.012,151572,81695,178767.12328767127
378120,175087,0.004,0.006068965517241379,0.015,147626,71888,178767.12328767127
340801,183249,0.004,0.006482758620689655,0.006,151049,109208,171710.52631578947
357534,187112,0.004,0.006482758620689655,0.009,146069,92472,171710.52631578947
370034,186635,0.004,0.006482758620689655,0.012,143629,79972,171710.52631578947
379351,183119,0.004,0.006482758620689655,0.015,143186,70658,171710.52631578947
343577,203933,0.004,0.006896551724137931,0.006,142928,106429,165189.87341772154
359605,193640,0.004,0.006896551724137931,0.009,141953,90404,165189.87341772154
371271,202284,0.004,0.006896551724137931,0.012,136576,78737,165189.87341772154
380423,197838,0.004,0.006896551724137931,0.015,136395,69585,165189.87341772154
346103,218045,0.004,0.007310344827586207,0.006,136954,103899,159146.34146341463
361289,210474,0.004,0.007310344827586207,0.009,134870,88716,159146.34146341463
372701,201682,0.004,0.007310344827586207,0.012,135286,77304,159146.34146341463
381496,200488,0.004,0.007310344827586207,0.015,133932,68511,159146.34146341463
348337,231930,0.004,0.007724137931034483,0.006,130933,101670,153529.4117647059
363064,219939,0.004,0.007724137931034483,0.009,130001,86941,153529.4117647059
374202,223397,0.004,0.007724137931034483,0.012,126479,75801,153529.4117647059
382556,215132,0.004,0.007724137931034483,0.015,127474,67451,153529.4117647059
350676,224032,0.004,0.008137931034482758,0.006,130825,99330,148295.45454545456
364715,223374,0.004,0.008137931034482758,0.009,127224,85288,148295.45454545456
375371,230184,0.004,0.008137931034482758,0.012,122653,74635,148295.45454545456
383766,219153,0.004,0.008137931034482758,0.015,124663,66241,148295.45454545456
352816,230556,0.004,0.008551724137931035,0.006,126767,97191,143406.59340659343
366373,236274,0.004,0.008551724137931035,0.009,121658,83630,143406.59340659343
376596,231119,0.004,0.008551724137931035,0.012,120916,73407,143406.59340659343
384644,230955,0.004,0.008551724137931035,0.015,119438,65365,143406.59340659343
355092,239436,0.004,0.00896551724137931,0.006,122732,94917,138829.78723404257
367912,240411,0.004,0.00896551724137931,0.009,118865,82094,138829.78723404257
377839,231822,0.004,0.00896551724137931,0.012,119388,72166,138829.78723404257
385723,238651,0.004,0.00896551724137931,0.015,115621,64283,138829.78723404257
357197,247045,0.004,0.009379310344827585,0.006,118838,92805,134536.08247422683
369652,241467,0.004,0.009379310344827585,0.009,117204,80357,134536.08247422683
379140,242210,0.004,0.009379310344827585,0.012,114821,70862,134536.08247422683
386544,253562,0.004,0.009379310344827585,0.015,109296,63465,134536.08247422683
358965,244895,0.004,0.009793103448275862,0.006,117518,91040,130500.0
370893,254330,0.004,0.009793103448275862,0.009,111989,79114,130500.0
380248,252844,0.004,0.009793103448275862,0.012,110118,69761,130500.0
387442,259110,0.004,0.009793103448275862,0.015,106440,62567,130500.0
360856,254598,0.004,0.010206896551724139,0.006,113408,89146,126699.02912621362
372326,262995,0.004,0.010206896551724139,0.009,108099,77677,126699.02912621362
381290,258968,0.004,0.010206896551724139,0.012,106907,68719,126699.02912621362
388268,251404,0.004,0.010206896551724139,0.015,108001,61740,126699.02912621362
362778,270702,0.004,0.010620689655172414,0.006,107862,87231,123113.20754716982
373727,277399,0.004,0.010620689655172414,0.009,102697,76279,123113.20754716982
382367,271145,0.004,0.010620689655172414,0.012,102124,67642,123113.20754716982
389165,264358,0.004,0.010620689655172414,0.015,102680,60842,123113.20754716982
364352,274557,0.004,0.011034482758620689,0.006,105578,85654,119724.77064220185
375053,276203,0.004,0.011034482758620689,0.009,101633,74953,119724.77064220185
383463,276964,0.004,0.011034482758620689,0.012,99091,66538,119724.77064220185
389975,261014,0.004,0.011034482758620689,0.015,102836,60033,119724.77064220185
365993,263610,0.004,0.011448275862068966,0.006,106270,84015,116517.85714285714
376264,275387,0.004,0.011448275862068966,0.009,100801,73739,116517.85714285714
384306,280978,0.004,0.011448275862068966,0.012,96960,65700,116517.85714285714
390831,276501,0.004,0.011448275862068966,0.015,96723,59177,116517.85714285714
367600,290723,0.004,0.01186206896551724,0.006,98999,82408,113478.26086956522
377585,283182,0.004,0.01186206896551724,0.009,97272,72424,113478.26086956522
385331,279493,0.004,0.01186206896551724,0.012,96316,64677,113478.26086956522
391628,279597,0.004,0.01186206896551724,0.015,94928,58381,113478.26086956522
369210,290591,0.004,0.012275862068965518,0.006,97462,80799,110593.22033898305
378738,284689,0.004,0.012275862068965518,0.009,95937,71269,110593.22033898305
386322,294099,0.004,0.012275862068965518,0.012,91015,63687,110593.22033898305
392443,290033,0.004,0.012275862068965518,0.015,90630,57558,110593.22033898305
370752,295645,0.004,0.012689655172413793,0.006,95073,79252,107851.23966942151
379839,278869,0.004,0.012689655172413793,0.009,96279,70168,107851.23966942151
387192,291801,0.004,0.012689655172413793,0.012,90697,62811,107851.23966942151
393216,287741,0.004,0.012689655172413793,0.015,90586,56793,107851.23966942151
371979,291586,0.004,0.01310344827586207,0.006,94533,78028,105241.93548387098
380928,303556,0.004,0.01310344827586207,0.009,88868,69078,105241.93548387098
388182,291057,0.004,0.01310344827586207,0.012,90191,61827,105241.93548387098
393858,287388,0.004,0.01310344827586207,0.015,89864,56150,105241.93548387098
373377,308404,0.004,0.013517241379310345,0.006,89731,76630,102755.90551181104
382081,294837,0.004,0.013517241379310345,0.009,89758,67927,102755.90551181104
389097,293557,0.004,0.013517241379310345,0.012,88448,60909,102755.90551181104
394584,289276,0.004,0.013517241379310345,0.015,88452,55424,102755.90551181104
374759,302739,0.004,0.01393103448275862,0.006,89576,75241,100384.61538461539
383119,301404,0.004,0.01393103448275862,0.009,87275,66888,100384.61538461539
389797,300742,0.004,0.01393103448275862,0.012,85617,60210,100384.61538461539
395418,297481,0.004,0.01393103448275862,0.015,85172,54591,100384.61538461539
375980,308685,0.004,0.014344827586206896,0.006,87332,74026,98120.30075187972
384105,315807,0.004,0.014344827586206896,0.009,82614,65900,98120.30075187972
390683,305609,0.004,0.014344827586206896,0.012,83280,59317,98120.30075187972
395922,295628,0.004,0.014344827586206896,0.015,85015,54084,98120.30075187972
377180,315707,0.004,0.014758620689655172,0.006,84587,72828,95955.8823529412
385223,316793,0.004,0.014758620689655172,0.009,81418,64786,95955.8823529412
391492,308828,0.004,0.014758620689655172,0.012,81643,58517,95955.8823529412
396656,307336,0.004,0.014758620689655172,0.015,80661,53353,95955.8823529412
378583,308222,0.004,0.015172413793103448,0.006,84896,71426,93884.89208633095
385992,321204,0.004,0.015172413793103448,0.009,79605,64014,93884.89208633095
392177,312635,0.004,0.015172413793103448,0.012,79720,57830,93884.89208633095
397267,308732,0.004,0.015172413793103448,0.015,79688,52736,93884.89208633095
379615,310927,0.004,0.015586206896551724,0.006,83452,70394,91901.40845070424
386990,316212,0.004,0.015586206896551724,0.009,79879,63016,91901.40845070424
392918,309185,0.004,0.015586206896551724,0.012,79917,57091,91901.40845070424
397928,308392,0.004,0.015586206896551724,0.015,79080,52081,91901.40845070424
380845,321478,0.004,0.016,0.006,80192,69161,90000.0
387997,310595,0.004,0.016,0.009,80198,62012,90000.0
393711,321629,0.004,0.016,0.012,75817,56298,90000.0
398507,315752,0.004,0.016,0.015,76121,51501,90000.0
312260,103009,0.004413793103448276,0.004,0.006,199156,137741,236065.57377049178
335855,98953,0.004413793103448276,0.004,0.009,194735,114153,236065.57377049178
352767,90101,0.004413793103448276,0.004,0.012,194417,97242,236065.57377049178
365240,88190,0.004413793103448276,0.004,0.015,192781,84769,236065.57377049178
315959,114558,0.004413793103448276,0.004413793103448276,0.006,191714,134048,225000.0
338444,113411,0.004413793103448276,0.004413793103448276,0.009,186761,111563,225000.0
354554,96595,0.004413793103448276,0.004413793103448276,0.012,189610,95453,225000.0
366543,97431,0.004413793103448276,0.004413793103448276,0.015,187182,83464,225000.0
319563,112881,0.004413793103448276,0.004827586206896552,0.006,188730,130441,214925.37313432834
341126,124908,0.004413793103448276,0.004827586206896552,0.009,180189,108874,214925.37313432834
356423,120190,0.004413793103448276,0.004827586206896552,0.012,178710,93583,214925.37313432834
368082,114611,0.004413793103448276,0.004827586206896552,0.015,178611,81927,214925.37313432834
323012,143141,0.004413793103448276,0.005241379310344827,0.006,176521,126992,205714.28571428574
343624,144651,0.004413793103448276,0.005241379310344827,0.009,170929,106381,205714.28571428574
358210,128389,0.004413793103448276,0.005241379310344827,0.012,173444,91796,205714.28571428574
369374,124401,0.004413793103448276,0.005241379310344827,0.015,173169,80634,205714.28571428574
326315,148660,0.004413793103448276,0.005655172413793104,0.006,171923,123693,197260.27397260274
345849,148767,0.004413793103448276,0.005655172413793104,0.009,167176,104151,197260.27397260274
359945,145196,0.004413793103448276,0.005655172413793104,0.012,165457,90061,197260.27397260274
370714,141735,0.004413793103448276,0.005655172413793104,0.015,164746,79288,197260.27397260274
329392,166019,0.004413793103448276,0.006068965517241379,0.006,163973,120610,189473.68421052632
347988,157350,0.004413793103448276,0.006068965517241379,0.009,162166,102014,189473.68421052632
361538,163903,0.004413793103448276,0.006068965517241379,0.012,157122,88467,189473.68421052632
372133,161135,0.004413793103448276,0.006068965517241379,0.015,155856,77876,189473.68421052632
332348,172170,0.004413793103448276,0.006482758620689655,0.006,159469,117657,182278.48101265822
350241,172764,0.004413793103448276,0.006482758620689655,0.009,154925,99768,182278.48101265822
363230,169649,0.004413793103448276,0.006482758620689655,0.012,153267,86770,182278.48101265822
373386,164463,0.004413793103448276,0.006482758620689655,0.015,153133,76622,182278.48101265822
335200,192025,0.004413793103448276,0.006896551724137931,0.006,151422,114808,175609.75609756098
352131,176865,0.004413793103448276,0.006896551724137931,0.009,151461,97875,175609.75609756098
364721,184703,0.004413793103448276,0.006896551724137931,0.012,146288,85287,175609.75609756098
374579,169361,0.004413793103448276,0.006896551724137931,0.015,149818,75430,175609.75609756098
338029,205677,0.004413793103448276,0.007310344827586207,0.006,145540,111977,169411.76470588235
354056,197379,0.004413793103448276,0.007310344827586207,0.009,143076,95947,169411.76470588235
366301,188698,0.004413793103448276,0.007310344827586207,0.012,143157,83708,169411.76470588235
375758,193411,0.004413793103448276,0.007310344827586207,0.015,139583,74251,169411.76470588235
340403,219952,0.004413793103448276,0.007724137931034483,0.006,139250,109604,163636.36363636365
356023,200677,0.004413793103448276,0.007724137931034483,0.009,140147,93977,163636.36363636365
367617,197584,0.004413793103448276,0.007724137931034483,0.012,138587,82390,163636.36363636365
376848,193169,0.004413793103448276,0.007724137931034483,0.015,138432,73152,163636.36363636365
342843,211628,0.004413793103448276,0.008137931034482758,0.006,139165,107162,158241.75824175822
357928,212120,0.004413793103448276,0.008137931034482758,0.009,135059,92076,158241.75824175822
369187,208984,0.004413793103448276,0.008137931034482758,0.012,133310,80822,158241.75824175822
377872,204461,0.004413793103448276,0.008137931034482758,0.015,133090,72135,158241.75824175822
345173,230444,0.004413793103448276,0.008551724137931035,0.006,132077,104832,153191.48936170214
359657,214660,0.004413793103448276,0.008551724137931035,0.009,132285,90347,153191.48936170214
370368,221956,0.004413793103448276,0.008551724137931035,0.012,127535,79637,153191.48936170214
378934,220822,0.004413793103448276,0.008551724137931035,0.015,126081,71073,153191.48936170214
347490,215877,0.004413793103448276,0.00896551724137931,0.006,133446,102510,148453.6082474227
361215,214082,0.004413793103448276,0.00896551724137931,0.009,130810,88785,148453.6082474227
371663,225650,0.004413793103448276,0.00896551724137931,0.012,125079,78344,148453.6082474227
380049,218024,0.004413793103448276,0.00896551724137931,0.015,125755,69960,148453.6082474227
349572,243453,0.004413793103448276,0.009379310344827585,0.006,125155,100433,144000.0
362835,217949,0.004413793103448276,0.009379310344827585,0.009,128107,87174,144000.0
372942,234491,0.004413793103448276,0.009379310344827585,0.012,120844,77065,144000.0
381038,236052,0.004413793103448276,0.009379310344827585,0.015,118479,68971,144000.0
351564,250741,0.004413793103448276,0.009793103448275862,0.006,121421,98441,139805.82524271842
364352,241173,0.004413793103448276,0.009793103448275862,0.009,120055,85656,139805.82524271842
374131,245063,0.004413793103448276,0.009793103448275862,0.012,116109,75877,139805.82524271842
381927,238775,0.004413793103448276,0.009793103448275862,0.015,116340,68079,139805.82524271842
353632,266882,0.004413793103448276,0.010206896551724139,0.006,115768,96376,135849.05660377358
365993,238656,0.004413793103448276,0.010206896551724139,0.009,119124,84014,135849.05660377358
375314,241096,0.004413793103448276,0.010206896551724139,0.012,116158,74694,135849.05660377358
382856,248554,0.004413793103448276,0.010206896551724139,0.015,112118,67152,135849.05660377358
355501,261858,0.004413793103448276,0.010620689655172414,0.006,114973,94505,132110.09174311926
367285,254407,0.004413793103448276,0.010620689655172414,0.009,113431,82723,132110.09174311926
376485,250976,0.004413793103448276,0.010620689655172414,0.012,111987,73521,132110.09174311926
383824,237989,0.004413793103448276,0.010620689655172414,0.015,114569,66182,132110.09174311926
357408,265496,0.004413793103448276,0.011034482758620689,0.006,112508,92601,128571.42857142858
368843,257497,0.004413793103448276,0.011034482758620689,0.009,110928,81163,128571.42857142858
377577,262440,0.004413793103448276,0.011034482758620689,0.012,107271,72431,128571.42857142858
384688,254706,0.004413793103448276,0.011034482758620689,0.015,108067,65319,128571.42857142858
359079,272000,0.004413793103448276,0.011448275862068966,0.006,109501,90926,125217.39130434781
370048,256735,0.004413793103448276,0.011448275862068966,0.009,110042,79960,125217.39130434781
378794,262348,0.004413793103448276,0.011448275862068966,0.012,106116,71215,125217.39130434781
385586,261436,0.004413793103448276,0.011448275862068966,0.015,104946,64422,125217.39130434781
360747,283467,0.004413793103448276,0.01186206896551724,0.006,105435,89258,122033.89830508473
371329,261992,0.004413793103448276,0.01186206896551724,0.009,107111,78674,122033.89830508473
379671,267066,0.004413793103448276,0.01186206896551724,0.012,103759,70336,122033.89830508473
386432,258449,0.004413793103448276,0.01186206896551724,0.015,104948,63573,122033.89830508473
362460,261979,0.004413793103448276,0.012275862068965518,0.006,108392,87549,119008.26446280991
372777,273931,0.004413793103448276,0.012275862068965518,0.009,102960,77231,119008.26446280991
380723,278910,0.004413793103448276,0.012275862068965518,0.012,99235,69283,119008.26446280991
387262,269964,0.004413793103448276,0.012275862068965518,0.015,100297,62740,119008.26446280991
364074,279416,0.004413793103448276,0.012689655172413793,0.006,103389,85927,116129.03225806453
373947,274717,0.004413793103448276,0.012689655172413793,0.009,101454,76062,116129.03225806453
381807,277305,0.004413793103448276,0.012689655172413793,0.012,98703,68195,116129.03225806453
388145,271317,0.004413793103448276,0.012689655172413793,0.015,98845,61855,116129.03225806453
365453,288604,0.004413793103448276,0.01310344827586207,0.006,100175,84554,113385.82677165353
375140,287288,0.004413793103448276,0.01310344827586207,0.009,97016,74869,113385.82677165353
382653,278364,0.004413793103448276,0.01310344827586207,0.012,97413,67355,113385.82677165353
388886,280689,0.004413793103448276,0.01310344827586207,0.015,95024,61121,113385.82677165353
367008,286699,0.004413793103448276,0.013517241379310345,0.006,98951,83001,110769.23076923078
376242,277964,0.004413793103448276,0.013517241379310345,0.009,98304,73767,110769.23076923078
383722,286616,0.004413793103448276,0.013517241379310345,0.012,93931,66284,110769.23076923078
389655,283186,0.004413793103448276,0.013517241379310345,0.015,93524,60354,110769.23076923078
368316,296031,0.004413793103448276,0.01393103448275862,0.006,95790,81691,108270.67669172933
377292,283378,0.004413793103448276,0.01393103448275862,0.009,95761,72711,108270.67669172933
384521,293550,0.004413793103448276,0.01393103448275862,0.012,91080,65488,108270.67669172933
390335,296731,0.004413793103448276,0.01393103448275862,0.015,88499,59672,108270.67669172933
369864,297690,0.004413793103448276,0.014344827586206896,0.006,94237,80145,105882.35294117646
378374,297520,0.004413793103448276,0.014344827586206896,0.009,91300,71634,105882.35294117646
385409,300306,0.004413793103448276,0.014344827586206896,0.012,88352,64591,105882.35294117646
391107,286796,0.004413793103448276,0.014344827586206896,0.015,90868,58900,105882.35294117646
371016,288645,0.004413793103448276,0.014758620689655172,0.006,94614,78991,103597.12230215827
379453,304558,0.004413793103448276,0.014758620689655172,0.009,88456,70555,103597.12230215827
386364,297527,0.004413793103448276,0.014758620689655172,0.012,88316,63642,103597.12230215827
391883,289010,0.004413793103448276,0.014758620689655172,0.015,89380,58117,103597.12230215827
372308,285676,0.004413793103448276,0.015172413793103448,0.006,93847,77700,101408.45070422534
380604,296518,0.004413793103448276,0.015172413793103448,0.009,89433,69402,101408.45070422534
387049,299150,0.004413793103448276,0.015172413793103448,0.012,86935,62959,101408.45070422534
392530,296616,0.004413793103448276,0.015172413793103448,0.015,86321,57478,101408.45070422534
373518,298777,0.004413793103448276,0.015586206896551724,0.006,90502,76489,99310.3448275862
381472,302057,0.004413793103448276,0.015586206896551724,0.009,87186,68535,99310.3448275862
387900,300778,0.004413793103448276,0.015586206896551724,0.012,85770,62108,99310.3448275862
393160,299595,0.004413793103448276,0.015586206896551724,0.015,84630,56848,99310.3448275862
374741,308253,0.004413793103448276,0.016,0.006,87351,75264,97297.2972972973
382447,311252,0.004413793103448276,0.016,0.009,84241,67562,97297.2972972973
388761,304776,0.004413793103448276,0.016,0.012,83877,61248,97297.2972972973
393879,305633,0.004413793103448276,0.016,0.015,82256,56130,97297.2972972973
303366,74903,0.004827586206896552,0.004,0.006,212188,146638,246093.75
328077,81375,0.004827586206896552,0.004,0.009,204543,121925,246093.75
345702,81875,0.004827586206896552,0.004,0.012,200634,104298,246093.75
358768,76157,0.004827586206896552,0.004,0.015,200254,91240,246093.75
307309,102852,0.004827586206896552,0.004413793103448276,0.006,200279,142695,235074.62686567166
330941,91869,0.004827586206896552,0.004413793103448276,0.009,197923,119068,235074.62686567166
347794,91516,0.004827586206896552,0.004413793103448276,0.012,194601,102209,235074.62686567166
360274,88976,0.004827586206896552,0.004413793103448276,0.015,193220,89730,235074.62686567166
311121,116321,0.004827586206896552,0.004827586206896552,0.006,192713,138881,225000.0
333470,107957,0.004827586206896552,0.004827586206896552,0.009,189744,116538,225000.0
349760,99682,0.004827586206896552,0.004827586206896552,0.012,189272,100246,225000.0
361872,102468,0.004827586206896552,0.004827586206896552,0.015,186044,88137,225000.0
314666,133448,0.004827586206896552,0.005241379310344827,0.006,184233,135341,215753.42465753423
336028,111518,0.004827586206896552,0.005241379310344827,0.009,185750,113980,215753.42465753423
351638,105850,0.004827586206896552,0.005241379310344827,0.012,184852,98370,215753.42465753423
363284,117257,0.004827586206896552,0.005241379310344827,0.015,178560,86722,215753.42465753423
318125,137251,0.004827586206896552,0.005655172413793104,0.006,179962,131883,207236.84210526312
338584,134985,0.004827586206896552,0.005655172413793104,0.009,175580,111421,207236.84210526312
353250,133394,0.004827586206896552,0.005655172413793104,0.012,173004,96754,207236.84210526312
364637,124141,0.004827586206896552,0.005655172413793104,0.015,174200,85370,207236.84210526312
321305,168813,0.004827586206896552,0.006068965517241379,0.006,168593,128702,199367.08860759495
340851,146421,0.004827586206896552,0.006068965517241379,0.009,169602,109158,199367.08860759495
354999,139834,0.004827586206896552,0.006068965517241379,0.012,168716,95004,199367.08860759495
366047,141369,0.004827586206896552,0.006068965517241379,0.015,166130,83956,199367.08860759495
324404,173119,0.004827586206896552,0.006482758620689655,0.006,164387,125603,192073.1707317073
343123,158923,0.004827586206896552,0.006482758620689655,0.009,163400,106883,192073.1707317073
356857,145921,0.004827586206896552,0.006482758620689655,0.012,164761,93152,192073.1707317073
367371,144772,0.004827586206896552,0.006482758620689655,0.015,163260,82635,192073.1707317073
327431,173392,0.004827586206896552,0.006896551724137931,0.006,161309,122578,185294.1176470588
345091,177000,0.004827586206896552,0.006896551724137931,0.009,155540,104916,185294.1176470588
358314,173138,0.004827586206896552,0.006896551724137931,0.012,153604,91694,185294.1176470588
368652,165222,0.004827586206896552,0.006896551724137931,0.015,154251,81351,185294.1176470588
330132,179573,0.004827586206896552,0.007310344827586207,0.006,157177,119873,178977.2727272727
347148,186119,0.004827586206896552,0.007310344827586207,0.009,150655,102859,178977.2727272727
359957,178955,0.004827586206896552,0.007310344827586207,0.012,149926,90051,178977.2727272727
369845,169153,0.004827586206896552,0.007310344827586207,0.015,151410,80163,178977.2727272727
332786,202634,0.004827586206896552,0.007724137931034483,0.006,148940,117221,173076.9230769231
349078,187113,0.004827586206896552,0.007724137931034483,0.009,148298,100924,173076.9230769231
361418,172634,0.004827586206896552,0.007724137931034483,0.012,150419,88589,173076.9230769231
371105,180769,0.004827586206896552,0.007724137931034483,0.015,145724,78901,173076.9230769231
335360,201590,0.004827586206896552,0.008137931034482758,0.006,146817,114647,167553.1914893617
351027,193947,0.004827586206896552,0.008137931034482758,0.009,144401,98979,167553.1914893617
363066,196905,0.004827586206896552,0.008137931034482758,0.012,140735,86940,167553.1914893617
372392,186643,0.004827586206896552,0.008137931034482758,0.015,142258,77614,167553.1914893617
337809,208242,0.004827586206896552,0.008551724137931035,0.006,142685,112196,162371.13402061857
352862,214711,0.004827586206896552,0.008551724137931035,0.009,136537,97144,162371.13402061857
364342,207614,0.004827586206896552,0.008551724137931035,0.012,135845,85664,162371.13402061857
373529,206586,0.004827586206896552,0.008551724137931035,0.015,134131,76480,162371.13402061857
340303,213819,0.004827586206896552,0.00896551724137931,0.006,139021,109699,157500.0
354608,223810,0.004827586206896552,0.00896551724137931,0.009,132327,95399,157500.0
365709,202855,0.004827586206896552,0.00896551724137931,0.012,135885,84299,157500.0
374501,213845,0.004827586206896552,0.00896551724137931,0.015,130398,75508,157500.0
342408,219261,0.004827586206896552,0.009379310344827585,0.006,135592,107597,152912.62135922333
356293,224324,0.004827586206896552,0.009379310344827585,0.009,130474,93714,152912.62135922333
367034,214451,0.004827586206896552,0.009379310344827585,0.012,130721,82971,152912.62135922333
375618,213072,0.004827586206896552,0.009379310344827585,0.015,129412,74391,152912.62135922333
344510,224437,0.004827586206896552,0.009793103448275862,0.006,132207,105494,148584.90566037735
357957,232489,0.004827586206896552,0.009793103448275862,0.009,126587,92051,148584.90566037735
368322,220987,0.004827586206896552,0.009793103448275862,0.012,127265,81683,148584.90566037735
376559,219809,0.004827586206896552,0.009793103448275862,0.015,125906,73449,148584.90566037735
346788,242994,0.004827586206896552,0.010206896551724139,0.006,126157,103214,144495.4128440367
359633,228178,0.004827586206896552,0.010206896551724139,0.009,126076,90374,144495.4128440367
369605,237380,0.004827586206896552,0.010206896551724139,0.012,120853,80404,144495.4128440367
377735,232041,0.004827586206896552,0.010206896551724139,0.015,120702,72268,144495.4128440367
348753,241675,0.004827586206896552,0.010620689655172414,0.006,124772,101256,140625.00000000003
361184,233488,0.004827586206896552,0.010620689655172414,0.009,123103,88819,140625.00000000003
370937,228466,0.004827586206896552,0.010620689655172414,0.012,122394,79069,140625.00000000003
378550,235492,0.004827586206896552,0.010620689655172414,0.015,118389,71459,140625.00000000003
350719,261784,0.004827586206896552,0.011034482758620689,0.006,118300,99284,136956.52173913043
362562,246058,0.004827586206896552,0.011034482758620689,0.009,118096,87444,136956.52173913043
372089,245296,0.004827586206896552,0.011034482758620689,0.012,115850,77913,136956.52173913043
379535,237395,0.004827586206896552,0.011034482758620689,0.015,116831,70468,136956.52173913043
352443,266902,0.004827586206896552,0.011448275862068966,0.006,115479,97557,133474.57627118647
363981,255535,0.004827586206896552,0.011448275862068966,0.009,114304,86027,133474.57627118647
373107,251264,0.004827586206896552,0.011448275862068966,0.012,112939,76901,133474.57627118647
380475,251618,0.004827586206896552,0.011448275862068966,0.015,111043,69533,133474.57627118647
354128,246207,0.004827586206896552,0.01186206896551724,0.006,118388,95877,130165.28925619833
365323,264986,0.004827586206896552,0.01186206896551724,0.009,110489,84682,130165.28925619833
374348,264802,0.004827586206896552,0.01186206896551724,0.012,107888,75661,130165.28925619833
381411,251151,0.004827586206896552,0.01186206896551724,0.015,110346,68596,130165.28925619833
355906,280076,0.004827586206896552,0.012275862068965518,0.006,109485,94100,127016.12903225805
366738,270388,0.004827586206896552,0.012275862068965518,0.009,107712,83262,127016.12903225805
375400,261511,0.004827586206896552,0.012275862068965518,0.012,107802,74602,127016.12903225805
382319,258878,0.004827586206896552,0.012275862068965518,0.015,106825,67690,127016.12903225805
357595,256499,0.004827586206896552,0.012689655172413793,0.006,112882,92414,124015.74803149607
368024,267193,0.004827586206896552,0.012689655172413793,0.009,107370,81978,124015.74803149607
376349,268730,0.004827586206896552,0.012689655172413793,0.012,104594,73659,124015.74803149607
383234,266195,0.004827586206896552,0.012689655172413793,0.015,103608,66768,124015.74803149607
359136,284207,0.004827586206896552,0.01310344827586207,0.006,105601,90867,121153.84615384616
369227,254779,0.004827586206896552,0.01310344827586207,0.009,109162,80781,121153.84615384616
377367,274475,0.004827586206896552,0.01310344827586207,0.012,101953,72638,121153.84615384616
383961,271190,0.004827586206896552,0.01310344827586207,0.015,101080,66046,121153.84615384616
360687,279909,0.004827586206896552,0.013517241379310345,0.006,105283,89320,118421.05263157896
370551,282642,0.004827586206896552,0.013517241379310345,0.009,101045,79458,118421.05263157896
378348,285462,0.004827586206896552,0.013517241379310345,0.012,97828,71660,118421.05263157896
384855,267965,0.004827586206896552,0.013517241379310345,0.015,101258,65154,118421.05263157896
362138,280470,0.004827586206896552,0.01393103448275862,0.006,103556,87869,115808.82352941178
371689,275578,0.004827586206896552,0.01393103448275862,0.009,101756,78317,115808.82352941178
379310,256146,0.004827586206896552,0.01393103448275862,0.012,105184,70695,115808.82352941178
385559,277482,0.004827586206896552,0.01393103448275862,0.015,97419,64444,115808.82352941178
363781,291986,0.004827586206896552,0.014344827586206896,0.006,99894,86225,113309.35251798562
372943,268482,0.004827586206896552,0.014344827586206896,0.009,102143,77066,113309.35251798562
380325,285627,0.004827586206896552,0.014344827586206896,0.012,95760,69684,113309.35251798562
386425,274374,0.004827586206896552,0.014344827586206896,0.015,97625,63584,113309.35251798562
365047,294037,0.004827586206896552,0.014758620689655172,0.006,98464,84961,110915.49295774648
374010,289168,0.004827586206896552,0.014758620689655172,0.009,96269,75999,110915.49295774648
381292,275534,0.004827586206896552,0.014758620689655172,0.012,97824,68717,110915.49295774648
387101,286398,0.004827586206896552,0.014758620689655172,0.015,93219,62902,110915.49295774648
366369,284707,0.004827586206896552,0.015172413793103448,0.006,98955,83636,108620.6896551724
375045,290423,0.004827586206896552,0.015172413793103448,0.009,94789,74961,108620.6896551724
382010,296129,0.004827586206896552,0.015172413793103448,0.012,91286,67998,108620.6896551724
388006,284546,0.004827586206896552,0.015172413793103448,0.015,92912,62000,108620.6896551724
367680,294276,0.004827586206896552,0.015586206896551724,0.006,95881,82325,106418.91891891892
376064,293452,0.004827586206896552,0.015586206896551724,0.009,93095,73939,106418.91891891892
382946,278688,0.004827586206896552,0.015586206896551724,0.012,95140,67061,106418.91891891892
388602,296124,0.004827586206896552,0.015586206896551724,0.015,88657,61406,106418.91891891892
369046,288752,0.004827586206896552,0.016,0.006,95682,80963,104304.6357615894
377086,288543,0.004827586206896552,0.016,0.009,93341,72921,104304.6357615894
383811,300764,0.004827586206896552,0.016,0.012,88387,66198,104304.6357615894
389379,293849,0.004827586206896552,0.016,0.015,88697,60630,104304.6357615894
295127,74967,0.005241379310344827,0.004,0.006,216844,154877,255223.8805970149
320591,61765,0.005241379310344827,0.004,0.009,214708,129411,255223.8805970149
339036,62761,0.005241379310344827,0.004,0.012,210560,110970,255223.8805970149
352589,55804,0.005241379310344827,0.004,0.015,210616,97414,255223.8805970149
299212,90987,0.005241379310344827,0.004413793103448276,0.006,208233,150792,244285.7142857143
323618,72060,0.005241379310344827,0.004413793103448276,0.009,208188,126383,244285.7142857143
341108,76279,0.005241379310344827,0.004413793103448276,0.012,203158,108901,244285.7142857143
354317,75993,0.005241379310344827,0.004413793103448276,0.015,200780,95692,244285.7142857143
303096,111485,0.005241379310344827,0.004827586206896552,0.006,198615,146909,234246.57534246575
326369,95471,0.005241379310344827,0.004827586206896552,0.009,197602,123634,234246.57534246575
343190,88389,0.005241379310344827,0.004827586206896552,0.012,196334,106813,234246.57534246575
355853,86138,0.005241379310344827,0.004827586206896552,0.015,194849,94154,234246.57534246575
306942,107889,0.005241379310344827,0.005241379310344827,0.006,196170,143064,225000.0
328847,108080,0.005241379310344827,0.005241379310344827,0.009,190653,121156,225000.0
345137,108342,0.005241379310344827,0.005241379310344827,0.012,187041,104864,225000.0
357339,101075,0.005241379310344827,0.005241379310344827,0.015,187400,92664,225000.0
310299,138407,0.005241379310344827,0.005655172413793104,0.006,184531,139707,216455.69620253163
331366,116593,0.005241379310344827,0.005655172413793104,0.009,185340,118639,216455.69620253163
346895,109700,0.005241379310344827,0.005655172413793104,0.012,184517,103113,216455.69620253163
358935,110583,0.005241379310344827,0.005655172413793104,0.015,181951,91065,216455.69620253163
313740,135009,0.005241379310344827,0.006068965517241379,0.006,182112,136265,208536.58536585365
333849,126488,0.005241379310344827,0.006068965517241379,0.009,179717,116151,208536.58536585365
348696,137005,0.005241379310344827,0.006068965517241379,0.012,173048,101308,208536.58536585365
360386,126179,0.005241379310344827,0.006068965517241379,0.015,174512,89614,208536.58536585365
316823,147599,0.005241379310344827,0.006482758620689655,0.006,175689,133182,201176.4705882353
336106,145528,0.005241379310344827,0.006482758620689655,0.009,171491,113901,201176.4705882353
350486,140978,0.005241379310344827,0.006482758620689655,0.012,169658,99521,201176.4705882353
361647,147032,0.005241379310344827,0.006482758620689655,0.015,165279,88360,201176.4705882353
319888,144701,0.005241379310344827,0.006896551724137931,0.006,173376,130115,194318.18181818182
338334,154850,0.005241379310344827,0.006896551724137931,0.009,166243,111671,194318.18181818182
352280,159097,0.005241379310344827,0.006896551724137931,0.012,161630,97729,194318.18181818182
363129,149761,0.005241379310344827,0.006896551724137931,0.015,162706,86872,194318.18181818182
322792,173606,0.005241379310344827,0.007310344827586207,0.006,163384,127215,187912.08791208788
340463,169676,0.005241379310344827,0.007310344827586207,0.009,159730,109544,187912.08791208788
353842,168797,0.005241379310344827,0.007310344827586207,0.012,156715,96165,187912.08791208788
364300,147461,0.005241379310344827,0.007310344827586207,0.015,161882,85707,187912.08791208788
325553,184698,0.005241379310344827,0.007724137931034483,0.006,157970,124454,181914.89361702127
342572,180097,0.005241379310344827,0.007724137931034483,0.009,154368,107436,181914.89361702127
355605,172279,0.005241379310344827,0.007724137931034483,0.012,153727,94401,181914.89361702127
365590,170050,0.005241379310344827,0.007724137931034483,0.015,152413,84417,181914.89361702127
328212,200126,0.005241379310344827,0.008137931034482758,0.006,151950,121793,176288.6597938144
344522,192901,0.005241379310344827,0.008137931034482758,0.009,148819,105483,176288.6597938144
357037,180038,0.005241379310344827,0.008137931034482758,0.012,149633,92972,176288.6597938144
366826,171669,0.005241379310344827,0.008137931034482758,0.015,150462,83176,176288.6597938144
330914,210872,0.005241379310344827,0.008551724137931035,0.006,147106,119091,171000.0
346480,180357,0.005241379310344827,0.008551724137931035,0.009,150352,103528,171000.0
358486,186604,0.005241379310344827,0.008551724137931035,0.012,145864,91521,171000.0
368044,191288,0.005241379310344827,0.008551724137931035,0.015,142333,81956,171000.0
333184,209288,0.005241379310344827,0.00896551724137931,0.006,145076,116821,166019.41747572817
348441,208678,0.005241379310344827,0.00896551724137931,0.009,140604,101565,166019.41747572817
359915,197998,0.005241379310344827,0.00896551724137931,0.012,140620,90090,166019.41747572817
369219,195407,0.005241379310344827,0.00896551724137931,0.015,139652,80790,166019.41747572817
335500,206267,0.005241379310344827,0.009379310344827585,0.006,143556,114507,161320.75471698112
350045,199361,0.005241379310344827,0.009379310344827585,0.009,141438,99962,161320.75471698112
361341,205517,0.005241379310344827,0.009379310344827585,0.012,136953,88665,161320.75471698112
370322,198606,0.005241379310344827,0.009379310344827585,0.015,137150,79686,161320.75471698112
337910,209124,0.005241379310344827,0.009793103448275862,0.006,140722,112090,156880.73394495412
351781,215141,0.005241379310344827,0.009793103448275862,0.009,135335,98225,156880.73394495412
362699,215558,0.005241379310344827,0.009793103448275862,0.012,132215,87306,156880.73394495412
371415,208931,0.005241379310344827,0.009793103448275862,0.015,132559,78590,156880.73394495412
340114,206941,0.005241379310344827,0.010206896551724139,0.006,139042,109890,152678.57142857142
353605,218567,0.005241379310344827,0.010206896551724139,0.009,132538,96401,152678.57142857142
364070,223811,0.005241379310344827,0.010206896551724139,0.012,128452,85939,152678.57142857142
372494,216732,0.005241379310344827,0.010206896551724139,0.015,128697,77512,152678.57142857142
342153,238829,0.005241379310344827,0.010620689655172414,0.006,129888,107856,148695.65217391308
355032,217871,0.005241379310344827,0.010620689655172414,0.009,131210,94975,148695.65217391308
365335,222792,0.005241379310344827,0.010620689655172414,0.012,127419,84674,148695.65217391308
373514,229973,0.005241379310344827,0.010620689655172414,0.015,123211,76491,148695.65217391308
344042,243947,0.005241379310344827,0.011034482758620689,0.006,127182,105964,144915.25423728817
356624,248175,0.005241379310344827,0.011034482758620689,0.009,121678,93379,144915.25423728817
366548,232209,0.005241379310344827,0.011034482758620689,0.012,123250,83453,144915.25423728817
374547,227720,0.005241379310344827,0.011034482758620689,0.015,122866,75461,144915.25423728817
345951,239694,0.005241379310344827,0.011448275862068966,0.006,126175,104056,141322.31404958677
358151,251921,0.005241379310344827,0.011448275862068966,0.009,119366,91849,141322.31404958677
367723,241470,0.005241379310344827,0.011448275862068966,0.012,119226,82282,141322.31404958677
375600,234717,0.005241379310344827,0.011448275862068966,0.015,119526,74409,141322.31404958677
347842,237263,0.005241379310344827,0.01186206896551724,0.006,124989,102163,137903.22580645158
359721,251542,0.005241379310344827,0.01186206896551724,0.009,117910,90285,137903.22580645158
368864,237900,0.005241379310344827,0.01186206896551724,0.012,119177,81144,137903.22580645158
376474,234039,0.005241379310344827,0.01186206896551724,0.015,118631,73529,137903.22580645158
349710,261237,0.005241379310344827,0.012275862068965518,0.006,118032,100299,134645.6692913386
361134,261810,0.005241379310344827,0.012275862068965518,0.009,113906,88872,134645.6692913386
370006,246770,0.005241379310344827,0.012275862068965518,0.012,115451,80002,134645.6692913386
377404,246725,0.005241379310344827,0.012275862068965518,0.015,113701,72603,134645.6692913386
351349,271561,0.005241379310344827,0.012689655172413793,0.006,114646,98654,131538.46153846156
362397,254292,0.005241379310344827,0.012689655172413793,0.009,114408,87603,131538.46153846156
371219,251280,0.005241379310344827,0.012689655172413793,0.012,112979,78781,131538.46153846156
378366,251970,0.005241379310344827,0.012689655172413793,0.015,111091,71643,131538.46153846156
353033,265393,0.005241379310344827,0.01310344827586207,0.006,114190,96972,128571.42857142857
363660,273575,0.005241379310344827,0.01310344827586207,0.009,108326,86347,128571.42857142857
372343,249702,0.005241379310344827,0.01310344827586207,0.012,112349,77664,128571.42857142857
379332,266603,0.005241379310344827,0.01310344827586207,0.015,105499,70674,128571.42857142857
354623,263306,0.005241379310344827,0.013517241379310345,0.006,113130,95382,125735.29411764705
365029,281302,0.005241379310344827,0.013517241379310345,0.009,105235,84980,125735.29411764705
373307,253189,0.005241379310344827,0.013517241379310345,0.012,110276,76693,125735.29411764705
380076,256604,0.005241379310344827,0.013517241379310345,0.015,107741,69931,125735.29411764705
356353,277744,0.005241379310344827,0.01393103448275862,0.006,108845,93656,123021.58273381295
366208,256894,0.005241379310344827,0.01393103448275862,0.009,110092,83797,123021.58273381295
374245,273595,0.005241379310344827,0.01393103448275862,0.012,103595,75760,123021.58273381295
381018,260321,0.005241379310344827,0.01393103448275862,0.015,105627,68991,123021.58273381295
357741,282042,0.005241379310344827,0.014344827586206896,0.006,106603,92266,120422.5352112676
367445,279750,0.005241379310344827,0.014344827586206896,0.009,103326,82556,120422.5352112676
375253,272449,0.005241379310344827,0.014344827586206896,0.012,102920,74754,120422.5352112676
381775,270216,0.005241379310344827,0.014344827586206896,0.015,101841,68234,120422.5352112676
359227,284497,0.005241379310344827,0.014758620689655172,0.006,104737,90779,117931.03448275861
368666,278078,0.005241379310344827,0.014758620689655172,0.009,102563,81343,117931.03448275861
376236,278305,0.005241379310344827,0.014758620689655172,0.012,100363,73769,117931.03448275861
382680,277247,0.005241379310344827,0.014758620689655172,0.015,98907,67326,117931.03448275861
360649,290429,0.005241379310344827,0.015172413793103448,0.006,102260,89357,115540.54054054052
369791,298892,0.005241379310344827,0.015172413793103448,0.009,96698,80218,115540.54054054052
377214,284386,0.005241379310344827,0.015172413793103448,0.012,97601,72795,115540.54054054052
383469,279374,0.005241379310344827,0.015172413793103448,0.015,97288,66538,115540.54054054052
362011,282328,0.005241379310344827,0.015586206896551724,0.006,102401,87994,113245.03311258278
370879,284858,0.005241379310344827,0.015586206896551724,0.009,98986,79127,113245.03311258278
378063,280919,0.005241379310344827,0.015586206896551724,0.012,97820,71945,113245.03311258278
384108,280896,0.005241379310344827,0.015586206896551724,0.015,96129,65900,113245.03311258278
363337,295549,0.005241379310344827,0.016,0.006,98726,86670,111038.96103896102
371941,281080,0.005241379310344827,0.016,0.009,98804,78064,111038.96103896102
378995,286071,0.005241379310344827,0.016,0.012,95404,71013,111038.96103896102
384880,286328,0.005241379310344827,0.016,0.015,93798,65128,111038.96103896102
287375,69035,0.005655172413793104,0.004,0.006,223032,162628,263571.4285714285
313653,50896,0.005655172413793104,0.004,0.009,221781,136350,263571.4285714285
332403,51745,0.005655172413793104,0.004,0.012,217447,117602,263571.4285714285
346718,54934,0.005655172413793104,0.004,0.015,213359,103288,263571.4285714285
291514,76586,0.005655172413793104,0.004413793103448276,0.006,216700,158490,252739.7260273973
316611,64378,0.005655172413793104,0.004413793103448276,0.009,214205,133395,252739.7260273973
334604,64526,0.005655172413793104,0.004413793103448276,0.012,210290,115402,252739.7260273973
348496,66481,0.005655172413793104,0.004413793103448276,0.015,206835,101504,252739.7260273973
295496,78300,0.005655172413793104,0.004827586206896552,0.006,212382,154509,242763.15789473685
319435,76952,0.005655172413793104,0.004827586206896552,0.009,207132,130567,242763.15789473685
336824,81289,0.005655172413793104,0.004827586206896552,0.012,201898,113185,242763.15789473685
350142,75098,0.005655172413793104,0.004827586206896552,0.015,201592,99867,242763.15789473685
299420,108319,0.005655172413793104,0.005241379310344827,0.006,200626,150580,233544.30379746837
321969,97104,0.005655172413793104,0.005241379310344827,0.009,197744,128037,233544.30379746837
338917,94117,0.005655172413793104,0.005241379310344827,0.012,195055,111091,233544.30379746837
351660,94695,0.005655172413793104,0.005241379310344827,0.015,192268,98347,233544.30379746837
302919,114884,0.005655172413793104,0.005655172413793104,0.006,195206,147088,225000.0
324705,104453,0.005655172413793104,0.005655172413793104,0.009,192790,125304,225000.0
340727,96302,0.005655172413793104,0.005655172413793104,0.012,192180,109277,225000.0
353203,112517,0.005655172413793104,0.005655172413793104,0.015,183918,96802,225000.0
306315,144954,0.005655172413793104,0.006068965517241379,0.006,184354,143690,217058.82352941178
327176,116997,0.005655172413793104,0.006068965517241379,0.009,186252,122824,217058.82352941178
342612,114898,0.005655172413793104,0.006068965517241379,0.012,183687,107394,217058.82352941178
354725,107623,0.005655172413793104,0.006068965517241379,0.015,183881,95283,217058.82352941178
309601,143979,0.005655172413793104,0.006482758620689655,0.006,181402,140401,209659.0909090909
329563,146689,0.005655172413793104,0.006482758620689655,0.009,174770,120437,209659.0909090909
344505,126481,0.005655172413793104,0.006482758620689655,0.012,177650,105501,209659.0909090909
356299,133967,0.005655172413793104,0.006482758620689655,0.015,172601,93707,209659.0909090909
312725,154926,0.005655172413793104,0.006896551724137931,0.006,175550,137280,202747.25274725276
331843,139889,0.005655172413793104,0.006896551724137931,0.009,174503,118160,202747.25274725276
346397,143206,0.005655172413793104,0.006896551724137931,0.012,170254,103604,202747.25274725276
357579,134256,0.005655172413793104,0.006896551724137931,0.015,170976,92429,202747.25274725276
315720,166605,0.005655172413793104,0.007310344827586207,0.006,169884,134284,196276.59574468085
334212,159975,0.005655172413793104,0.007310344827586207,0.009,166217,115791,196276.59574468085
347993,144688,0.005655172413793104,0.007310344827586207,0.012,167841,102014,196276.59574468085
359037,147440,0.005655172413793104,0.007310344827586207,0.015,164602,90964,196276.59574468085
318616,185170,0.005655172413793104,0.007724137931034483,0.006,162639,131391,190206.1855670103
336273,161705,0.005655172413793104,0.007724137931034483,0.009,163530,113736,190206.1855670103
349655,149895,0.005655172413793104,0.007724137931034483,0.012,164217,100352,190206.1855670103
360278,157958,0.005655172413793104,0.007724137931034483,0.015,159524,89728,190206.1855670103
321503,181186,0.005655172413793104,0.008137931034482758,0.006,161226,128500,184500.0
338278,179470,0.005655172413793104,0.008137931034482758,0.009,156514,111727,184500.0
351234,167556,0.005655172413793104,0.008137931034482758,0.012,156802,98771,184500.0
361611,168865,0.005655172413793104,0.008137931034482758,0.015,154159,88398,184500.0
324021,191104,0.005655172413793104,0.008551724137931035,0.006,156311,125987,179126.21359223302
340264,175961,0.005655172413793104,0.008551724137931035,0.009,155406,109742,179126.21359223302
352835,184543,0.005655172413793104,0.008551724137931035,0.012,149864,97173,179126.21359223302
362927,178956,0.005655172413793104,0.008551724137931035,0.015,149317,87076,179126.21359223302
326661,203566,0.005655172413793104,0.00896551724137931,0.006,150930,123345,174056.60377358494
342330,191287,0.005655172413793104,0.00896551724137931,0.009,149270,107676,174056.60377358494
354348,193027,0.005655172413793104,0.00896551724137931,0.012,145507,95658,174056.60377358494
364089,177320,0.005655172413793104,0.00896551724137931,0.015,148471,85920,174056.60377358494
328998,195618,0.005655172413793104,0.009379310344827585,0.006,150544,121011,169266.0550458716
344001,201908,0.005655172413793104,0.009379310344827585,0.009,144565,106007,169266.0550458716
355928,190389,0.005655172413793104,0.009379310344827585,0.012,144881,94075,169266.0550458716
365254,192561,0.005655172413793104,0.009379310344827585,0.015,142107,84755,169266.0550458716
331278,213637,0.005655172413793104,0.009793103448275862,0.006,144316,118729,164732.14285714284
345840,219414,0.005655172413793104,0.009793103448275862,0.009,138025,104167,164732.14285714284
357185,203739,0.005655172413793104,0.009793103448275862,0.012,139252,92822,164732.14285714284
366364,191633,0.005655172413793104,0.009793103448275862,0.015,141156,83644,164732.14285714284
333512,222846,0.005655172413793104,0.010206896551724139,0.006,140032,116493,160434.78260869565
347575,214910,0.005655172413793104,0.010206896551724139,0.009,137461,102432,160434.78260869565
358600,207344,0.005655172413793104,0.010206896551724139,0.012,136653,91405,160434.78260869565
367531,208016,0.005655172413793104,0.010206896551724139,0.015,134483,82478,160434.78260869565
335678,226692,0.005655172413793104,0.010620689655172414,0.006,137165,114327,156355.93220338985
349223,221909,0.005655172413793104,0.010620689655172414,0.009,133959,100784,156355.93220338985
360024,214488,0.005655172413793104,0.010620689655172414,0.012,133268,89976,156355.93220338985
368614,215668,0.005655172413793104,0.010620689655172414,0.015,130757,81395,156355.93220338985
337817,215212,0.005655172413793104,0.011034482758620689,0.006,137756,112191,152479.33884297524
350998,220022,0.005655172413793104,0.011034482758620689,0.009,132815,99010,152479.33884297524
361366,219183,0.005655172413793104,0.011034482758620689,0.012,130555,88642,152479.33884297524
369747,213964,0.005655172413793104,0.011034482758620689,0.015,130186,80255,152479.33884297524
339737,221880,0.005655172413793104,0.011448275862068966,0.006,134387,110269,148790.32258064515
352451,233810,0.005655172413793104,0.011448275862068966,0.009,127771,97555,148790.32258064515
362508,226257,0.005655172413793104,0.011448275862068966,0.012,127040,87497,148790.32258064515
370727,223925,0.005655172413793104,0.011448275862068966,0.015,125891,79273,148790.32258064515
341719,251325,0.005655172413793104,0.01186206896551724,0.006,126409,108286,145275.5905511811
353973,241613,0.005655172413793104,0.01186206896551724,0.009,124372,96033,145275.5905511811
363707,234043,0.005655172413793104,0.01186206896551724,0.012,123545,86300,145275.5905511811
371696,226654,0.005655172413793104,0.01186206896551724,0.015,123863,78310,145275.5905511811
343710,234039,0.005655172413793104,0.012275862068965518,0.006,128188,106299,141923.07692307694
355441,238946,0.005655172413793104,0.012275862068965518,0.009,123436,94564,141923.07692307694
364881,243628,0.005655172413793104,0.012275862068965518,0.012,119458,85127,141923.07692307694
372753,241069,0.005655172413793104,0.012275862068965518,0.015,118233,77256,141923.07692307694
345362,266554,0.005655172413793104,0.012689655172413793,0.006,119919,104645,138721.80451127823
356937,254109,0.005655172413793104,0.012689655172413793,0.009,118378,93072,138721.80451127823
366050,245238,0.005655172413793104,0.012689655172413793,0.012,118017,83954,138721.80451127823
373603,240595,0.005655172413793104,0.012689655172413793,0.015,117422,76405,138721.80451127823
347240,263395,0.005655172413793104,0.01310344827586207,0.006,119034,102769,135661.76470588235
358272,259201,0.005655172413793104,0.01310344827586207,0.009,115743,91731,135661.76470588235
367208,243092,0.005655172413793104,0.01310344827586207,0.012,117421,82801,135661.76470588235
374552,249607,0.005655172413793104,0.01310344827586207,0.015,113699,75455,135661.76470588235
348841,260670,0.005655172413793104,0.013517241379310345,0.006,117875,101164,132733.8129496403
359683,245838,0.005655172413793104,0.013517241379310345,0.009,117859,90320,132733.8129496403
368277,258442,0.005655172413793104,0.013517241379310345,0.012,111967,81731,132733.8129496403
375443,257733,0.005655172413793104,0.013517241379310345,0.015,110213,74565,132733.8129496403
350427,267359,0.005655172413793104,0.01393103448275862,0.006,115313,99576,129929.57746478874
360923,270195,0.005655172413793104,0.01393103448275862,0.009,110671,89083,129929.57746478874
369389,261292,0.005655172413793104,0.01393103448275862,0.012,110270,80617,129929.57746478874
376359,252499,0.005655172413793104,0.01393103448275862,0.015,110859,73649,129929.57746478874
352112,266569,0.005655172413793104,0.014344827586206896,0.006,113825,97888,127241.37931034484
362249,270032,0.005655172413793104,0.014344827586206896,0.009,109330,87751,127241.37931034484
370427,266959,0.005655172413793104,0.014344827586206896,0.012,107527,79578,127241.37931034484
377249,247574,0.005655172413793104,0.014344827586206896,0.015,111522,72760,127241.37931034484
353682,261358,0.005655172413793104,0.014758620689655172,0.006,113201,96318,124662.16216216217
363435,256892,0.005655172413793104,0.014758620689655172,0.009,111402,86573,124662.16216216217
371559,265902,0.005655172413793104,0.014758620689655172,0.012,106987,78446,124662.16216216217
378082,264075,0.005655172413793104,0.014758620689655172,0.015,105631,71924,124662.16216216217
355080,258358,0.005655172413793104,0.015172413793103448,0.006,112507,94923,122185.43046357617
364661,269701,0.005655172413793104,0.015172413793103448,0.009,107222,85348,122185.43046357617
372471,272476,0.005655172413793104,0.015172413793103448,0.012,104185,77529,122185.43046357617
378935,266799,0.005655172413793104,0.015172413793103448,0.015,104053,71073,122185.43046357617
356504,288249,0.005655172413793104,0.015586206896551724,0.006,105633,93503,119805.19480519481
365803,277682,0.005655172413793104,0.015586206896551724,0.009,104152,84205,119805.19480519481
373415,266072,0.005655172413793104,0.015586206896551724,0.012,104957,76594,119805.19480519481
379733,264225,0.005655172413793104,0.015586206896551724,0.015,103938,70269,119805.19480519481
357931,262295,0.005655172413793104,0.016,0.006,108960,92075,117515.92356687896
366923,287111,0.005655172413793104,0.016,0.009,100934,83084,117515.92356687896
374406,285806,0.005655172413793104,0.016,0.012,98639,75603,117515.92356687896
380512,283068,0.005655172413793104,0.016,0.015,97487,69495,117515.92356687896
279920,47032,0.006068965517241379,0.004,0.006,233191,170084,271232.87671232875
306685,43312,0.006068965517241379,0.004,0.009,227476,143318,271232.87671232875
326262,44573,0.006068965517241379,0.004,0.012,222822,123747,271232.87671232875
340984,43873,0.006068965517241379,0.004,0.015,219967,109023,271232.87671232875
284221,69497,0.006068965517241379,0.004413793103448276,0.006,222835,165780,260526.31578947365
309722,63920,0.006068965517241379,0.004413793103448276,0.009,217618,140282,260526.31578947365
328434,55936,0.006068965517241379,0.004413793103448276,0.012,216116,121573,260526.31578947365
342809,56172,0.006068965517241379,0.004413793103448276,0.015,213126,107191,260526.31578947365
288244,84078,0.006068965517241379,0.004827586206896552,0.006,215171,161761,250632.9113924051
312677,77051,0.006068965517241379,0.004827586206896552,0.009,210553,137331,250632.9113924051
330621,64464,0.006068965517241379,0.004827586206896552,0.012,210678,119386,250632.9113924051
344602,77575,0.006068965517241379,0.004827586206896552,0.015,203145,105404,250632.9113924051
292292,89680,0.006068965517241379,0.005241379310344827,0.006,209615,157713,241463.41463414635
315474,84834,0.006068965517241379,0.005241379310344827,0.009,205217,134528,241463.41463414635
332766,84799,0.006068965517241379,0.005241379310344827,0.012,201289,117238,241463.41463414635
346238,73133,0.006068965517241379,0.005241379310344827,0.015,202754,103771,241463.41463414635
295887,103567,0.006068965517241379,0.005655172413793104,0.006,202486,154121,232941.17647058822
318196,93134,0.006068965517241379,0.005655172413793104,0.009,199819,131812,232941.17647058822
334878,99956,0.006068965517241379,0.005655172413793104,0.012,193936,115125,232941.17647058822
347874,90399,0.006068965517241379,0.005655172413793104,0.015,194516,102132,232941.17647058822
299329,115623,0.006068965517241379,0.006068965517241379,0.006,196052,150676,225000.0
320722,98876,0.006068965517241379,0.006068965517241379,0.009,195378,129282,225000.0
336900,109563,0.006068965517241379,0.006068965517241379,0.012,188413,113102,225000.0
349424,107774,0.006068965517241379,0.006068965517241379,0.015,186417,100578,225000.0
302679,130449,0.006068965517241379,0.006482758620689655,0.006,189342,147325,217582.41758241755
323161,126123,0.006068965517241379,0.006482758620689655,0.009,184612,126843,217582.41758241755
338693,114687,0.006068965517241379,0.006482758620689655,0.012,184595,111310,217582.41758241755
350813,105322,0.006068965517241379,0.006482758620689655,0.015,185504,99190,217582.41758241755
306061,141175,0.006068965517241379,0.006896551724137931,0.006,183570,143945,210638.29787234042
325587,136841,0.006068965517241379,0.006896551724137931,0.009,179073,124418,210638.29787234042
340672,125942,0.006068965517241379,0.006896551724137931,0.012,178852,109331,210638.29787234042
352316,125931,0.006068965517241379,0.006896551724137931,0.015,176521,97684,210638.29787234042
309123,142316,0.006068965517241379,0.007310344827586207,0.006,180119,140883,204123.71134020618
327870,142181,0.006068965517241379,0.007310344827586207,0.009,175072,122137,204123.71134020618
342340,138029,0.006068965517241379,0.007310344827586207,0.012,173099,107668,204123.71134020618
353710,128770,0.006068965517241379,0.007310344827586207,0.015,173779,96295,204123.71134020618
311932,163030,0.006068965517241379,0.007724137931034483,0.006,172460,138072,197999.99999999994
330105,150133,0.006068965517241379,0.007724137931034483,0.009,170654,119898,197999.99999999994
344054,143855,0.006068965517241379,0.007724137931034483,0.012,169218,105951,197999.99999999994
355087,142903,0.006068965517241379,0.007724137931034483,0.015,167348,94916,197999.99999999994
314762,185484,0.006068965517241379,0.008137931034482758,0.006,164764,135243,192233.0097087379
332292,164649,0.006068965517241379,0.008137931034482758,0.009,164406,117708,192233.0097087379
345731,153396,0.006068965517241379,0.008137931034482758,0.012,164446,104274,192233.0097087379
356578,156389,0.006068965517241379,0.008137931034482758,0.015,161199,93426,192233.0097087379
317476,167813,0.006068965517241379,0.008551724137931035,0.006,166070,132528,186792.45283018865
334274,167176,0.006068965517241379,0.008551724137931035,0.009,161534,115733,186792.45283018865
347353,169514,0.006068965517241379,0.008551724137931035,0.012,157578,102653,186792.45283018865
357744,162400,0.006068965517241379,0.008551724137931035,0.015,157679,92264,186792.45283018865
320234,181198,0.006068965517241379,0.00896551724137931,0.006,160644,129770,181651.37614678897
336293,183269,0.006068965517241379,0.00896551724137931,0.009,155059,113712,181651.37614678897
348910,176209,0.006068965517241379,0.00896551724137931,0.012,153894,101093,181651.37614678897
359011,182943,0.006068965517241379,0.00896551724137931,0.015,149335,90994,181651.37614678897
322740,196181,0.006068965517241379,0.009379310344827585,0.006,154885,127266,176785.7142857143
338189,187415,0.006068965517241379,0.009379310344827585,0.009,152200,111818,176785.7142857143
350419,174991,0.006068965517241379,0.009379310344827585,0.012,152725,99588,176785.7142857143
360255,186604,0.006068965517241379,0.009379310344827585,0.015,146863,89752,176785.7142857143
325070,206684,0.006068965517241379,0.009793103448275862,0.006,150473,124939,172173.91304347824
340090,209209,0.006068965517241379,0.009793103448275862,0.009,144567,109916,172173.91304347824
351916,187977,0.006068965517241379,0.009793103448275862,0.012,147303,98091,172173.91304347824
361462,183138,0.006068965517241379,0.009793103448275862,0.015,146660,88544,172173.91304347824
327451,200305,0.006068965517241379,0.010206896551724139,0.006,149366,122551,167796.6101694915
342019,203412,0.006068965517241379,0.010206896551724139,0.009,144207,107987,167796.6101694915
353377,202529,0.006068965517241379,0.010206896551724139,0.012,141336,96626,167796.6101694915
362671,194692,0.006068965517241379,0.010206896551724139,0.015,141574,87338,167796.6101694915
329708,222964,0.006068965517241379,0.010620689655172414,0.006,142487,120296,163636.36363636362
343633,207193,0.006068965517241379,0.010620689655172414,0.009,141604,106372,163636.36363636362
354749,205301,0.006068965517241379,0.010620689655172414,0.012,139091,95259,163636.36363636362
363765,209598,0.006068965517241379,0.010620689655172414,0.015,135522,86243,163636.36363636362
331714,222713,0.006068965517241379,0.011034482758620689,0.006,140668,118293,159677.41935483873
345312,226474,0.006068965517241379,0.011034482758620689,0.009,135040,104695,159677.41935483873
356107,217542,0.006068965517241379,0.011034482758620689,0.012,134189,93899,159677.41935483873
364900,204272,0.006068965517241379,0.011034482758620689,0.015,136038,85101,159677.41935483873
333940,228496,0.006068965517241379,0.011448275862068966,0.006,137530,116066,155905.51181102358
346938,223579,0.006068965517241379,0.011448275862068966,0.009,134055,103069,155905.51181102358
357379,221819,0.006068965517241379,0.011448275862068966,0.012,131593,92627,155905.51181102358
366026,214779,0.006068965517241379,0.011448275862068966,0.015,131485,83974,155905.51181102358
335769,217105,0.006068965517241379,0.01186206896551724,0.006,137931,114235,152307.69230769228
348549,225179,0.006068965517241379,0.01186206896551724,0.009,132266,101459,152307.69230769228
358695,221759,0.006068965517241379,0.01186206896551724,0.012,130348,91308,152307.69230769228
367020,223647,0.006068965517241379,0.01186206896551724,0.015,127645,82988,152307.69230769228
337743,237536,0.006068965517241379,0.012275862068965518,0.006,131934,112262,148872.18045112782
350196,216466,0.006068965517241379,0.012275862068965518,0.009,132921,99810,148872.18045112782
360063,235027,0.006068965517241379,0.012275862068965518,0.012,125330,89943,148872.18045112782
368116,225644,0.006068965517241379,0.012275862068965518,0.015,125804,81893,148872.18045112782
339626,234585,0.006068965517241379,0.012689655172413793,0.006,130580,110377,145588.23529411768
351514,235075,0.006068965517241379,0.012689655172413793,0.009,126854,98492,145588.23529411768
361235,226981,0.006068965517241379,0.012689655172413793,0.012,126375,88765,145588.23529411768
369063,225411,0.006068965517241379,0.012689655172413793,0.015,124944,80943,145588.23529411768
341480,244066,0.006068965517241379,0.01310344827586207,0.006,127224,108529,142446.04316546762
353009,236950,0.006068965517241379,0.01310344827586207,0.009,125001,96999,142446.04316546762
362325,237438,0.006068965517241379,0.01310344827586207,0.012,122098,87683,142446.04316546762
370039,243272,0.006068965517241379,0.01310344827586207,0.015,118375,79967,142446.04316546762
343197,249493,0.006068965517241379,0.013517241379310345,0.006,124416,106808,139436.61971830984
354524,245373,0.006068965517241379,0.013517241379310345,0.009,121566,95481,139436.61971830984
363446,254469,0.006068965517241379,0.013517241379310345,0.012,116238,86558,139436.61971830984
370988,241228,0.006068965517241379,0.013517241379310345,0.015,118124,79017,139436.61971830984
344865,254870,0.006068965517241379,0.01393103448275862,0.006,121886,105142,136551.72413793104
355874,256984,0.006068965517241379,0.01393103448275862,0.009,117323,94128,136551.72413793104
364594,239744,0.006068965517241379,0.01393103448275862,0.012,119294,85413,136551.72413793104
371915,247449,0.006068965517241379,0.01393103448275862,0.015,115132,78092,136551.72413793104
346502,262309,0.006068965517241379,0.014344827586206896,0.006,118820,103504,133783.7837837838
357148,248453,0.006068965517241379,0.014344827586206896,0.009,118229,92861,133783.7837837838
365697,265913,0.006068965517241379,0.014344827586206896,0.012,111010,84308,133783.7837837838
372940,249775,0.006068965517241379,0.014344827586206896,0.015,113520,77069,133783.7837837838
348111,255232,0.006068965517241379,0.014758620689655172,0.006,118605,101896,131125.82781456952
358384,257098,0.006068965517241379,0.014758620689655172,0.009,114893,91624,131125.82781456952
366721,258033,0.006068965517241379,0.014758620689655172,0.012,112173,83283,131125.82781456952
373835,258027,0.006068965517241379,0.014758620689655172,0.015,110104,76171,131125.82781456952
349688,264429,0.006068965517241379,0.015172413793103448,0.006,115664,100318,128571.42857142857
359644,255321,0.006068965517241379,0.015172413793103448,0.009,114149,90362,128571.42857142857
367761,259739,0.006068965517241379,0.015172413793103448,0.012,110751,82243,128571.42857142857
374579,263568,0.006068965517241379,0.015172413793103448,0.015,107737,75429,128571.42857142857
351265,248867,0.006068965517241379,0.015586206896551724,0.006,116852,98744,126114.64968152867
360854,267557,0.006068965517241379,0.015586206896551724,0.009,110022,89151,126114.64968152867
368911,266008,0.006068965517241379,0.015586206896551724,0.012,108051,81093,126114.64968152867
375443,268955,0.006068965517241379,0.015586206896551724,0.015,105213,74564,126114.64968152867
352765,271162,0.006068965517241379,0.016,0.006,111597,97240,123749.99999999997
362049,269582,0.006068965517241379,0.016,0.009,108616,87958,123749.99999999997
369884,271065,0.006068965517241379,0.016,0.012,105623,80118,123749.99999999997
376329,271672,0.006068965517241379,0.016,0.015,103683,73680,123749.99999999997
272952,46238,0.006482758620689655,0.004,0.006,237306,177053,278289.4736842105
300186,37282,0.006482758620689655,0.004,0.009,232622,149819,278289.4736842105
320277,40750,0.006482758620689655,0.004,0.012,226790,129732,278289.4736842105
335526,42995,0.006482758620689655,0.004,0.015,222660,114474,278289.4736842105
277234,63679,0.006482758620689655,0.004413793103448276,0.006,228516,172769,267721.5189873418
303396,49148,0.006482758620689655,0.004413793103448276,0.009,225649,146611,267721.5189873418
322649,51997,0.006482758620689655,0.004413793103448276,0.012,220173,127355,267721.5189873418
337396,52585,0.006482758620689655,0.004413793103448276,0.015,216798,112612,267721.5189873418
281471,70241,0.006482758620689655,0.004827586206896552,0.006,222864,168535,257926.82926829264
306305,60266,0.006482758620689655,0.004827586206896552,0.009,218946,143698,257926.82926829264
324775,60161,0.006482758620689655,0.004827586206896552,0.012,214851,125230,257926.82926829264
339102,67376,0.006482758620689655,0.004827586206896552,0.015,209289,110907,257926.82926829264
285291,85418,0.006482758620689655,0.005241379310344827,0.006,214962,164713,248823.5294117647
309165,74498,0.006482758620689655,0.005241379310344827,0.009,211714,140842,248823.5294117647
327000,71574,0.006482758620689655,0.005241379310344827,0.012,208616,123008,248823.5294117647
340838,72845,0.006482758620689655,0.005241379310344827,0.015,205308,109171,248823.5294117647
289050,99070,0.006482758620689655,0.005655172413793104,0.006,207872,160954,240340.9090909091
311904,75015,0.006482758620689655,0.005655172413793104,0.009,208601,138100,240340.9090909091
329054,81238,0.006482758620689655,0.005655172413793104,0.012,202985,120948,240340.9090909091
342570,82379,0.006482758620689655,0.005655172413793104,0.015,199829,107436,240340.9090909091
292653,100031,0.006482758620689655,0.006068965517241379,0.006,204251,157350,232417.58241758242
314560,105161,0.006482758620689655,0.006068965517241379,0.009,196954,135445,232417.58241758242
331242,95349,0.006482758620689655,0.006068965517241379,0.012,196120,118762,232417.58241758242
344020,87266,0.006482758620689655,0.006068965517241379,0.015,196196,105984,232417.58241758242
296073,126823,0.006482758620689655,0.006482758620689655,0.006,194424,153931,225000.0
317129,116037,0.006482758620689655,0.006482758620689655,0.009,191020,132873,225000.0
333046,109160,0.006482758620689655,0.006482758620689655,0.012,189313,116961,225000.0
345684,107404,0.006482758620689655,0.006482758620689655,0.015,187246,104324,225000.0
299372,133274,0.006482758620689655,0.006896551724137931,0.006,189591,150632,218041.23711340205
319711,126847,0.006482758620689655,0.006896551724137931,0.009,185513,130294,218041.23711340205
335008,106537,0.006482758620689655,0.006896551724137931,0.012,188022,115000,218041.23711340205
347104,116928,0.006482758620689655,0.006896551724137931,0.015,182142,102902,218041.23711340205
302589,151325,0.006482758620689655,0.007310344827586207,0.006,182567,147411,211500.0
321935,133157,0.006482758620689655,0.007310344827586207,0.009,181322,128069,211500.0
336834,126591,0.006482758620689655,0.007310344827586207,0.012,179763,113171,211500.0
348698,127764,0.006482758620689655,0.007310344827586207,0.015,176705,101311,211500.0
305548,150156,0.006482758620689655,0.007724137931034483,0.006,179930,144456,205339.8058252427
324219,150667,0.006482758620689655,0.007724137931034483,0.009,174157,125784,205339.8058252427
338618,142554,0.006482758620689655,0.007724137931034483,0.012,172742,111389,205339.8058252427
350064,130905,0.006482758620689655,0.007724137931034483,0.015,174057,99941,205339.8058252427
308584,162445,0.006482758620689655,0.008137931034482758,0.006,174336,141422,199528.30188679247
326427,158860,0.006482758620689655,0.008137931034482758,0.009,169518,123578,199528.30188679247
340325,147909,0.006482758620689655,0.008137931034482758,0.012,169229,109679,199528.30188679247
351461,138468,0.006482758620689655,0.008137931034482758,0.015,169877,98546,199528.30188679247
311230,168031,0.006482758620689655,0.008551724137931035,0.006,170235,138775,194036.6972477064
328556,162844,0.006482758620689655,0.008551724137931035,0.009,166445,121451,194036.6972477064
342003,161597,0.006482758620689655,0.008551724137931035,0.012,163119,108004,194036.6972477064
352833,150550,0.006482758620689655,0.008551724137931035,0.015,164358,97167,194036.6972477064
313928,182841,0.006482758620689655,0.00896551724137931,0.006,164396,136080,188839.2857142857
330696,166377,0.006482758620689655,0.00896551724137931,0.009,163436,119304,188839.2857142857
343665,170754,0.006482758620689655,0.00896551724137931,0.012,158620,106341,188839.2857142857
354129,160782,0.006482758620689655,0.00896551724137931,0.015,159478,95874,188839.2857142857
316600,172525,0.006482758620689655,0.009379310344827585,0.006,164238,133407,183913.04347826086
332619,180103,0.006482758620689655,0.009379310344827585,0.009,157704,117389,183913.04347826086
345234,163162,0.006482758620689655,0.009379310344827585,0.012,159354,104773,183913.04347826086
355430,166593,0.006482758620689655,0.009379310344827585,0.015,156153,94577,183913.04347826086
318970,203015,0.006482758620689655,0.009793103448275862,0.006,155441,131036,179237.28813559323
334510,186969,0.006482758620689655,0.009793103448275862,0.009,154103,115495,179237.28813559323
346858,178381,0.006482758620689655,0.009793103448275862,0.012,153236,103151,179237.28813559323
356668,178748,0.006482758620689655,0.009793103448275862,0.015,150704,93335,179237.28813559323
321381,197066,0.006482758620689655,0.010206896551724139,0.006,154476,128621,174793.38842975209
336346,199467,0.006482758620689655,0.010206896551724139,0.009,148817,113656,174793.38842975209
348257,185121,0.006482758620689655,0.010206896551724139,0.012,149542,101750,174793.38842975209
357896,186922,0.006482758620689655,0.010206896551724139,0.015,146722,92109,174793.38842975209
323682,203987,0.006482758620689655,0.010620689655172414,0.006,150726,126319,170564.51612903227
338291,208507,0.006482758620689655,0.010620689655172414,0.009,144918,111718,170564.51612903227
349798,191829,0.006482758620689655,0.010620689655172414,0.012,146246,100209,170564.51612903227
359064,191277,0.006482758620689655,0.010620689655172414,0.015,144156,90943,170564.51612903227
325988,208195,0.006482758620689655,0.011034482758620689,0.006,147963,124013,166535.4330708662
339985,209314,0.006482758620689655,0.011034482758620689,0.009,143023,110024,166535.4330708662
351168,202027,0.006482758620689655,0.011034482758620689,0.012,141693,98841,166535.4330708662
360350,201461,0.006482758620689655,0.011034482758620689,0.015,139643,89656,166535.4330708662
328011,213101,0.006482758620689655,0.011448275862068966,0.006,144900,121996,162692.30769230766
341614,203103,0.006482758620689655,0.011448275862068966,0.009,142867,108391,162692.30769230766
352480,199065,0.006482758620689655,0.011448275862068966,0.012,141181,97528,162692.30769230766
361425,204994,0.006482758620689655,0.011448275862068966,0.015,137392,88584,162692.30769230766
330116,219500,0.006482758620689655,0.01186206896551724,0.006,141632,119892,159022.55639097744
343271,214073,0.006482758620689655,0.01186206896551724,0.009,138549,106737,159022.55639097744
353830,216490,0.006482758620689655,0.01186206896551724,0.012,134853,96178,159022.55639097744
362454,210925,0.006482758620689655,0.01186206896551724,0.015,134331,87551,159022.55639097744
332099,225352,0.006482758620689655,0.012275862068965518,0.006,138642,117904,155514.70588235295
344968,227775,0.006482758620689655,0.012275862068965518,0.009,133658,105035,155514.70588235295
355107,211896,0.006482758620689655,0.012275862068965518,0.012,134861,94898,155514.70588235295
363527,211091,0.006482758620689655,0.012275862068965518,0.015,133047,86480,155514.70588235295
334077,233780,0.006482758620689655,0.012689655172413793,0.006,135099,115931,152158.273381295
346396,233582,0.006482758620689655,0.012689655172413793,0.009,130840,103610,152158.273381295
356369,218835,0.006482758620689655,0.012689655172413793,0.012,131703,93639,152158.273381295
364592,223094,0.006482758620689655,0.012689655172413793,0.015,128257,85414,152158.273381295
335918,239683,0.006482758620689655,0.01310344827586207,0.006,132068,114087,148943.66197183097
347897,233182,0.006482758620689655,0.01310344827586207,0.009,129402,102109,148943.66197183097
357588,232381,0.006482758620689655,0.01310344827586207,0.012,126660,92418,148943.66197183097
365613,231506,0.006482758620689655,0.01310344827586207,0.015,124705,84393,148943.66197183097
337697,254364,0.006482758620689655,0.013517241379310345,0.006,127755,112307,145862.06896551725
349328,246092,0.006482758620689655,0.013517241379310345,0.009,124885,100676,145862.06896551725
358892,240915,0.006482758620689655,0.013517241379310345,0.012,123162,91116,145862.06896551725
366617,235572,0.006482758620689655,0.013517241379310345,0.015,122539,83391,145862.06896551725
339501,247640,0.006482758620689655,0.01393103448275862,0.006,127196,110502,142905.40540540538
350752,244472,0.006482758620689655,0.01393103448275862,0.009,123972,99255,142905.40540540538
359956,241320,0.006482758620689655,0.01393103448275862,0.012,121977,90050,142905.40540540538
367583,241675,0.006482758620689655,0.01393103448275862,0.015,119687,82425,142905.40540540538
341188,252891,0.006482758620689655,0.014344827586206896,0.006,124690,108815,140066.2251655629
352104,247335,0.006482758620689655,0.014344827586206896,0.009,122029,97902,140066.2251655629
361068,246693,0.006482758620689655,0.014344827586206896,0.012,119250,88939,140066.2251655629
368506,241092,0.006482758620689655,0.014344827586206896,0.015,118817,81497,140066.2251655629
342827,258635,0.006482758620689655,0.014758620689655172,0.006,122058,107180,137337.66233766233
353567,243468,0.006482758620689655,0.014758620689655172,0.009,121611,96442,137337.66233766233
362186,249568,0.006482758620689655,0.014758620689655172,0.012,117410,87817,137337.66233766233
369426,244567,0.006482758620689655,0.014758620689655172,0.015,116895,80577,137337.66233766233
344446,244040,0.006482758620689655,0.015172413793103448,0.006,123368,105559,134713.37579617836
354878,253017,0.006482758620689655,0.015172413793103448,0.009,118093,95124,134713.37579617836
363357,250258,0.006482758620689655,0.015172413793103448,0.012,116207,86644,134713.37579617836
370371,255217,0.006482758620689655,0.015172413793103448,0.015,112906,79631,134713.37579617836
346106,260065,0.006482758620689655,0.015586206896551724,0.006,118904,103896,132187.5
356017,270135,0.006482758620689655,0.015586206896551724,0.009,112996,93991,132187.5
364392,257860,0.006482758620689655,0.015586206896551724,0.012,113232,85608,132187.5
371366,251114,0.006482758620689655,0.015586206896551724,0.015,113041,78640,132187.5
347548,274373,0.006482758620689655,0.016,0.006,114886,102457,129754.60122699385
357375,272590,0.006482758620689655,0.016,0.009,111467,92626,129754.60122699385
365457,267627,0.006482758620689655,0.016,0.012,109720,84549,129754.60122699385
372209,264113,0.006482758620689655,0.016,0.015,108522,77792,129754.60122699385
266223,32147,0.006896551724137931,0.004,0.006,244945,183782,284810.12658227846
293932,31853,0.006896551724137931,0.004,0.009,237487,156073,284810.12658227846
314380,37451,0.006896551724137931,0.004,0.012,230576,135625,284810.12658227846
330091,30379,0.006896551724137931,0.004,0.015,229542,119914,284810.12658227846
270703,59605,0.006896551724137931,0.004413793103448276,0.006,233499,179297,274390.243902439
297235,51077,0.006896551724137931,0.004413793103448276,0.009,228244,152771,274390.243902439
316792,40410,0.006896551724137931,0.004413793103448276,0.012,226842,133213,274390.243902439
331977,46892,0.006896551724137931,0.004413793103448276,0.015,221246,118030,274390.243902439
274924,63258,0.006896551724137931,0.004827586206896552,0.006,228444,175076,264705.88235294115
300140,51873,0.006896551724137931,0.004827586206896552,0.009,224745,149865,264705.88235294115
319109,58861,0.006896551724137931,0.004827586206896552,0.012,218112,130896,264705.88235294115
333801,52822,0.006896551724137931,0.004827586206896552,0.015,216905,116206,264705.88235294115
278937,83407,0.006896551724137931,0.005241379310344827,0.006,219593,171069,255681.8181818182
303227,62498,0.006896551724137931,0.005241379310344827,0.009,218547,146774,255681.8181818182
321431,55501,0.006896551724137931,0.005241379310344827,0.012,216640,128578,255681.8181818182
335578,58150,0.006896551724137931,0.005241379310344827,0.015,212857,114427,255681.8181818182
282729,98913,0.006896551724137931,0.005655172413793104,0.006,212002,167271,247252.74725274724
306051,82947,0.006896551724137931,0.005655172413793104,0.009,209560,143955,247252.74725274724
323515,72603,0.006896551724137931,0.005655172413793104,0.012,208530,126492,247252.74725274724
337325,68862,0.006896551724137931,0.005655172413793104,0.015,207073,112683,247252.74725274724
286274,119259,0.006896551724137931,0.006068965517241379,0.006,203567,163731,239361.70212765958
308629,86003,0.006896551724137931,0.006068965517241379,0.009,205879,141373,239361.70212765958
325694,89526,0.006896551724137931,0.006068965517241379,0.012,200759,124315,239361.70212765958
338965,76223,0.006896551724137931,0.006068965517241379,0.015,202506,111042,239361.70212765958
289743,123519,0.006896551724137931,0.006482758620689655,0.006,199211,160261,231958.76288659792
311303,97084,0.006896551724137931,0.006482758620689655,0.009,199902,138705,231958.76288659792
327652,101948,0.006896551724137931,0.006482758620689655,0.012,194488,122350,231958.76288659792
340568,98531,0.006896551724137931,0.006482758620689655,0.015,192850,109435,231958.76288659792
293105,134977,0.006896551724137931,0.006896551724137931,0.006,193464,156901,225000.0
313896,103604,0.006896551724137931,0.006896551724137931,0.009,195396,136110,225000.0
329612,102364,0.006896551724137931,0.006896551724137931,0.012,192207,120390,225000.0
342150,109720,0.006896551724137931,0.006896551724137931,0.015,187119,107853,225000.0
296465,122750,0.006896551724137931,0.007310344827586207,0.006,193127,153541,218446.60194174756
316164,133844,0.006896551724137931,0.007310344827586207,0.009,184522,133840,218446.60194174756
331606,123082,0.006896551724137931,0.007310344827586207,0.012,183700,118394,218446.60194174756
343778,124301,0.006896551724137931,0.007310344827586207,0.015,180510,106231,218446.60194174756
299411,138683,0.006896551724137931,0.007724137931034483,0.006,186700,150594,212264.1509433962
318662,133088,0.006896551724137931,0.007724137931034483,0.009,182356,131344,212264.1509433962
333468,123547,0.006896551724137931,0.007724137931034483,0.012,181604,116534,212264.1509433962
345176,127324,0.006896551724137931,0.007724137931034483,0.015,177725,104832,212264.1509433962
302445,151837,0.006896551724137931,0.008137931034482758,0.006,180671,147555,206422.01834862385
320801,151776,0.006896551724137931,0.008137931034482758,0.009,174992,129203,206422.01834862385
335155,143049,0.006896551724137931,0.008137931034482758,0.012,173679,114846,206422.01834862385
346638,137557,0.006896551724137931,0.008137931034482758,0.015,172777,103371,206422.01834862385
305217,164642,0.006896551724137931,0.008551724137931035,0.006,175159,144788,200892.85714285713
323078,156080,0.006896551724137931,0.008551724137931035,0.009,171695,126931,200892.85714285713
336876,148214,0.006896551724137931,0.008551724137931035,0.012,170332,113132,200892.85714285713
347994,141668,0.006896551724137931,0.008551724137931035,0.015,169779,102013,200892.85714285713
307967,183353,0.006896551724137931,0.00896551724137931,0.006,168554,142035,195652.17391304346
325071,174063,0.006896551724137931,0.00896551724137931,0.009,164722,124931,195652.17391304346
338621,154963,0.006896551724137931,0.00896551724137931,0.012,166487,111388,195652.17391304346
349390,150893,0.006896551724137931,0.00896551724137931,0.015,165187,100616,195652.17391304346
310595,184142,0.006896551724137931,0.009379310344827585,0.006,165924,139409,190677.9661016949
327216,169927,0.006896551724137931,0.009379310344827585,0.009,163972,122793,190677.9661016949
340147,159200,0.006896551724137931,0.009379310344827585,0.012,163551,109858,190677.9661016949
350737,160702,0.006896551724137931,0.009379310344827585,0.015,160632,99269,190677.9661016949
313149,177306,0.006896551724137931,0.009793103448275862,0.006,165057,136856,185950.4132231405
329209,180750,0.006896551724137931,0.009793103448275862,0.009,159111,120800,185950.4132231405
341818,167543,0.006896551724137931,0.009793103448275862,0.012,159425,108191,185950.4132231405
352019,171899,0.006896551724137931,0.009793103448275862,0.015,155667,97986,185950.4132231405
315733,187218,0.006896551724137931,0.010206896551724139,0.006,160646,134270,181451.6129032258
331044,185057,0.006896551724137931,0.010206896551724139,0.009,156244,118962,181451.6129032258
343308,178283,0.006896551724137931,0.010206896551724139,0.012,154595,106697,181451.6129032258
353319,178469,0.006896551724137931,0.010206896551724139,0.015,152073,96681,181451.6129032258
318072,208639,0.006896551724137931,0.010620689655172414,0.006,154162,131929,177165.35433070868
332895,187923,0.006896551724137931,0.010620689655172414,0.009,153646,117110,177165.35433070868
344835,178886,0.006896551724137931,0.010620689655172414,0.012,152852,105165,177165.35433070868
354574,180726,0.006896551724137931,0.010620689655172414,0.015,150155,95435,177165.35433070868
320242,208662,0.006896551724137931,0.011034482758620689,0.006,151953,129763,173076.92307692312
334712,184044,0.006896551724137931,0.011034482758620689,0.009,152778,115291,173076.92307692312
346366,196983,0.006896551724137931,0.011034482758620689,0.012,146136,103642,173076.92307692312
355707,192753,0.006896551724137931,0.011034482758620689,0.015,144956,94298,173076.92307692312
322446,209293,0.006896551724137931,0.011448275862068966,0.006,149708,127558,169172.93233082705
336416,213142,0.006896551724137931,0.011448275862068966,0.009,143845,113586,169172.93233082705
347786,203795,0.006896551724137931,0.011448275862068966,0.012,142820,102222,169172.93233082705
356865,203255,0.006896551724137931,0.011448275862068966,0.015,140604,93142,169172.93233082705
324710,217990,0.006896551724137931,0.01186206896551724,0.006,146163,125296,165441.17647058822
338138,211993,0.006896551724137931,0.01186206896551724,0.009,142525,111867,165441.17647058822
349120,215407,0.006896551724137931,0.01186206896551724,0.012,138213,100880,165441.17647058822
358001,198742,0.006896551724137931,0.01186206896551724,0.015,140764,92006,165441.17647058822
326645,210179,0.006896551724137931,0.012275862068965518,0.006,145681,123359,161870.5035971223
339884,208699,0.006896551724137931,0.012275862068965518,0.009,141767,110125,161870.5035971223
350412,209598,0.006896551724137931,0.012275862068965518,0.012,138570,99596,161870.5035971223
359095,204305,0.006896551724137931,0.012275862068965518,0.015,137828,90910,161870.5035971223
328681,227697,0.006896551724137931,0.012689655172413793,0.006,140365,121319,158450.70422535215
341376,228623,0.006896551724137931,0.012689655172413793,0.009,135397,108631,158450.70422535215
351718,218371,0.006896551724137931,0.012689655172413793,0.012,134875,98282,158450.70422535215
360208,216821,0.006896551724137931,0.012689655172413793,0.015,132839,89799,158450.70422535215
330677,238956,0.006896551724137931,0.01310344827586207,0.006,136464,119331,155172.41379310345
342917,220803,0.006896551724137931,0.01310344827586207,0.009,135766,107090,155172.41379310345
353006,222238,0.006896551724137931,0.01310344827586207,0.012,132498,96996,155172.41379310345
361244,213010,0.006896551724137931,0.01310344827586207,0.015,132899,88761,155172.41379310345
332468,230871,0.006896551724137931,0.013517241379310345,0.006,136143,117540,152027.027027027
344432,239268,0.006896551724137931,0.013517241379310345,0.009,130090,105571,152027.027027027
354196,215852,0.006896551724137931,0.013517241379310345,0.012,133026,95811,152027.027027027
362312,218832,0.006896551724137931,0.013517241379310345,0.015,130076,87695,152027.027027027
334278,244861,0.006896551724137931,0.01393103448275862,0.006,131913,115730,149006.6225165563
345898,237149,0.006896551724137931,0.01393103448275862,0.009,129008,104107,149006.6225165563
355417,231193,0.006896551724137931,0.01393103448275862,0.012,127629,94586,149006.6225165563
363338,222937,0.006896551724137931,0.01393103448275862,0.015,127904,86667,149006.6225165563
336114,253905,0.006896551724137931,0.014344827586206896,0.006,128504,113895,146103.8961038961
347324,247446,0.006896551724137931,0.014344827586206896,0.009,125453,102682,146103.8961038961
356697,242749,0.006896551724137931,0.014344827586206896,0.012,123376,93311,146103.8961038961
364289,228777,0.006896551724137931,0.014344827586206896,0.015,125210,85717,146103.8961038961
337754,243176,0.006896551724137931,0.014758620689655172,0.006,128885,112246,143312.10191082803
348726,242334,0.006896551724137931,0.014758620689655172,0.009,125272,101282,143312.10191082803
357832,237460,0.006896551724137931,0.014758620689655172,0.012,123748,92177,143312.10191082803
365276,236616,0.006896551724137931,0.014758620689655172,0.015,121829,84727,143312.10191082803
339372,258993,0.006896551724137931,0.015172413793103448,0.006,124533,110633,140625.0
350036,249761,0.006896551724137931,0.015172413793103448,0.009,122186,99971,140625.0
358861,253291,0.006896551724137931,0.015172413793103448,0.012,118406,91147,140625.0
366235,249988,0.006896551724137931,0.015172413793103448,0.015,116938,83773,140625.0
340974,247329,0.006896551724137931,0.015586206896551724,0.006,125176,109032,138036.80981595092
351375,242046,0.006896551724137931,0.015586206896551724,0.009,122650,98633,138036.80981595092
360050,239856,0.006896551724137931,0.015586206896551724,0.012,120868,89959,138036.80981595092
367212,236178,0.006896551724137931,0.015586206896551724,0.015,119991,82788,138036.80981595092
342614,265929,0.006896551724137931,0.016,0.006,120467,107395,135542.16867469877
352643,258445,0.006896551724137931,0.016,0.009,117868,97364,135542.16867469877
361041,253467,0.006896551724137931,0.016,0.012,116372,88968,135542.16867469877
368113,239388,0.006896551724137931,0.016,0.015,118114,81887,135542.16867469877
259871,29717,0.007310344827586207,0.004,0.006,249116,190130,290853.65853658534
287927,29771,0.007310344827586207,0.004,0.009,241056,162077,290853.65853658534
308831,30249,0.007310344827586207,0.004,0.012,235580,141171,290853.65853658534
324926,30732,0.007310344827586207,0.004,0.015,231649,125082,290853.65853658534
264408,43031,0.007310344827586207,0.004413793103448276,0.006,241381,185592,280588.23529411765
291197,36352,0.007310344827586207,0.004413793103448276,0.009,235815,158808,280588.23529411765
311273,41744,0.007310344827586207,0.004413793103448276,0.012,228943,138729,280588.23529411765
326841,39160,0.007310344827586207,0.004413793103448276,0.015,226311,123166,280588.23529411765
268662,49396,0.007310344827586207,0.004827586206896552,0.006,235799,181339,271022.72727272724
294272,48685,0.007310344827586207,0.004827586206896552,0.009,228813,155730,271022.72727272724
313615,49636,0.007310344827586207,0.004827586206896552,0.012,223791,136391,271022.72727272724
328754,44545,0.007310344827586207,0.004827586206896552,0.015,222176,121254,271022.72727272724
272708,62183,0.007310344827586207,0.005241379310344827,0.006,228696,177292,262087.91208791215
297360,53135,0.007310344827586207,0.005241379310344827,0.009,224350,152640,262087.91208791215
315938,64607,0.007310344827586207,0.005241379310344827,0.012,216323,134067,262087.91208791215
330663,53529,0.007310344827586207,0.005241379310344827,0.015,216831,119343,262087.91208791215
276442,76185,0.007310344827586207,0.005655172413793104,0.006,221555,173561,253723.40425531915
300213,68870,0.007310344827586207,0.005655172413793104,0.009,216782,149787,253723.40425531915
318155,68307,0.007310344827586207,0.005655172413793104,0.012,212642,131847,253723.40425531915
332277,73842,0.007310344827586207,0.005655172413793104,0.015,207569,117729,253723.40425531915
280146,95579,0.007310344827586207,0.006068965517241379,0.006,213337,169858,245876.28865979382
303067,78104,0.007310344827586207,0.006068965517241379,0.009,211411,146937,245876.28865979382
320434,76749,0.007310344827586207,0.006068965517241379,0.012,207671,129572,245876.28865979382
334020,78113,0.007310344827586207,0.006068965517241379,0.015,204152,115984,245876.28865979382
283816,103284,0.007310344827586207,0.006482758620689655,0.006,207944,166190,238500.00000000003
305616,96636,0.007310344827586207,0.006482758620689655,0.009,203383,144386,238500.00000000003
322496,87709,0.007310344827586207,0.006482758620689655,0.012,201844,127511,238500.00000000003
335687,82401,0.007310344827586207,0.006482758620689655,0.015,200739,114318,238500.00000000003
287125,119210,0.007310344827586207,0.006896551724137931,0.006,200996,162880,231553.39805825244
308283,111464,0.007310344827586207,0.006896551724137931,0.009,196531,141718,231553.39805825244
324381,100731,0.007310344827586207,0.006896551724137931,0.012,195597,125625,231553.39805825244
337408,103112,0.007310344827586207,0.006896551724137931,0.015,191830,112600,231553.39805825244
290528,136605,0.007310344827586207,0.007310344827586207,0.006,194209,159477,224999.99999999997
310767,119512,0.007310344827586207,0.007310344827586207,0.009,191797,139239,224999.99999999997
326348,109225,0.007310344827586207,0.007310344827586207,0.012,190820,123659,224999.99999999997
338879,93083,0.007310344827586207,0.007310344827586207,0.015,193445,111127,224999.99999999997
293596,126425,0.007310344827586207,0.007724137931034483,0.006,193427,156411,218807.33944954126
313081,124646,0.007310344827586207,0.007724137931034483,0.009,188054,136927,218807.33944954126
328254,125675,0.007310344827586207,0.007724137931034483,0.012,183788,121751,218807.33944954126
340411,121066,0.007310344827586207,0.007724137931034483,0.015,182394,109594,218807.33944954126
296674,143507,0.007310344827586207,0.008137931034482758,0.006,186765,153330,212946.42857142855
315346,135755,0.007310344827586207,0.008137931034482758,0.009,182701,134660,212946.42857142855
330092,138272,0.007310344827586207,0.008137931034482758,0.012,177966,119913,212946.42857142855
341992,114439,0.007310344827586207,0.008137931034482758,0.015,182855,108016,212946.42857142855
299536,153279,0.007310344827586207,0.008551724137931035,0.006,181736,150464,207391.3043478261
317630,135150,0.007310344827586207,0.008551724137931035,0.009,180595,132377,207391.3043478261
331868,129358,0.007310344827586207,0.008551724137931035,0.012,178775,118137,207391.3043478261
343321,133528,0.007310344827586207,0.008551724137931035,0.015,174985,106686,207391.3043478261
302238,161701,0.007310344827586207,0.00896551724137931,0.006,177468,147765,202118.6440677966
319773,155480,0.007310344827586207,0.00896551724137931,0.009,173257,130229,202118.6440677966
333571,139659,0.007310344827586207,0.00896551724137931,0.012,173936,116433,202118.6440677966
344761,139905,0.007310344827586207,0.00896551724137931,0.015,171360,105244,202118.6440677966
305059,161279,0.007310344827586207,0.009379310344827585,0.006,174967,144947,197107.43801652893
321876,155476,0.007310344827586207,0.009379310344827585,0.009,170967,128126,197107.43801652893
335370,154971,0.007310344827586207,0.009379310344827585,0.012,167603,114639,197107.43801652893
346130,148095,0.007310344827586207,0.009379310344827585,0.015,167154,103872,197107.43801652893
307633,172568,0.007310344827586207,0.009793103448275862,0.006,170090,142375,192338.70967741933
323982,159320,0.007310344827586207,0.009793103448275862,0.009,167993,126027,192338.70967741933
336909,174431,0.007310344827586207,0.009793103448275862,0.012,160237,113096,192338.70967741933
347488,160956,0.007310344827586207,0.009793103448275862,0.015,161587,102520,192338.70967741933
310039,191507,0.007310344827586207,0.010206896551724139,0.006,164018,139966,187795.2755905512
325974,180515,0.007310344827586207,0.010206896551724139,0.009,160833,124026,187795.2755905512
338462,168967,0.007310344827586207,0.010206896551724139,0.012,160252,111544,187795.2755905512
348784,166858,0.007310344827586207,0.010206896551724139,0.015,158400,101224,187795.2755905512
312472,204060,0.007310344827586207,0.010620689655172414,0.006,159078,137535,183461.53846153847
327802,195399,0.007310344827586207,0.010620689655172414,0.009,155036,122200,183461.53846153847
340001,183624,0.007310344827586207,0.010620689655172414,0.012,154403,110003,183461.53846153847
350103,175932,0.007310344827586207,0.010620689655172414,0.015,154177,99897,183461.53846153847
314808,209046,0.007310344827586207,0.011034482758620689,0.006,155788,135199,179323.3082706767
329678,190954,0.007310344827586207,0.011034482758620689,0.009,154520,120330,179323.3082706767
341568,171435,0.007310344827586207,0.011034482758620689,0.012,156489,108441,179323.3082706767
351403,184317,0.007310344827586207,0.011034482758620689,0.015,150148,98602,179323.3082706767
317063,200004,0.007310344827586207,0.011448275862068966,0.006,155470,132942,175367.64705882352
331426,196438,0.007310344827586207,0.011448275862068966,0.009,151413,118579,175367.64705882352
343105,193217,0.007310344827586207,0.011448275862068966,0.012,148833,106902,175367.64705882352
352508,184342,0.007310344827586207,0.011448275862068966,0.015,149001,97500,175367.64705882352
319365,202421,0.007310344827586207,0.01186206896551724,0.006,152902,130641,171582.73381294962
333284,201714,0.007310344827586207,0.01186206896551724,0.009,148496,116719,171582.73381294962
344534,195600,0.007310344827586207,0.01186206896551724,0.012,146758,105472,171582.73381294962
353752,192974,0.007310344827586207,0.01186206896551724,0.015,145034,96257,171582.73381294962
321358,226586,0.007310344827586207,0.012275862068965518,0.006,146375,128646,167957.74647887322
334860,203980,0.007310344827586207,0.012275862068965518,0.009,146322,115145,167957.74647887322
345852,208840,0.007310344827586207,0.012275862068965518,0.012,141699,104157,167957.74647887322
354934,196813,0.007310344827586207,0.012275862068965518,0.015,142709,95073,167957.74647887322
323392,221148,0.007310344827586207,0.012689655172413793,0.006,145603,126610,164482.75862068968
336520,210998,0.007310344827586207,0.012689655172413793,0.009,142997,113482,164482.75862068968
347122,205583,0.007310344827586207,0.012689655172413793,0.012,141115,102885,164482.75862068968
356066,202585,0.007310344827586207,0.012689655172413793,0.015,139858,93940,164482.75862068968
325476,230683,0.007310344827586207,0.01310344827586207,0.006,141887,124524,161148.64864864864
338077,219011,0.007310344827586207,0.01310344827586207,0.009,139648,111927,161148.64864864864
348449,202058,0.007310344827586207,0.01310344827586207,0.012,140858,101556,161148.64864864864
357082,208277,0.007310344827586207,0.01310344827586207,0.015,136931,92927,161148.64864864864
327423,212986,0.007310344827586207,0.013517241379310345,0.006,143398,122579,157947.01986754965
339752,211175,0.007310344827586207,0.013517241379310345,0.009,139953,110253,157947.01986754965
349732,217596,0.007310344827586207,0.013517241379310345,0.012,135390,100275,157947.01986754965
358123,217955,0.007310344827586207,0.013517241379310345,0.015,132979,91884,157947.01986754965
329225,237331,0.007310344827586207,0.01393103448275862,0.006,137290,120775,154870.1298701299
341155,221980,0.007310344827586207,0.01393103448275862,0.009,135951,108852,154870.1298701299
350987,226212,0.007310344827586207,0.01393103448275862,0.012,131915,99018,154870.1298701299
359154,221140,0.007310344827586207,0.01393103448275862,0.015,130979,90850,154870.1298701299
330954,234339,0.007310344827586207,0.014344827586206896,0.006,135985,119053,151910.8280254777
342637,238574,0.007310344827586207,0.014344827586206896,0.009,130802,107369,151910.8280254777
352173,222025,0.007310344827586207,0.014344827586206896,0.012,131779,97834,151910.8280254777
360265,220610,0.007310344827586207,0.014344827586206896,0.015,130100,89735,151910.8280254777
332736,235068,0.007310344827586207,0.014758620689655172,0.006,134202,117269,149062.50000000003
344059,248396,0.007310344827586207,0.014758620689655172,0.009,127103,105946,149062.50000000003
353388,233986,0.007310344827586207,0.014758620689655172,0.012,127419,96619,149062.50000000003
361314,235716,0.007310344827586207,0.014758620689655172,0.015,124647,88693,149062.50000000003
334458,228088,0.007310344827586207,0.015172413793103448,0.006,133840,115543,146319.01840490798
345453,234795,0.007310344827586207,0.015172413793103448,0.009,128966,104554,146319.01840490798
354548,248035,0.007310344827586207,0.015172413793103448,0.012,122668,95455,146319.01840490798
362192,234424,0.007310344827586207,0.015172413793103448,0.015,124100,87814,146319.01840490798
336137,257434,0.007310344827586207,0.015586206896551724,0.006,127235,113867,143674.69879518074
346920,241210,0.007310344827586207,0.015586206896551724,0.009,126135,103086,143674.69879518074
355691,241104,0.007310344827586207,0.015586206896551724,0.012,123369,94315,143674.69879518074
363252,245819,0.007310344827586207,0.015586206896551724,0.015,119837,86754,143674.69879518074
337684,262583,0.007310344827586207,0.016,0.006,124887,112323,141124.26035502958
348136,250371,0.007310344827586207,0.016,0.009,123002,101869,141124.26035502958
356764,241444,0.007310344827586207,0.016,0.012,122259,93243,141124.26035502958
364178,248585,0.007310344827586207,0.016,0.015,118138,85830,141124.26035502958
253838,27644,0.007724137931034483,0.004,0.006,253244,196164,296470.5882352941
282270,20559,0.007724137931034483,0.004,0.009,246775,167735,296470.5882352941
303412,27035,0.007724137931034483,0.004,0.012,239127,146592,296470.5882352941
319889,31120,0.007724137931034483,0.004,0.015,233597,130119,296470.5882352941
258244,38911,0.007724137931034483,0.004413793103448276,0.006,246109,191758,286363.63636363635
285466,31464,0.007724137931034483,0.004413793103448276,0.009,240192,164535,286363.63636363635
305919,33497,0.007724137931034483,0.004413793103448276,0.012,234231,144085,286363.63636363635
321890,33971,0.007724137931034483,0.004413793103448276,0.015,230313,128118,286363.63636363635
262598,49571,0.007724137931034483,0.004827586206896552,0.006,239391,187406,276923.07692307694
288765,42096,0.007724137931034483,0.004827586206896552,0.009,233748,161238,276923.07692307694
308455,41898,0.007724137931034483,0.004827586206896552,0.012,228866,141551,276923.07692307694
323890,43270,0.007724137931034483,0.004827586206896552,0.015,224820,126116,276923.07692307694
266768,67103,0.007724137931034483,0.005241379310344827,0.006,231144,183237,268085.1063829788
291801,55992,0.007724137931034483,0.005241379310344827,0.009,226624,158205,268085.1063829788
310708,57382,0.007724137931034483,0.005241379310344827,0.012,221250,139294,268085.1063829788
325640,44626,0.007724137931034483,0.005241379310344827,0.015,222177,124362,268085.1063829788
270540,68719,0.007724137931034483,0.005655172413793104,0.006,226878,179461,259793.8144329897
294686,59891,0.007724137931034483,0.005655172413793104,0.009,222402,155314,259793.8144329897
312950,69272,0.007724137931034483,0.005655172413793104,0.012,215004,137053,259793.8144329897
327457,56516,0.007724137931034483,0.005655172413793104,0.015,215930,122548,259793.8144329897
274298,91518,0.007724137931034483,0.006068965517241379,0.006,218038,175703,252000.0
297543,86779,0.007724137931034483,0.006068965517241379,0.009,211867,152460,252000.0
315156,61877,0.007724137931034483,0.006068965517241379,0.012,214981,134851,252000.0
329205,69425,0.007724137931034483,0.006068965517241379,0.015,209508,120798,252000.0
277937,95577,0.007724137931034483,0.006482758620689655,0.006,213734,172065,244660.1941747573
300122,70966,0.007724137931034483,0.006482758620689655,0.009,213590,149882,244660.1941747573
317411,80286,0.007724137931034483,0.006482758620689655,0.012,206824,132591,244660.1941747573
331026,86081,0.007724137931034483,0.006482758620689655,0.015,201879,118975,244660.1941747573
281484,114279,0.007724137931034483,0.006896551724137931,0.006,206075,168519,237735.84905660377
302766,92060,0.007724137931034483,0.006896551724137931,0.009,205208,147238,237735.84905660377
319356,94782,0.007724137931034483,0.006896551724137931,0.012,200103,130651,237735.84905660377
332581,89182,0.007724137931034483,0.006896551724137931,0.015,198995,117426,237735.84905660377
284659,112273,0.007724137931034483,0.007310344827586207,0.006,203442,165345,231192.6605504587
305301,113154,0.007724137931034483,0.007310344827586207,0.009,196750,144700,231192.6605504587
321376,99868,0.007724137931034483,0.007310344827586207,0.012,196501,128628,231192.6605504587
334183,96741,0.007724137931034483,0.007310344827586207,0.015,194580,115820,231192.6605504587
287834,120353,0.007724137931034483,0.007724137931034483,0.006,198605,162169,225000.0
307865,120363,0.007724137931034483,0.007724137931034483,0.009,192489,142135,225000.0
323324,108208,0.007724137931034483,0.007724137931034483,0.012,191813,126679,225000.0
335769,102809,0.007724137931034483,0.007724137931034483,0.015,190785,114238,225000.0
290907,146073,0.007724137931034483,0.008137931034482758,0.006,189970,159097,219130.4347826087
310247,120881,0.007724137931034483,0.008137931034482758,0.009,190019,139759,219130.4347826087
325306,123781,0.007724137931034483,0.008137931034482758,0.012,185204,124700,219130.4347826087
337298,113174,0.007724137931034483,0.008137931034482758,0.015,185745,112705,219130.4347826087
293876,144153,0.007724137931034483,0.008551724137931035,0.006,187659,156125,213559.32203389832
312411,136340,0.007724137931034483,0.008551724137931035,0.009,183509,137596,213559.32203389832
327009,125791,0.007724137931034483,0.008551724137931035,0.012,182675,122996,213559.32203389832
338883,120925,0.007724137931034483,0.008551724137931035,0.015,181573,111117,213559.32203389832
296721,149640,0.007724137931034483,0.00896551724137931,0.006,183878,153282,208264.46280991737
314753,151208,0.007724137931034483,0.00896551724137931,0.009,177416,135253,208264.46280991737
328789,142005,0.007724137931034483,0.00896551724137931,0.012,176032,121216,208264.46280991737
340263,134560,0.007724137931034483,0.00896551724137931,0.015,175601,109743,208264.46280991737
299602,166070,0.007724137931034483,0.009379310344827585,0.006,177970,150404,203225.80645161294
316824,163653,0.007724137931034483,0.009379310344827585,0.009,172155,133184,203225.80645161294
330482,138960,0.007724137931034483,0.009379310344827585,0.012,175085,119521,203225.80645161294
341770,138622,0.007724137931034483,0.009379310344827585,0.015,172763,108236,203225.80645161294
302226,183158,0.007724137931034483,0.009793103448275862,0.006,171768,147774,198425.19685039372
318821,164544,0.007724137931034483,0.009793103448275862,0.009,169971,131182,198425.19685039372
332292,162931,0.007724137931034483,0.009793103448275862,0.012,166467,117711,198425.19685039372
343055,149832,0.007724137931034483,0.009793103448275862,0.015,167644,106952,198425.19685039372
304811,160844,0.007724137931034483,0.010206896551724139,0.006,174010,145192,193846.15384615384
320973,163704,0.007724137931034483,0.010206896551724139,0.009,168274,129028,193846.15384615384
333917,161429,0.007724137931034483,0.010206896551724139,0.012,165236,116089,193846.15384615384
344394,157914,0.007724137931034483,0.010206896551724139,0.015,163637,105608,193846.15384615384
307180,182745,0.007724137931034483,0.010620689655172414,0.006,167219,142821,189473.68421052632
322858,180660,0.007724137931034483,0.010620689655172414,0.009,162211,127148,189473.68421052632
335434,165295,0.007724137931034483,0.010620689655172414,0.012,162570,114571,189473.68421052632
345722,166588,0.007724137931034483,0.010620689655172414,0.015,159489,104279,189473.68421052632
309607,188850,0.007724137931034483,0.011034482758620689,0.006,163893,140401,185294.11764705883
324734,186586,0.007724137931034483,0.011034482758620689,0.009,158777,125271,185294.11764705883
336941,167960,0.007724137931034483,0.011034482758620689,0.012,160233,113064,185294.11764705883
346979,174067,0.007724137931034483,0.011034482758620689,0.015,156000,103023,185294.11764705883
311921,200152,0.007724137931034483,0.011448275862068966,0.006,159416,138088,181294.96402877697
326661,193352,0.007724137931034483,0.011448275862068966,0.009,155334,123346,181294.96402877697
338442,193316,0.007724137931034483,0.011448275862068966,0.012,151545,111565,181294.96402877697
348300,177777,0.007724137931034483,0.011448275862068966,0.015,153549,101709,181294.96402877697
314085,195055,0.007724137931034483,0.01186206896551724,0.006,158501,135920,177464.78873239434
328319,183789,0.007724137931034483,0.01186206896551724,0.009,156075,121688,177464.78873239434
339919,189861,0.007724137931034483,0.01186206896551724,0.012,151079,110089,177464.78873239434
349466,171757,0.007724137931034483,0.01186206896551724,0.015,154072,100535,177464.78873239434
316221,207263,0.007724137931034483,0.012275862068965518,0.006,153974,133786,173793.10344827586
330194,202968,0.007724137931034483,0.012275862068965518,0.009,149677,119812,173793.10344827586
341321,195864,0.007724137931034483,0.012275862068965518,0.012,148008,108684,173793.10344827586
350699,187532,0.007724137931034483,0.012275862068965518,0.015,147966,99310,173793.10344827586
318375,213480,0.007724137931034483,0.012689655172413793,0.006,150854,131625,170270.27027027027
331770,198367,0.007724137931034483,0.012689655172413793,0.009,149138,118235,170270.27027027027
342686,195211,0.007724137931034483,0.012689655172413793,0.012,146827,107321,170270.27027027027
351793,194391,0.007724137931034483,0.012689655172413793,0.015,144785,98214,170270.27027027027
320474,237783,0.007724137931034483,0.01310344827586207,0.006,144576,129527,166887.41721854307
333421,204038,0.007724137931034483,0.01310344827586207,0.009,146290,116586,166887.41721854307
344085,218953,0.007724137931034483,0.01310344827586207,0.012,139206,105918,166887.41721854307
352978,205550,0.007724137931034483,0.01310344827586207,0.015,140231,97022,166887.41721854307
322411,213639,0.007724137931034483,0.013517241379310345,0.006,147049,127589,163636.36363636365
334975,226171,0.007724137931034483,0.013517241379310345,0.009,139717,115029,163636.36363636365
345398,207916,0.007724137931034483,0.013517241379310345,0.012,140821,104610,163636.36363636365
354135,204825,0.007724137931034483,0.013517241379310345,0.015,139403,95874,163636.36363636365
324235,228204,0.007724137931034483,0.01393103448275862,0.006,142558,125767,160509.5541401274
336636,219213,0.007724137931034483,0.01393103448275862,0.009,139858,113364,160509.5541401274
346721,217870,0.007724137931034483,0.01393103448275862,0.012,137035,103288,160509.5541401274
355121,211059,0.007724137931034483,0.01393103448275862,0.015,136496,94884,160509.5541401274
326102,230214,0.007724137931034483,0.014344827586206896,0.006,140630,123903,157500.0
338046,232393,0.007724137931034483,0.014344827586206896,0.009,135500,111961,157500.0
347927,223233,0.007724137931034483,0.014344827586206896,0.012,134244,102080,157500.0
356202,221143,0.007724137931034483,0.014344827586206896,0.015,132516,93806,157500.0
328022,225900,0.007724137931034483,0.014758620689655172,0.006,139637,121982,154601.22699386504
339539,224155,0.007724137931034483,0.014758620689655172,0.009,135965,110467,154601.22699386504
349166,227757,0.007724137931034483,0.014758620689655172,0.012,131987,100842,154601.22699386504
357226,204771,0.007724137931034483,0.014758620689655172,0.015,136176,92780,154601.22699386504
329650,222804,0.007724137931034483,0.015172413793103448,0.006,138667,120355,151807.22891566265
340942,236935,0.007724137931034483,0.015172413793103448,0.009,131598,109063,151807.22891566265
350340,220053,0.007724137931034483,0.015172413793103448,0.012,132798,99667,151807.22891566265
358214,233164,0.007724137931034483,0.015172413793103448,0.015,126869,91790,151807.22891566265
331359,253978,0.007724137931034483,0.015586206896551724,0.006,131734,118648,149112.42603550295
342476,241127,0.007724137931034483,0.015586206896551724,0.009,129381,107530,149112.42603550295
351616,242138,0.007724137931034483,0.015586206896551724,0.012,126056,98390,149112.42603550295
359234,233896,0.007724137931034483,0.015586206896551724,0.015,125840,90774,149112.42603550295
332971,249444,0.007724137931034483,0.016,0.006,130763,117036,146511.62790697673
343732,230444,0.007724137931034483,0.016,0.009,130576,106273,146511.62790697673
352647,234331,0.007724137931034483,0.016,0.012,126756,97358,146511.62790697673
360200,231439,0.007724137931034483,0.016,0.015,125527,89805,146511.62790697673
248134,28300,0.008137931034482758,0.004,0.006,256470,201868,301704.5454545454
276757,24173,0.008137931034482758,0.004,0.009,248453,173243,301704.5454545454
298203,25940,0.008137931034482758,0.004,0.012,241913,151801,301704.5454545454
314988,22914,0.008137931034482758,0.004,0.015,238703,135016,301704.5454545454
252640,30986,0.008137931034482758,0.004413793103448276,0.006,251488,197362,291758.2417582417
280010,24659,0.008137931034482758,0.004413793103448276,0.009,244852,169995,291758.2417582417
300759,29999,0.008137931034482758,0.004413793103448276,0.012,237832,149245,291758.2417582417
317021,26222,0.008137931034482758,0.004413793103448276,0.015,235169,132984,291758.2417582417
256823,40976,0.008137931034482758,0.004827586206896552,0.006,244888,193178,282446.8085106383
283193,39973,0.008137931034482758,0.004827586206896552,0.009,237192,166810,282446.8085106383
303270,36793,0.008137931034482758,0.004827586206896552,0.012,232923,146733,282446.8085106383
319083,35544,0.008137931034482758,0.004827586206896552,0.015,229582,130923,282446.8085106383
260934,44387,0.008137931034482758,0.005241379310344827,0.006,240013,189070,273711.34020618553
286272,50163,0.008137931034482758,0.005241379310344827,0.009,231151,163731,273711.34020618553
305632,42088,0.008137931034482758,0.005241379310344827,0.012,228740,144373,273711.34020618553
320879,41982,0.008137931034482758,0.005241379310344827,0.015,225210,129123,273711.34020618553
264933,67530,0.008137931034482758,0.005655172413793104,0.006,230816,185069,265499.99999999994
289344,61480,0.008137931034482758,0.005655172413793104,0.009,224862,160662,265499.99999999994
307943,55350,0.008137931034482758,0.005655172413793104,0.012,221980,142063,265499.99999999994
322802,47606,0.008137931034482758,0.005655172413793104,0.015,221114,127207,265499.99999999994
268710,79496,0.008137931034482758,0.006068965517241379,0.006,224485,181291,257766.99029126213
292138,67784,0.008137931034482758,0.006068965517241379,0.009,220295,157867,257766.99029126213
310274,65158,0.008137931034482758,0.006068965517241379,0.012,216475,139734,257766.99029126213
324670,63214,0.008137931034482758,0.006068965517241379,0.015,213846,125335,257766.99029126213
272334,87332,0.008137931034482758,0.006482758620689655,0.006,219133,177667,250471.69811320753
294880,82388,0.008137931034482758,0.006482758620689655,0.009,213485,155121,250471.69811320753
312398,74383,0.008137931034482758,0.006482758620689655,0.012,211312,137610,250471.69811320753
326307,71249,0.008137931034482758,0.006482758620689655,0.015,209078,123696,250471.69811320753
275924,89053,0.008137931034482758,0.006896551724137931,0.006,215371,174076,243577.98165137615
297544,82454,0.008137931034482758,0.006896551724137931,0.009,210851,152461,243577.98165137615
314484,84051,0.008137931034482758,0.006896551724137931,0.012,206129,135522,243577.98165137615
328012,87124,0.008137931034482758,0.006896551724137931,0.015,201904,121993,243577.98165137615
279291,103226,0.008137931034482758,0.007310344827586207,0.006,208947,170711,237053.5714285714
300136,98881,0.008137931034482758,0.007310344827586207,0.009,203826,149869,237053.5714285714
316518,91162,0.008137931034482758,0.007310344827586207,0.012,201787,133487,237053.5714285714
329670,86787,0.008137931034482758,0.007310344827586207,0.015,200197,120335,237053.5714285714
282476,123265,0.008137931034482758,0.007724137931034483,0.006,201746,167524,230869.5652173913
302642,115535,0.008137931034482758,0.007724137931034483,0.009,196764,147363,230869.5652173913
318496,90956,0.008137931034482758,0.007724137931034483,0.012,199753,131511,230869.5652173913
331367,102935,0.008137931034482758,0.007724137931034483,0.015,193066,118642,230869.5652173913
285526,129717,0.008137931034482758,0.008137931034482758,0.006,197334,164477,225000.0
305023,112428,0.008137931034482758,0.008137931034482758,0.009,195240,144981,225000.0
320417,108323,0.008137931034482758,0.008137931034482758,0.012,192528,129589,225000.0
332971,109282,0.008137931034482758,0.008137931034482758,0.015,189250,117035,225000.0
288556,143549,0.008137931034482758,0.008551724137931035,0.006,191459,161450,219421.48760330578
307471,136024,0.008137931034482758,0.008551724137931035,0.009,186754,142536,219421.48760330578
322293,121419,0.008137931034482758,0.008551724137931035,0.012,186637,127714,219421.48760330578
334383,116708,0.008137931034482758,0.008551724137931035,0.015,185281,115622,219421.48760330578
291397,147262,0.008137931034482758,0.00896551724137931,0.006,188120,158606,214112.90322580645
309640,141668,0.008137931034482758,0.00896551724137931,0.009,183086,140364,214112.90322580645
324115,128202,0.008137931034482758,0.00896551724137931,0.012,182787,125892,214112.90322580645
335868,121416,0.008137931034482758,0.00896551724137931,0.015,182182,114134,214112.90322580645
294317,147816,0.008137931034482758,0.009379310344827585,0.006,185303,155684,209055.11811023622
311817,141960,0.008137931034482758,0.009379310344827585,0.009,180982,138188,209055.11811023622
325877,134309,0.008137931034482758,0.009379310344827585,0.012,179221,124128,209055.11811023622
337428,132169,0.008137931034482758,0.009379310344827585,0.015,177104,112578,209055.11811023622
296981,152180,0.008137931034482758,0.009793103448275862,0.006,181850,153019,204230.76923076922
314063,146044,0.008137931034482758,0.009793103448275862,0.009,177820,135940,204230.76923076922
327564,145458,0.008137931034482758,0.009793103448275862,0.012,174241,122441,204230.76923076922
338747,131720,0.008137931034482758,0.009793103448275862,0.015,175700,111259,204230.76923076922
299618,173041,0.008137931034482758,0.010206896551724139,0.006,175397,150388,199624.06015037594
316017,150610,0.008137931034482758,0.010206896551724139,0.009,174775,133985,199624.06015037594
329234,150680,0.008137931034482758,0.010206896551724139,0.012,171021,120772,199624.06015037594
340109,147554,0.008137931034482758,0.010206896551724139,0.015,169282,109898,199624.06015037594
302005,172263,0.008137931034482758,0.010620689655172414,0.006,172948,148002,195220.5882352941
318023,177155,0.008137931034482758,0.010620689655172414,0.009,166247,131979,195220.5882352941
330899,161167,0.008137931034482758,0.010620689655172414,0.012,166420,119108,195220.5882352941
341574,157564,0.008137931034482758,0.010620689655172414,0.015,164832,108432,195220.5882352941
304536,178858,0.008137931034482758,0.011034482758620689,0.006,169419,145472,191007.1942446043
320043,165818,0.008137931034482758,0.011034482758620689,0.009,167240,129961,191007.1942446043
332563,174364,0.008137931034482758,0.011034482758620689,0.012,161082,117444,191007.1942446043
342779,162793,0.008137931034482758,0.011034482758620689,0.015,161835,107223,191007.1942446043
306799,170406,0.008137931034482758,0.011448275862068966,0.006,168918,143206,186971.83098591544
321930,186469,0.008137931034482758,0.011448275862068966,0.009,160329,128076,186971.83098591544
333978,174631,0.008137931034482758,0.011448275862068966,0.012,159552,116026,186971.83098591544
344100,174356,0.008137931034482758,0.011448275862068966,0.015,156922,105909,186971.83098591544
309096,192233,0.008137931034482758,0.01186206896551724,0.006,162529,140906,183103.44827586203
323665,189001,0.008137931034482758,0.01186206896551724,0.009,158051,126340,183103.44827586203
335613,186885,0.008137931034482758,0.01186206896551724,0.012,154754,114393,183103.44827586203
345293,176498,0.008137931034482758,0.01186206896551724,0.015,155070,104711,183103.44827586203
311408,206105,0.008137931034482758,0.012275862068965518,0.006,157909,138598,179391.89189189184
325482,195110,0.008137931034482758,0.012275862068965518,0.009,154923,124518,179391.89189189184
336939,181917,0.008137931034482758,0.012275862068965518,0.012,154626,113067,179391.89189189184
346642,184713,0.008137931034482758,0.012275862068965518,0.015,151364,103364,179391.89189189184
313495,216663,0.008137931034482758,0.012689655172413793,0.006,154019,136514,175827.81456953642
327281,208218,0.008137931034482758,0.012689655172413793,0.009,150264,122725,175827.81456953642
338449,202979,0.008137931034482758,0.012689655172413793,0.012,147555,111551,175827.81456953642
347741,187286,0.008137931034482758,0.012689655172413793,0.015,149404,102264,175827.81456953642
315560,208028,0.008137931034482758,0.01310344827586207,0.006,153853,134449,172402.5974025974
328924,202065,0.008137931034482758,0.01310344827586207,0.009,149937,121085,172402.5974025974
339776,196646,0.008137931034482758,0.01310344827586207,0.012,147863,110231,172402.5974025974
348875,196714,0.008137931034482758,0.01310344827586207,0.015,145350,101129,172402.5974025974
317625,193370,0.008137931034482758,0.013517241379310345,0.006,154563,132381,169108.28025477706
330515,206415,0.008137931034482758,0.013517241379310345,0.009,147396,119491,169108.28025477706
341138,216084,0.008137931034482758,0.013517241379310345,0.012,141420,108867,169108.28025477706
350028,198501,0.008137931034482758,0.013517241379310345,0.015,143585,99975,169108.28025477706
319486,221052,0.008137931034482758,0.01393103448275862,0.006,147740,130517,165937.5
332072,216293,0.008137931034482758,0.01393103448275862,0.009,143666,117933,165937.5
342446,195574,0.008137931034482758,0.01393103448275862,0.012,145567,107561,165937.5
351258,197781,0.008137931034482758,0.01393103448275862,0.015,142676,98751,165937.5
321364,214151,0.008137931034482758,0.014344827586206896,0.006,146971,128641,162883.43558282207
333731,207933,0.008137931034482758,0.014344827586206896,0.009,144058,116275,162883.43558282207
343742,215463,0.008137931034482758,0.014344827586206896,0.012,139159,106265,162883.43558282207
352246,208267,0.008137931034482758,0.014344827586206896,0.015,138552,97757,162883.43558282207
323259,235083,0.008137931034482758,0.014758620689655172,0.006,141876,126741,159939.75903614456
335245,218066,0.008137931034482758,0.014758620689655172,0.009,140425,114762,159939.75903614456
345082,214599,0.008137931034482758,0.014758620689655172,0.012,138055,104927,159939.75903614456
353411,216305,0.008137931034482758,0.014758620689655172,0.015,135198,96598,159939.75903614456
325048,217012,0.008137931034482758,0.015172413793103448,0.006,143224,124961,157100.5917159763
336710,220658,0.008137931034482758,0.015172413793103448,0.009,138442,113296,157100.5917159763
346242,220579,0.008137931034482758,0.015172413793103448,0.012,135418,103764,157100.5917159763
354369,217440,0.008137931034482758,0.015172413793103448,0.015,133880,95633,157100.5917159763
326820,229329,0.008137931034482758,0.015586206896551724,0.006,139317,123187,154360.46511627905
338053,244229,0.008137931034482758,0.015586206896551724,0.009,131883,111955,154360.46511627905
347442,231078,0.008137931034482758,0.015586206896551724,0.012,131665,102561,154360.46511627905
355360,226984,0.008137931034482758,0.015586206896551724,0.015,130154,94645,154360.46511627905
328530,247081,0.008137931034482758,0.016,0.006,134841,121476,151714.28571428568
339425,242687,0.008137931034482758,0.016,0.009,131085,110577,151714.28571428568
348666,241102,0.008137931034482758,0.016,0.012,127866,101343,151714.28571428568
356475,225155,0.008137931034482758,0.016,0.015,129627,93528,151714.28571428568
242578,25662,0.008551724137931035,0.004,0.006,260174,207422,306593.4065934066
271410,21617,0.008551724137931035,0.004,0.009,251882,178590,306593.4065934066
293182,20912,0.008551724137931035,0.004,0.012,245881,156822,306593.4065934066
310333,27154,0.008551724137931035,0.004,0.015,239206,139667,306593.4065934066
247065,29008,0.008551724137931035,0.004413793103448276,0.006,255137,202935,296808.5106382979
274804,24368,0.008551724137931035,0.004413793103448276,0.009,247703,175202,296808.5106382979
295760,24410,0.008551724137931035,0.004413793103448276,0.012,242018,154242,296808.5106382979
312309,24957,0.008551724137931035,0.004413793103448276,0.015,237695,137693,296808.5106382979
251355,41599,0.008551724137931035,0.004827586206896552,0.006,247975,198650,287628.8659793815
278018,28920,0.008551724137931035,0.004827586206896552,0.009,243252,171988,287628.8659793815
298289,28857,0.008551724137931035,0.004827586206896552,0.012,237906,151712,287628.8659793815
314334,34435,0.008551724137931035,0.004827586206896552,0.015,232140,135671,287628.8659793815
255564,49038,0.008551724137931035,0.005241379310344827,0.006,242363,194436,279000.0
281211,41234,0.008551724137931035,0.005241379310344827,0.009,236480,168793,279000.0
300768,45490,0.008551724137931035,0.005241379310344827,0.012,229946,149240,279000.0
316347,42878,0.008551724137931035,0.005241379310344827,0.015,227004,133653,279000.0
259549,47639,0.008551724137931035,0.005655172413793104,0.006,238912,190457,270873.7864077669
284089,46289,0.008551724137931035,0.005655172413793104,0.009,232099,165915,270873.7864077669
303098,40725,0.008551724137931035,0.005655172413793104,0.012,228993,146906,270873.7864077669
318193,46454,0.008551724137931035,0.005655172413793104,0.015,223696,131814,270873.7864077669
263347,62781,0.008551724137931035,0.006068965517241379,0.006,231562,186653,263207.5471698113
287124,69469,0.008551724137931035,0.006068965517241379,0.009,222711,162878,263207.5471698113
305453,61432,0.008551724137931035,0.006068965517241379,0.012,220146,144547,263207.5471698113
320122,53766,0.008551724137931035,0.006068965517241379,0.015,219179,129884,263207.5471698113
267009,83327,0.008551724137931035,0.006482758620689655,0.006,223659,182992,255963.3027522936
289926,82385,0.008551724137931035,0.006482758620689655,0.009,216380,160076,255963.3027522936
307592,61396,0.008551724137931035,0.006482758620689655,0.012,217813,142411,255963.3027522936
321911,58478,0.008551724137931035,0.006482758620689655,0.015,215656,128095,255963.3027522936
270600,101011,0.008551724137931035,0.006896551724137931,0.006,216286,179406,249107.14285714284
292572,71899,0.008551724137931035,0.006896551724137931,0.009,216633,157436,249107.14285714284
309735,74693,0.008551724137931035,0.006896551724137931,0.012,211508,140269,249107.14285714284
323562,71085,0.008551724137931035,0.006896551724137931,0.015,209437,126445,249107.14285714284
274013,114459,0.008551724137931035,0.007310344827586207,0.006,210186,175993,242608.6956521739
295128,99181,0.008551724137931035,0.007310344827586207,0.009,206665,154877,242608.6956521739
311788,88384,0.008551724137931035,0.007310344827586207,0.012,205153,138216,242608.6956521739
325328,78095,0.008551724137931035,0.007310344827586207,0.015,205265,124681,242608.6956521739
277196,104704,0.008551724137931035,0.007724137931034483,0.006,209285,172806,236440.67796610174
297697,105152,0.008551724137931035,0.007724137931034483,0.009,202523,152310,236440.67796610174
313859,87581,0.008551724137931035,0.007724137931034483,0.012,203332,136149,236440.67796610174
326918,87671,0.008551724137931035,0.007724137931034483,0.015,200325,123085,236440.67796610174
280440,125767,0.008551724137931035,0.008137931034482758,0.006,201735,169565,230578.51239669425
300129,101414,0.008551724137931035,0.008137931034482758,0.009,201198,149878,230578.51239669425
315812,99233,0.008551724137931035,0.008137931034482758,0.012,197829,134194,230578.51239669425
328542,105447,0.008551724137931035,0.008137931034482758,0.015,192851,121458,230578.51239669425
283394,132959,0.008551724137931035,0.008551724137931035,0.006,197432,166607,225000.0
302570,109837,0.008551724137931035,0.008551724137931035,0.009,196694,147430,225000.0
317703,120889,0.008551724137931035,0.008551724137931035,0.012,189470,132301,225000.0
330179,113264,0.008551724137931035,0.008551724137931035,0.015,188648,119824,225000.0
286402,135112,0.008551724137931035,0.00896551724137931,0.006,194264,163604,219685.03937007874
304864,132192,0.008551724137931035,0.00896551724137931,0.009,188617,145144,219685.03937007874
319569,119978,0.008551724137931035,0.00896551724137931,0.012,187859,130436,219685.03937007874
331608,108017,0.008551724137931035,0.00896551724137931,0.015,188631,118399,219685.03937007874
289132,153161,0.008551724137931035,0.009379310344827585,0.006,187816,160870,214615.38461538465
307156,136330,0.008551724137931035,0.009379310344827585,0.009,185382,142850,214615.38461538465
321372,130503,0.008551724137931035,0.009379310344827585,0.012,183017,128633,214615.38461538465
333093,116567,0.008551724137931035,0.009379310344827585,0.015,184392,116911,214615.38461538465
291942,161621,0.008551724137931035,0.009793103448275862,0.006,183600,158064,209774.4360902256
309279,145750,0.008551724137931035,0.009793103448275862,0.009,180955,140729,209774.4360902256
323121,145025,0.008551724137931035,0.009793103448275862,0.012,176992,126886,209774.4360902256
334629,131933,0.008551724137931035,0.009793103448275862,0.015,178063,115373,209774.4360902256
294605,158893,0.008551724137931035,0.010206896551724139,0.006,181852,155400,205147.0588235294
311307,163213,0.008551724137931035,0.010206896551724139,0.009,174738,138698,205147.0588235294
324827,141515,0.008551724137931035,0.010206896551724139,0.012,176373,125177,205147.0588235294
335958,138207,0.008551724137931035,0.010206896551724139,0.015,174575,114044,205147.0588235294
297046,157552,0.008551724137931035,0.010620689655172414,0.006,179574,152959,200719.42446043168
313405,163621,0.008551724137931035,0.010620689655172414,0.009,172575,136604,200719.42446043168
326468,150317,0.008551724137931035,0.010620689655172414,0.012,172273,123538,200719.42446043168
337334,146648,0.008551724137931035,0.010620689655172414,0.015,170470,112671,200719.42446043168
299627,175766,0.008551724137931035,0.011034482758620689,0.006,173831,150379,196478.87323943665
315423,158842,0.008551724137931035,0.011034482758620689,0.009,171827,134582,196478.87323943665
328126,159635,0.008551724137931035,0.011034482758620689,0.012,168006,121876,196478.87323943665
338781,150049,0.008551724137931035,0.011034482758620689,0.015,168054,111222,196478.87323943665
301913,181677,0.008551724137931035,0.011448275862068966,0.006,170377,148091,192413.79310344823
317243,179835,0.008551724137931035,0.011448275862068966,0.009,165087,132762,192413.79310344823
329686,151242,0.008551724137931035,0.011448275862068966,0.012,168709,120319,192413.79310344823
340003,167598,0.008551724137931035,0.011448275862068966,0.015,161433,110003,192413.79310344823
304234,189986,0.008551724137931035,0.01186206896551724,0.006,166768,145770,188513.51351351352
319081,176009,0.008551724137931035,0.01186206896551724,0.009,164072,130924,188513.51351351352
331226,154095,0.008551724137931035,0.01186206896551724,0.012,166329,118779,188513.51351351352
341296,173269,0.008551724137931035,0.01186206896551724,0.015,158328,108706,188513.51351351352
306469,196294,0.008551724137931035,0.012275862068965518,0.006,163587,143536,184768.2119205298
320967,191479,0.008551724137931035,0.012275862068965518,0.009,158792,129033,184768.2119205298
332745,177175,0.008551724137931035,0.012275862068965518,0.012,158661,117263,184768.2119205298
342605,182718,0.008551724137931035,0.012275862068965518,0.015,154376,107404,184768.2119205298
308648,202434,0.008551724137931035,0.012689655172413793,0.006,160459,141355,181168.83116883118
322757,181029,0.008551724137931035,0.012689655172413793,0.009,159578,127243,181168.83116883118
334178,175247,0.008551724137931035,0.012689655172413793,0.012,157612,115828,181168.83116883118
343768,171720,0.008551724137931035,0.012689655172413793,0.015,156230,106237,181168.83116883118
310765,197935,0.008551724137931035,0.01310344827586207,0.006,159102,139241,177707.00636942673
324514,189750,0.008551724137931035,0.01310344827586207,0.009,155921,125491,177707.00636942673
335657,186641,0.008551724137931035,0.01310344827586207,0.012,153323,114343,177707.00636942673
344957,187754,0.008551724137931035,0.01310344827586207,0.015,150428,105046,177707.00636942673
312831,208636,0.008551724137931035,0.013517241379310345,0.006,155359,137174,174375.00000000003
326139,195062,0.008551724137931035,0.013517241379310345,0.009,153051,123861,174375.00000000003
336967,193821,0.008551724137931035,0.013517241379310345,0.012,149976,113037,174375.00000000003
346130,187486,0.008551724137931035,0.013517241379310345,0.015,149258,103877,174375.00000000003
314927,204811,0.008551724137931035,0.01393103448275862,0.006,154069,135079,171165.64417177916
327767,216243,0.008551724137931035,0.01393103448275862,0.009,146930,122242,171165.64417177916
338424,202484,0.008551724137931035,0.01393103448275862,0.012,146384,111584,171165.64417177916
347383,189786,0.008551724137931035,0.01393103448275862,0.015,147490,102623,171165.64417177916
316760,209699,0.008551724137931035,0.014344827586206896,0.006,151469,133247,168072.2891566265
329273,205516,0.008551724137931035,0.014344827586206896,0.009,147654,120734,168072.2891566265
339680,210553,0.008551724137931035,0.014344827586206896,0.012,143120,110321,168072.2891566265
348413,203153,0.008551724137931035,0.014344827586206896,0.015,142511,101593,168072.2891566265
318751,204368,0.008551724137931035,0.014758620689655172,0.006,150724,131252,165088.75739644974
330937,219875,0.008551724137931035,0.014758620689655172,0.009,143180,119069,165088.75739644974
341002,211482,0.008551724137931035,0.014758620689655172,0.012,141667,109007,165088.75739644974
349535,201963,0.008551724137931035,0.014758620689655172,0.015,141710,100465,165088.75739644974
320533,217604,0.008551724137931035,0.015172413793103448,0.006,146684,129476,162209.30232558138
332348,223624,0.008551724137931035,0.015172413793103448,0.009,140971,117659,162209.30232558138
342206,218401,0.008551724137931035,0.015172413793103448,0.012,138573,107801,162209.30232558138
350625,208963,0.008551724137931035,0.015172413793103448,0.015,138721,99384,162209.30232558138
322255,232832,0.008551724137931035,0.015586206896551724,0.006,142530,127750,159428.57142857142
333799,216274,0.008551724137931035,0.015586206896551724,0.009,140965,116208,159428.57142857142
343452,217077,0.008551724137931035,0.015586206896551724,0.012,137803,106550,159428.57142857142
351630,209206,0.008551724137931035,0.015586206896551724,0.015,137541,98375,159428.57142857142
323991,234271,0.008551724137931035,0.016,0.006,140676,126014,156741.57303370786
335274,235534,0.008551724137931035,0.016,0.009,135712,114734,156741.57303370786
344706,224955,0.008551724137931035,0.016,0.012,134616,105303,156741.57303370786
352640,229356,0.008551724137931035,0.016,0.015,130919,97367,156741.57303370786
237292,23931,0.00896551724137931,0.004,0.006,263747,212711,311170.21276595746
266362,21038,0.00896551724137931,0.004,0.009,254750,183639,311170.21276595746
288392,19968,0.00896551724137931,0.004,0.012,248492,161608,311170.21276595746
305670,22182,0.00896551724137931,0.004,0.015,242942,144334,311170.21276595746
241752,26573,0.00896551724137931,0.004413793103448276,0.006,258936,208248,301546.3917525773
269710,21911,0.00896551724137931,0.004413793103448276,0.009,251142,180295,301546.3917525773
290956,24384,0.00896551724137931,0.004413793103448276,0.012,244304,159046,301546.3917525773
307796,24237,0.00896551724137931,0.004413793103448276,0.015,239919,142211,301546.3917525773
246152,39197,0.00896551724137931,0.004827586206896552,0.006,251822,203854,292500.0
273007,35466,0.00896551724137931,0.004827586206896552,0.009,244112,176999,292500.0
293527,33410,0.00896551724137931,0.004827586206896552,0.012,238773,156478,292500.0
309843,30402,0.00896551724137931,0.004827586206896552,0.015,235518,140160,292500.0
250238,47176,0.00896551724137931,0.005241379310344827,0.006,245959,199762,283980.58252427186
276111,29929,0.00896551724137931,0.005241379310344827,0.009,242371,173891,283980.58252427186
296006,33773,0.00896551724137931,0.005241379310344827,0.012,236034,154001,283980.58252427186
311822,32952,0.00896551724137931,0.005241379310344827,0.015,232455,138185,283980.58252427186
254283,49654,0.00896551724137931,0.005655172413793104,0.006,241521,195718,275943.3962264151
279128,42030,0.00896551724137931,0.005655172413793104,0.009,235996,170877,275943.3962264151
298379,38806,0.00896551724137931,0.005655172413793104,0.012,231980,151626,275943.3962264151
313749,42686,0.00896551724137931,0.005655172413793104,0.015,227026,136253,275943.3962264151
258120,66807,0.00896551724137931,0.006068965517241379,0.006,234041,191881,268348.62385321106
282057,52156,0.00896551724137931,0.006068965517241379,0.009,230270,167948,268348.62385321106
300784,51853,0.00896551724137931,0.006068965517241379,0.012,225536,149222,268348.62385321106
315719,49525,0.00896551724137931,0.006068965517241379,0.015,222693,134286,268348.62385321106
261900,77663,0.00896551724137931,0.006482758620689655,0.006,228257,188106,261160.7142857143
284895,68412,0.00896551724137931,0.006482758620689655,0.009,223140,165109,261160.7142857143
302942,66489,0.00896551724137931,0.006482758620689655,0.012,218685,147062,261160.7142857143
317538,60793,0.00896551724137931,0.006482758620689655,0.015,216978,132468,261160.7142857143
265445,78989,0.00896551724137931,0.006896551724137931,0.006,224517,184555,254347.82608695654
287763,84640,0.00896551724137931,0.006896551724137931,0.009,216051,162240,254347.82608695654
305136,70607,0.00896551724137931,0.006896551724137931,0.012,215217,144868,254347.82608695654
319215,59304,0.00896551724137931,0.006896551724137931,0.015,215499,130790,254347.82608695654
268793,89517,0.00896551724137931,0.007310344827586207,0.006,219115,181209,247881.35593220333
290371,81365,0.00896551724137931,0.007310344827586207,0.009,214239,159629,247881.35593220333
307360,85128,0.00896551724137931,0.007310344827586207,0.012,208681,142646,247881.35593220333
321023,76289,0.00896551724137931,0.007310344827586207,0.015,208037,128986,247881.35593220333
272102,105181,0.00896551724137931,0.007724137931034483,0.006,212643,177901,241735.53719008263
292872,86967,0.00896551724137931,0.007724137931034483,0.009,210295,157133,241735.53719008263
309369,84535,0.00896551724137931,0.007724137931034483,0.012,206694,140640,241735.53719008263
322612,91738,0.00896551724137931,0.007724137931034483,0.015,201267,127391,241735.53719008263
275289,114482,0.00896551724137931,0.008137931034482758,0.006,207717,174715,235887.09677419355
295400,103924,0.00896551724137931,0.008137931034482758,0.009,203506,154603,235887.09677419355
311420,84194,0.00896551724137931,0.008137931034482758,0.012,204696,138583,235887.09677419355
324277,88461,0.00896551724137931,0.008137931034482758,0.015,200482,125728,235887.09677419355
278426,110032,0.00896551724137931,0.008551724137931035,0.006,205613,171579,230314.9606299213
297817,107918,0.00896551724137931,0.008551724137931035,0.009,200151,152184,230314.9606299213
313360,101827,0.00896551724137931,0.008551724137931035,0.012,197574,136645,230314.9606299213
325881,105622,0.00896551724137931,0.008551724137931035,0.015,193266,124122,230314.9606299213
281326,152181,0.00896551724137931,0.00896551724137931,0.006,194313,168677,225000.0
300229,108390,0.00896551724137931,0.00896551724137931,0.009,197574,149777,225000.0
315211,114139,0.00896551724137931,0.00896551724137931,0.012,192111,134789,225000.0
327534,106363,0.00896551724137931,0.00896551724137931,0.015,191474,122468,225000.0
284321,144587,0.00896551724137931,0.009379310344827585,0.006,193059,165680,219924.8120300752
302465,131190,0.00896551724137931,0.009379310344827585,0.009,189685,147544,219924.8120300752
316987,122710,0.00896551724137931,0.009379310344827585,0.012,187766,133015,219924.8120300752
329017,118861,0.00896551724137931,0.009379310344827585,0.015,185885,120991,219924.8120300752
286974,146778,0.00896551724137931,0.009793103448275862,0.006,190057,163029,215073.5294117647
304677,148500,0.00896551724137931,0.009793103448275862,0.009,183319,145330,215073.5294117647
318755,132556,0.00896551724137931,0.009793103448275862,0.012,183257,131249,215073.5294117647
330443,126164,0.00896551724137931,0.009793103448275862,0.015,182049,119562,215073.5294117647
289700,153505,0.00896551724137931,0.010206896551724139,0.006,186270,160308,210431.654676259
306792,156549,0.00896551724137931,0.010206896551724139,0.009,179324,143216,210431.654676259
320514,136364,0.00896551724137931,0.010206896551724139,0.012,180406,129490,210431.654676259
331892,130166,0.00896551724137931,0.010206896551724139,0.015,179318,118115,210431.654676259
292265,167764,0.00896551724137931,0.010620689655172414,0.006,181289,157737,205985.91549295778
308898,149806,0.00896551724137931,0.010620689655172414,0.009,179007,141103,205985.91549295778
322226,153477,0.00896551724137931,0.010620689655172414,0.012,173876,127777,205985.91549295778
333329,136601,0.00896551724137931,0.010620689655172414,0.015,175852,116671,205985.91549295778
294734,154311,0.00896551724137931,0.011034482758620689,0.006,181262,155272,201724.1379310345
310846,164265,0.00896551724137931,0.011034482758620689,0.009,173546,139162,201724.1379310345
323863,150146,0.00896551724137931,0.011034482758620689,0.012,173295,126139,201724.1379310345
334677,145732,0.00896551724137931,0.011034482758620689,0.015,171715,115328,201724.1379310345
297236,181174,0.00896551724137931,0.011448275862068966,0.006,174047,152773,197635.1351351351
312749,164351,0.00896551724137931,0.011448275862068966,0.009,171654,137255,197635.1351351351
325559,159988,0.00896551724137931,0.011448275862068966,0.012,168899,124450,197635.1351351351
336069,153404,0.00896551724137931,0.011448275862068966,0.015,168051,113931,197635.1351351351
299555,167593,0.00896551724137931,0.01186206896551724,0.006,174216,150450,193708.60927152316
314776,161097,0.00896551724137931,0.01186206896551724,0.009,170664,135226,193708.60927152316
327047,164022,0.00896551724137931,0.01186206896551724,0.012,166373,122958,193708.60927152316
337430,161832,0.00896551724137931,0.01186206896551724,0.015,164091,112578,193708.60927152316
301827,179848,0.00896551724137931,0.012275862068965518,0.006,170003,148177,189935.0649350649
316635,181294,0.00896551724137931,0.012275862068965518,0.009,164321,133371,189935.0649350649
328667,167416,0.00896551724137931,0.012275862068965518,0.012,163936,121335,189935.0649350649
338631,167975,0.00896551724137931,0.012275862068965518,0.015,161028,111375,189935.0649350649
304043,182206,0.00896551724137931,0.012689655172413793,0.006,167566,145962,186305.73248407643
318441,178554,0.00896551724137931,0.012689655172413793,0.009,163089,131562,186305.73248407643
330126,167318,0.00896551724137931,0.012689655172413793,0.012,162461,119874,186305.73248407643
339891,167262,0.00896551724137931,0.012689655172413793,0.015,159955,110114,186305.73248407643
306215,197217,0.00896551724137931,0.01310344827586207,0.006,162898,143792,182812.5
320087,185607,0.00896551724137931,0.01310344827586207,0.009,159960,129917,182812.5
331507,181726,0.00896551724137931,0.01310344827586207,0.012,157236,118500,182812.5
341209,179520,0.00896551724137931,0.01310344827586207,0.015,155143,108797,182812.5
308395,203919,0.00896551724137931,0.013517241379310345,0.006,159742,141608,179447.8527607362
321813,198589,0.00896551724137931,0.013517241379310345,0.009,155377,128195,179447.8527607362
332975,186593,0.00896551724137931,0.013517241379310345,0.012,154587,117033,179447.8527607362
342301,172631,0.00896551724137931,0.013517241379310345,0.015,155937,107706,179447.8527607362
310323,217388,0.00896551724137931,0.01393103448275862,0.006,155463,139681,176204.81927710844
323551,200300,0.00896551724137931,0.01393103448275862,0.009,153334,126455,176204.81927710844
334335,195315,0.00896551724137931,0.01393103448275862,0.012,150900,115670,176204.81927710844
343578,187397,0.00896551724137931,0.01393103448275862,0.015,150467,106431,176204.81927710844
312395,204695,0.00896551724137931,0.014344827586206896,0.006,155731,137607,173076.9230769231
325077,211121,0.00896551724137931,0.014344827586206896,0.009,149505,124927,173076.9230769231
335706,186252,0.00896551724137931,0.014344827586206896,0.012,151854,114302,173076.9230769231
344647,190884,0.00896551724137931,0.014344827586206896,0.015,148400,105358,173076.9230769231
314231,198785,0.00896551724137931,0.014758620689655172,0.006,154937,135777,170058.13953488372
326644,224503,0.00896551724137931,0.014758620689655172,0.009,145083,123360,170058.13953488372
337018,193972,0.00896551724137931,0.014758620689655172,0.012,148597,112987,170058.13953488372
345780,191860,0.00896551724137931,0.014758620689655172,0.015,146986,104222,170058.13953488372
316074,223916,0.00896551724137931,0.015172413793103448,0.006,149112,133931,167142.85714285713
328198,216099,0.00896551724137931,0.015172413793103448,0.009,145599,121807,167142.85714285713
338408,204483,0.00896551724137931,0.015172413793103448,0.012,144722,111597,167142.85714285713
346857,201800,0.00896551724137931,0.015172413793103448,0.015,143062,103150,167142.85714285713
317893,211852,0.00896551724137931,0.015586206896551724,0.006,149380,132112,164325.8426966292
329725,209472,0.00896551724137931,0.015586206896551724,0.009,145506,120283,164325.8426966292
339639,211992,0.00896551724137931,0.015586206896551724,0.012,141734,110361,164325.8426966292
347978,211045,0.00896551724137931,0.015586206896551724,0.015,139338,102031,164325.8426966292
319652,227395,0.00896551724137931,0.016,0.006,145093,130353,161602.20994475135
331198,220423,0.00896551724137931,0.016,0.009,141873,118802,161602.20994475135
340810,216474,0.00896551724137931,0.016,0.012,139439,109195,161602.20994475135
349009,216744,0.00896551724137931,0.016,0.015,136738,100998,161602.20994475135
232119,19187,0.009379310344827585,0.004,0.006,267962,217884,315463.91752577317
261347,15839,0.009379310344827585,0.004,0.009,258859,188658,315463.91752577317
283618,17691,0.009379310344827585,0.004,0.012,251458,166386,315463.91752577317
301215,19880,0.009379310344827585,0.004,0.015,245756,148790,315463.91752577317
236686,27503,0.009379310344827585,0.004413793103448276,0.006,261739,213317,305999.99999999994
264745,22764,0.009379310344827585,0.004413793103448276,0.009,253525,185259,305999.99999999994
286391,21841,0.009379310344827585,0.004413793103448276,0.012,247392,163615,305999.99999999994
303455,21414,0.009379310344827585,0.004413793103448276,0.015,242862,146547,305999.99999999994
241109,22395,0.009379310344827585,0.004827586206896552,0.006,258799,208896,297087.3786407767
268102,25700,0.009379310344827585,0.004827586206896552,0.009,249436,181903,297087.3786407767
288871,25427,0.009379310344827585,0.004827586206896552,0.012,243549,161133,297087.3786407767
305423,28677,0.009379310344827585,0.004827586206896552,0.015,238117,144581,297087.3786407767
245217,41516,0.009379310344827585,0.005241379310344827,0.006,250368,204786,288679.2452830188
271268,34740,0.009379310344827585,0.005241379310344827,0.009,243791,178734,288679.2452830188
291375,34514,0.009379310344827585,0.005241379310344827,0.012,238123,158628,288679.2452830188
307467,35688,0.009379310344827585,0.005241379310344827,0.015,233558,142536,288679.2452830188
249248,54290,0.009379310344827585,0.005655172413793104,0.006,243764,200753,280733.9449541284
274422,47599,0.009379310344827585,0.005655172413793104,0.009,237278,175582,280733.9449541284
293845,40356,0.009379310344827585,0.005655172413793104,0.012,233848,156157,280733.9449541284
309432,46904,0.009379310344827585,0.005655172413793104,0.015,227635,140573,280733.9449541284
253159,62895,0.009379310344827585,0.006068965517241379,0.006,238220,196845,273214.2857142857
277369,53061,0.009379310344827585,0.006068965517241379,0.009,232732,172637,273214.2857142857
296162,39319,0.009379310344827585,0.006068965517241379,0.012,231629,153843,273214.2857142857
311335,51612,0.009379310344827585,0.006068965517241379,0.015,224012,138667,273214.2857142857
256846,73055,0.009379310344827585,0.006482758620689655,0.006,232412,193155,266086.95652173914
280267,63958,0.009379310344827585,0.006482758620689655,0.009,227009,169739,266086.95652173914
298436,58221,0.009379310344827585,0.006482758620689655,0.012,223516,151566,266086.95652173914
313176,50411,0.009379310344827585,0.006482758620689655,0.015,222425,136830,266086.95652173914
260443,93426,0.009379310344827585,0.006896551724137931,0.006,224768,189562,259322.03389830506
283000,65383,0.009379310344827585,0.006896551724137931,0.009,223964,167005,259322.03389830506
300651,59120,0.009379310344827585,0.006896551724137931,0.012,221040,149352,259322.03389830506
314968,60734,0.009379310344827585,0.006896551724137931,0.015,217036,135036,259322.03389830506
263935,87548,0.009379310344827585,0.007310344827586207,0.006,222677,186065,252892.56198347104
285644,85085,0.009379310344827585,0.007310344827586207,0.009,216183,164361,252892.56198347104
302875,63272,0.009379310344827585,0.007310344827586207,0.012,217461,147133,252892.56198347104
316758,63518,0.009379310344827585,0.007310344827586207,0.015,214276,133247,252892.56198347104
267236,101046,0.009379310344827585,0.007724137931034483,0.006,216761,182769,246774.19354838703
288281,91286,0.009379310344827585,0.007724137931034483,0.009,211878,161725,246774.19354838703
305012,74872,0.009379310344827585,0.007724137931034483,0.012,211912,144994,246774.19354838703
318504,78521,0.009379310344827585,0.007724137931034483,0.015,207570,131504,246774.19354838703
270452,86840,0.009379310344827585,0.008137931034482758,0.006,216740,179549,240944.88188976378
290822,97782,0.009379310344827585,0.008137931034482758,0.009,207883,159186,240944.88188976378
306940,94105,0.009379310344827585,0.008137931034482758,0.012,204308,143066,240944.88188976378
320186,90969,0.009379310344827585,0.008137931034482758,0.015,201892,129821,240944.88188976378
273567,109971,0.009379310344827585,0.008551724137931035,0.006,209024,176435,235384.6153846154
293314,102542,0.009379310344827585,0.008551724137931035,0.009,204269,156688,235384.6153846154
308902,99318,0.009379310344827585,0.008551724137931035,0.012,200715,141101,235384.6153846154
321787,89761,0.009379310344827585,0.008551724137931035,0.015,200459,128216,235384.6153846154
276541,119653,0.009379310344827585,0.00896551724137931,0.006,204183,173462,230075.1879699248
295664,118458,0.009379310344827585,0.00896551724137931,0.009,197937,154342,230075.1879699248
310845,105203,0.009379310344827585,0.00896551724137931,0.012,197102,139156,230075.1879699248
323391,95709,0.009379310344827585,0.00896551724137931,0.015,196972,126611,230075.1879699248
279441,125647,0.009379310344827585,0.009379310344827585,0.006,200382,170563,225000.0
297939,116130,0.009379310344827585,0.009379310344827585,0.009,196348,152066,225000.0
312795,112613,0.009379310344827585,0.009379310344827585,0.012,193201,137214,225000.0
324909,111142,0.009379310344827585,0.009379310344827585,0.015,190505,125095,225000.0
282340,144129,0.009379310344827585,0.009793103448275862,0.006,194153,167666,220143.88489208632
300197,129638,0.009379310344827585,0.009793103448275862,0.009,190816,149809,220143.88489208632
314641,118339,0.009379310344827585,0.009793103448275862,0.012,189628,135362,220143.88489208632
326437,111888,0.009379310344827585,0.009793103448275862,0.015,188625,123568,220143.88489208632
284960,146805,0.009379310344827585,0.010206896551724139,0.006,191071,165043,215492.95774647887
302283,121741,0.009379310344827585,0.010206896551724139,0.009,190788,147721,215492.95774647887
316306,131611,0.009379310344827585,0.010206896551724139,0.012,184238,133701,215492.95774647887
327974,121754,0.009379310344827585,0.010206896551724139,0.015,184165,122031,215492.95774647887
287678,164204,0.009379310344827585,0.010620689655172414,0.006,185399,162328,211034.48275862067
304395,145435,0.009379310344827585,0.010620689655172414,0.009,182953,145609,211034.48275862067
318054,141867,0.009379310344827585,0.010620689655172414,0.012,179650,131951,211034.48275862067
329362,132572,0.009379310344827585,0.010620689655172414,0.015,179316,120645,211034.48275862067
290193,169190,0.009379310344827585,0.011034482758620689,0.006,181936,159814,206756.75675675675
306474,155509,0.009379310344827585,0.011034482758620689,0.009,178712,143526,206756.75675675675
319772,139635,0.009379310344827585,0.011034482758620689,0.012,178710,130228,206756.75675675675
330818,135129,0.009379310344827585,0.011034482758620689,0.015,177084,119182,206756.75675675675
292635,172293,0.009379310344827585,0.011448275862068966,0.006,179154,157370,202649.00662251652
308452,160661,0.009379310344827585,0.011448275862068966,0.009,175454,141555,202649.00662251652
321461,145906,0.009379310344827585,0.011448275862068966,0.012,175336,128547,202649.00662251652
332147,146051,0.009379310344827585,0.011448275862068966,0.015,172440,117858,202649.00662251652
294996,187976,0.009379310344827585,0.01186206896551724,0.006,174254,155009,198701.29870129869
310368,166639,0.009379310344827585,0.01186206896551724,0.009,172214,139636,198701.29870129869
322944,158052,0.009379310344827585,0.01186206896551724,0.012,170385,127061,198701.29870129869
333493,158868,0.009379310344827585,0.01186206896551724,0.015,167212,116512,198701.29870129869
297310,182655,0.009379310344827585,0.012275862068965518,0.006,172928,152694,194904.45859872608
312252,171386,0.009379310344827585,0.012275862068965518,0.009,169416,137752,194904.45859872608
324572,163555,0.009379310344827585,0.012275862068965518,0.012,167421,125428,194904.45859872608
334886,152100,0.009379310344827585,0.012275862068965518,0.015,167939,115123,194904.45859872608
299573,183042,0.009379310344827585,0.012689655172413793,0.006,170747,150432,191250.0
314108,179909,0.009379310344827585,0.012689655172413793,0.009,165837,135899,191250.0
326037,177461,0.009379310344827585,0.012689655172413793,0.012,162391,123968,191250.0
336126,158045,0.009379310344827585,0.012689655172413793,0.015,164840,113874,191250.0
301845,186668,0.009379310344827585,0.01310344827586207,0.006,167996,148161,187730.06134969322
315892,185226,0.009379310344827585,0.01310344827586207,0.009,162976,134113,187730.06134969322
327562,182222,0.009379310344827585,0.01310344827586207,0.012,159607,122443,187730.06134969322
337349,170838,0.009379310344827585,0.01310344827586207,0.015,159879,112656,187730.06134969322
303862,188363,0.009379310344827585,0.013517241379310345,0.006,165870,146139,184337.34939759035
317631,182466,0.009379310344827585,0.013517241379310345,0.009,161972,132374,184337.34939759035
329064,173290,0.009379310344827585,0.013517241379310345,0.012,160569,120936,184337.34939759035
338614,173194,0.009379310344827585,0.013517241379310345,0.015,157996,111386,184337.34939759035
305985,189428,0.009379310344827585,0.01393103448275862,0.006,163602,144023,181065.08875739644
319367,183256,0.009379310344827585,0.01393103448275862,0.009,160102,130642,181065.08875739644
330448,186637,0.009379310344827585,0.01393103448275862,0.012,155754,119559,181065.08875739644
339783,175309,0.009379310344827585,0.01393103448275862,0.015,156224,110222,181065.08875739644
307945,206829,0.009379310344827585,0.014344827586206896,0.006,158878,142059,177906.97674418602
320965,196117,0.009379310344827585,0.014344827586206896,0.009,155778,129040,177906.97674418602
331821,183282,0.009379310344827585,0.014344827586206896,0.012,155225,118180,177906.97674418602
340964,185293,0.009379310344827585,0.014344827586206896,0.015,152181,109041,177906.97674418602
309877,191728,0.009379310344827585,0.014758620689655172,0.006,159628,140126,174857.14285714284
322552,201221,0.009379310344827585,0.014758620689655172,0.009,153071,127454,174857.14285714284
333212,191180,0.009379310344827585,0.014758620689655172,0.012,151935,116788,174857.14285714284
342208,181728,0.009379310344827585,0.014758620689655172,0.015,152009,107796,174857.14285714284
311777,220859,0.009379310344827585,0.015172413793103448,0.006,152788,138224,171910.11235955052
324191,202870,0.009379310344827585,0.015172413793103448,0.009,151236,125818,171910.11235955052
334481,206002,0.009379310344827585,0.015172413793103448,0.012,147051,115524,171910.11235955052
343237,194488,0.009379310344827585,0.015172413793103448,0.015,147430,106768,171910.11235955052
313721,227403,0.009379310344827585,0.015586206896551724,0.006,150265,136286,169060.77348066296
325785,209230,0.009379310344827585,0.015586206896551724,0.009,148430,124220,169060.77348066296
335797,207053,0.009379310344827585,0.015586206896551724,0.012,145606,114211,169060.77348066296
344378,196544,0.009379310344827585,0.015586206896551724,0.015,145712,105631,169060.77348066296
315420,234486,0.009379310344827585,0.016,0.006,147375,134587,166304.34782608692
327155,218120,0.009379310344827585,0.016,0.009,145277,122850,166304.34782608692
337033,219791,0.009379310344827585,0.016,0.012,141166,112970,166304.34782608692
345423,209584,0.009379310344827585,0.016,0.015,141012,104584,166304.34782608692
227319,22603,0.009793103448275862,0.004,0.006,270151,222682,319500.0
256617,13931,0.009793103448275862,0.004,0.009,261855,193384,319500.0
279175,15923,0.009793103448275862,0.004,0.012,254168,170831,319500.0
296889,17910,0.009793103448275862,0.004,0.015,248330,153116,319500.0
231805,19918,0.009793103448275862,0.004413793103448276,0.006,266466,218197,310194.17475728155
260053,16910,0.009793103448275862,0.004413793103448276,0.009,257599,189948,310194.17475728155
281843,18886,0.009793103448275862,0.004413793103448276,0.012,250478,168163,310194.17475728155
299103,20773,0.009793103448275862,0.004413793103448276,0.015,245061,150897,310194.17475728155
236200,33853,0.009793103448275862,0.004827586206896552,0.006,259218,213803,301415.09433962265
263344,21720,0.009793103448275862,0.004827586206896552,0.009,253011,186659,301415.09433962265
284456,24436,0.009793103448275862,0.004827586206896552,0.012,245982,165544,301415.09433962265
301173,23932,0.009793103448275862,0.004827586206896552,0.015,241655,148832,301415.09433962265
240388,40579,0.009793103448275862,0.005241379310344827,0.006,253673,209615,293119.2660550459
266644,28143,0.009793103448275862,0.005241379310344827,0.009,248097,183356,293119.2660550459
286965,22963,0.009793103448275862,0.005241379310344827,0.012,243882,163035,293119.2660550459
303213,29098,0.009793103448275862,0.005241379310344827,0.015,237683,146791,293119.2660550459
244433,47128,0.009793103448275862,0.005655172413793104,0.006,248481,205570,285267.8571428571
269677,40162,0.009793103448275862,0.005655172413793104,0.009,241817,180324,285267.8571428571
289483,33478,0.009793103448275862,0.005655172413793104,0.012,238173,160520,285267.8571428571
305212,33149,0.009793103448275862,0.005655172413793104,0.015,234217,144790,285267.8571428571
248448,54904,0.009793103448275862,0.006068965517241379,0.006,243146,201555,277826.0869565217
272713,42454,0.009793103448275862,0.006068965517241379,0.009,238272,177292,277826.0869565217
291868,46703,0.009793103448275862,0.006068965517241379,0.012,231723,158134,277826.0869565217
307133,41644,0.009793103448275862,0.006068965517241379,0.015,229381,142870,277826.0869565217
252126,67349,0.009793103448275862,0.006482758620689655,0.006,236921,197876,270762.71186440677
275641,64915,0.009793103448275862,0.006482758620689655,0.009,229504,174359,270762.71186440677
294080,48334,0.009793103448275862,0.006482758620689655,0.012,228807,155924,270762.71186440677
309044,50630,0.009793103448275862,0.006482758620689655,0.015,224331,140961,270762.71186440677
255683,80472,0.009793103448275862,0.006896551724137931,0.006,230719,194320,264049.58677685953
278425,62226,0.009793103448275862,0.006896551724137931,0.009,227367,171582,264049.58677685953
296346,56938,0.009793103448275862,0.006896551724137931,0.012,223943,153657,264049.58677685953
310948,60764,0.009793103448275862,0.006896551724137931,0.015,219124,139060,264049.58677685953
259192,80463,0.009793103448275862,0.007310344827586207,0.006,227463,190809,257661.29032258064
281187,73457,0.009793103448275862,0.007310344827586207,0.009,221931,168813,257661.29032258064
298506,64793,0.009793103448275862,0.007310344827586207,0.012,219388,151498,257661.29032258064
312652,64298,0.009793103448275862,0.007310344827586207,0.015,216074,137351,257661.29032258064
262538,92392,0.009793103448275862,0.007724137931034483,0.006,221890,187466,251574.80314960628
283739,84142,0.009793103448275862,0.007724137931034483,0.009,216529,166264,251574.80314960628
300646,73084,0.009793103448275862,0.007724137931034483,0.012,214784,149355,251574.80314960628
314463,67231,0.009793103448275862,0.007724137931034483,0.015,213245,135545,251574.80314960628
265829,112725,0.009793103448275862,0.008137931034482758,0.006,214741,184176,245769.2307692308
286326,86568,0.009793103448275862,0.008137931034482758,0.009,213399,163679,245769.2307692308
302708,78631,0.009793103448275862,0.008137931034482758,0.012,211045,147297,245769.2307692308
316119,81147,0.009793103448275862,0.008137931034482758,0.015,207048,133885,245769.2307692308
268893,122230,0.009793103448275862,0.008551724137931035,0.006,209945,181110,240225.56390977444
288791,95504,0.009793103448275862,0.008551724137931035,0.009,208749,161214,240225.56390977444
304705,91246,0.009793103448275862,0.008551724137931035,0.012,205515,145296,240225.56390977444
317880,80863,0.009793103448275862,0.008551724137931035,0.015,205370,132123,240225.56390977444
271927,125254,0.009793103448275862,0.00896551724137931,0.006,206337,178077,234926.4705882353
291174,103309,0.009793103448275862,0.00896551724137931,0.009,204491,158831,234926.4705882353
306671,99030,0.009793103448275862,0.00896551724137931,0.012,201346,143334,234926.4705882353
319453,88787,0.009793103448275862,0.00896551724137931,0.015,201183,130547,234926.4705882353
274857,116608,0.009793103448275862,0.009379310344827585,0.006,205368,175145,229856.11510791368
293551,124137,0.009793103448275862,0.009379310344827585,0.009,197146,156449,229856.11510791368
308557,109470,0.009793103448275862,0.009379310344827585,0.012,196504,141444,229856.11510791368
320989,105310,0.009793103448275862,0.009379310344827585,0.015,194521,129016,229856.11510791368
277726,123759,0.009793103448275862,0.009793103448275862,0.006,201311,172276,225000.0
295795,121510,0.009793103448275862,0.009793103448275862,0.009,195705,154206,225000.0
310420,111942,0.009793103448275862,0.009793103448275862,0.012,193957,139584,225000.0
322533,114966,0.009793103448275862,0.009793103448275862,0.015,189945,127472,225000.0
280436,158462,0.009793103448275862,0.010206896551724139,0.006,192103,169569,220344.8275862069
297958,126503,0.009793103448275862,0.010206896551724139,0.009,192400,152045,220344.8275862069
312327,123570,0.009793103448275862,0.010206896551724139,0.012,188959,137676,220344.8275862069
324039,115958,0.009793103448275862,0.010206896551724139,0.015,188026,125966,220344.8275862069
283080,149299,0.009793103448275862,0.010620689655172414,0.006,191401,166923,215878.3783783784
300139,143639,0.009793103448275862,0.010620689655172414,0.009,186245,149869,215878.3783783784
313986,136770,0.009793103448275862,0.010620689655172414,0.012,183659,136017,215878.3783783784
325509,120214,0.009793103448275862,0.010620689655172414,0.015,185273,124496,215878.3783783784
285754,151167,0.009793103448275862,0.011034482758620689,0.006,188660,164252,211589.40397350994
302181,140629,0.009793103448275862,0.011034482758620689,0.009,185067,147824,211589.40397350994
315768,131384,0.009793103448275862,0.011034482758620689,0.012,183281,134241,211589.40397350994
326941,123309,0.009793103448275862,0.011034482758620689,0.015,182856,123066,211589.40397350994
288224,173642,0.009793103448275862,0.011448275862068966,0.006,182356,161782,207467.53246753247
304320,149113,0.009793103448275862,0.011448275862068966,0.009,181085,145683,207467.53246753247
317381,146565,0.009793103448275862,0.011448275862068966,0.012,177550,132626,207467.53246753247
328360,140555,0.009793103448275862,0.011448275862068966,0.015,176340,121647,207467.53246753247
290577,178118,0.009793103448275862,0.01186206896551724,0.006,179217,159428,203503.18471337578
306277,157195,0.009793103448275862,0.01186206896551724,0.009,177467,143729,203503.18471337578
319004,158328,0.009793103448275862,0.01186206896551724,0.012,172899,131000,203503.18471337578
329782,139575,0.009793103448275862,0.01186206896551724,0.015,175253,120227,203503.18471337578
292932,175604,0.009793103448275862,0.012275862068965518,0.006,177552,157072,199687.49999999997
308205,159184,0.009793103448275862,0.012275862068965518,0.009,175051,141798,199687.49999999997
320678,153580,0.009793103448275862,0.012275862068965518,0.012,172618,129324,199687.49999999997
331048,152473,0.009793103448275862,0.012275862068965518,0.015,170090,118959,199687.49999999997
295209,173226,0.009793103448275862,0.012689655172413793,0.006,175848,154796,196012.2699386503
309950,169660,0.009793103448275862,0.012689655172413793,0.009,171032,140052,196012.2699386503
322137,159753,0.009793103448275862,0.012689655172413793,0.012,169516,127870,196012.2699386503
332383,164098,0.009793103448275862,0.012689655172413793,0.015,165314,117622,196012.2699386503
297522,194137,0.009793103448275862,0.01310344827586207,0.006,170155,152484,192469.8795180723
311794,178804,0.009793103448275862,0.01310344827586207,0.009,167312,138210,192469.8795180723
323727,168118,0.009793103448275862,0.01310344827586207,0.012,165826,126281,192469.8795180723
333749,167671,0.009793103448275862,0.01310344827586207,0.015,163023,116253,192469.8795180723
299573,189183,0.009793103448275862,0.013517241379310345,0.006,168990,150433,189053.25443786982
313586,182964,0.009793103448275862,0.013517241379310345,0.009,164746,136416,189053.25443786982
325144,170064,0.009793103448275862,0.013517241379310345,0.012,163876,124858,189053.25443786982
334939,171594,0.009793103448275862,0.013517241379310345,0.015,160676,115069,189053.25443786982
301784,187267,0.009793103448275862,0.01393103448275862,0.006,167297,148222,185755.8139534884
315272,191768,0.009793103448275862,0.01393103448275862,0.009,161178,134732,185755.8139534884
326630,179767,0.009793103448275862,0.01393103448275862,0.012,160120,123378,185755.8139534884
336149,177968,0.009793103448275862,0.01393103448275862,0.015,157688,113854,185755.8139534884
303728,201283,0.009793103448275862,0.014344827586206896,0.006,163177,146278,182571.42857142858
316963,180758,0.009793103448275862,0.014344827586206896,0.009,161996,133042,182571.42857142858
327998,193616,0.009793103448275862,0.014344827586206896,0.012,155178,122009,182571.42857142858
337370,172395,0.009793103448275862,0.014344827586206896,0.015,158001,112633,182571.42857142858
305699,205363,0.009793103448275862,0.014758620689655172,0.006,160447,144306,179494.38202247192
318599,181981,0.009793103448275862,0.014758620689655172,0.009,160027,131404,179494.38202247192
329387,173028,0.009793103448275862,0.014758620689655172,0.012,159000,120618,179494.38202247192
338538,186907,0.009793103448275862,0.014758620689655172,0.015,152808,111470,179494.38202247192
307643,206131,0.009793103448275862,0.015172413793103448,0.006,158772,142364,176519.33701657457
320211,200614,0.009793103448275862,0.015172413793103448,0.009,154610,129796,176519.33701657457
330804,188018,0.009793103448275862,0.015172413793103448,0.012,153977,119205,176519.33701657457
339681,192625,0.009793103448275862,0.015172413793103448,0.015,150056,110326,176519.33701657457
309502,221799,0.009793103448275862,0.015586206896551724,0.006,154380,140503,173641.3043478261
321827,205294,0.009793103448275862,0.015586206896551724,0.009,152156,128181,173641.3043478261
332040,200512,0.009793103448275862,0.015586206896551724,0.012,149545,117964,173641.3043478261
340819,190885,0.009793103448275862,0.015586206896551724,0.015,149548,109186,173641.3043478261
311323,213342,0.009793103448275862,0.016,0.006,153916,138684,170855.614973262
323264,214929,0.009793103448275862,0.016,0.009,148746,126741,170855.614973262
333346,204852,0.009793103448275862,0.016,0.012,147385,116659,170855.614973262
341927,183568,0.009793103448275862,0.016,0.015,150414,108076,170855.614973262
222581,16950,0.010206896551724139,0.004,0.006,274272,227420,323300.9708737864
251984,15514,0.010206896551724139,0.004,0.009,263747,198019,323300.9708737864
274744,16893,0.010206896551724139,0.004,0.012,256000,175256,323300.9708737864
292672,15737,0.010206896551724139,0.004,0.015,250955,157331,323300.9708737864
227255,16222,0.010206896551724139,0.004413793103448276,0.006,270225,222749,314150.9433962264
255505,14747,0.010206896551724139,0.004413793103448276,0.009,260775,194500,314150.9433962264
277453,17787,0.010206896551724139,0.004413793103448276,0.012,252934,172553,314150.9433962264
294964,19871,0.010206896551724139,0.004413793103448276,0.015,247190,155037,314150.9433962264
231597,23707,0.010206896551724139,0.004827586206896552,0.006,264334,218404,305504.58715596335
258878,20830,0.010206896551724139,0.004827586206896552,0.009,255753,191122,305504.58715596335
280034,24585,0.010206896551724139,0.004827586206896552,0.012,248197,169970,305504.58715596335
297027,27072,0.010206896551724139,0.004827586206896552,0.015,242553,152978,305504.58715596335
235791,28000,0.010206896551724139,0.005241379310344827,0.006,259333,214208,297321.4285714286
262099,32927,0.010206896551724139,0.005241379310344827,0.009,249285,187905,297321.4285714286
282589,25241,0.010206896551724139,0.005241379310344827,0.012,245398,167415,297321.4285714286
299086,27061,0.010206896551724139,0.005241379310344827,0.015,240340,150918,297321.4285714286
239798,44393,0.010206896551724139,0.005655172413793104,0.006,251937,210204,289565.2173913043
265184,35512,0.010206896551724139,0.005655172413793104,0.009,245618,184820,289565.2173913043
285090,27027,0.010206896551724139,0.005655172413793104,0.012,242312,164910,289565.2173913043
301153,32867,0.010206896551724139,0.005655172413793104,0.015,236286,148847,289565.2173913043
243837,59827,0.010206896551724139,0.006068965517241379,0.006,245004,206165,282203.3898305085
268282,34781,0.010206896551724139,0.006068965517241379,0.009,242843,181718,282203.3898305085
287601,39628,0.010206896551724139,0.006068965517241379,0.012,235974,162403,282203.3898305085
303179,40055,0.010206896551724139,0.006068965517241379,0.015,231812,146824,282203.3898305085
247598,57886,0.010206896551724139,0.006482758620689655,0.006,241877,202405,275206.611570248
271195,55305,0.010206896551724139,0.006482758620689655,0.009,234497,178805,275206.611570248
289837,52506,0.010206896551724139,0.006482758620689655,0.012,229828,160167,275206.611570248
305105,45673,0.010206896551724139,0.006482758620689655,0.015,227950,144899,275206.611570248
251119,66052,0.010206896551724139,0.006896551724137931,0.006,236806,198880,268548.3870967742
273962,56513,0.010206896551724139,0.006896551724137931,0.009,231435,176040,268548.3870967742
292120,52787,0.010206896551724139,0.006896551724137931,0.012,227477,157885,268548.3870967742
306886,51810,0.010206896551724139,0.006896551724137931,0.015,223985,143117,268548.3870967742
254690,80304,0.010206896551724139,0.007310344827586207,0.006,230624,195310,262204.7244094488
276723,65993,0.010206896551724139,0.007310344827586207,0.009,226445,173278,262204.7244094488
294339,64009,0.010206896551724139,0.007310344827586207,0.012,221936,155667,262204.7244094488
308727,57673,0.010206896551724139,0.007310344827586207,0.015,220211,141281,262204.7244094488
258041,89263,0.010206896551724139,0.007724137931034483,0.006,225550,191963,256153.84615384613
279370,75455,0.010206896551724139,0.007724137931034483,0.009,221463,170633,256153.84615384613
296479,67858,0.010206896551724139,0.007724137931034483,0.012,218560,153522,256153.84615384613
310499,67098,0.010206896551724139,0.007724137931034483,0.015,215359,139501,256153.84615384613
261333,96766,0.010206896551724139,0.008137931034482758,0.006,220970,188673,250375.93984962406
281958,80642,0.010206896551724139,0.008137931034482758,0.009,217663,168043,250375.93984962406
298561,82086,0.010206896551724139,0.008137931034482758,0.012,212463,151444,250375.93984962406
312269,73573,0.010206896551724139,0.008137931034482758,0.015,211443,137739,250375.93984962406
264402,96699,0.010206896551724139,0.008551724137931035,0.006,218017,185600,244852.94117647057
284487,93613,0.010206896551724139,0.008551724137931035,0.009,212031,165515,244852.94117647057
300638,91327,0.010206896551724139,0.008551724137931035,0.012,207873,149363,244852.94117647057
313892,83287,0.010206896551724139,0.008551724137931035,0.015,206659,136113,244852.94117647057
267452,116407,0.010206896551724139,0.00896551724137931,0.006,211231,182551,239568.345323741
286920,96975,0.010206896551724139,0.00896551724137931,0.009,208816,163082,239568.345323741
302646,94284,0.010206896551724139,0.00896551724137931,0.012,204963,147354,239568.345323741
315623,85193,0.010206896551724139,0.00896551724137931,0.015,204394,134383,239568.345323741
270437,128891,0.010206896551724139,0.009379310344827585,0.006,206305,179564,234507.04225352113
289255,114618,0.010206896551724139,0.009379310344827585,0.009,202330,160748,234507.04225352113
304522,104336,0.010206896551724139,0.009379310344827585,0.012,200330,145482,234507.04225352113
317170,89758,0.010206896551724139,0.009379310344827585,0.015,201334,132839,234507.04225352113
273296,124934,0.010206896551724139,0.009793103448275862,0.006,204308,176706,229655.1724137931
291565,128221,0.010206896551724139,0.009793103448275862,0.009,196951,158440,229655.1724137931
306499,112574,0.010206896551724139,0.009793103448275862,0.012,196197,143507,229655.1724137931
318715,100542,0.010206896551724139,0.009793103448275862,0.015,196437,131289,229655.1724137931
276032,128673,0.010206896551724139,0.010206896551724139,0.006,200904,173972,225000.0
293824,115839,0.010206896551724139,0.010206896551724139,0.009,197652,156178,225000.0
308239,124624,0.010206896551724139,0.010206896551724139,0.012,191065,141764,225000.0
320347,112369,0.010206896551724139,0.010206896551724139,0.015,191215,129659,225000.0
278719,143861,0.010206896551724139,0.010620689655172414,0.006,195707,171285,220529.80132450332
295956,144552,0.010206896551724139,0.010620689655172414,0.009,188835,154049,220529.80132450332
310027,123864,0.010206896551724139,0.010620689655172414,0.012,189452,139975,220529.80132450332
321752,125932,0.010206896551724139,0.010620689655172414,0.015,185657,128253,220529.80132450332
281429,146118,0.010206896551724139,0.011034482758620689,0.006,192763,168576,216233.76623376628
298152,140474,0.010206896551724139,0.011034482758620689,0.009,187748,151850,216233.76623376628
311766,131316,0.010206896551724139,0.011034482758620689,0.012,185723,138241,216233.76623376628
323214,117976,0.010206896551724139,0.011034482758620689,0.015,186604,126791,216233.76623376628
283841,153944,0.010206896551724139,0.011448275862068966,0.006,189106,166163,212101.91082802543
300180,138711,0.010206896551724139,0.011448275862068966,0.009,186333,149820,212101.91082802543
313467,136699,0.010206896551724139,0.011448275862068966,0.012,182704,136540,212101.91082802543
324676,137832,0.010206896551724139,0.011448275862068966,0.015,179236,125332,212101.91082802543
286403,153964,0.010206896551724139,0.01186206896551724,0.006,186885,163600,208124.99999999997
302165,145603,0.010206896551724139,0.01186206896551724,0.009,182889,147835,208124.99999999997
315134,141686,0.010206896551724139,0.01186206896551724,0.012,179739,134872,208124.99999999997
326125,144057,0.010206896551724139,0.01186206896551724,0.015,176015,123876,208124.99999999997
288733,170517,0.010206896551724139,0.012275862068965518,0.006,181682,161267,204294.47852760734
304037,151078,0.010206896551724139,0.012275862068965518,0.009,179776,145964,204294.47852760734
316783,153191,0.010206896551724139,0.012275862068965518,0.012,175193,133225,204294.47852760734
327417,148289,0.010206896551724139,0.012275862068965518,0.015,173385,122587,204294.47852760734
290976,173497,0.010206896551724139,0.012689655172413793,0.006,178877,159029,200602.40963855427
305949,167707,0.010206896551724139,0.012689655172413793,0.009,174168,144056,200602.40963855427
318322,151868,0.010206896551724139,0.012689655172413793,0.012,173935,131680,200602.40963855427
328840,156581,0.010206896551724139,0.012689655172413793,0.015,169689,121166,200602.40963855427
293252,176392,0.010206896551724139,0.01310344827586207,0.006,176351,156755,197041.42011834317
307773,166501,0.010206896551724139,0.01310344827586207,0.009,172769,142229,197041.42011834317
319869,165942,0.010206896551724139,0.01310344827586207,0.012,168906,130135,197041.42011834317
330039,154680,0.010206896551724139,0.01310344827586207,0.015,169024,119967,197041.42011834317
295407,171063,0.010206896551724139,0.013517241379310345,0.006,175135,154594,193604.65116279072
309648,172906,0.010206896551724139,0.013517241379310345,0.009,169682,140359,193604.65116279072
321388,167811,0.010206896551724139,0.013517241379310345,0.012,166963,128615,193604.65116279072
331350,175954,0.010206896551724139,0.013517241379310345,0.015,161762,118653,193604.65116279072
297640,180445,0.010206896551724139,0.01393103448275862,0.006,171726,152365,190285.7142857143
311392,185359,0.010206896551724139,0.01393103448275862,0.009,165363,138608,190285.7142857143
322873,170234,0.010206896551724139,0.01393103448275862,0.012,164964,127130,190285.7142857143
332599,168846,0.010206896551724139,0.01393103448275862,0.015,162501,117406,190285.7142857143
299663,188442,0.010206896551724139,0.014344827586206896,0.006,168404,150345,187078.65168539324
313104,182128,0.010206896551724139,0.014344827586206896,0.009,164468,136896,187078.65168539324
324295,185722,0.010206896551724139,0.014344827586206896,0.012,159613,125709,187078.65168539324
333858,180073,0.010206896551724139,0.014344827586206896,0.015,158161,116149,187078.65168539324
301682,187354,0.010206896551724139,0.014758620689655172,0.006,166697,148326,183977.9005524862
314730,195498,0.010206896551724139,0.014758620689655172,0.009,160074,135273,183977.9005524862
325684,182567,0.010206896551724139,0.014758620689655172,0.012,159028,124319,183977.9005524862
335010,177648,0.010206896551724139,0.014758620689655172,0.015,157655,114992,183977.9005524862
303665,200399,0.010206896551724139,0.015172413793103448,0.006,162912,146337,180978.2608695652
316349,202459,0.010206896551724139,0.015172413793103448,0.009,157094,133655,180978.2608695652
327156,198287,0.010206896551724139,0.015172413793103448,0.012,153847,122846,180978.2608695652
336270,183357,0.010206896551724139,0.015172413793103448,0.015,154921,113737,180978.2608695652
305460,210487,0.010206896551724139,0.015586206896551724,0.006,159436,144544,178074.86631016043
318030,197341,0.010206896551724139,0.015586206896551724,0.009,156703,131976,178074.86631016043
328423,186493,0.010206896551724139,0.015586206896551724,0.012,155514,121582,178074.86631016043
337341,197292,0.010206896551724139,0.015586206896551724,0.015,149965,112665,178074.86631016043
307324,217534,0.010206896551724139,0.016,0.006,156570,142682,175263.15789473683
319502,203184,0.010206896551724139,0.016,0.009,153888,130501,175263.15789473683
329824,197952,0.010206896551724139,0.016,0.012,151512,120182,175263.15789473683
338529,198993,0.010206896551724139,0.016,0.015,148364,111480,175263.15789473683
218117,18781,0.010620689655172414,0.004,0.006,276564,231883,326886.7924528302
247576,12836,0.010620689655172414,0.004,0.009,266897,202425,326886.7924528302
270475,13122,0.010620689655172414,0.004,0.012,259222,179525,326886.7924528302
288613,15031,0.010620689655172414,0.004,0.015,253044,161389,326886.7924528302
222748,16661,0.010620689655172414,0.004413793103448276,0.006,272676,227252,317889.90825688076
251167,18243,0.010620689655172414,0.004413793103448276,0.009,262090,198833,317889.90825688076
273160,19551,0.010620689655172414,0.004413793103448276,0.012,254443,176843,317889.90825688076
290867,18933,0.010620689655172414,0.004413793103448276,0.015,249374,159140,317889.90825688076
227109,22181,0.010620689655172414,0.004827586206896552,0.006,267552,222893,309375.0
254432,15736,0.010620689655172414,0.004827586206896552,0.009,259472,195571,309375.0
275809,19097,0.010620689655172414,0.004827586206896552,0.012,251978,174194,309375.0
292970,20095,0.010620689655172414,0.004827586206896552,0.015,246759,157034,309375.0
231392,30430,0.010620689655172414,0.005241379310344827,0.006,261735,218611,301304.347826087
257704,24563,0.010620689655172414,0.005241379310344827,0.009,253957,192297,301304.347826087
278470,23446,0.010620689655172414,0.005241379310344827,0.012,248008,171536,301304.347826087
295076,26157,0.010620689655172414,0.005241379310344827,0.015,242474,154927,301304.347826087
235416,46772,0.010620689655172414,0.005655172413793104,0.006,254495,214586,293644.0677966102
260943,29274,0.010620689655172414,0.005655172413793104,0.009,249700,189058,293644.0677966102
280978,30343,0.010620689655172414,0.005655172413793104,0.012,243377,169022,293644.0677966102
297121,26277,0.010620689655172414,0.005655172413793104,0.015,240292,152884,293644.0677966102
239322,48678,0.010620689655172414,0.006068965517241379,0.006,250291,210679,286363.63636363635
263891,35746,0.010620689655172414,0.006068965517241379,0.009,244990,186110,286363.63636363635
283363,28478,0.010620689655172414,0.006068965517241379,0.012,241468,166639,286363.63636363635
299117,34813,0.010620689655172414,0.006068965517241379,0.015,235379,150887,286363.63636363635
243161,53794,0.010620689655172414,0.006482758620689655,0.006,245661,206840,279435.48387096776
266943,52595,0.010620689655172414,0.006482758620689655,0.009,237844,183060,279435.48387096776
285713,47240,0.010620689655172414,0.006482758620689655,0.012,233595,164288,279435.48387096776
301067,41662,0.010620689655172414,0.006482758620689655,0.015,231163,148938,279435.48387096776
246705,70111,0.010620689655172414,0.006896551724137931,0.006,239058,203298,272834.6456692914
269698,51876,0.010620689655172414,0.006896551724137931,0.009,235290,180306,272834.6456692914
288016,47593,0.010620689655172414,0.006896551724137931,0.012,231133,161989,272834.6456692914
302966,48484,0.010620689655172414,0.006896551724137931,0.015,226950,147041,272834.6456692914
250211,74864,0.010620689655172414,0.007310344827586207,0.006,234765,199792,266538.4615384615
272468,59054,0.010620689655172414,0.007310344827586207,0.009,230652,177536,266538.4615384615
290343,54889,0.010620689655172414,0.007310344827586207,0.012,226781,159662,266538.4615384615
304878,51967,0.010620689655172414,0.007310344827586207,0.015,223934,145122,266538.4615384615
253651,73534,0.010620689655172414,0.007724137931034483,0.006,231697,196350,260526.31578947365
275155,62511,0.010620689655172414,0.007724137931034483,0.009,227260,174848,260526.31578947365
292483,68709,0.010620689655172414,0.007724137931034483,0.012,220676,157520,260526.31578947365
306703,64306,0.010620689655172414,0.007724137931034483,0.015,218200,143303,260526.31578947365
256977,91657,0.010620689655172414,0.008137931034482758,0.006,225151,193023,254779.4117647059
277859,84830,0.010620689655172414,0.008137931034482758,0.009,219220,172143,254779.4117647059
294637,75191,0.010620689655172414,0.008137931034482758,0.012,216648,155363,254779.4117647059
308423,69841,0.010620689655172414,0.008137931034482758,0.015,214690,141585,254779.4117647059
260150,89999,0.010620689655172414,0.008551724137931035,0.006,222336,189851,249280.57553956835
280285,86087,0.010620689655172414,0.008551724137931035,0.009,216398,169719,249280.57553956835
296631,80295,0.010620689655172414,0.008551724137931035,0.012,213134,153374,249280.57553956835
310105,75452,0.010620689655172414,0.008551724137931035,0.015,211052,139897,249280.57553956835
263167,107179,0.010620689655172414,0.00896551724137931,0.006,216223,186834,244014.08450704222
282749,95292,0.010620689655172414,0.00896551724137931,0.009,211895,167256,244014.08450704222
298641,92559,0.010620689655172414,0.00896551724137931,0.012,207825,151361,244014.08450704222
311760,90683,0.010620689655172414,0.00896551724137931,0.015,204800,138244,244014.08450704222
266145,111575,0.010620689655172414,0.009379310344827585,0.006,212496,183856,238965.51724137933
285121,108750,0.010620689655172414,0.009379310344827585,0.009,206384,164881,238965.51724137933
300592,96630,0.010620689655172414,0.009379310344827585,0.012,204729,149413,238965.51724137933
313404,87251,0.010620689655172414,0.009379310344827585,0.015,204157,136600,238965.51724137933
269047,129410,0.010620689655172414,0.009793103448275862,0.006,206506,180958,234121.6216216216
287505,92023,0.010620689655172414,0.009793103448275862,0.009,208005,162501,234121.6216216216
302529,101265,0.010620689655172414,0.009793103448275862,0.012,201542,147471,234121.6216216216
314981,92310,0.010620689655172414,0.009793103448275862,0.015,200951,135020,234121.6216216216
271777,112838,0.010620689655172414,0.010206896551724139,0.006,206992,178227,229470.1986754967
289776,120887,0.010620689655172414,0.010206896551724139,0.009,199110,160224,229470.1986754967
304418,112998,0.010620689655172414,0.010206896551724139,0.012,196496,145589,229470.1986754967
316643,100195,0.010620689655172414,0.010206896551724139,0.015,196918,133363,229470.1986754967
274519,141655,0.010620689655172414,0.010620689655172414,0.006,199336,175486,225000.0
291967,121759,0.010620689655172414,0.010620689655172414,0.009,196788,158033,225000.0
306167,111259,0.010620689655172414,0.010620689655172414,0.012,195154,143838,225000.0
318055,119654,0.010620689655172414,0.010620689655172414,0.015,189690,131950,225000.0
277203,147535,0.010620689655172414,0.011034482758620689,0.006,195769,172798,220700.63694267513
294108,133190,0.010620689655172414,0.011034482758620689,0.009,192131,155898,220700.63694267513
307971,135863,0.010620689655172414,0.011034482758620689,0.012,186910,142037,220700.63694267513
319568,110973,0.010620689655172414,0.011034482758620689,0.015,190631,130436,220700.63694267513
279667,152162,0.010620689655172414,0.011448275862068966,0.006,192577,170336,216562.49999999997
296211,153578,0.010620689655172414,0.011448275862068966,0.009,185671,153792,216562.49999999997
309747,122852,0.010620689655172414,0.011448275862068966,0.012,188761,140259,216562.49999999997
321024,128508,0.010620689655172414,0.011448275862068966,0.015,184154,128981,216562.49999999997
282135,158572,0.010620689655172414,0.01186206896551724,0.006,189103,167869,212576.6871165644
298186,149690,0.010620689655172414,0.01186206896551724,0.009,184572,151814,212576.6871165644
311396,136478,0.010620689655172414,0.01186206896551724,0.012,183386,138604,212576.6871165644
322494,126343,0.010620689655172414,0.01186206896551724,0.015,183218,127506,212576.6871165644
284541,166184,0.010620689655172414,0.012275862068965518,0.006,185570,165464,208734.9397590361
300102,156788,0.010620689655172414,0.012275862068965518,0.009,181140,149903,208734.9397590361
312983,145806,0.010620689655172414,0.012275862068965518,0.012,179521,137024,208734.9397590361
323833,150287,0.010620689655172414,0.012275862068965518,0.015,175034,126174,208734.9397590361
286978,174023,0.010620689655172414,0.012689655172413793,0.006,182023,163027,205029.58579881655
302105,157046,0.010620689655172414,0.012689655172413793,0.009,179188,147901,205029.58579881655
314692,155507,0.010620689655172414,0.012689655172413793,0.012,175383,135313,205029.58579881655
325234,148976,0.010620689655172414,0.012689655172413793,0.015,174054,124766,205029.58579881655
289145,180805,0.010620689655172414,0.01310344827586207,0.006,178837,160859,201453.488372093
303891,163443,0.010620689655172414,0.01310344827586207,0.009,176076,146112,201453.488372093
316157,154578,0.010620689655172414,0.01310344827586207,0.012,174114,133850,201453.488372093
326540,159427,0.010620689655172414,0.01310344827586207,0.015,169742,123465,201453.488372093
291445,178697,0.010620689655172414,0.013517241379310345,0.006,177153,158556,198000.0
305809,177857,0.010620689655172414,0.013517241379310345,0.009,171401,144195,198000.0
317788,156985,0.010620689655172414,0.013517241379310345,0.012,172099,132215,198000.0
327842,158797,0.010620689655172414,0.013517241379310345,0.015,168624,122163,198000.0
293562,168595,0.010620689655172414,0.01393103448275862,0.006,176793,156445,194662.92134831462
307496,172369,0.010620689655172414,0.01393103448275862,0.009,170856,142507,194662.92134831462
319198,168843,0.010620689655172414,0.01393103448275862,0.012,167691,130806,194662.92134831462
329178,162318,0.010620689655172414,0.01393103448275862,0.015,166356,120831,194662.92134831462
295623,181476,0.010620689655172414,0.014344827586206896,0.006,172631,154384,191436.46408839777
309229,174137,0.010620689655172414,0.014344827586206896,0.009,168721,140775,191436.46408839777
320652,164526,0.010620689655172414,0.014344827586206896,0.012,167248,129355,191436.46408839777
330432,174395,0.010620689655172414,0.014344827586206896,0.015,161865,119569,191436.46408839777
297710,192050,0.010620689655172414,0.014758620689655172,0.006,169027,152296,188315.21739130435
310942,198752,0.010620689655172414,0.014758620689655172,0.009,162170,139063,188315.21739130435
322095,176061,0.010620689655172414,0.014758620689655172,0.012,163068,127910,188315.21739130435
331593,179262,0.010620689655172414,0.014758620689655172,0.015,159316,118412,188315.21739130435
299713,190460,0.010620689655172414,0.015172413793103448,0.006,167449,150289,185294.1176470588
312640,182965,0.010620689655172414,0.015172413793103448,0.009,163849,137360,185294.1176470588
323561,185339,0.010620689655172414,0.015172413793103448,0.012,159453,126439,185294.1176470588
332809,168847,0.010620689655172414,0.015172413793103448,0.015,160896,117197,185294.1176470588
301544,206076,0.010620689655172414,0.015586206896551724,0.006,163349,148460,182368.42105263157
314238,196893,0.010620689655172414,0.015586206896551724,0.009,159333,135770,182368.42105263157
324902,190854,0.010620689655172414,0.015586206896551724,0.012,156803,125107,182368.42105263157
334028,187062,0.010620689655172414,0.015586206896551724,0.015,154882,115981,182368.42105263157
303442,204180,0.010620689655172414,0.016,0.006,161684,146563,179533.67875647664
315847,203684,0.010620689655172414,0.016,0.009,156564,134162,179533.67875647664
326247,181942,0.010620689655172414,0.016,0.012,157716,123753,179533.67875647664
335106,188613,0.010620689655172414,0.016,0.015,153389,114898,179533.67875647664
213915,10633,0.011034482758620689,0.004,0.006,280959,236089,330275.2293577981
243331,12118,0.011034482758620689,0.004,0.009,269300,206668,330275.2293577981
266348,14526,0.011034482758620689,0.004,0.012,260774,183658,330275.2293577981
284628,14892,0.011034482758620689,0.004,0.015,254849,165377,330275.2293577981
218456,17639,0.011034482758620689,0.004413793103448276,0.006,275306,231544,321428.5714285714
246864,18163,0.011034482758620689,0.004413793103448276,0.009,264448,203138,321428.5714285714
269070,19849,0.011034482758620689,0.004413793103448276,0.012,256393,180935,321428.5714285714
286857,15624,0.011034482758620689,0.004413793103448276,0.015,252313,163147,321428.5714285714
222878,22849,0.011034482758620689,0.004827586206896552,0.006,270033,227122,313043.47826086957
250252,20742,0.011034482758620689,0.004827586206896552,0.009,260434,199753,313043.47826086957
271716,18565,0.011034482758620689,0.004827586206896552,0.012,254146,178289,313043.47826086957
289054,18253,0.011034482758620689,0.004827586206896552,0.015,249166,160947,313043.47826086957
226984,29074,0.011034482758620689,0.005241379310344827,0.006,264749,223017,305084.74576271186
253508,22883,0.011034482758620689,0.005241379310344827,0.009,256698,196496,305084.74576271186
274424,23266,0.011034482758620689,0.005241379310344827,0.012,250162,175579,305084.74576271186
291201,21069,0.011034482758620689,0.005241379310344827,0.015,245962,158801,305084.74576271186
231090,42456,0.011034482758620689,0.005655172413793104,0.006,258152,218914,297520.66115702473
256656,27332,0.011034482758620689,0.005655172413793104,0.009,252537,193348,297520.66115702473
276892,24122,0.011034482758620689,0.005655172413793104,0.012,247317,173109,297520.66115702473
293249,29797,0.011034482758620689,0.005655172413793104,0.015,241025,156752,297520.66115702473
234995,49304,0.011034482758620689,0.006068965517241379,0.006,252973,215004,290322.58064516133
259765,35747,0.011034482758620689,0.006068965517241379,0.009,247359,190241,290322.58064516133
279311,32383,0.011034482758620689,0.006068965517241379,0.012,242454,170692,290322.58064516133
295255,37254,0.011034482758620689,0.006068965517241379,0.015,236522,154749,290322.58064516133
238871,42845,0.011034482758620689,0.006482758620689655,0.006,250731,211134,283464.56692913384
262690,40784,0.011034482758620689,0.006482758620689655,0.009,243286,187315,283464.56692913384
281793,38033,0.011034482758620689,0.006482758620689655,0.012,238325,168213,283464.56692913384
297308,34707,0.011034482758620689,0.006482758620689655,0.015,235259,152698,283464.56692913384
242507,51139,0.011034482758620689,0.006896551724137931,0.006,245710,207493,276923.07692307694
265652,52055,0.011034482758620689,0.006896551724137931,0.009,237569,184351,276923.07692307694
284060,42977,0.011034482758620689,0.006896551724137931,0.012,234624,165941,276923.07692307694
299161,44906,0.011034482758620689,0.006896551724137931,0.015,229984,150843,276923.07692307694
245938,65135,0.011034482758620689,0.007310344827586207,0.006,239542,204064,270676.6917293233
268363,57590,0.011034482758620689,0.007310344827586207,0.009,233587,181638,270676.6917293233
286298,59425,0.011034482758620689,0.007310344827586207,0.012,227625,163705,270676.6917293233
301040,44322,0.011034482758620689,0.007310344827586207,0.015,228203,148962,270676.6917293233
249376,79260,0.011034482758620689,0.007724137931034483,0.006,233673,200628,264705.88235294115
271108,74081,0.011034482758620689,0.007724137931034483,0.009,226828,178898,264705.88235294115
288501,64308,0.011034482758620689,0.007724137931034483,0.012,224032,161504,264705.88235294115
302854,52442,0.011034482758620689,0.007724137931034483,0.015,223821,147147,264705.88235294115
252651,86794,0.011034482758620689,0.008137931034482758,0.006,229119,197352,258992.80575539565
273666,83337,0.011034482758620689,0.008137931034482758,0.009,222050,176337,258992.80575539565
290657,70249,0.011034482758620689,0.008137931034482758,0.012,220285,159346,258992.80575539565
304677,64171,0.011034482758620689,0.008137931034482758,0.015,218376,145323,258992.80575539565
255883,87910,0.011034482758620689,0.008551724137931035,0.006,225883,194118,253521.12676056338
276279,83624,0.011034482758620689,0.008551724137931035,0.009,219559,173727,253521.12676056338
292821,71734,0.011034482758620689,0.008551724137931035,0.012,217804,157185,253521.12676056338
306373,63721,0.011034482758620689,0.008551724137931035,0.015,216660,143630,253521.12676056338
258994,100163,0.011034482758620689,0.00896551724137931,0.006,220464,191011,248275.86206896548
278801,89331,0.011034482758620689,0.00896551724137931,0.009,215802,171205,248275.86206896548
294727,85474,0.011034482758620689,0.00896551724137931,0.012,211915,155277,248275.86206896548
308079,70433,0.011034482758620689,0.00896551724137931,0.015,212886,141926,248275.86206896548
261991,103567,0.011034482758620689,0.009379310344827585,0.006,217107,188009,243243.24324324323
281121,100465,0.011034482758620689,0.009379310344827585,0.009,210960,168883,243243.24324324323
296746,89337,0.011034482758620689,0.009379310344827585,0.012,208876,153259,243243.24324324323
309741,81057,0.011034482758620689,0.009379310344827585,0.015,207913,140264,243243.24324324323
264941,110446,0.011034482758620689,0.009793103448275862,0.006,213098,185064,238410.59602649004
283456,106491,0.011034482758620689,0.009793103448275862,0.009,207256,166547,238410.59602649004
298706,101281,0.011034482758620689,0.009793103448275862,0.012,203910,151297,238410.59602649004
311407,97234,0.011034482758620689,0.009793103448275862,0.015,201501,138602,238410.59602649004
267664,126306,0.011034482758620689,0.010206896551724139,0.006,207678,182337,233766.23376623378
285784,121114,0.011034482758620689,0.010206896551724139,0.009,201807,164217,233766.23376623378
300622,108137,0.011034482758620689,0.010206896551724139,0.012,200086,149386,233766.23376623378
312938,96813,0.011034482758620689,0.010206896551724139,0.015,199998,137066,233766.23376623378
270408,121374,0.011034482758620689,0.010620689655172414,0.006,206050,179597,229299.3630573248
288012,116446,0.011034482758620689,0.010620689655172414,0.009,200696,161988,229299.3630573248
302501,107652,0.011034482758620689,0.010620689655172414,0.012,198485,147504,229299.3630573248
314573,110374,0.011034482758620689,0.010620689655172414,0.015,194425,135433,229299.3630573248
273112,130359,0.011034482758620689,0.011034482758620689,0.006,201792,176889,225000.0
290200,128320,0.011034482758620689,0.011034482758620689,0.009,195995,159800,225000.0
304287,116995,0.011034482758620689,0.011034482758620689,0.012,194200,145716,225000.0
316002,119624,0.011034482758620689,0.011034482758620689,0.015,190178,134000,225000.0
275604,152036,0.011034482758620689,0.011448275862068966,0.006,195735,174398,220858.89570552146
292247,150044,0.011034482758620689,0.011448275862068966,0.009,189026,157760,220858.89570552146
305947,127197,0.011034482758620689,0.011448275862068966,0.012,189851,144055,220858.89570552146
317482,120428,0.011034482758620689,0.011448275862068966,0.015,188499,132523,220858.89570552146
278103,145120,0.011034482758620689,0.01186206896551724,0.006,194441,171902,216867.46987951803
294363,131619,0.011034482758620689,0.01186206896551724,0.009,191266,155640,216867.46987951803
307752,112356,0.011034482758620689,0.01186206896551724,0.012,192042,142251,216867.46987951803
319014,115833,0.011034482758620689,0.01186206896551724,0.015,188336,130989,216867.46987951803
280624,152864,0.011034482758620689,0.012275862068965518,0.006,190955,169379,213017.7514792899
296249,154462,0.011034482758620689,0.012275862068965518,0.009,184372,153756,213017.7514792899
309372,148041,0.011034482758620689,0.012275862068965518,0.012,181252,140637,213017.7514792899
320319,135099,0.011034482758620689,0.012275862068965518,0.015,181380,129685,213017.7514792899
282881,173643,0.011034482758620689,0.012689655172413793,0.006,185276,167123,209302.32558139536
298272,146548,0.011034482758620689,0.012689655172413793,0.009,184329,151734,209302.32558139536
310950,136992,0.011034482758620689,0.012689655172413793,0.012,182536,139054,209302.32558139536
321745,145287,0.011034482758620689,0.012689655172413793,0.015,177216,128255,209302.32558139536
285270,147430,0.011034482758620689,0.01310344827586207,0.006,187359,164736,205714.2857142857
300117,159291,0.011034482758620689,0.01310344827586207,0.009,179701,149885,205714.2857142857
312636,151176,0.011034482758620689,0.01310344827586207,0.012,177283,137367,205714.2857142857
323084,147330,0.011034482758620689,0.01310344827586207,0.015,175240,126923,205714.2857142857
287413,166472,0.011034482758620689,0.013517241379310345,0.006,182268,162592,202247.19101123593
301993,164050,0.011034482758620689,0.013517241379310345,0.009,176865,148015,202247.19101123593
314105,156367,0.011034482758620689,0.013517241379310345,0.012,174540,135900,202247.19101123593
324411,154213,0.011034482758620689,0.013517241379310345,0.015,172057,125594,202247.19101123593
289581,197114,0.011034482758620689,0.01393103448275862,0.006,175303,160422,198895.0276243094
303774,173850,0.011034482758620689,0.01393103448275862,0.009,173186,146233,198895.0276243094
315639,164381,0.011034482758620689,0.01393103448275862,0.012,171198,134364,198895.0276243094
325793,159735,0.011034482758620689,0.01393103448275862,0.015,169248,124213,198895.0276243094
291695,168838,0.011034482758620689,0.014344827586206896,0.006,177814,158308,195652.17391304343
305580,183483,0.011034482758620689,0.014344827586206896,0.009,169417,144428,195652.17391304343
317138,180498,0.011034482758620689,0.014344827586206896,0.012,165813,132862,195652.17391304343
326988,156485,0.011034482758620689,0.014344827586206896,0.015,168830,123018,195652.17391304343
293777,193919,0.011034482758620689,0.014758620689655172,0.006,171948,156229,192513.36898395722
307229,175630,0.011034482758620689,0.014758620689655172,0.009,169611,142775,192513.36898395722
318621,164803,0.011034482758620689,0.014758620689655172,0.012,168212,131387,192513.36898395722
328301,168325,0.011034482758620689,0.014758620689655172,0.015,164428,121708,192513.36898395722
295800,190200,0.011034482758620689,0.015172413793103448,0.006,170614,154206,189473.6842105263
308908,194813,0.011034482758620689,0.015172413793103448,0.009,164026,141096,189473.6842105263
320073,179635,0.011034482758620689,0.015172413793103448,0.012,163187,129933,189473.6842105263
329504,170309,0.011034482758620689,0.015172413793103448,0.015,162657,120504,189473.6842105263
297742,182582,0.011034482758620689,0.015586206896551724,0.006,169868,152259,186528.49740932643
310544,189546,0.011034482758620689,0.015586206896551724,0.009,163629,139459,186528.49740932643
321440,179074,0.011034482758620689,0.015586206896551724,0.012,162059,128569,186528.49740932643
330650,165616,0.011034482758620689,0.015586206896551724,0.015,162696,119352,186528.49740932643
299648,218068,0.011034482758620689,0.016,0.006,162675,150359,183673.4693877551
312145,192360,0.011034482758620689,0.016,0.009,161499,137862,183673.4693877551
322795,190880,0.011034482758620689,0.016,0.012,157953,127205,183673.4693877551
331827,183308,0.011034482758620689,0.016,0.015,156822,118178,183673.4693877551
209820,11576,0.011448275862068966,0.004,0.006,283380,240181,333482.1428571429
239197,13962,0.011448275862068966,0.004,0.009,271052,210806,333482.1428571429
262241,14276,0.011448275862068966,0.004,0.012,262874,187763,333482.1428571429
280809,10925,0.011448275862068966,0.004,0.015,257948,169191,333482.1428571429
214332,13880,0.011448275862068966,0.004413793103448276,0.006,278627,235669,324782.6086956522
242752,13430,0.011448275862068966,0.004413793103448276,0.009,267904,207249,324782.6086956522
265062,14249,0.011448275862068966,0.004413793103448276,0.012,260098,184943,324782.6086956522
283083,14110,0.011448275862068966,0.004413793103448276,0.015,254576,166923,324782.6086956522
218677,27687,0.011448275862068966,0.004827586206896552,0.006,271609,231321,316525.4237288136
246202,20900,0.011448275862068966,0.004827586206896552,0.009,262789,203801,316525.4237288136
267826,17356,0.011448275862068966,0.004827586206896552,0.012,256553,182180,316525.4237288136
285275,15310,0.011448275862068966,0.004827586206896552,0.015,251904,164730,316525.4237288136
222891,23401,0.011448275862068966,0.005241379310344827,0.006,268538,227111,308677.68595041323
249490,25348,0.011448275862068966,0.005241379310344827,0.009,258441,200512,308677.68595041323
270466,18814,0.011448275862068966,0.005241379310344827,0.012,253488,179537,308677.68595041323
287369,22310,0.011448275862068966,0.005241379310344827,0.015,247410,162636,308677.68595041323
227001,33732,0.011448275862068966,0.005655172413793104,0.006,262707,222999,301209.67741935485
252653,27683,0.011448275862068966,0.005655172413793104,0.009,254688,197352,301209.67741935485
272907,21804,0.011448275862068966,0.005655172413793104,0.012,250034,177096,301209.67741935485
289497,27338,0.011448275862068966,0.005655172413793104,0.015,243605,160506,301209.67741935485
230871,39758,0.011448275862068966,0.006068965517241379,0.006,257779,219132,294094.4881889764
255671,34023,0.011448275862068966,0.006068965517241379,0.009,250188,194334,294094.4881889764
275459,31050,0.011448275862068966,0.006068965517241379,0.012,244852,174547,294094.4881889764
291608,27061,0.011448275862068966,0.006068965517241379,0.015,241625,158397,294094.4881889764
234640,57448,0.011448275862068966,0.006482758620689655,0.006,250547,215363,287307.6923076923
258667,38994,0.011448275862068966,0.006482758620689655,0.009,246145,191334,287307.6923076923
277908,32601,0.011448275862068966,0.006482758620689655,0.012,241970,172098,287307.6923076923
293493,33939,0.011448275862068966,0.006482758620689655,0.015,237295,156511,287307.6923076923
238400,56221,0.011448275862068966,0.006896551724137931,0.006,247519,211603,280827.06766917295
261525,47325,0.011448275862068966,0.006896551724137931,0.009,241218,188478,280827.06766917295
280191,41878,0.011448275862068966,0.006896551724137931,0.012,237013,169814,280827.06766917295
295434,40336,0.011448275862068966,0.006896551724137931,0.015,233271,154570,280827.06766917295
241936,66017,0.011448275862068966,0.007310344827586207,0.006,242255,208064,274632.3529411765
264434,54067,0.011448275862068966,0.007310344827586207,0.009,236820,185567,274632.3529411765
282451,51183,0.011448275862068966,0.007310344827586207,0.012,232077,167551,274632.3529411765
297353,43754,0.011448275862068966,0.007310344827586207,0.015,230288,152649,274632.3529411765
245264,64078,0.011448275862068966,0.007724137931034483,0.006,239297,204739,268705.035971223
267073,64949,0.011448275862068966,0.007724137931034483,0.009,231583,182930,268705.035971223
284766,53907,0.011448275862068966,0.007724137931034483,0.012,229073,165237,268705.035971223
299271,53900,0.011448275862068966,0.007724137931034483,0.015,225270,150729,268705.035971223
248588,74371,0.011448275862068966,0.008137931034482758,0.006,234320,201416,263028.1690140845
269768,74098,0.011448275862068966,0.008137931034482758,0.009,226867,180238,263028.1690140845
286839,63299,0.011448275862068966,0.008137931034482758,0.012,224363,163162,263028.1690140845
301001,59381,0.011448275862068966,0.008137931034482758,0.015,221703,149004,263028.1690140845
251818,87394,0.011448275862068966,0.008551724137931035,0.006,228908,198187,257586.20689655174
272350,76234,0.011448275862068966,0.008551724137931035,0.009,223889,177656,257586.20689655174
288955,69566,0.011448275862068966,0.008551724137931035,0.012,220606,161048,257586.20689655174
302764,63965,0.011448275862068966,0.008551724137931035,0.015,218512,147241,257586.20689655174
254922,94579,0.011448275862068966,0.00896551724137931,0.006,224684,195079,252364.86486486485
274873,91146,0.011448275862068966,0.00896551724137931,0.009,217881,175127,252364.86486486485
291095,90814,0.011448275862068966,0.00896551724137931,0.012,212793,158909,252364.86486486485
304516,68783,0.011448275862068966,0.00896551724137931,0.015,215296,145492,252364.86486486485
257901,97069,0.011448275862068966,0.009379310344827585,0.006,221342,192103,247350.99337748345
277218,96634,0.011448275862068966,0.009379310344827585,0.009,214382,172787,247350.99337748345
293007,83738,0.011448275862068966,0.009379310344827585,0.012,212703,156998,247350.99337748345
306245,76070,0.011448275862068966,0.009379310344827585,0.015,211299,143759,247350.99337748345
260817,103774,0.011448275862068966,0.009793103448275862,0.006,217350,189186,242532.46753246753
279604,98335,0.011448275862068966,0.009793103448275862,0.009,211769,170401,242532.46753246753
295020,97696,0.011448275862068966,0.009793103448275862,0.012,206981,154980,242532.46753246753
307807,86062,0.011448275862068966,0.009793103448275862,0.015,206787,142195,242532.46753246753
263741,131794,0.011448275862068966,0.010206896551724139,0.006,209636,186261,237898.08917197454
281876,113637,0.011448275862068966,0.010206896551724139,0.009,205950,168125,237898.08917197454
296973,106211,0.011448275862068966,0.010206896551724139,0.012,202927,153027,237898.08917197454
309488,91936,0.011448275862068966,0.010206896551724139,0.015,203393,140515,237898.08917197454
266387,125089,0.011448275862068966,0.010620689655172414,0.006,208262,183616,233437.50000000003
284118,119594,0.011448275862068966,0.010620689655172414,0.009,202603,165885,233437.50000000003
298740,105952,0.011448275862068966,0.010620689655172414,0.012,201171,151261,233437.50000000003
310977,93376,0.011448275862068966,0.010620689655172414,0.015,201303,139027,233437.50000000003
269062,136071,0.011448275862068966,0.011034482758620689,0.006,203956,180942,229141.10429447857
286312,119927,0.011448275862068966,0.011034482758620689,0.009,200499,163689,229141.10429447857
300600,111226,0.011448275862068966,0.011034482758620689,0.012,198030,149400,229141.10429447857
312507,112056,0.011448275862068966,0.011034482758620689,0.015,194421,137498,229141.10429447857
271653,137354,0.011448275862068966,0.011448275862068966,0.006,201131,178349,224999.99999999997
288423,132713,0.011448275862068966,0.011448275862068966,0.009,195558,161583,224999.99999999997
302320,116698,0.011448275862068966,0.011448275862068966,0.012,194791,147684,224999.99999999997
314084,115083,0.011448275862068966,0.011448275862068966,0.015,192087,135917,224999.99999999997
274152,139977,0.011448275862068966,0.01186206896551724,0.006,198286,175851,221005.9171597633
290506,118297,0.011448275862068966,0.01186206896551724,0.009,196792,159499,221005.9171597633
304145,127310,0.011448275862068966,0.01186206896551724,0.012,190366,145859,221005.9171597633
315505,122551,0.011448275862068966,0.01186206896551724,0.015,188478,134503,221005.9171597633
276650,138279,0.011448275862068966,0.012275862068965518,0.006,196505,173353,217151.16279069768
292541,133937,0.011448275862068966,0.012275862068965518,0.009,191325,157460,217151.16279069768
305788,125492,0.011448275862068966,0.012275862068965518,0.012,189310,144212,217151.16279069768
316977,130380,0.011448275862068966,0.012275862068965518,0.015,184849,133025,217151.16279069768
279007,149213,0.011448275862068966,0.012689655172413793,0.006,192389,170998,213428.57142857148
294498,136079,0.011448275862068966,0.012689655172413793,0.009,189022,155510,213428.57142857148
307481,139660,0.011448275862068966,0.012689655172413793,0.012,184155,142525,213428.57142857148
318406,138209,0.011448275862068966,0.012689655172413793,0.015,181180,131596,213428.57142857148
281319,159606,0.011448275862068966,0.01310344827586207,0.006,188441,168682,209831.4606741573
296409,150502,0.011448275862068966,0.01310344827586207,0.009,184203,153598,209831.4606741573
309057,136455,0.011448275862068966,0.01310344827586207,0.012,183325,140950,209831.4606741573
319696,142669,0.011448275862068966,0.01310344827586207,0.015,178620,130306,209831.4606741573
283632,176334,0.011448275862068966,0.013517241379310345,0.006,183591,166368,206353.591160221
298267,159497,0.011448275862068966,0.013517241379310345,0.009,180446,151734,206353.591160221
310602,148310,0.011448275862068966,0.013517241379310345,0.012,178900,139401,206353.591160221
321052,149075,0.011448275862068966,0.013517241379310345,0.015,175453,128953,206353.591160221
285851,162087,0.011448275862068966,0.01393103448275862,0.006,183933,164150,202989.13043478265
300160,178875,0.011448275862068966,0.01393103448275862,0.009,174652,149846,202989.13043478265
312176,146032,0.011448275862068966,0.01393103448275862,0.012,177850,137833,202989.13043478265
322447,145162,0.011448275862068966,0.01393103448275862,0.015,175275,127559,202989.13043478265
287936,179169,0.011448275862068966,0.014344827586206896,0.006,179266,162064,199732.6203208556
301936,169106,0.011448275862068966,0.014344827586206896,0.009,175125,148073,199732.6203208556
313656,148512,0.011448275862068966,0.014344827586206896,0.012,175803,136352,199732.6203208556
323674,151268,0.011448275862068966,0.014344827586206896,0.015,172284,126331,199732.6203208556
289985,184318,0.011448275862068966,0.014758620689655172,0.006,176290,160019,196578.94736842104
303638,167743,0.011448275862068966,0.014758620689655172,0.009,173784,146363,196578.94736842104
315148,163849,0.011448275862068966,0.014758620689655172,0.012,170701,134860,196578.94736842104
325018,165884,0.011448275862068966,0.014758620689655172,0.015,167178,124988,196578.94736842104
292094,173623,0.011448275862068966,0.015172413793103448,0.006,176239,157906,193523.31606217616
305381,178104,0.011448275862068966,0.015172413793103448,0.009,170147,144628,193523.31606217616
316560,166056,0.011448275862068966,0.015172413793103448,0.012,168800,133445,193523.31606217616
326181,153546,0.011448275862068966,0.015172413793103448,0.015,169279,123823,193523.31606217616
294078,199982,0.011448275862068966,0.015586206896551724,0.006,170159,155928,190561.22448979592
307048,170494,0.011448275862068966,0.015586206896551724,0.009,170113,142958,190561.22448979592
318003,168819,0.011448275862068966,0.015586206896551724,0.012,166790,131997,190561.22448979592
327403,176365,0.011448275862068966,0.015586206896551724,0.015,161948,122602,190561.22448979592
295922,213552,0.011448275862068966,0.016,0.006,166382,154082,187688.44221105526
308635,180051,0.011448275862068966,0.016,0.009,166502,141373,187688.44221105526
319437,178967,0.011448275862068966,0.016,0.012,163006,130569,187688.44221105526
328629,170954,0.011448275862068966,0.016,0.015,162222,121380,187688.44221105526
205781,14653,0.01186206896551724,0.004,0.006,285218,244216,336521.73913043475
235317,10643,0.01186206896551724,0.004,0.009,274163,214685,336521.73913043475
258392,10912,0.01186206896551724,0.004,0.012,265854,191609,336521.73913043475
276980,12371,0.01186206896551724,0.004,0.015,259195,173021,336521.73913043475
210375,12654,0.01186206896551724,0.004413793103448276,0.006,281488,239628,327966.1016949152
238802,12367,0.01186206896551724,0.004413793103448276,0.009,270422,211198,327966.1016949152
261195,14527,0.01186206896551724,0.004413793103448276,0.012,262012,188806,327966.1016949152
279299,13965,0.01186206896551724,0.004413793103448276,0.015,256320,170703,327966.1016949152
214657,18584,0.01186206896551724,0.004827586206896552,0.006,276090,235346,319834.71074380167
242235,13126,0.01186206896551724,0.004827586206896552,0.009,266897,207768,319834.71074380167
263908,15109,0.01186206896551724,0.004827586206896552,0.012,259078,186096,319834.71074380167
281524,16726,0.01186206896551724,0.004827586206896552,0.015,253188,168478,319834.71074380167
218894,19663,0.01186206896551724,0.005241379310344827,0.006,271862,231108,312096.7741935484
245533,17057,0.01186206896551724,0.005241379310344827,0.009,262875,204468,312096.7741935484
266568,16601,0.01186206896551724,0.005241379310344827,0.012,256087,183437,312096.7741935484
283717,18818,0.01186206896551724,0.005241379310344827,0.015,250297,166290,312096.7741935484
222951,26117,0.01186206896551724,0.005655172413793104,0.006,266788,227052,304724.4094488189
248663,22864,0.01186206896551724,0.005655172413793104,0.009,258218,201338,304724.4094488189
269149,24061,0.01186206896551724,0.005655172413793104,0.012,251335,180851,304724.4094488189
285777,23184,0.01186206896551724,0.005655172413793104,0.015,246700,164225,304724.4094488189
226915,34572,0.01186206896551724,0.006068965517241379,0.006,261434,223089,297692.3076923077
251759,24126,0.01186206896551724,0.006068965517241379,0.009,254992,198243,297692.3076923077
271698,24021,0.01186206896551724,0.006068965517241379,0.012,248878,178305,297692.3076923077
287846,27277,0.01186206896551724,0.006068965517241379,0.015,243283,162158,297692.3076923077
230710,48108,0.01186206896551724,0.006482758620689655,0.006,255316,219291,290977.44360902254
254734,35910,0.01186206896551724,0.006482758620689655,0.009,249192,195271,290977.44360902254
274030,34323,0.01186206896551724,0.006482758620689655,0.012,243497,175975,290977.44360902254
289917,31929,0.01186206896551724,0.006482758620689655,0.015,239801,160084,290977.44360902254
234314,49746,0.01186206896551724,0.006896551724137931,0.006,251475,215689,284558.8235294118
257665,36230,0.01186206896551724,0.006896551724137931,0.009,246260,192340,284558.8235294118
276428,34171,0.01186206896551724,0.006896551724137931,0.012,241240,173574,284558.8235294118
291881,37852,0.01186206896551724,0.006896551724137931,0.015,235884,158119,284558.8235294118
237902,57563,0.01186206896551724,0.007310344827586207,0.006,246544,212100,278417.2661870503
260465,50995,0.01186206896551724,0.007310344827586207,0.009,239959,189540,278417.2661870503
278697,47984,0.01186206896551724,0.007310344827586207,0.012,235095,171306,278417.2661870503
293799,42999,0.01186206896551724,0.007310344827586207,0.015,232325,156201,278417.2661870503
241288,69879,0.01186206896551724,0.007724137931034483,0.006,241001,208713,272535.21126760566
263197,55273,0.01186206896551724,0.007724137931034483,0.009,236277,186806,272535.21126760566
280937,49626,0.01186206896551724,0.007724137931034483,0.012,232390,169065,272535.21126760566
295632,48141,0.01186206896551724,0.007724137931034483,0.015,228830,154371,272535.21126760566
244648,70815,0.01186206896551724,0.008137931034482758,0.006,237654,205353,266896.5517241379
265964,65486,0.01186206896551724,0.008137931034482758,0.009,231340,184037,266896.5517241379
283128,57257,0.01186206896551724,0.008137931034482758,0.012,228055,166875,266896.5517241379
297478,55216,0.01186206896551724,0.008137931034482758,0.015,224807,152530,266896.5517241379
247822,90931,0.01186206896551724,0.008551724137931035,0.006,230912,202181,261486.4864864865
268494,78623,0.01186206896551724,0.008551724137931035,0.009,225654,181511,261486.4864864865
285296,66849,0.01186206896551724,0.008551724137931035,0.012,223389,164712,261486.4864864865
299240,65754,0.01186206896551724,0.008551724137931035,0.015,219920,150767,261486.4864864865
250950,107660,0.01186206896551724,0.00896551724137931,0.006,225023,199053,256291.39072847684
271066,79048,0.01186206896551724,0.00896551724137931,0.009,223118,178935,256291.39072847684
287380,66318,0.01186206896551724,0.00896551724137931,0.012,221505,162622,256291.39072847684
300998,65718,0.01186206896551724,0.00896551724137931,0.015,218092,149010,256291.39072847684
254066,83598,0.01186206896551724,0.009379310344827585,0.006,226579,195935,251298.7012987013
273444,87991,0.01186206896551724,0.009379310344827585,0.009,218806,176561,251298.7012987013
289437,85684,0.01186206896551724,0.009379310344827585,0.012,214248,160563,251298.7012987013
302690,71523,0.01186206896551724,0.009379310344827585,0.015,214652,147311,251298.7012987013
257004,100819,0.01186206896551724,0.009793103448275862,0.006,220778,192997,246496.8152866242
275870,97252,0.01186206896551724,0.009793103448275862,0.009,214378,174131,246496.8152866242
291400,88285,0.01186206896551724,0.009793103448275862,0.012,211679,158606,246496.8152866242
304326,80874,0.01186206896551724,0.009793103448275862,0.015,210161,145678,246496.8152866242
259821,128858,0.01186206896551724,0.010206896551724139,0.006,213115,190179,241875.0
278131,107244,0.01186206896551724,0.010206896551724139,0.009,209956,171873,241875.0
293263,90203,0.01186206896551724,0.010206896551724139,0.012,209384,156741,241875.0
305957,85945,0.01186206896551724,0.010206896551724139,0.015,207036,144051,241875.0
262550,125847,0.01186206896551724,0.010620689655172414,0.006,210960,187451,237423.31288343557
280432,113771,0.01186206896551724,0.010620689655172414,0.009,206418,169568,237423.31288343557
295168,112583,0.01186206896551724,0.010620689655172414,0.012,201627,154835,237423.31288343557
307593,92556,0.01186206896551724,0.010620689655172414,0.015,203509,142415,237423.31288343557
265235,113809,0.01186206896551724,0.011034482758620689,0.006,210597,184767,233132.53012048194
282611,128717,0.01186206896551724,0.011034482758620689,0.009,201018,167393,233132.53012048194
297062,103436,0.01186206896551724,0.011034482758620689,0.012,202185,152939,233132.53012048194
309083,101526,0.01186206896551724,0.011034482758620689,0.015,199432,140922,233132.53012048194
267872,123481,0.01186206896551724,0.011448275862068966,0.006,206539,182129,228994.08284023666
284796,126761,0.01186206896551724,0.011448275862068966,0.009,199416,165210,228994.08284023666
298773,111999,0.01186206896551724,0.011448275862068966,0.012,198212,151230,228994.08284023666
310619,107915,0.01186206896551724,0.011448275862068966,0.015,196075,139384,228994.08284023666
270363,141878,0.01186206896551724,0.01186206896551724,0.006,200912,179642,224999.99999999997
286834,131013,0.01186206896551724,0.01186206896551724,0.009,196547,163167,224999.99999999997
300515,121433,0.01186206896551724,0.01186206896551724,0.012,194115,149487,224999.99999999997
312102,114001,0.01186206896551724,0.01186206896551724,0.015,192845,137905,224999.99999999997
272841,144031,0.01186206896551724,0.012275862068965518,0.006,198278,177160,221142.8571428571
288922,127318,0.01186206896551724,0.012275862068965518,0.009,195338,161084,221142.8571428571
302245,141723,0.01186206896551724,0.012275862068965518,0.012,187453,147757,221142.8571428571
313561,129982,0.01186206896551724,0.012275862068965518,0.015,186882,136444,221142.8571428571
275270,148559,0.01186206896551724,0.012689655172413793,0.006,195392,174735,217415.73033707865
290944,138925,0.01186206896551724,0.012689655172413793,0.009,190945,159062,217415.73033707865
303923,130700,0.01186206896551724,0.012689655172413793,0.012,188602,146079,217415.73033707865
315012,128749,0.01186206896551724,0.012689655172413793,0.015,185847,134996,217415.73033707865
277550,158175,0.01186206896551724,0.01310344827586207,0.006,191719,172453,213812.15469613258
292796,153083,0.01186206896551724,0.01310344827586207,0.009,186147,157209,213812.15469613258
305546,150962,0.01186206896551724,0.01310344827586207,0.012,181967,144458,213812.15469613258
316466,137048,0.01186206896551724,0.01310344827586207,0.015,182217,133540,213812.15469613258
279827,158431,0.01186206896551724,0.013517241379310345,0.006,189525,170176,210326.08695652173
294742,161058,0.01186206896551724,0.013517241379310345,0.009,182816,155264,210326.08695652173
307144,150623,0.01186206896551724,0.013517241379310345,0.012,180591,142860,210326.08695652173
317761,137980,0.01186206896551724,0.013517241379310345,0.015,180529,132244,210326.08695652173
282041,167370,0.01186206896551724,0.01393103448275862,0.006,186005,167963,206951.87165775403
296569,153583,0.01186206896551724,0.01393103448275862,0.009,182617,153439,206951.87165775403
308720,146539,0.01186206896551724,0.01393103448275862,0.012,180015,141287,206951.87165775403
319109,147102,0.01186206896551724,0.01393103448275862,0.015,176743,130898,206951.87165775403
284206,161279,0.01186206896551724,0.014344827586206896,0.006,184969,165799,203684.2105263158
298353,164458,0.01186206896551724,0.014344827586206896,0.009,178598,151652,203684.2105263158
310246,155217,0.01186206896551724,0.014344827586206896,0.012,176464,139756,203684.2105263158
320415,146396,0.01186206896551724,0.014344827586206896,0.015,175715,129588,203684.2105263158
286394,178684,0.01186206896551724,0.014758620689655172,0.006,180277,163607,200518.1347150259
300165,161254,0.01186206896551724,0.014758620689655172,0.009,177691,149842,200518.1347150259
311821,159596,0.01186206896551724,0.014758620689655172,0.012,174027,138184,200518.1347150259
321780,156561,0.01186206896551724,0.014758620689655172,0.015,171686,128226,200518.1347150259
288354,174311,0.01186206896551724,0.015172413793103448,0.006,178906,161650,197448.97959183672
301902,168673,0.01186206896551724,0.015172413793103448,0.009,174557,148101,197448.97959183672
313205,165273,0.01186206896551724,0.015172413793103448,0.012,171328,136797,197448.97959183672
323020,153879,0.01186206896551724,0.015172413793103448,0.015,171188,126980,197448.97959183672
290375,188375,0.01186206896551724,0.015586206896551724,0.006,174983,159627,194472.36180904522
303522,165987,0.01186206896551724,0.015586206896551724,0.009,173373,146484,194472.36180904522
314690,171395,0.01186206896551724,0.015586206896551724,0.012,168439,135318,194472.36180904522
324205,167520,0.01186206896551724,0.015586206896551724,0.015,166353,125800,194472.36180904522
292307,190938,0.01186206896551724,0.016,0.006,172748,157698,191584.15841584155
305225,160166,0.01186206896551724,0.016,0.009,173129,144777,191584.15841584155
316045,182399,0.01186206896551724,0.016,0.012,164523,133960,191584.15841584155
325478,177441,0.01186206896551724,0.016,0.015,162511,124530,191584.15841584155
201929,7757,0.012275862068965518,0.004,0.006,289064,248069,339406.77966101695
231408,7930,0.012275862068965518,0.004,0.009,277013,218596,339406.77966101695
254559,10772,0.012275862068965518,0.004,0.012,267702,195444,339406.77966101695
273352,12297,0.012275862068965518,0.004,0.015,260930,176648,339406.77966101695
206461,16747,0.012275862068965518,0.004413793103448276,0.006,282965,243542,330991.7355371901
234925,11518,0.012275862068965518,0.004413793103448276,0.009,272768,215077,330991.7355371901
257462,15010,0.012275862068965518,0.004413793103448276,0.012,263782,192538,330991.7355371901
275619,14136,0.012275862068965518,0.004413793103448276,0.015,258024,174384,330991.7355371901
210865,12617,0.012275862068965518,0.004827586206896552,0.006,279750,239134,322983.87096774194
238356,16422,0.012275862068965518,0.004827586206896552,0.009,268259,211649,322983.87096774194
260145,13275,0.012275862068965518,0.004827586206896552,0.012,261558,189856,322983.87096774194
277921,13768,0.012275862068965518,0.004827586206896552,0.015,255842,172079,322983.87096774194
215090,26118,0.012275862068965518,0.005241379310344827,0.006,273161,234915,315354.33070866147
241693,17609,0.012275862068965518,0.005241379310344827,0.009,264845,208308,315354.33070866147
262780,18054,0.012275862068965518,0.005241379310344827,0.012,257600,187223,315354.33070866147
280068,16601,0.012275862068965518,0.005241379310344827,0.015,252680,169937,315354.33070866147
219059,29414,0.012275862068965518,0.005655172413793104,0.006,268715,230942,308076.92307692306
244791,22169,0.012275862068965518,0.005655172413793104,0.009,260672,205210,308076.92307692306
265453,21931,0.012275862068965518,0.005655172413793104,0.012,253914,184547,308076.92307692306
282204,20307,0.012275862068965518,0.005655172413793104,0.015,249378,167801,308076.92307692306
223057,33682,0.012275862068965518,0.006068965517241379,0.006,264112,226943,301127.8195488722
247903,30741,0.012275862068965518,0.006068965517241379,0.009,255527,202098,301127.8195488722
267920,27632,0.012275862068965518,0.006068965517241379,0.012,249879,182085,301127.8195488722
284323,23586,0.012275862068965518,0.006068965517241379,0.015,246242,165683,301127.8195488722
226808,36796,0.012275862068965518,0.006482758620689655,0.006,260115,223195,294485.2941176471
251018,24847,0.012275862068965518,0.006482758620689655,0.009,254123,198985,294485.2941176471
270367,27175,0.012275862068965518,0.006482758620689655,0.012,247574,179634,294485.2941176471
286346,30040,0.012275862068965518,0.006482758620689655,0.015,242120,163662,294485.2941176471
230557,56782,0.012275862068965518,0.006896551724137931,0.006,252724,219447,288129.49640287773
253922,45689,0.012275862068965518,0.006896551724137931,0.009,246258,196084,288129.49640287773
272763,38848,0.012275862068965518,0.006896551724137931,0.012,241883,177238,288129.49640287773
288304,37700,0.012275862068965518,0.006896551724137931,0.015,237767,161701,288129.49640287773
234094,60380,0.012275862068965518,0.007310344827586207,0.006,248766,215912,282042.25352112675
256740,49145,0.012275862068965518,0.007310344827586207,0.009,242683,193260,282042.25352112675
275049,47833,0.012275862068965518,0.007310344827586207,0.012,237164,174954,282042.25352112675
290273,35751,0.012275862068965518,0.007310344827586207,0.015,236401,159734,282042.25352112675
237507,71341,0.012275862068965518,0.007724137931034483,0.006,243398,212494,276206.8965517241
259437,51990,0.012275862068965518,0.007724137931034483,0.009,239306,190565,276206.8965517241
277311,44975,0.012275862068965518,0.007724137931034483,0.012,235689,172692,276206.8965517241
292117,46219,0.012275862068965518,0.007724137931034483,0.015,231283,157883,276206.8965517241
240779,65377,0.012275862068965518,0.008137931034482758,0.006,241425,209224,270608.1081081081
262163,55877,0.012275862068965518,0.008137931034482758,0.009,235823,187838,270608.1081081081
279603,48753,0.012275862068965518,0.008137931034482758,0.012,232505,170400,270608.1081081081
294029,49563,0.012275862068965518,0.008137931034482758,0.015,228361,155977,270608.1081081081
244011,81199,0.012275862068965518,0.008551724137931035,0.006,235507,205992,265231.7880794702
264729,73145,0.012275862068965518,0.008551724137931035,0.009,229433,185274,265231.7880794702
281689,62530,0.012275862068965518,0.008551724137931035,0.012,226689,168312,265231.7880794702
295767,52196,0.012275862068965518,0.008551724137931035,0.015,225779,154238,265231.7880794702
247173,100009,0.012275862068965518,0.00896551724137931,0.006,229057,202832,260064.93506493504
267338,86503,0.012275862068965518,0.00896551724137931,0.009,223919,182668,260064.93506493504
283814,76993,0.012275862068965518,0.00896551724137931,0.012,220730,166191,260064.93506493504
297520,63756,0.012275862068965518,0.00896551724137931,0.015,220551,152485,260064.93506493504
250175,85877,0.012275862068965518,0.009379310344827585,0.006,228813,199828,255095.5414012739
269733,77689,0.012275862068965518,0.009379310344827585,0.009,223627,180270,255095.5414012739
285799,80041,0.012275862068965518,0.009379310344827585,0.012,217963,164205,255095.5414012739
299299,67356,0.012275862068965518,0.009379310344827585,0.015,217718,150707,255095.5414012739
253129,104390,0.012275862068965518,0.009793103448275862,0.006,222889,196871,250312.5
272174,86306,0.012275862068965518,0.009793103448275862,0.009,219325,177826,250312.5
287801,84272,0.012275862068965518,0.009793103448275862,0.012,214823,162202,250312.5
300927,78995,0.012275862068965518,0.009793103448275862,0.015,212687,149078,250312.5
256046,101791,0.012275862068965518,0.010206896551724139,0.006,220716,193954,245705.52147239266
274492,104267,0.012275862068965518,0.010206896551724139,0.009,213056,175513,245705.52147239266
289827,86214,0.012275862068965518,0.010206896551724139,0.012,212331,160174,245705.52147239266
302599,87153,0.012275862068965518,0.010206896551724139,0.015,208628,147404,245705.52147239266
258810,113960,0.012275862068965518,0.010620689655172414,0.006,215975,191195,241265.06024096385
276797,105105,0.012275862068965518,0.010620689655172414,0.009,210676,173208,241265.06024096385
291729,91556,0.012275862068965518,0.010620689655172414,0.012,209202,158274,241265.06024096385
304253,99245,0.012275862068965518,0.010620689655172414,0.015,203514,145748,241265.06024096385
261492,124601,0.012275862068965518,0.011034482758620689,0.006,211585,188509,236982.2485207101
278969,108045,0.012275862068965518,0.011034482758620689,0.009,207923,171034,236982.2485207101
293559,99733,0.012275862068965518,0.011034482758620689,0.012,205323,156447,236982.2485207101
305751,93548,0.012275862068965518,0.011034482758620689,0.015,203565,144252,236982.2485207101
264088,126350,0.012275862068965518,0.011448275862068966,0.006,208708,185913,232848.83720930232
281158,121302,0.012275862068965518,0.011448275862068966,0.009,203071,168845,232848.83720930232
295315,111439,0.012275862068965518,0.011448275862068966,0.012,200592,154689,232848.83720930232
307350,106330,0.012275862068965518,0.011448275862068966,0.015,198458,142659,232848.83720930232
266696,133265,0.012275862068965518,0.01186206896551724,0.006,205240,183304,228857.14285714284
283252,136468,0.012275862068965518,0.01186206896551724,0.009,197785,166753,228857.14285714284
297082,122151,0.012275862068965518,0.01186206896551724,0.012,196167,152921,228857.14285714284
308870,106031,0.012275862068965518,0.01186206896551724,0.015,197011,141138,228857.14285714284
269158,131384,0.012275862068965518,0.012275862068965518,0.006,203328,180843,224999.99999999997
285291,115364,0.012275862068965518,0.012275862068965518,0.009,200428,164713,224999.99999999997
298825,124758,0.012275862068965518,0.012275862068965518,0.012,193933,151177,224999.99999999997
310352,119974,0.012275862068965518,0.012275862068965518,0.015,191618,139648,224999.99999999997
271591,125086,0.012275862068965518,0.012689655172413793,0.006,202038,178414,221270.71823204422
287368,135102,0.012275862068965518,0.012689655172413793,0.009,194199,162639,221270.71823204422
300500,127841,0.012275862068965518,0.012689655172413793,0.012,191560,149504,221270.71823204422
311719,130627,0.012275862068965518,0.012689655172413793,0.015,187279,138286,221270.71823204422
273892,158998,0.012275862068965518,0.01310344827586207,0.006,194342,176112,217663.04347826086
289319,130434,0.012275862068965518,0.01310344827586207,0.009,193491,160688,217663.04347826086
302231,134761,0.012275862068965518,0.01310344827586207,0.012,188208,147775,217663.04347826086
313150,130388,0.012275862068965518,0.01310344827586207,0.015,185944,136854,217663.04347826086
276183,164014,0.012275862068965518,0.013517241379310345,0.006,191331,173820,214171.1229946524
291205,139464,0.012275862068965518,0.013517241379310345,0.009,189651,158797,214171.1229946524
303816,141797,0.012275862068965518,0.013517241379310345,0.012,184953,146192,214171.1229946524
314547,129086,0.012275862068965518,0.013517241379310345,0.015,184983,135455,214171.1229946524
278432,176950,0.012275862068965518,0.01393103448275862,0.006,187304,171573,210789.47368421056
293038,151173,0.012275862068965518,0.01393103448275862,0.009,185481,156967,210789.47368421056
305436,150726,0.012275862068965518,0.01393103448275862,0.012,181261,144568,210789.47368421056
315896,129885,0.012275862068965518,0.01393103448275862,0.015,183326,134111,210789.47368421056
280687,182051,0.012275862068965518,0.014344827586206896,0.006,184554,169316,207512.95336787566
294942,156493,0.012275862068965518,0.014344827586206896,0.009,182782,155065,207512.95336787566
306914,150040,0.012275862068965518,0.014344827586206896,0.012,179990,143090,207512.95336787566
317312,147686,0.012275862068965518,0.014344827586206896,0.015,177333,132694,207512.95336787566
282719,166173,0.012275862068965518,0.014758620689655172,0.006,184902,167284,204336.73469387757
296655,165576,0.012275862068965518,0.014758620689655172,0.009,179294,153345,204336.73469387757
308433,150833,0.012275862068965518,0.014758620689655172,0.012,178253,141571,204336.73469387757
318545,154662,0.012275862068965518,0.014758620689655172,0.015,174158,131462,204336.73469387757
284803,184203,0.012275862068965518,0.015172413793103448,0.006,180246,165202,201256.2814070352
298474,165456,0.012275862068965518,0.015172413793103448,0.009,177561,151529,201256.2814070352
309922,163404,0.012275862068965518,0.015172413793103448,0.012,173876,140083,201256.2814070352
319872,158114,0.012275862068965518,0.015172413793103448,0.015,171969,130136,201256.2814070352
286812,188280,0.012275862068965518,0.015586206896551724,0.006,177710,163192,198267.3267326733
300091,169999,0.012275862068965518,0.015586206896551724,0.009,175189,149914,198267.3267326733
311359,168252,0.012275862068965518,0.015586206896551724,0.012,171492,138645,198267.3267326733
321078,157040,0.012275862068965518,0.015586206896551724,0.015,171109,128927,198267.3267326733
288785,184729,0.012275862068965518,0.016,0.006,176404,161219,195365.85365853657
301791,182040,0.012275862068965518,0.016,0.009,171333,148209,195365.85365853657
312810,174821,0.012275862068965518,0.016,0.012,168530,137193,195365.85365853657
322331,170050,0.012275862068965518,0.016,0.015,166558,127677,195365.85365853657
198334,8090,0.012689655172413793,0.004,0.006,291231,251666,342148.7603305785
227693,7649,0.012689655172413793,0.004,0.009,279147,222308,342148.7603305785
250984,10204,0.012689655172413793,0.004,0.012,269697,199020,342148.7603305785
269837,9990,0.012689655172413793,0.004,0.015,263325,180168,342148.7603305785
202742,9158,0.012689655172413793,0.004413793103448276,0.006,286940,247257,333870.9677419355
231209,12891,0.012689655172413793,0.004413793103448276,0.009,274442,218792,333870.9677419355
253819,12545,0.012689655172413793,0.004413793103448276,0.012,266338,196183,333870.9677419355
272072,12981,0.012689655172413793,0.004413793103448276,0.015,260019,177930,333870.9677419355
207149,15492,0.012689655172413793,0.004827586206896552,0.006,281660,242849,325984.25196850393
234585,11661,0.012689655172413793,0.004827586206896552,0.009,271636,215418,325984.25196850393
256513,16641,0.012689655172413793,0.004827586206896552,0.012,262516,193489,325984.25196850393
274326,14614,0.012689655172413793,0.004827586206896552,0.015,257220,175678,325984.25196850393
211387,18713,0.012689655172413793,0.005241379310344827,0.006,277112,238613,318461.5384615385
237921,18690,0.012689655172413793,0.005241379310344827,0.009,266647,212080,318461.5384615385
259225,18756,0.012689655172413793,0.005241379310344827,0.012,259299,190775,318461.5384615385
276616,16725,0.012689655172413793,0.005241379310344827,0.015,254354,173390,318461.5384615385
215389,15187,0.012689655172413793,0.005655172413793104,0.006,273954,234613,311278.1954887218
241099,22687,0.012689655172413793,0.005655172413793104,0.009,262669,208904,311278.1954887218
261748,15923,0.012689655172413793,0.005655172413793104,0.012,257594,188254,311278.1954887218
278785,22067,0.012689655172413793,0.005655172413793104,0.015,250513,171219,311278.1954887218
219270,35105,0.012689655172413793,0.006068965517241379,0.006,266364,230733,304411.7647058824
244227,23255,0.012689655172413793,0.006068965517241379,0.009,259582,205778,304411.7647058824
264288,24764,0.012689655172413793,0.006068965517241379,0.012,252493,185713,304411.7647058824
280787,25510,0.012689655172413793,0.006068965517241379,0.015,247354,169217,304411.7647058824
223151,36466,0.012689655172413793,0.006482758620689655,0.006,262585,226855,297841.726618705
247298,27904,0.012689655172413793,0.006482758620689655,0.009,255475,202702,297841.726618705
266836,27350,0.012689655172413793,0.006482758620689655,0.012,249398,183170,297841.726618705
282859,25228,0.012689655172413793,0.006482758620689655,0.015,245334,167145,297841.726618705
226777,45574,0.012689655172413793,0.006896551724137931,0.006,257362,223222,291549.2957746479
250167,31811,0.012689655172413793,0.006896551724137931,0.009,251792,199836,291549.2957746479
269241,35238,0.012689655172413793,0.006896551724137931,0.012,244872,180761,291549.2957746479
284867,27540,0.012689655172413793,0.006896551724137931,0.015,242538,165135,291549.2957746479
230331,49751,0.012689655172413793,0.007310344827586207,0.006,253351,219671,285517.2413793103
253016,35937,0.012689655172413793,0.007310344827586207,0.009,248058,196987,285517.2413793103
271515,32846,0.012689655172413793,0.007310344827586207,0.012,243237,178488,285517.2413793103
286793,31950,0.012689655172413793,0.007310344827586207,0.015,239256,163212,285517.2413793103
233750,56775,0.012689655172413793,0.007724137931034483,0.006,248743,216254,279729.7297297297
255832,47412,0.012689655172413793,0.007724137931034483,0.009,242759,194172,279729.7297297297
273775,43113,0.012689655172413793,0.007724137931034483,0.012,238127,176227,279729.7297297297
288763,35722,0.012689655172413793,0.007724137931034483,0.015,236150,161243,279729.7297297297
237072,71493,0.012689655172413793,0.008137931034482758,0.006,242850,212931,274172.1854304636
258480,63596,0.012689655172413793,0.008137931034482758,0.009,236433,191523,274172.1854304636
276017,49074,0.012689655172413793,0.008137931034482758,0.012,234434,173985,274172.1854304636
290582,46478,0.012689655172413793,0.008137931034482758,0.015,231065,159420,274172.1854304636
240365,63425,0.012689655172413793,0.008551724137931035,0.006,241318,209635,268831.16883116885
261148,65452,0.012689655172413793,0.008551724137931035,0.009,233488,188854,268831.16883116885
278155,60487,0.012689655172413793,0.008551724137931035,0.012,229219,171847,268831.16883116885
292384,62128,0.012689655172413793,0.008551724137931035,0.015,224637,157620,268831.16883116885
243480,72144,0.012689655172413793,0.00896551724137931,0.006,236739,206522,263694.26751592354
263658,67821,0.012689655172413793,0.00896551724137931,0.009,230473,186345,263694.26751592354
280332,69876,0.012689655172413793,0.00896551724137931,0.012,224700,169674,263694.26751592354
294156,58654,0.012689655172413793,0.00896551724137931,0.015,223799,155848,263694.26751592354
246491,98033,0.012689655172413793,0.009379310344827585,0.006,229305,203509,258750.0
266137,85548,0.012689655172413793,0.009379310344827585,0.009,224047,183865,258750.0
282421,78053,0.012689655172413793,0.009379310344827585,0.012,220505,167584,258750.0
295904,68160,0.012689655172413793,0.009379310344827585,0.015,219246,154100,258750.0
249454,98927,0.012689655172413793,0.009793103448275862,0.006,226533,200550,253987.7300613497
268581,85820,0.012689655172413793,0.009793103448275862,0.009,221760,181420,253987.7300613497
284431,77109,0.012689655172413793,0.009793103448275862,0.012,218767,165574,253987.7300613497
297603,75035,0.012689655172413793,0.009793103448275862,0.015,215577,152402,253987.7300613497
252348,110515,0.012689655172413793,0.010206896551724139,0.006,221840,197657,249397.5903614458
270918,95930,0.012689655172413793,0.010206896551724139,0.009,217327,179084,249397.5903614458
286386,82160,0.012689655172413793,0.010206896551724139,0.012,215651,163615,249397.5903614458
299259,83917,0.012689655172413793,0.010206896551724139,0.015,211438,150746,249397.5903614458
255141,114069,0.012689655172413793,0.010620689655172414,0.006,218702,194860,244970.41420118342
273214,102983,0.012689655172413793,0.010620689655172414,0.009,213533,176787,244970.41420118342
288295,90127,0.012689655172413793,0.010620689655172414,0.012,211597,161709,244970.41420118342
300930,76852,0.012689655172413793,0.010620689655172414,0.015,211774,149070,244970.41420118342
257819,125687,0.012689655172413793,0.011034482758620689,0.006,214247,192184,240697.67441860464
275491,111550,0.012689655172413793,0.011034482758620689,0.009,209679,174513,240697.67441860464
290098,89898,0.012689655172413793,0.011034482758620689,0.012,209823,159905,240697.67441860464
302494,89486,0.012689655172413793,0.011034482758620689,0.015,206546,147507,240697.67441860464
260502,127830,0.012689655172413793,0.011448275862068966,0.006,211322,189499,236571.42857142855
277618,112805,0.012689655172413793,0.011448275862068966,0.009,207265,172385,236571.42857142855
291952,105414,0.012689655172413793,0.011448275862068966,0.012,204190,158050,236571.42857142855
304128,101515,0.012689655172413793,0.011448275862068966,0.015,201703,145875,236571.42857142855
263109,131390,0.012689655172413793,0.01186206896551724,0.006,208438,186891,232584.26966292132
279834,121302,0.012689655172413793,0.01186206896551724,0.009,203498,170169,232584.26966292132
293770,102646,0.012689655172413793,0.01186206896551724,0.012,203061,156239,232584.26966292132
305596,109469,0.012689655172413793,0.01186206896551724,0.015,197966,144406,232584.26966292132
265619,151738,0.012689655172413793,0.012275862068965518,0.006,202785,184384,228729.28176795578
281846,113081,0.012689655172413793,0.012275862068965518,0.009,203259,168160,228729.28176795578
295513,103629,0.012689655172413793,0.012275862068965518,0.012,201231,154487,228729.28176795578
307058,121848,0.012689655172413793,0.012275862068965518,0.015,193095,142946,228729.28176795578
267976,136085,0.012689655172413793,0.012689655172413793,0.006,202910,182029,225000.00000000003
283921,137610,0.012689655172413793,0.012689655172413793,0.009,196263,166080,225000.00000000003
297173,121608,0.012689655172413793,0.012689655172413793,0.012,195105,152831,225000.00000000003
308573,119562,0.012689655172413793,0.012689655172413793,0.015,192227,141435,225000.00000000003
270324,154578,0.012689655172413793,0.01310344827586207,0.006,197741,179679,221390.37433155082
285896,123742,0.012689655172413793,0.01310344827586207,0.009,197155,164108,221390.37433155082
298908,130834,0.012689655172413793,0.01310344827586207,0.012,191301,151098,221390.37433155082
310040,135767,0.012689655172413793,0.01310344827586207,0.015,186517,139966,221390.37433155082
272636,154654,0.012689655172413793,0.013517241379310345,0.006,195501,177368,217894.73684210525
287710,141576,0.012689655172413793,0.013517241379310345,0.009,191706,162294,217894.73684210525
300557,133402,0.012689655172413793,0.013517241379310345,0.012,189187,149449,217894.73684210525
311410,127327,0.012689655172413793,0.013517241379310345,0.015,187393,138598,217894.73684210525
274930,166097,0.012689655172413793,0.01393103448275862,0.006,191733,175075,214507.77202072542
289642,158462,0.012689655172413793,0.01393103448275862,0.009,186412,160359,214507.77202072542
302106,134569,0.012689655172413793,0.01393103448275862,0.012,187329,147899,214507.77202072542
312832,138502,0.012689655172413793,0.01393103448275862,0.015,182960,137174,214507.77202072542
277111,183102,0.012689655172413793,0.014344827586206896,0.006,187234,172892,211224.48979591834
291470,154250,0.012689655172413793,0.014344827586206896,0.009,185642,158534,211224.48979591834
303682,146634,0.012689655172413793,0.014344827586206896,0.012,182935,146325,211224.48979591834
314106,146182,0.012689655172413793,0.014344827586206896,0.015,179704,135895,211224.48979591834
279253,167489,0.012689655172413793,0.014758620689655172,0.006,187441,170754,208040.20100502513
293290,160606,0.012689655172413793,0.014758620689655172,0.009,182750,156712,208040.20100502513
305280,151407,0.012689655172413793,0.014758620689655172,0.012,180329,144725,208040.20100502513
315431,146947,0.012689655172413793,0.014758620689655172,0.015,178118,134576,208040.20100502513
281346,156497,0.012689655172413793,0.015172413793103448,0.006,187340,168662,204950.49504950497
295104,157129,0.012689655172413793,0.015172413793103448,0.009,181728,154902,204950.49504950497
306785,161366,0.012689655172413793,0.015172413793103448,0.012,176550,143219,204950.49504950497
316807,141958,0.012689655172413793,0.015172413793103448,0.015,178201,133196,204950.49504950497
283372,173500,0.012689655172413793,0.015586206896551724,0.006,182887,166634,201951.21951219512
296773,180485,0.012689655172413793,0.015586206896551724,0.009,175476,153232,201951.21951219512
308173,158182,0.012689655172413793,0.015586206896551724,0.012,175896,141832,201951.21951219512
317992,167589,0.012689655172413793,0.015586206896551724,0.015,170405,132013,201951.21951219512
285352,169420,0.012689655172413793,0.016,0.006,181655,164650,199038.4615384615
298491,163263,0.012689655172413793,0.016,0.009,177387,151509,199038.4615384615
309616,169712,0.012689655172413793,0.016,0.012,171968,140389,199038.4615384615
319254,160662,0.012689655172413793,0.016,0.015,170842,130750,199038.4615384615
194710,8070,0.01310344827586207,0.004,0.006,293497,255290,344758.0645161291
224021,7519,0.01310344827586207,0.004,0.009,281178,225980,344758.0645161291
247409,10712,0.01310344827586207,0.004,0.012,271325,202591,344758.0645161291
266301,9985,0.01310344827586207,0.004,0.015,264958,183699,344758.0645161291
199207,11781,0.01310344827586207,0.004413793103448276,0.006,288680,250794,336614.1732283465
227639,9001,0.01310344827586207,0.004413793103448276,0.009,277510,222366,336614.1732283465
250167,10888,0.01310344827586207,0.004413793103448276,0.012,268577,199833,336614.1732283465
268661,13207,0.01310344827586207,0.004413793103448276,0.015,261608,181344,336614.1732283465
203610,18996,0.01310344827586207,0.004827586206896552,0.006,283152,246391,328846.1538461539
231058,13583,0.01310344827586207,0.004827586206896552,0.009,273190,218945,328846.1538461539
253004,11219,0.01310344827586207,0.004827586206896552,0.012,265898,197000,328846.1538461539
270905,13994,0.01310344827586207,0.004827586206896552,0.015,259083,179096,328846.1538461539
207775,21448,0.01310344827586207,0.005241379310344827,0.006,278862,242224,321428.5714285715
234336,14365,0.01310344827586207,0.005241379310344827,0.009,269850,215665,321428.5714285715
255613,16247,0.01310344827586207,0.005241379310344827,0.012,261810,194390,321428.5714285715
273095,15971,0.01310344827586207,0.005241379310344827,0.015,256248,176907,321428.5714285715
211796,24287,0.01310344827586207,0.005655172413793104,0.006,274458,238207,314338.2352941176
237582,20933,0.01310344827586207,0.005655172413793104,0.009,265129,212418,314338.2352941176
258327,18761,0.01310344827586207,0.005655172413793104,0.012,258631,191676,314338.2352941176
275280,18639,0.01310344827586207,0.005655172413793104,0.015,253223,174723,314338.2352941176
215681,37497,0.01310344827586207,0.006068965517241379,0.006,268266,234322,307553.9568345324
240642,25118,0.01310344827586207,0.006068965517241379,0.009,261160,209361,307553.9568345324
260855,21254,0.01310344827586207,0.006068965517241379,0.012,255436,189147,307553.9568345324
277388,21901,0.01310344827586207,0.006068965517241379,0.015,250175,172615,307553.9568345324
219560,33689,0.01310344827586207,0.006482758620689655,0.006,265616,230443,301056.33802816906
243707,26772,0.01310344827586207,0.006482758620689655,0.009,257876,206294,301056.33802816906
263285,25557,0.01310344827586207,0.006482758620689655,0.012,251886,186720,301056.33802816906
279452,23316,0.01310344827586207,0.006482758620689655,0.015,247666,170551,301056.33802816906
223162,36579,0.01310344827586207,0.006896551724137931,0.006,261660,226839,294827.5862068966
246640,28880,0.01310344827586207,0.006896551724137931,0.009,254673,203363,294827.5862068966
265754,32825,0.01310344827586207,0.006896551724137931,0.012,247459,184252,294827.5862068966
281471,30284,0.01310344827586207,0.006896551724137931,0.015,243491,168532,294827.5862068966
226761,48052,0.01310344827586207,0.007310344827586207,0.006,256204,223239,288851.35135135136
249498,43504,0.01310344827586207,0.007310344827586207,0.009,248520,200505,288851.35135135136
268026,34351,0.01310344827586207,0.007310344827586207,0.012,244698,181976,288851.35135135136
283495,34998,0.01310344827586207,0.007310344827586207,0.015,240029,166511,288851.35135135136
230123,55513,0.01310344827586207,0.007724137931034483,0.006,251527,219877,283112.58278145693
252299,39742,0.01310344827586207,0.007724137931034483,0.009,246684,197706,283112.58278145693
270334,40787,0.01310344827586207,0.007724137931034483,0.012,240691,179671,283112.58278145693
285367,39340,0.01310344827586207,0.007724137931034483,0.015,236820,164637,283112.58278145693
233558,66865,0.01310344827586207,0.008137931034482758,0.006,246353,216443,277597.40259740263
254983,59652,0.01310344827586207,0.008137931034482758,0.009,239535,195018,277597.40259740263
272635,49733,0.01310344827586207,0.008137931034482758,0.012,236180,177371,277597.40259740263
287315,38974,0.01310344827586207,0.008137931034482758,0.015,235018,162686,277597.40259740263
236804,57333,0.01310344827586207,0.008551724137931035,0.006,245002,213199,272292.99363057327
257568,55337,0.01310344827586207,0.008551724137931035,0.009,237895,192433,272292.99363057327
274805,53698,0.01310344827586207,0.008551724137931035,0.012,233016,175201,272292.99363057327
289142,50044,0.01310344827586207,0.008551724137931035,0.015,229926,160858,272292.99363057327
239867,75590,0.01310344827586207,0.00896551724137931,0.006,238760,210137,267187.5
260185,70753,0.01310344827586207,0.00896551724137931,0.009,232097,189816,267187.5
276880,58325,0.01310344827586207,0.00896551724137931,0.012,229657,173126,267187.5
290910,54034,0.01310344827586207,0.00896551724137931,0.015,226988,159091,267187.5
242953,94321,0.01310344827586207,0.009379310344827585,0.006,232623,207050,262269.9386503068
262648,72874,0.01310344827586207,0.009379310344827585,0.009,229241,187353,262269.9386503068
278968,69421,0.01310344827586207,0.009379310344827585,0.012,224826,171034,262269.9386503068
292635,63535,0.01310344827586207,0.009379310344827585,0.015,222422,157369,262269.9386503068
245913,98759,0.01310344827586207,0.009793103448275862,0.006,229081,204089,257530.1204819277
265081,83388,0.01310344827586207,0.009793103448275862,0.009,224578,184921,257530.1204819277
280974,75348,0.01310344827586207,0.009793103448275862,0.012,221321,169027,257530.1204819277
294356,70916,0.01310344827586207,0.009793103448275862,0.015,218597,155648,257530.1204819277
248813,91064,0.01310344827586207,0.010206896551724139,0.006,227721,201187,252958.57988165686
267441,87650,0.01310344827586207,0.010206896551724139,0.009,221452,182562,252958.57988165686
283020,83453,0.01310344827586207,0.010206896551724139,0.012,217295,166980,252958.57988165686
296037,79306,0.01310344827586207,0.010206896551724139,0.015,214500,153965,252958.57988165686
251553,87852,0.01310344827586207,0.010620689655172414,0.006,225654,198450,248546.511627907
269805,97065,0.01310344827586207,0.010620689655172414,0.009,217273,180195,248546.511627907
284949,92812,0.01310344827586207,0.010620689655172414,0.012,213106,165057,248546.511627907
297734,83469,0.01310344827586207,0.010620689655172414,0.015,211734,152266,248546.511627907
254296,113486,0.01310344827586207,0.011034482758620689,0.006,218825,195708,244285.71428571435
272076,92082,0.01310344827586207,0.011034482758620689,0.009,216217,177925,244285.71428571435
286853,91461,0.01310344827586207,0.011034482758620689,0.012,211571,163148,244285.71428571435
299304,97999,0.01310344827586207,0.011034482758620689,0.015,206102,150702,244285.71428571435
256976,127182,0.01310344827586207,0.011448275862068966,0.006,214182,193029,240168.5393258427
274195,106864,0.01310344827586207,0.011448275862068966,0.009,210938,175808,240168.5393258427
288690,95450,0.01310344827586207,0.011448275862068966,0.012,208823,161316,240168.5393258427
300922,92655,0.01310344827586207,0.011448275862068966,0.015,205965,149078,240168.5393258427
259540,111931,0.01310344827586207,0.01186206896551724,0.006,214226,190461,236187.8453038674
276381,115676,0.01310344827586207,0.01186206896551724,0.009,207020,173619,236187.8453038674
290448,109642,0.01310344827586207,0.01186206896551724,0.012,203524,159559,236187.8453038674
302410,97798,0.01310344827586207,0.01186206896551724,0.015,203034,147597,236187.8453038674
262032,113482,0.01310344827586207,0.012275862068965518,0.006,211484,187972,232336.95652173914
278518,113043,0.01310344827586207,0.012275862068965518,0.009,205634,171484,232336.95652173914
292258,115994,0.01310344827586207,0.012275862068965518,0.012,200234,157748,232336.95652173914
303914,107561,0.01310344827586207,0.012275862068965518,0.015,198842,146090,232336.95652173914
264469,133647,0.01310344827586207,0.012689655172413793,0.006,206106,185534,228609.62566844927
280487,133996,0.01310344827586207,0.012689655172413793,0.009,199275,169518,228609.62566844927
293946,118910,0.01310344827586207,0.012689655172413793,0.012,197838,156056,228609.62566844927
305446,110392,0.01310344827586207,0.012689655172413793,0.015,196589,144554,228609.62566844927
266858,148495,0.01310344827586207,0.01310344827586207,0.006,201566,183144,225000.0
282529,126758,0.01310344827586207,0.01310344827586207,0.009,198992,167472,225000.0
295635,120504,0.01310344827586207,0.01310344827586207,0.012,195913,154371,225000.0
306874,114833,0.01310344827586207,0.01310344827586207,0.015,194039,143129,225000.0
269176,140015,0.01310344827586207,0.013517241379310345,0.006,200668,180827,221502.59067357515
284412,139808,0.01310344827586207,0.013517241379310345,0.009,194411,165592,221502.59067357515
297328,131341,0.01310344827586207,0.013517241379310345,0.012,191676,152679,221502.59067357515
308352,127102,0.01310344827586207,0.013517241379310345,0.015,189344,141650,221502.59067357515
271484,155886,0.01310344827586207,0.01393103448275862,0.006,196168,178520,218112.2448979592
286360,134070,0.01310344827586207,0.01393103448275862,0.009,193848,163645,218112.2448979592
298959,126650,0.01310344827586207,0.01393103448275862,0.012,191289,151043,218112.2448979592
309667,134634,0.01310344827586207,0.01393103448275862,0.015,185960,140339,218112.2448979592
273671,152884,0.01310344827586207,0.014344827586206896,0.006,194434,176330,214824.1206030151
288199,146637,0.01310344827586207,0.014344827586206896,0.009,189477,161802,214824.1206030151
300524,140075,0.01310344827586207,0.014344827586206896,0.012,186570,149484,214824.1206030151
311077,144267,0.01310344827586207,0.014344827586206896,0.015,182073,138931,214824.1206030151
275893,167223,0.01310344827586207,0.014758620689655172,0.006,190445,174112,211633.66336633664
290019,148859,0.01310344827586207,0.014758620689655172,0.009,187352,159989,211633.66336633664
302033,144943,0.01310344827586207,0.014758620689655172,0.012,183922,147971,211633.66336633664
312463,131650,0.01310344827586207,0.014758620689655172,0.015,184058,137543,211633.66336633664
277919,162222,0.01310344827586207,0.015172413793103448,0.006,188948,172086,208536.58536585365
291764,151316,0.01310344827586207,0.015172413793103448,0.009,185208,158241,208536.58536585365
303570,155412,0.01310344827586207,0.015172413793103448,0.012,180202,146431,208536.58536585365
313776,138451,0.01310344827586207,0.015172413793103448,0.015,180969,136230,208536.58536585365
279966,186839,0.01310344827586207,0.015586206896551724,0.006,183500,170037,205528.84615384619
293501,167943,0.01310344827586207,0.015586206896551724,0.009,180347,156503,205528.84615384619
305047,150211,0.01310344827586207,0.015586206896551724,0.012,179830,144958,205528.84615384619
315067,153774,0.01310344827586207,0.015586206896551724,0.015,175794,134936,205528.84615384619
281979,181233,0.01310344827586207,0.016,0.006,182409,168022,202606.63507109004
295275,166421,0.01310344827586207,0.016,0.009,179129,154731,202606.63507109004
306568,153409,0.01310344827586207,0.016,0.012,177715,143438,202606.63507109004
316264,151399,0.01310344827586207,0.016,0.015,175262,133738,202606.63507109004
191331,7378,0.013517241379310345,0.004,0.006,295948,258669,347244.0944881889
220562,7547,0.013517241379310345,0.004,0.009,283087,229440,347244.0944881889
243859,8672,0.013517241379310345,0.004,0.012,273769,206142,347244.0944881889
262876,10857,0.013517241379310345,0.004,0.015,266238,187127,347244.0944881889
195753,9820,0.013517241379310345,0.004413793103448276,0.006,291294,254250,339230.76923076925
224112,9162,0.013517241379310345,0.004413793103448276,0.009,279454,225889,339230.76923076925
246785,7674,0.013517241379310345,0.004413793103448276,0.012,271330,203215,339230.76923076925
265315,10577,0.013517241379310345,0.004413793103448276,0.015,264075,184691,339230.76923076925
200057,15963,0.013517241379310345,0.004827586206896552,0.006,286140,249945,331578.94736842107
227491,12070,0.013517241379310345,0.004827586206896552,0.009,275574,222512,331578.94736842107
249518,10051,0.013517241379310345,0.004827586206896552,0.012,268003,200484,331578.94736842107
267567,12044,0.013517241379310345,0.004827586206896552,0.015,261393,182439,331578.94736842107
204269,17942,0.013517241379310345,0.005241379310344827,0.006,281830,245733,324264.7058823529
230818,14653,0.013517241379310345,0.005241379310344827,0.009,271781,219185,324264.7058823529
252230,14324,0.013517241379310345,0.005241379310344827,0.012,264215,197775,324264.7058823529
269778,15037,0.013517241379310345,0.005241379310344827,0.015,258194,180223,324264.7058823529
208274,20836,0.013517241379310345,0.005655172413793104,0.006,277588,241729,317266.1870503597
234097,15613,0.013517241379310345,0.005655172413793104,0.009,268524,215907,317266.1870503597
254802,18822,0.013517241379310345,0.005655172413793104,0.012,260397,195199,317266.1870503597
271982,17474,0.013517241379310345,0.005655172413793104,0.015,255237,178023,317266.1870503597
212227,31117,0.013517241379310345,0.006068965517241379,0.006,271955,237772,310563.38028169016
237180,23222,0.013517241379310345,0.006068965517241379,0.009,263761,212823,310563.38028169016
257366,18395,0.013517241379310345,0.006068965517241379,0.012,258088,192634,310563.38028169016
274066,20426,0.013517241379310345,0.006068965517241379,0.015,252202,175937,310563.38028169016
216036,29093,0.013517241379310345,0.006482758620689655,0.006,268761,233963,304137.9310344827
240251,30112,0.013517241379310345,0.006482758620689655,0.009,259290,209749,304137.9310344827
259875,19509,0.013517241379310345,0.006482758620689655,0.012,255358,190130,304137.9310344827
276237,23193,0.013517241379310345,0.006482758620689655,0.015,249327,173766,304137.9310344827
219718,36295,0.013517241379310345,0.006896551724137931,0.006,264061,230282,297972.97297297296
243207,29443,0.013517241379310345,0.006896551724137931,0.009,256525,206793,297972.97297297296
262322,24240,0.013517241379310345,0.006896551724137931,0.012,251738,187682,297972.97297297296
278207,25209,0.013517241379310345,0.006896551724137931,0.015,246695,171798,297972.97297297296
223193,45140,0.013517241379310345,0.007310344827586207,0.006,259081,226808,292052.9801324503
246059,39316,0.013517241379310345,0.007310344827586207,0.009,251524,203947,292052.9801324503
264647,39292,0.013517241379310345,0.007310344827586207,0.012,245320,185356,292052.9801324503
280201,32985,0.013517241379310345,0.007310344827586207,0.015,242361,169800,292052.9801324503
226696,59001,0.013517241379310345,0.007724137931034483,0.006,253429,223305,286363.63636363635
248833,43257,0.013517241379310345,0.007724137931034483,0.009,247925,201170,286363.63636363635
267038,35606,0.013517241379310345,0.007724137931034483,0.012,244037,182965,286363.63636363635
282110,36819,0.013517241379310345,0.007724137931034483,0.015,239288,167893,286363.63636363635
230050,67665,0.013517241379310345,0.008137931034482758,0.006,248682,219950,280891.7197452229
251504,47726,0.013517241379310345,0.008137931034482758,0.009,244330,198497,280891.7197452229
269203,46518,0.013517241379310345,0.008137931034482758,0.012,239020,180798,280891.7197452229
284001,38162,0.013517241379310345,0.008137931034482758,0.015,236948,166004,280891.7197452229
233300,75143,0.013517241379310345,0.008551724137931035,0.006,244432,216700,275625.0
254156,58525,0.013517241379310345,0.008551724137931035,0.009,239552,195848,275625.0
271404,55436,0.013517241379310345,0.008551724137931035,0.012,234454,178597,275625.0
285853,47688,0.013517241379310345,0.008551724137931035,0.015,232339,164151,275625.0
236428,80200,0.013517241379310345,0.00896551724137931,0.006,240626,213572,270552.14723926375
256737,63640,0.013517241379310345,0.00896551724137931,0.009,235821,193267,270552.14723926375
273586,61957,0.013517241379310345,0.00896551724137931,0.012,230680,176419,270552.14723926375
287732,53115,0.013517241379310345,0.00896551724137931,0.015,228950,162271,270552.14723926375
239429,88196,0.013517241379310345,0.009379310344827585,0.006,236376,210574,265662.6506024096
259232,70673,0.013517241379310345,0.009379310344827585,0.009,231947,190771,265662.6506024096
275635,69222,0.013517241379310345,0.009379310344827585,0.012,226852,174367,265662.6506024096
289436,57496,0.013517241379310345,0.009379310344827585,0.015,225914,160568,265662.6506024096
242422,81504,0.013517241379310345,0.009793103448275862,0.006,234652,207583,260946.74556213018
261753,80965,0.013517241379310345,0.009793103448275862,0.009,227450,188253,260946.74556213018
277679,72641,0.013517241379310345,0.009793103448275862,0.012,223939,172324,260946.74556213018
291197,57417,0.013517241379310345,0.009793103448275862,0.015,224167,158806,260946.74556213018
245334,91603,0.013517241379310345,0.010206896551724139,0.006,230341,204666,256395.3488372093
264119,83934,0.013517241379310345,0.010206896551724139,0.009,224514,185887,256395.3488372093
279676,81437,0.013517241379310345,0.010206896551724139,0.012,219743,170328,256395.3488372093
292870,72152,0.013517241379310345,0.010206896551724139,0.015,218356,157134,256395.3488372093
248137,102372,0.013517241379310345,0.010620689655172414,0.006,225754,201867,252000.0
266431,83390,0.013517241379310345,0.010620689655172414,0.009,222365,183574,252000.0
281657,75260,0.013517241379310345,0.010620689655172414,0.012,219477,168344,252000.0
294603,78796,0.013517241379310345,0.010620689655172414,0.015,214805,155403,252000.0
250868,114455,0.013517241379310345,0.011034482758620689,0.006,221253,199134,247752.80898876404
268711,97650,0.013517241379310345,0.011034482758620689,0.009,217119,181295,247752.80898876404
283532,96962,0.013517241379310345,0.011034482758620689,0.012,212206,166472,247752.80898876404
296151,88516,0.013517241379310345,0.011034482758620689,0.015,210503,153853,247752.80898876404
253510,113902,0.013517241379310345,0.011448275862068966,0.006,218840,196495,243646.40883977897
270852,103732,0.013517241379310345,0.011448275862068966,0.009,213838,179151,243646.40883977897
285395,103147,0.013517241379310345,0.011448275862068966,0.012,208858,164609,243646.40883977897
297830,83859,0.013517241379310345,0.011448275862068966,0.015,210246,152173,243646.40883977897
256150,99788,0.013517241379310345,0.01186206896551724,0.006,218815,193855,239673.9130434782
273044,104952,0.013517241379310345,0.01186206896551724,0.009,211530,176957,239673.9130434782
287305,102333,0.013517241379310345,0.01186206896551724,0.012,207274,162697,239673.9130434782
299306,93305,0.013517241379310345,0.01186206896551724,0.015,206084,150697,239673.9130434782
258649,131612,0.013517241379310345,0.012275862068965518,0.006,211386,191353,235828.87700534755
275160,108968,0.013517241379310345,0.012275862068965518,0.009,208761,174840,235828.87700534755
289003,110128,0.013517241379310345,0.012275862068965518,0.012,203744,161001,235828.87700534755
300841,92051,0.013517241379310345,0.012275862068965518,0.015,204931,149163,235828.87700534755
261147,117372,0.013517241379310345,0.012689655172413793,0.006,211363,188853,232105.26315789472
277173,121845,0.013517241379310345,0.012689655172413793,0.009,204186,172828,232105.26315789472
290826,110160,0.013517241379310345,0.012689655172413793,0.012,202048,159179,232105.26315789472
302330,98600,0.013517241379310345,0.012689655172413793,0.015,201662,147673,232105.26315789472
263537,146675,0.013517241379310345,0.01310344827586207,0.006,204318,186463,228497.40932642485
279259,130484,0.013517241379310345,0.01310344827586207,0.009,200561,170746,228497.40932642485
292497,111323,0.013517241379310345,0.01310344827586207,0.012,200106,157508,228497.40932642485
303796,114652,0.013517241379310345,0.01310344827586207,0.015,195911,146209,228497.40932642485
265824,149016,0.013517241379310345,0.013517241379310345,0.006,201845,184177,225000.0
281210,135592,0.013517241379310345,0.013517241379310345,0.009,197695,168796,225000.0
294129,119103,0.013517241379310345,0.013517241379310345,0.012,196713,155876,225000.0
305238,115661,0.013517241379310345,0.013517241379310345,0.015,194288,144767,225000.0
268094,140600,0.013517241379310345,0.01393103448275862,0.006,200991,181911,221608.040201005
283080,138101,0.013517241379310345,0.01393103448275862,0.009,195384,166922,221608.040201005
295753,135091,0.013517241379310345,0.01393103448275862,0.012,191411,154250,221608.040201005
306662,122916,0.013517241379310345,0.01393103448275862,0.015,190930,143343,221608.040201005
270336,153561,0.013517241379310345,0.014344827586206896,0.006,196963,179666,218316.8316831683
284952,144371,0.013517241379310345,0.014344827586206896,0.009,192312,165051,218316.8316831683
297381,147158,0.013517241379310345,0.014344827586206896,0.012,187019,152626,218316.8316831683
308089,134752,0.013517241379310345,0.014344827586206896,0.015,186491,141919,218316.8316831683
272563,162314,0.013517241379310345,0.014758620689655172,0.006,193643,177440,215121.95121951218
286764,147298,0.013517241379310345,0.014758620689655172,0.009,190107,163242,215121.95121951218
298936,137536,0.013517241379310345,0.014758620689655172,0.012,187805,151069,215121.95121951218
309393,129994,0.013517241379310345,0.014758620689655172,0.015,186447,140614,215121.95121951218
274628,155948,0.013517241379310345,0.015172413793103448,0.006,192544,175379,212019.23076923075
288571,157918,0.013517241379310345,0.015172413793103448,0.009,186376,161431,212019.23076923075
300472,144270,0.013517241379310345,0.015172413793103448,0.012,184817,149530,212019.23076923075
310796,133582,0.013517241379310345,0.015172413793103448,0.015,184181,139212,212019.23076923075
276741,177264,0.013517241379310345,0.015586206896551724,0.006,187483,173262,209004.73933649287
290389,151467,0.013517241379310345,0.015586206896551724,0.009,185947,159617,209004.73933649287
301956,147029,0.013517241379310345,0.015586206896551724,0.012,182773,148048,209004.73933649287
312038,142705,0.013517241379310345,0.015586206896551724,0.015,180539,137967,209004.73933649287
278769,178791,0.013517241379310345,0.016,0.006,185496,171234,206074.76635514013
292031,155967,0.013517241379310345,0.016,0.009,183399,157974,206074.76635514013
303493,157779,0.013517241379310345,0.016,0.012,178924,146507,206074.76635514013
313334,146991,0.013517241379310345,0.016,0.015,178142,136673,206074.76635514013
187946,7790,0.01393103448275862,0.004,0.006,297977,262054,349615.38461538457
217227,5990,0.01393103448275862,0.004,0.009,285407,232776,349615.38461538457
240563,8093,0.01393103448275862,0.004,0.012,275642,209437,349615.38461538457
259657,7943,0.01393103448275862,0.004,0.015,268759,190346,349615.38461538457
192488,8120,0.01393103448275862,0.004413793103448276,0.006,293863,257512,341729.32330827066
220659,10039,0.01393103448275862,0.004413793103448276,0.009,281168,229343,341729.32330827066
243395,10454,0.01393103448275862,0.004413793103448276,0.012,272251,206605,341729.32330827066
261966,9888,0.01393103448275862,0.004413793103448276,0.015,265786,188038,341729.32330827066
196805,16971,0.01393103448275862,0.004827586206896552,0.006,288172,253195,334191.1764705882
224117,14739,0.01393103448275862,0.004827586206896552,0.009,276831,225885,334191.1764705882
246132,11266,0.01393103448275862,0.004827586206896552,0.012,269379,203868,334191.1764705882
264238,11616,0.01393103448275862,0.004827586206896552,0.015,263076,185766,334191.1764705882
200968,23522,0.01393103448275862,0.005241379310344827,0.006,282956,249032,326978.417266187
227439,13297,0.01393103448275862,0.005241379310344827,0.009,274125,222559,326978.417266187
248913,14367,0.01393103448275862,0.005241379310344827,0.012,265987,201090,326978.417266187
266488,17965,0.01393103448275862,0.005241379310344827,0.015,258921,183515,326978.417266187
204965,20936,0.01393103448275862,0.005655172413793104,0.006,279800,245034,320070.42253521126
230690,15348,0.01393103448275862,0.005655172413793104,0.009,270600,219310,320070.42253521126
251467,16003,0.01393103448275862,0.005655172413793104,0.012,262996,198537,320070.42253521126
268752,14928,0.01393103448275862,0.005655172413793104,0.015,257709,181254,320070.42253521126
208836,23577,0.01393103448275862,0.006068965517241379,0.006,275724,241166,313448.275862069
233767,24035,0.01393103448275862,0.006068965517241379,0.009,265583,216236,313448.275862069
254051,15785,0.01393103448275862,0.006068965517241379,0.012,260555,195954,313448.275862069
270837,17346,0.01393103448275862,0.006068965517241379,0.015,254783,179167,313448.275862069
212652,38918,0.01393103448275862,0.006482758620689655,0.006,269309,237347,307094.5945945946
236871,25148,0.01393103448275862,0.006482758620689655,0.009,262417,213135,307094.5945945946
256602,19385,0.01393103448275862,0.006482758620689655,0.012,257143,193403,307094.5945945946
272959,21095,0.01393103448275862,0.006482758620689655,0.015,251559,177045,307094.5945945946
216303,40442,0.01393103448275862,0.006896551724137931,0.006,265726,233698,300993.37748344365
239789,35703,0.01393103448275862,0.006896551724137931,0.009,257197,210215,300993.37748344365
259009,22909,0.01393103448275862,0.006896551724137931,0.012,253832,190992,300993.37748344365
275018,27868,0.01393103448275862,0.006896551724137931,0.015,247572,174987,300993.37748344365
219854,45763,0.01393103448275862,0.007310344827586207,0.006,261462,230146,295129.87012987013
242636,29049,0.01393103448275862,0.007310344827586207,0.009,255969,207363,295129.87012987013
261382,28392,0.01393103448275862,0.007310344827586207,0.012,250049,188620,295129.87012987013
276968,28226,0.01393103448275862,0.007310344827586207,0.015,245417,173035,295129.87012987013
223283,57772,0.01393103448275862,0.007724137931034483,0.006,255977,226719,289490.4458598726
245431,44772,0.01393103448275862,0.007724137931034483,0.009,249743,204572,289490.4458598726
263704,32085,0.01393103448275862,0.007724137931034483,0.012,246849,186301,289490.4458598726
278925,32200,0.01393103448275862,0.007724137931034483,0.015,242320,171078,289490.4458598726
226655,49993,0.01393103448275862,0.008137931034482758,0.006,254320,223345,284062.5
248174,42418,0.01393103448275862,0.008137931034482758,0.009,247634,201830,284062.5
265949,45040,0.01393103448275862,0.008137931034482758,0.012,241242,184053,284062.5
280834,37303,0.01393103448275862,0.008137931034482758,0.015,238935,169167,284062.5
229829,65433,0.01393103448275862,0.008551724137931035,0.006,248424,220174,278834.35582822084
250880,54928,0.01393103448275862,0.008551724137931035,0.009,242402,199120,278834.35582822084
268197,52101,0.01393103448275862,0.008551724137931035,0.012,237209,181803,278834.35582822084
282780,44955,0.01393103448275862,0.008551724137931035,0.015,234801,167223,278834.35582822084
233063,77489,0.01393103448275862,0.00896551724137931,0.006,243479,216942,273795.1807228915
253482,56711,0.01393103448275862,0.00896551724137931,0.009,239536,196519,273795.1807228915
270305,49918,0.01393103448275862,0.00896551724137931,0.012,235683,179698,273795.1807228915
284542,47463,0.01393103448275862,0.00896551724137931,0.015,232312,165464,273795.1807228915
236053,75993,0.01393103448275862,0.009379310344827585,0.006,240909,213946,268934.91124260356
255993,69266,0.01393103448275862,0.009379310344827585,0.009,234355,194007,268934.91124260356
272406,61247,0.01393103448275862,0.009379310344827585,0.012,230820,177596,268934.91124260356
286338,46796,0.01393103448275862,0.009379310344827585,0.015,230661,163664,268934.91124260356
239027,88451,0.01393103448275862,0.009793103448275862,0.006,235923,210976,264244.1860465116
258386,72304,0.01393103448275862,0.009793103448275862,0.009,231520,191615,264244.1860465116
274469,69936,0.01393103448275862,0.009793103448275862,0.012,226575,175536,264244.1860465116
288101,62145,0.01393103448275862,0.009793103448275862,0.015,224597,161907,264244.1860465116
241957,85506,0.01393103448275862,0.010206896551724139,0.006,233785,208046,259714.2857142857
260757,75086,0.01393103448275862,0.010206896551724139,0.009,228566,189244,259714.2857142857
276559,75486,0.01393103448275862,0.010206896551724139,0.012,223216,173444,259714.2857142857
289834,69294,0.01393103448275862,0.010206896551724139,0.015,220869,160173,259714.2857142857
244781,85548,0.01393103448275862,0.010620689655172414,0.006,231161,205223,255337.07865168538
263119,82306,0.01393103448275862,0.010620689655172414,0.009,224875,186881,255337.07865168538
278495,85137,0.01393103448275862,0.010620689655172414,0.012,218976,171505,255337.07865168538
291453,75765,0.01393103448275862,0.010620689655172414,0.015,217468,158552,255337.07865168538
247494,101465,0.01393103448275862,0.011034482758620689,0.006,226044,202510,251104.97237569065
265422,87256,0.01393103448275862,0.011034482758620689,0.009,221671,184584,251104.97237569065
280380,81648,0.01393103448275862,0.011034482758620689,0.012,217991,169625,251104.97237569065
293121,77144,0.01393103448275862,0.011034482758620689,0.015,215433,156887,251104.97237569065
250162,120555,0.01393103448275862,0.011448275862068966,0.006,220463,199839,247010.86956521735
267619,98279,0.01393103448275862,0.011448275862068966,0.009,217131,182382,247010.86956521735
282274,87473,0.01393103448275862,0.011448275862068966,0.012,214692,167734,247010.86956521735
294748,77273,0.01393103448275862,0.011448275862068966,0.015,213760,155259,247010.86956521735
252829,133829,0.01393103448275862,0.01186206896551724,0.006,215883,197171,243048.12834224597
269824,105924,0.01393103448275862,0.01186206896551724,0.009,213522,180176,243048.12834224597
284097,87979,0.01393103448275862,0.01186206896551724,0.012,212798,165909,243048.12834224597
296356,96277,0.01393103448275862,0.01186206896551724,0.015,207102,153650,243048.12834224597
255290,124543,0.01393103448275862,0.012275862068965518,0.006,215053,194713,239210.52631578947
271923,105451,0.01393103448275862,0.012275862068965518,0.009,211738,178077,239210.52631578947
285950,102578,0.01393103448275862,0.012275862068965518,0.012,207599,164054,239210.52631578947
297803,103822,0.01393103448275862,0.012275862068965518,0.015,203536,152201,239210.52631578947
257759,132946,0.01393103448275862,0.012689655172413793,0.006,211308,192244,235492.22797927467
274033,116305,0.01393103448275862,0.012689655172413793,0.009,207466,175970,235492.22797927467
287625,108534,0.01393103448275862,0.012689655172413793,0.012,204464,162377,235492.22797927467
299364,101462,0.01393103448275862,0.012689655172413793,0.015,202686,150636,235492.22797927467
260180,137840,0.01393103448275862,0.01310344827586207,0.006,208357,189825,231887.7551020408
276025,117551,0.01393103448275862,0.01310344827586207,0.009,205362,173975,231887.7551020408
289360,111667,0.01393103448275862,0.01310344827586207,0.012,201986,160644,231887.7551020408
300817,112789,0.01393103448275862,0.01310344827586207,0.015,198237,149190,231887.7551020408
262602,133787,0.01393103448275862,0.013517241379310345,0.006,206831,187402,228391.95979899497
277981,147763,0.01393103448275862,0.013517241379310345,0.009,197597,172025,228391.95979899497
291033,126037,0.01393103448275862,0.013517241379310345,0.012,197152,158972,228391.95979899497
302278,113258,0.01393103448275862,0.013517241379310345,0.015,196664,147725,228391.95979899497
264806,131124,0.01393103448275862,0.01393103448275862,0.006,205022,185196,225000.0
279878,144735,0.01393103448275862,0.01393103448275862,0.009,196328,170125,225000.0
292761,127578,0.01393103448275862,0.01393103448275862,0.012,195082,157240,225000.0
303738,124553,0.01393103448275862,0.01393103448275862,0.015,192238,146270,225000.0
267116,143465,0.01393103448275862,0.014344827586206896,0.006,201120,182884,221707.31707317074
281794,126836,0.01393103448275862,0.014344827586206896,0.009,198121,168206,221707.31707317074
294301,136323,0.01393103448275862,0.014344827586206896,0.012,191622,155703,221707.31707317074
305088,122051,0.01393103448275862,0.014344827586206896,0.015,191651,144914,221707.31707317074
269233,167280,0.01393103448275862,0.014758620689655172,0.006,195621,180770,218509.61538461538
283683,158514,0.01393103448275862,0.014758620689655172,0.009,190200,166323,218509.61538461538
295884,135344,0.01393103448275862,0.014758620689655172,0.012,190370,154120,218509.61538461538
306473,125314,0.01393103448275862,0.014758620689655172,0.015,189441,143532,218509.61538461538
271390,166854,0.01393103448275862,0.015172413793103448,0.006,193712,178611,215402.84360189573
285444,149540,0.01393103448275862,0.015172413793103448,0.009,190269,164561,215402.84360189573
297463,142578,0.01393103448275862,0.015172413793103448,0.012,187197,152538,215402.84360189573
307813,135772,0.01393103448275862,0.015172413793103448,0.015,185396,142192,215402.84360189573
273494,162496,0.01393103448275862,0.015586206896551724,0.006,192396,176506,212383.17757009345
287198,166695,0.01393103448275862,0.015586206896551724,0.009,185352,162807,212383.17757009345
298961,137820,0.01393103448275862,0.015586206896551724,0.012,186868,151042,212383.17757009345
309205,145881,0.01393103448275862,0.015586206896551724,0.015,181630,140797,212383.17757009345
275467,170621,0.01393103448275862,0.016,0.006,189298,174536,209447.0046082949
288936,156983,0.01393103448275862,0.016,0.009,185607,161066,209447.0046082949
300478,140153,0.01393103448275862,0.016,0.012,184905,149522,209447.0046082949
310453,149292,0.01393103448275862,0.016,0.015,179552,139548,209447.0046082949
184775,7295,0.014344827586206896,0.004,0.006,300106,265225,351879.69924812025
213876,7508,0.014344827586206896,0.004,0.009,286919,236127,351879.69924812025
237285,8967,0.014344827586206896,0.004,0.012,277110,212715,351879.69924812025
256347,9942,0.014344827586206896,0.004,0.015,269706,193656,351879.69924812025
189194,9549,0.014344827586206896,0.004413793103448276,0.006,295536,260807,344117.6470588235
217379,9851,0.014344827586206896,0.004413793103448276,0.009,283123,232623,344117.6470588235
240095,8831,0.014344827586206896,0.004413793103448276,0.012,274453,209905,344117.6470588235
258744,11159,0.014344827586206896,0.004413793103448276,0.015,267050,191257,344117.6470588235
193495,12485,0.014344827586206896,0.004827586206896552,0.006,291055,256505,336690.6474820144
220870,12704,0.014344827586206896,0.004827586206896552,0.009,279234,229130,336690.6474820144
242886,9473,0.014344827586206896,0.004827586206896552,0.012,271597,207116,336690.6474820144
261086,13488,0.014344827586206896,0.004827586206896552,0.015,264047,188919,336690.6474820144
197617,17052,0.014344827586206896,0.005241379310344827,0.006,286450,252383,329577.4647887324
224112,12960,0.014344827586206896,0.005241379310344827,0.009,276053,225891,329577.4647887324
245618,15509,0.014344827586206896,0.005241379310344827,0.012,267405,204388,329577.4647887324
263313,11689,0.014344827586206896,0.005241379310344827,0.015,262417,186689,329577.4647887324
201710,17523,0.014344827586206896,0.005655172413793104,0.006,282564,248289,322758.6206896552
227410,13665,0.014344827586206896,0.005655172413793104,0.009,272958,222595,322758.6206896552
248241,13418,0.014344827586206896,0.005655172413793104,0.012,265437,201764,322758.6206896552
265504,18469,0.014344827586206896,0.005655172413793104,0.015,258164,184499,322758.6206896552
205533,28113,0.014344827586206896,0.006068965517241379,0.006,277096,244467,316216.2162162162
230550,22364,0.014344827586206896,0.006068965517241379,0.009,267951,219451,316216.2162162162
250826,22201,0.014344827586206896,0.006068965517241379,0.012,260615,199174,316216.2162162162
267701,17683,0.014344827586206896,0.006068965517241379,0.015,256257,182305,316216.2162162162
209364,30677,0.014344827586206896,0.006482758620689655,0.006,273184,240637,309933.77483443706
233517,21452,0.014344827586206896,0.006482758620689655,0.009,265294,216483,309933.77483443706
253329,20274,0.014344827586206896,0.006482758620689655,0.012,258653,196672,309933.77483443706
269795,20765,0.014344827586206896,0.006482758620689655,0.015,253250,180205,309933.77483443706
212980,30927,0.014344827586206896,0.006896551724137931,0.006,269564,237023,303896.1038961039
236480,28768,0.014344827586206896,0.006896551724137931,0.009,260849,213523,303896.1038961039
255823,25718,0.014344827586206896,0.006896551724137931,0.012,254857,194183,303896.1038961039
271875,22554,0.014344827586206896,0.006896551724137931,0.015,250717,178130,303896.1038961039
216584,43805,0.014344827586206896,0.007310344827586207,0.006,264014,233416,298089.1719745223
239367,31612,0.014344827586206896,0.007310344827586207,0.009,257427,210636,298089.1719745223
258172,29515,0.014344827586206896,0.007310344827586207,0.012,251577,191832,298089.1719745223
273842,26378,0.014344827586206896,0.007310344827586207,0.015,247535,176162,298089.1719745223
220017,38453,0.014344827586206896,0.007724137931034483,0.006,261854,229983,292500.0
242185,39002,0.014344827586206896,0.007724137931034483,0.009,253216,207815,292500.0
260476,40623,0.014344827586206896,0.007724137931034483,0.012,246455,189525,292500.0
275849,32004,0.014344827586206896,0.007724137931034483,0.015,243972,174151,292500.0
223290,53648,0.014344827586206896,0.008137931034482758,0.006,255863,226712,287116.5644171779
244961,47412,0.014344827586206896,0.008137931034482758,0.009,248695,205039,287116.5644171779
262750,37365,0.014344827586206896,0.008137931034482758,0.012,245085,187255,287116.5644171779
277728,38080,0.014344827586206896,0.008137931034482758,0.015,240387,172274,287116.5644171779
226624,59977,0.014344827586206896,0.008551724137931035,0.006,251821,223378,281927.71084337344
247572,54727,0.014344827586206896,0.008551724137931035,0.009,244523,202431,281927.71084337344
264988,49805,0.014344827586206896,0.008551724137931035,0.012,239638,185017,281927.71084337344
279622,46380,0.014344827586206896,0.008551724137931035,0.015,236126,170379,281927.71084337344
229767,60743,0.014344827586206896,0.00896551724137931,0.006,248706,220233,276923.07692307694
250182,59160,0.014344827586206896,0.00896551724137931,0.009,241063,199819,276923.07692307694
267192,53491,0.014344827586206896,0.00896551724137931,0.012,236693,182814,276923.07692307694
281528,44799,0.014344827586206896,0.00896551724137931,0.015,234685,168473,276923.07692307694
232791,84188,0.014344827586206896,0.009379310344827585,0.006,241986,217211,272093.023255814
252738,62398,0.014344827586206896,0.009379310344827585,0.009,238074,197262,272093.023255814
269274,56745,0.014344827586206896,0.009379310344827585,0.012,233774,180727,272093.023255814
283327,53311,0.014344827586206896,0.009379310344827585,0.015,230601,166678,272093.023255814
235748,86449,0.014344827586206896,0.009793103448275862,0.006,238752,214251,267428.5714285714
255152,71086,0.014344827586206896,0.009793103448275862,0.009,233830,194848,267428.5714285714
271323,59569,0.014344827586206896,0.009793103448275862,0.012,231096,178681,267428.5714285714
285023,61010,0.014344827586206896,0.009793103448275862,0.015,226595,164978,267428.5714285714
238641,73022,0.014344827586206896,0.010206896551724139,0.006,238356,211359,262921.34831460676
257540,68485,0.014344827586206896,0.010206896551724139,0.009,232193,192463,262921.34831460676
273427,65031,0.014344827586206896,0.010206896551724139,0.012,227765,176573,262921.34831460676
286759,65108,0.014344827586206896,0.010206896551724139,0.015,223782,163246,262921.34831460676
241492,94418,0.014344827586206896,0.010620689655172414,0.006,232082,208513,258563.53591160226
259882,80672,0.014344827586206896,0.010620689655172414,0.009,227356,190119,258563.53591160226
275376,67963,0.014344827586206896,0.010620689655172414,0.012,225168,174629,258563.53591160226
288452,66764,0.014344827586206896,0.010620689655172414,0.015,221627,161550,258563.53591160226
244268,110437,0.014344827586206896,0.011034482758620689,0.006,227064,205732,254347.82608695654
262175,87009,0.014344827586206896,0.011034482758620689,0.009,223786,187828,254347.82608695654
277326,75003,0.014344827586206896,0.011034482758620689,0.012,221507,172680,254347.82608695654
290079,69341,0.014344827586206896,0.011034482758620689,0.015,219272,159924,254347.82608695654
246900,115589,0.014344827586206896,0.011448275862068966,0.006,223809,203103,250267.3796791444
264494,88681,0.014344827586206896,0.011448275862068966,0.009,221433,185509,250267.3796791444
279210,83197,0.014344827586206896,0.011448275862068966,0.012,217698,170790,250267.3796791444
291710,81812,0.014344827586206896,0.011448275862068966,0.015,214295,158293,250267.3796791444
249598,121736,0.014344827586206896,0.01186206896551724,0.006,220254,200405,246315.7894736842
266664,108357,0.014344827586206896,0.01186206896551724,0.009,215339,183342,246315.7894736842
281012,88641,0.014344827586206896,0.01186206896551724,0.012,214611,168993,246315.7894736842
293330,87382,0.014344827586206896,0.01186206896551724,0.015,211183,156672,246315.7894736842
252060,118937,0.014344827586206896,0.012275862068965518,0.006,218347,197943,242487.04663212431
268797,109749,0.014344827586206896,0.012275862068965518,0.009,212987,181203,242487.04663212431
282804,98218,0.014344827586206896,0.012275862068965518,0.012,210600,167200,242487.04663212431
294860,86159,0.014344827586206896,0.012275862068965518,0.015,210068,155141,242487.04663212431
254614,116538,0.014344827586206896,0.012689655172413793,0.006,216331,195389,238775.51020408163
270874,97603,0.014344827586206896,0.012689655172413793,0.009,213486,179126,238775.51020408163
284578,101084,0.014344827586206896,0.012689655172413793,0.012,208213,165426,238775.51020408163
296396,96877,0.014344827586206896,0.012689655172413793,0.015,205685,153604,238775.51020408163
257001,146742,0.014344827586206896,0.01310344827586207,0.006,209508,192999,235175.87939698494
272841,106803,0.014344827586206896,0.01310344827586207,0.009,209681,177162,235175.87939698494
286380,101999,0.014344827586206896,0.01310344827586207,0.012,206281,163620,235175.87939698494
297873,115236,0.014344827586206896,0.01310344827586207,0.015,199446,152130,235175.87939698494
259307,140545,0.014344827586206896,0.013517241379310345,0.006,208399,190696,231683.1683168317
274844,132191,0.014344827586206896,0.013517241379310345,0.009,202897,175158,231683.1683168317
288092,106643,0.014344827586206896,0.013517241379310345,0.012,203609,161911,231683.1683168317
299360,104736,0.014344827586206896,0.013517241379310345,0.015,200765,150645,231683.1683168317
261688,148087,0.014344827586206896,0.01393103448275862,0.006,205172,188313,228292.68292682926
276792,132047,0.014344827586206896,0.01393103448275862,0.009,201045,173213,228292.68292682926
289760,123745,0.014344827586206896,0.01393103448275862,0.012,198082,160245,228292.68292682926
300850,116577,0.014344827586206896,0.01393103448275862,0.015,196206,149156,228292.68292682926
263894,125648,0.014344827586206896,0.014344827586206896,0.006,206410,186110,225000.0
278761,127683,0.014344827586206896,0.014344827586206896,0.009,200099,171240,225000.0
291307,115710,0.014344827586206896,0.014344827586206896,0.012,198315,158694,225000.0
302263,115254,0.014344827586206896,0.014344827586206896,0.015,195220,147744,225000.0
266053,157371,0.014344827586206896,0.014758620689655172,0.006,199676,183950,221800.94786729856
280564,139733,0.014344827586206896,0.014758620689655172,0.009,196130,169437,221800.94786729856
292915,130004,0.014344827586206896,0.014758620689655172,0.012,193490,157084,221800.94786729856
303651,132085,0.014344827586206896,0.014758620689655172,0.015,189561,146355,221800.94786729856
268202,157399,0.014344827586206896,0.015172413793103448,0.006,197683,181799,218691.5887850467
282400,156171,0.014344827586206896,0.015172413793103448,0.009,191142,167600,218691.5887850467
294550,135594,0.014344827586206896,0.015172413793103448,0.012,190863,155455,218691.5887850467
304996,133451,0.014344827586206896,0.015172413793103448,0.015,187916,145005,218691.5887850467
270290,146897,0.014344827586206896,0.015586206896551724,0.006,197185,179713,215668.20276497697
284155,142437,0.014344827586206896,0.015586206896551724,0.009,192148,165850,215668.20276497697
296079,136483,0.014344827586206896,0.015586206896551724,0.012,189185,153922,215668.20276497697
306283,134774,0.014344827586206896,0.015586206896551724,0.015,186177,143722,215668.20276497697
272348,172888,0.014344827586206896,0.016,0.006,191472,177657,212727.2727272727
285898,163249,0.014344827586206896,0.016,0.009,186561,164107,212727.2727272727
297569,152706,0.014344827586206896,0.016,0.012,184069,152431,212727.2727272727
307604,136750,0.014344827586206896,0.016,0.015,184414,142400,212727.2727272727
181670,7169,0.014758620689655172,0.004,0.006,302133,268331,354044.1176470588
210706,6109,0.014758620689655172,0.004,0.009,289051,239297,354044.1176470588
234007,6134,0.014758620689655172,0.004,0.012,279557,215994,354044.1176470588
253242,8146,0.014758620689655172,0.004,0.015,271766,196762,354044.1176470588
186095,10219,0.014758620689655172,0.004413793103448276,0.006,297539,263902,346402.87769784173
214196,8979,0.014758620689655172,0.004413793103448276,0.009,285179,235807,346402.87769784173
236919,9768,0.014758620689655172,0.004413793103448276,0.012,275836,213084,346402.87769784173
255589,10318,0.014758620689655172,0.004413793103448276,0.015,268803,194415,346402.87769784173
190425,9271,0.014758620689655172,0.004827586206896552,0.006,293737,259577,339084.5070422535
217645,11623,0.014758620689655172,0.004827586206896552,0.009,281472,232356,339084.5070422535
239729,9117,0.014758620689655172,0.004827586206896552,0.012,273386,210275,339084.5070422535
257958,10257,0.014758620689655172,0.004827586206896552,0.015,266609,192047,339084.5070422535
194534,11028,0.014758620689655172,0.005241379310344827,0.006,289591,255463,332068.96551724133
220969,13254,0.014758620689655172,0.005241379310344827,0.009,277967,229036,332068.96551724133
242453,14673,0.014758620689655172,0.005241379310344827,0.012,269303,207550,332068.96551724133
260185,13311,0.014758620689655172,0.005241379310344827,0.015,263434,189818,332068.96551724133
198504,20642,0.014758620689655172,0.005655172413793104,0.006,284242,251496,325337.8378378378
224167,14863,0.014758620689655172,0.005655172413793104,0.009,274519,225833,325337.8378378378
245124,12051,0.014758620689655172,0.005655172413793104,0.012,267530,204880,325337.8378378378
262442,16232,0.014758620689655172,0.005655172413793104,0.015,260408,187559,325337.8378378378
202404,17404,0.014758620689655172,0.006068965517241379,0.006,281162,247599,318874.1721854305
227283,18116,0.014758620689655172,0.006068965517241379,0.009,270931,222720,318874.1721854305
247656,16117,0.014758620689655172,0.006068965517241379,0.012,263935,202349,318874.1721854305
264641,15593,0.014758620689655172,0.006068965517241379,0.015,258441,185359,318874.1721854305
206185,29241,0.014758620689655172,0.006482758620689655,0.006,275533,243819,312662.33766233764
230360,22105,0.014758620689655172,0.006482758620689655,0.009,267039,219644,312662.33766233764
250182,19285,0.014758620689655172,0.006482758620689655,0.012,260708,199819,312662.33766233764
266691,20397,0.014758620689655172,0.006482758620689655,0.015,254966,183312,312662.33766233764
209811,31902,0.014758620689655172,0.006896551724137931,0.006,271610,240191,306687.89808917197
233337,28544,0.014758620689655172,0.006896551724137931,0.009,262872,216666,306687.89808917197
252606,22796,0.014758620689655172,0.006896551724137931,0.012,257431,197397,306687.89808917197
268778,21024,0.014758620689655172,0.006896551724137931,0.015,252720,181227,306687.89808917197
213334,33480,0.014758620689655172,0.007310344827586207,0.006,268164,236669,300937.5
236177,30917,0.014758620689655172,0.007310344827586207,0.009,259625,213826,300937.5
255012,28600,0.014758620689655172,0.007310344827586207,0.012,253530,194990,300937.5
270788,25018,0.014758620689655172,0.007310344827586207,0.015,249615,179216,300937.5
216759,50343,0.014758620689655172,0.007724137931034483,0.006,261874,233244,295398.7730061349
239065,32591,0.014758620689655172,0.007724137931034483,0.009,256490,210938,295398.7730061349
257419,28059,0.014758620689655172,0.007724137931034483,0.012,251474,192584,295398.7730061349
272815,31399,0.014758620689655172,0.007724137931034483,0.015,245820,177186,295398.7730061349
220167,58348,0.014758620689655172,0.008137931034482758,0.006,257459,229837,290060.24096385535
241722,36079,0.014758620689655172,0.008137931034482758,0.009,253249,208281,290060.24096385535
259669,30870,0.014758620689655172,0.008137931034482758,0.012,248549,190331,290060.24096385535
274692,30794,0.014758620689655172,0.008137931034482758,0.015,244042,175309,290060.24096385535
223349,49617,0.014758620689655172,0.008551724137931035,0.006,255896,226648,284911.2426035503
244440,50506,0.014758620689655172,0.008551724137931035,0.009,247469,205564,284911.2426035503
261860,38797,0.014758620689655172,0.008551724137931035,0.012,244366,188142,284911.2426035503
276590,38518,0.014758620689655172,0.008551724137931035,0.015,239991,173414,284911.2426035503
226526,55162,0.014758620689655172,0.00896551724137931,0.006,252033,223477,279941.8604651162
246991,56706,0.014758620689655172,0.00896551724137931,0.009,243765,203009,279941.8604651162
264108,43282,0.014758620689655172,0.00896551724137931,0.012,241157,185896,279941.8604651162
278491,39455,0.014758620689655172,0.00896551724137931,0.015,237791,171516,279941.8604651162
229650,63987,0.014758620689655172,0.009379310344827585,0.006,247730,220352,275142.8571428571
249528,57282,0.014758620689655172,0.009379310344827585,0.009,241159,200472,275142.8571428571
266245,55855,0.014758620689655172,0.009379310344827585,0.012,235826,183756,275142.8571428571
280256,42636,0.014758620689655172,0.009379310344827585,0.015,235183,169749,275142.8571428571
232608,77334,0.014758620689655172,0.009793103448275862,0.006,242708,217392,270505.6179775281
251992,62663,0.014758620689655172,0.009793103448275862,0.009,237699,198009,270505.6179775281
268246,57240,0.014758620689655172,0.009793103448275862,0.012,233551,181757,270505.6179775281
282041,56254,0.014758620689655172,0.009793103448275862,0.015,229649,167964,270505.6179775281
235535,94598,0.014758620689655172,0.010206896551724139,0.006,237135,214465,266022.0994475138
254405,78743,0.014758620689655172,0.010206896551724139,0.009,232109,195599,266022.0994475138
270368,65082,0.014758620689655172,0.010206896551724139,0.012,229567,179635,266022.0994475138
283839,56304,0.014758620689655172,0.010206896551724139,0.015,227915,166161,266022.0994475138
238291,83322,0.014758620689655172,0.010620689655172414,0.006,236284,211713,261684.78260869565
256771,70482,0.014758620689655172,0.010620689655172414,0.009,231561,193234,261684.78260869565
272276,67571,0.014758620689655172,0.010620689655172414,0.012,227167,177727,261684.78260869565
285489,64710,0.014758620689655172,0.010620689655172414,0.015,223846,164516,261684.78260869565
241066,102876,0.014758620689655172,0.011034482758620689,0.006,230547,208934,257486.6310160428
259089,93056,0.014758620689655172,0.011034482758620689,0.009,224739,190913,257486.6310160428
274297,74049,0.014758620689655172,0.011034482758620689,0.012,223673,175706,257486.6310160428
287142,78571,0.014758620689655172,0.011034482758620689,0.015,218455,162862,257486.6310160428
243724,119967,0.014758620689655172,0.011448275862068966,0.006,225553,206279,253421.0526315789
261303,95068,0.014758620689655172,0.011448275862068966,0.009,222254,188700,253421.0526315789
276187,85952,0.014758620689655172,0.011448275862068966,0.012,218969,173814,253421.0526315789
288829,84335,0.014758620689655172,0.011448275862068966,0.015,215322,161171,253421.0526315789
246381,103559,0.014758620689655172,0.01186206896551724,0.006,225668,203623,249481.86528497408
263495,99952,0.014758620689655172,0.01186206896551724,0.009,219244,186508,249481.86528497408
278015,95739,0.014758620689655172,0.01186206896551724,0.012,214770,171991,249481.86528497408
290403,84683,0.014758620689655172,0.01186206896551724,0.015,213664,159602,249481.86528497408
248917,126209,0.014758620689655172,0.012275862068965518,0.006,219715,201082,245663.26530612243
265689,110046,0.014758620689655172,0.012275862068965518,0.009,215095,184316,245663.26530612243
279808,86883,0.014758620689655172,0.012275862068965518,0.012,215225,170196,245663.26530612243
292029,93397,0.014758620689655172,0.012275862068965518,0.015,209838,157975,245663.26530612243
251415,115763,0.014758620689655172,0.012689655172413793,0.006,218953,198586,241959.7989949749
267749,113558,0.014758620689655172,0.012689655172413793,0.009,212531,182251,241959.7989949749
281592,99593,0.014758620689655172,0.012689655172413793,0.012,210504,168411,241959.7989949749
293497,93100,0.014758620689655172,0.012689655172413793,0.015,208442,156506,241959.7989949749
253806,128875,0.014758620689655172,0.01310344827586207,0.006,214797,196197,238366.33663366333
269777,115533,0.014758620689655172,0.01310344827586207,0.009,210172,180226,238366.33663366333
283403,95249,0.014758620689655172,0.01310344827586207,0.012,209858,166597,238366.33663366333
295039,111873,0.014758620689655172,0.01310344827586207,0.015,202042,154961,238366.33663366333
256257,134437,0.014758620689655172,0.013517241379310345,0.006,211722,193747,234878.04878048776
271791,105143,0.014758620689655172,0.013517241379310345,0.009,210300,178210,234878.04878048776
285056,115230,0.014758620689655172,0.013517241379310345,0.012,203532,164947,234878.04878048776
296516,103973,0.014758620689655172,0.013517241379310345,0.015,202689,153492,234878.04878048776
258491,138090,0.014758620689655172,0.01393103448275862,0.006,209053,191512,231490.3846153846
273770,127342,0.014758620689655172,0.01393103448275862,0.009,204257,176236,231490.3846153846
286758,114920,0.014758620689655172,0.01393103448275862,0.012,202040,163242,231490.3846153846
297980,116468,0.014758620689655172,0.01393103448275862,0.015,197934,152028,231490.3846153846
260752,142176,0.014758620689655172,0.014344827586206896,0.006,206328,189249,228199.0521327014
275654,133597,0.014758620689655172,0.014344827586206896,0.009,201224,174349,228199.0521327014
288433,119390,0.014758620689655172,0.014344827586206896,0.012,199482,161573,228199.0521327014
299368,119853,0.014758620689655172,0.014344827586206896,0.015,195741,150633,228199.0521327014
262953,142019,0.014758620689655172,0.014758620689655172,0.006,204205,187049,225000.0
277521,134197,0.014758620689655172,0.014758620689655172,0.009,199258,172483,225000.0
290016,122213,0.014758620689655172,0.014758620689655172,0.012,197306,159984,225000.0
300840,119324,0.014758620689655172,0.014758620689655172,0.015,194562,149166,225000.0
265147,160185,0.014758620689655172,0.015172413793103448,0.006,199646,184860,221889.40092165893
279356,150949,0.014758620689655172,0.015172413793103448,0.009,194395,170647,221889.40092165893
291572,134662,0.014758620689655172,0.015172413793103448,0.012,192959,158433,221889.40092165893
302152,126857,0.014758620689655172,0.015172413793103448,0.015,191281,147852,221889.40092165893
267235,160244,0.014758620689655172,0.015586206896551724,0.006,197736,182770,218863.63636363632
281164,158849,0.014758620689655172,0.015586206896551724,0.009,191190,168838,218863.63636363632
293164,134392,0.014758620689655172,0.015586206896551724,0.012,191567,156843,218863.63636363632
303493,132561,0.014758620689655172,0.015586206896551724,0.015,188544,146511,218863.63636363632
269275,169119,0.014758620689655172,0.016,0.006,194507,180728,215919.2825112107
282966,145391,0.014758620689655172,0.016,0.009,192081,167034,215919.2825112107
294691,143163,0.014758620689655172,0.016,0.012,188149,155315,215919.2825112107
304822,133853,0.014758620689655172,0.016,0.015,186995,145183,215919.2825112107
178700,6734,0.015172413793103448,0.004,0.006,304187,271300,356115.1079136691
207593,5816,0.015172413793103448,0.004,0.009,290988,242410,356115.1079136691
230921,5823,0.015172413793103448,0.004,0.012,281325,219078,356115.1079136691
250169,6874,0.015172413793103448,0.004,0.015,273626,199834,356115.1079136691
183078,7437,0.015172413793103448,0.004413793103448276,0.006,300082,266923,348591.54929577466
211164,7382,0.015172413793103448,0.004413793103448276,0.009,287339,238836,348591.54929577466
233826,6374,0.015172413793103448,0.004413793103448276,0.012,278456,216175,348591.54929577466
252607,8644,0.015172413793103448,0.004413793103448276,0.015,270804,197396,348591.54929577466
187384,12240,0.015172413793103448,0.004827586206896552,0.006,295189,262616,341379.3103448276
214562,13009,0.015172413793103448,0.004827586206896552,0.009,282850,235438,341379.3103448276
236598,9809,0.015172413793103448,0.004827586206896552,0.012,274841,213406,341379.3103448276
254900,10276,0.015172413793103448,0.004827586206896552,0.015,268097,195105,341379.3103448276
191458,13998,0.015172413793103448,0.005241379310344827,0.006,291109,258542,334459.4594594595
217815,15961,0.015172413793103448,0.005241379310344827,0.009,279103,232187,334459.4594594595
239338,11591,0.015172413793103448,0.005241379310344827,0.012,271828,210664,334459.4594594595
257150,10626,0.015172413793103448,0.005241379310344827,0.015,265791,192851,334459.4594594595
195449,23936,0.015172413793103448,0.005655172413793104,0.006,285676,254553,327814.56953642383
221052,15114,0.015172413793103448,0.005655172413793104,0.009,276393,228950,327814.56953642383
242036,15016,0.015172413793103448,0.005655172413793104,0.012,268407,207964,327814.56953642383
259454,14442,0.015172413793103448,0.005655172413793104,0.015,262430,190547,327814.56953642383
199303,24685,0.015172413793103448,0.006068965517241379,0.006,281959,250700,321428.5714285714
224239,17578,0.015172413793103448,0.006068965517241379,0.009,272901,225764,321428.5714285714
244582,16733,0.015172413793103448,0.006068965517241379,0.012,265495,205423,321428.5714285714
261578,16987,0.015172413793103448,0.006068965517241379,0.015,259627,188424,321428.5714285714
203035,25242,0.015172413793103448,0.006482758620689655,0.006,278390,246968,315286.6242038217
227241,25607,0.015172413793103448,0.006482758620689655,0.009,268188,222757,315286.6242038217
247135,17192,0.015172413793103448,0.006482758620689655,0.012,262938,202871,315286.6242038217
263711,17527,0.015172413793103448,0.006482758620689655,0.015,257379,186291,315286.6242038217
206713,32416,0.015172413793103448,0.006896551724137931,0.006,273785,243289,309375.0
230192,20436,0.015172413793103448,0.006896551724137931,0.009,266621,219807,309375.0
249543,25314,0.015172413793103448,0.006896551724137931,0.012,258472,200457,309375.0
265760,20521,0.015172413793103448,0.006896551724137931,0.015,254457,184243,309375.0
210215,34665,0.015172413793103448,0.007310344827586207,0.006,269995,239787,303680.981595092
233106,24228,0.015172413793103448,0.007310344827586207,0.009,262971,216895,303680.981595092
252017,27788,0.015172413793103448,0.007310344827586207,0.012,255518,197983,303680.981595092
267854,24186,0.015172413793103448,0.007310344827586207,0.015,251393,182146,303680.981595092
213709,49130,0.015172413793103448,0.007724137931034483,0.006,264401,236292,298192.7710843373
235882,36046,0.015172413793103448,0.007724137931034483,0.009,257751,214117,298192.7710843373
254290,24700,0.015172413793103448,0.007724137931034483,0.012,254102,195713,298192.7710843373
269862,25979,0.015172413793103448,0.007724137931034483,0.015,248925,180141,298192.7710843373
217056,46393,0.015172413793103448,0.008137931034482758,0.006,261660,232944,292899.40828402364
238652,38221,0.015172413793103448,0.008137931034482758,0.009,254683,211349,292899.40828402364
256599,28981,0.015172413793103448,0.008137931034482758,0.012,250780,193403,292899.40828402364
271771,35086,0.015172413793103448,0.008137931034482758,0.015,244407,178229,292899.40828402364
220254,58152,0.015172413793103448,0.008551724137931035,0.006,256737,229747,287790.69767441857
241308,45164,0.015172413793103448,0.008551724137931035,0.009,250641,208696,287790.69767441857
258839,37644,0.015172413793103448,0.008551724137931035,0.012,246354,191166,287790.69767441857
273633,35317,0.015172413793103448,0.008551724137931035,0.015,242480,176370,287790.69767441857
223465,63991,0.015172413793103448,0.00896551724137931,0.006,252858,226535,282857.1428571429
243900,45690,0.015172413793103448,0.00896551724137931,0.009,248136,206100,282857.1428571429
261020,42651,0.015172413793103448,0.00896551724137931,0.012,243021,188982,282857.1428571429
275518,39454,0.015172413793103448,0.00896551724137931,0.015,239455,174487,282857.1428571429
226479,74719,0.015172413793103448,0.009379310344827585,0.006,248045,223518,278089.88764044945
246460,65462,0.015172413793103448,0.009379310344827585,0.009,241508,203544,278089.88764044945
263170,51709,0.015172413793103448,0.009379310344827585,0.012,238752,186835,278089.88764044945
277343,42860,0.015172413793103448,0.009379310344827585,0.015,236760,172662,278089.88764044945
229450,79731,0.015172413793103448,0.009793103448275862,0.006,244583,220553,273480.6629834254
248958,72465,0.015172413793103448,0.009793103448275862,0.009,237656,201044,273480.6629834254
265266,55439,0.015172413793103448,0.009793103448275862,0.012,235799,184735,273480.6629834254
279182,55729,0.015172413793103448,0.009793103448275862,0.015,231429,170824,273480.6629834254
232349,77293,0.015172413793103448,0.010206896551724139,0.006,242352,217654,269021.73913043475
251337,66077,0.015172413793103448,0.010206896551724139,0.009,236822,198664,269021.73913043475
267365,65098,0.015172413793103448,0.010206896551724139,0.012,231466,182638,269021.73913043475
280880,63069,0.015172413793103448,0.010206896551724139,0.015,227662,169125,269021.73913043475
235190,96655,0.015172413793103448,0.010620689655172414,0.006,236617,214808,264705.8823529412
253701,72708,0.015172413793103448,0.010620689655172414,0.009,233092,196302,264705.8823529412
269311,64981,0.015172413793103448,0.010620689655172414,0.012,229584,180694,264705.8823529412
282644,54556,0.015172413793103448,0.010620689655172414,0.015,228288,167356,264705.8823529412
237974,90582,0.015172413793103448,0.011034482758620689,0.006,234976,212030,260526.31578947377
256022,85069,0.015172413793103448,0.011034482758620689,0.009,228381,193981,260526.31578947377
271322,79329,0.015172413793103448,0.011034482758620689,0.012,224259,178684,260526.31578947377
284322,69782,0.015172413793103448,0.011034482758620689,0.015,222525,165684,260526.31578947377
240666,122578,0.015172413793103448,0.011448275862068966,0.006,227380,209336,256476.68393782384
258334,89205,0.015172413793103448,0.011448275862068966,0.009,225450,191666,256476.68393782384
273164,70477,0.015172413793103448,0.011448275862068966,0.012,224498,176836,256476.68393782384
285908,71063,0.015172413793103448,0.011448275862068966,0.015,220615,164096,256476.68393782384
243264,112070,0.015172413793103448,0.01186206896551724,0.006,226567,206739,252551.02040816328
260505,91253,0.015172413793103448,0.01186206896551724,0.009,223079,189496,252551.02040816328
275046,84250,0.015172413793103448,0.01186206896551724,0.012,219421,174959,252551.02040816328
287528,88653,0.015172413793103448,0.01186206896551724,0.015,214361,162475,252551.02040816328
245832,122953,0.015172413793103448,0.012275862068965518,0.006,222686,204172,248743.71859296484
262627,102109,0.015172413793103448,0.012275862068965518,0.009,218776,187377,248743.71859296484
276897,94907,0.015172413793103448,0.012275862068965518,0.012,215243,173108,248743.71859296484
289104,87349,0.015172413793103448,0.012275862068965518,0.015,213121,160900,248743.71859296484
248311,104964,0.015172413793103448,0.012689655172413793,0.006,223063,201689,245049.50495049512
264729,113257,0.015172413793103448,0.012689655172413793,0.009,214719,185274,245049.50495049512
278669,103664,0.015172413793103448,0.012689655172413793,0.012,211453,171335,245049.50495049512
290683,88677,0.015172413793103448,0.012689655172413793,0.015,211229,159321,245049.50495049512
250777,119428,0.015172413793103448,0.01310344827586207,0.006,218621,199226,241463.41463414635
266794,120849,0.015172413793103448,0.01310344827586207,0.009,211230,183211,241463.41463414635
280437,100212,0.015172413793103448,0.01310344827586207,0.012,210526,169564,241463.41463414635
292232,87862,0.015172413793103448,0.01310344827586207,0.015,209970,157774,241463.41463414635
253149,115968,0.015172413793103448,0.013517241379310345,0.006,216858,196852,237980.76923076925
268822,125253,0.015172413793103448,0.013517241379310345,0.009,208556,181179,237980.76923076925
282202,112751,0.015172413793103448,0.013517241379310345,0.012,206075,167804,237980.76923076925
293725,102814,0.015172413793103448,0.013517241379310345,0.015,204651,156276,237980.76923076925
255524,140596,0.015172413793103448,0.01393103448275862,0.006,211104,194479,234597.15639810427
270786,128600,0.015172413793103448,0.01393103448275862,0.009,206130,179219,234597.15639810427
283832,113666,0.015172413793103448,0.01393103448275862,0.012,204164,166169,234597.15639810427
295150,102748,0.015172413793103448,0.01393103448275862,0.015,203345,154855,234597.15639810427
257771,140739,0.015172413793103448,0.014344827586206896,0.006,208988,192235,231308.4112149533
272761,128864,0.015172413793103448,0.014344827586206896,0.009,204201,177242,231308.4112149533
285497,108824,0.015172413793103448,0.014344827586206896,0.012,203706,164507,231308.4112149533
296586,109292,0.015172413793103448,0.014344827586206896,0.015,200250,153417,231308.4112149533
259996,148522,0.015172413793103448,0.014758620689655172,0.006,205717,190008,228110.599078341
274624,128105,0.015172413793103448,0.014758620689655172,0.009,202599,175382,228110.599078341
287175,118947,0.015172413793103448,0.014758620689655172,0.012,199973,162825,228110.599078341
298060,119710,0.015172413793103448,0.014758620689655172,0.015,196175,151946,228110.599078341
262113,148965,0.015172413793103448,0.015172413793103448,0.006,203600,187888,225000.0
276417,129053,0.015172413793103448,0.015172413793103448,0.009,200765,173586,225000.0
288726,139778,0.015172413793103448,0.015172413793103448,0.012,193802,161275,225000.0
299393,122546,0.015172413793103448,0.015172413793103448,0.015,194121,150611,225000.0
264270,156454,0.015172413793103448,0.015586206896551724,0.006,200751,185736,221973.09417040358
278295,128747,0.015172413793103448,0.015586206896551724,0.009,199053,171711,221973.09417040358
290281,136986,0.015172413793103448,0.015586206896551724,0.012,192905,159724,221973.09417040358
300756,129299,0.015172413793103448,0.015586206896551724,0.015,191130,149249,221973.09417040358
266337,151515,0.015172413793103448,0.016,0.006,199445,183669,219026.54867256636
279992,146621,0.015172413793103448,0.016,0.009,194083,170010,219026.54867256636
291806,139833,0.015172413793103448,0.016,0.012,190934,158198,219026.54867256636
302095,133165,0.015172413793103448,0.016,0.015,188950,147910,219026.54867256636
175878,7140,0.015586206896551724,0.004,0.006,305948,274121,358098.59154929576
204588,5808,0.015586206896551724,0.004,0.009,292672,245415,358098.59154929576
227960,7517,0.015586206896551724,0.004,0.012,282392,222040,358098.59154929576
247141,6597,0.015586206896551724,0.004,0.015,275156,202861,358098.59154929576
180205,9203,0.015586206896551724,0.004413793103448276,0.006,301655,269797,350689.6551724138
208094,6832,0.015586206896551724,0.004413793103448276,0.009,289272,241908,350689.6551724138
230757,7246,0.015586206896551724,0.004413793103448276,0.012,279852,219242,350689.6551724138
249564,8702,0.015586206896551724,0.004413793103448276,0.015,272249,200437,350689.6551724138
184459,13979,0.015586206896551724,0.004827586206896552,0.006,296904,265542,343581.0810810811
211528,7118,0.015586206896551724,0.004827586206896552,0.009,286100,238473,343581.0810810811
233601,9411,0.015586206896551724,0.004827586206896552,0.012,276662,216400,343581.0810810811
251896,10329,0.015586206896551724,0.004827586206896552,0.015,269496,198109,343581.0810810811
188543,16411,0.015586206896551724,0.005241379310344827,0.006,292716,261455,336754.96688741725
214789,13978,0.015586206896551724,0.005241379310344827,0.009,281416,235211,336754.96688741725
236355,10619,0.015586206896551724,0.005241379310344827,0.012,273764,213650,336754.96688741725
254198,10772,0.015586206896551724,0.005241379310344827,0.015,267226,195807,336754.96688741725
192522,18724,0.015586206896551724,0.005655172413793104,0.006,288632,257477,330194.80519480514
218021,11879,0.015586206896551724,0.005655172413793104,0.009,278892,231982,330194.80519480514
239021,13693,0.015586206896551724,0.005655172413793104,0.012,270434,210980,330194.80519480514
256432,15034,0.015586206896551724,0.005655172413793104,0.015,263811,193569,330194.80519480514
196305,25760,0.015586206896551724,0.006068965517241379,0.006,283781,253695,323885.3503184713
221159,15230,0.015586206896551724,0.006068965517241379,0.009,275215,228842,323885.3503184713
241561,16544,0.015586206896551724,0.006068965517241379,0.012,267195,208444,323885.3503184713
258675,14042,0.015586206896551724,0.006068965517241379,0.015,261990,191325,323885.3503184713
200113,26782,0.015586206896551724,0.006482758620689655,0.006,280150,249891,317812.5
224182,15999,0.015586206896551724,0.006482758620689655,0.009,272251,225821,317812.5
244087,18483,0.015586206896551724,0.006482758620689655,0.012,264301,205917,317812.5
260739,16467,0.015586206896551724,0.006482758620689655,0.015,259192,189261,317812.5
203704,30213,0.015586206896551724,0.006896551724137931,0.006,276193,246294,311963.19018404913
227232,23217,0.015586206896551724,0.006896551724137931,0.009,267879,222769,311963.19018404913
246601,21992,0.015586206896551724,0.006896551724137931,0.012,261026,203403,311963.19018404913
262872,17244,0.015586206896551724,0.006896551724137931,0.015,256945,187128,311963.19018404913
207241,40071,0.015586206896551724,0.007310344827586207,0.006,271207,242756,306325.30120481923
230038,31121,0.015586206896551724,0.007310344827586207,0.009,263409,219963,306325.30120481923
249014,22426,0.015586206896551724,0.007310344827586207,0.012,258643,200992,306325.30120481923
264874,23780,0.015586206896551724,0.007310344827586207,0.015,253091,185128,306325.30120481923
210692,42977,0.015586206896551724,0.007724137931034483,0.006,267590,239306,300887.573964497
232907,31982,0.015586206896551724,0.007724137931034483,0.009,260522,217093,300887.573964497
251342,26958,0.015586206896551724,0.007724137931034483,0.012,255165,198663,300887.573964497
266912,25636,0.015586206896551724,0.007724137931034483,0.015,250541,183093,300887.573964497
214000,44452,0.015586206896551724,0.008137931034482758,0.006,264235,236003,295639.534883721
235651,40443,0.015586206896551724,0.008137931034482758,0.009,256085,214354,295639.534883721
253614,34912,0.015586206896551724,0.008137931034482758,0.012,250985,196390,295639.534883721
268830,27814,0.015586206896551724,0.008137931034482758,0.015,248068,181171,295639.534883721
217273,56075,0.015586206896551724,0.008551724137931035,0.006,259190,232731,290571.4285714285
238294,46444,0.015586206896551724,0.008551724137931035,0.009,252385,211709,290571.4285714285
255889,33705,0.015586206896551724,0.008551724137931035,0.012,249152,194116,290571.4285714285
270739,30351,0.015586206896551724,0.008551724137931035,0.015,245417,179264,290571.4285714285
220410,63481,0.015586206896551724,0.00896551724137931,0.006,255159,229591,285674.15730337077
240913,47752,0.015586206896551724,0.00896551724137931,0.009,249590,209086,285674.15730337077
258052,40325,0.015586206896551724,0.00896551724137931,0.012,245327,191951,285674.15730337077
272635,39649,0.015586206896551724,0.00896551724137931,0.015,241051,177366,285674.15730337077
223456,68235,0.015586206896551724,0.009379310344827585,0.006,251447,226546,280939.22651933704
243457,51078,0.015586206896551724,0.009379310344827585,0.009,246501,206547,280939.22651933704
260229,49704,0.015586206896551724,0.009379310344827585,0.012,240982,189772,280939.22651933704
274477,45641,0.015586206896551724,0.009379310344827585,0.015,237547,175525,280939.22651933704
226458,72505,0.015586206896551724,0.009793103448275862,0.006,248097,223542,276358.6956521739
246003,66506,0.015586206896551724,0.009793103448275862,0.009,240868,204003,276358.6956521739
262309,51560,0.015586206896551724,0.009793103448275862,0.012,238544,187695,276358.6956521739
276313,43868,0.015586206896551724,0.009793103448275862,0.015,236273,173687,276358.6956521739
229331,79181,0.015586206896551724,0.010206896551724139,0.006,244268,220666,271925.13368983957
248414,63826,0.015586206896551724,0.010206896551724139,0.009,239126,201592,271925.13368983957
264408,60294,0.015586206896551724,0.010206896551724139,0.012,234415,185593,271925.13368983957
278015,51536,0.015586206896551724,0.010206896551724139,0.015,232417,171988,271925.13368983957
232240,84600,0.015586206896551724,0.010620689655172414,0.006,240715,217764,267631.5789473684
250699,69585,0.015586206896551724,0.010620689655172414,0.009,235849,199304,267631.5789473684
266364,62622,0.015586206896551724,0.010620689655172414,0.012,231956,183639,267631.5789473684
279746,59115,0.015586206896551724,0.010620689655172414,0.015,228727,170255,267631.5789473684
234921,95329,0.015586206896551724,0.011034482758620689,0.006,236576,215078,263471.5025906736
253106,75530,0.015586206896551724,0.011034482758620689,0.009,232494,196895,263471.5025906736
268373,68208,0.015586206896551724,0.011034482758620689,0.012,228632,181633,263471.5025906736
281500,62421,0.015586206896551724,0.011034482758620689,0.015,226114,168502,263471.5025906736
237609,91917,0.015586206896551724,0.011448275862068966,0.006,234476,212391,259438.77551020408
255297,76541,0.015586206896551724,0.011448275862068966,0.009,230151,194705,259438.77551020408
270347,73703,0.015586206896551724,0.011448275862068966,0.012,225513,179656,259438.77551020408
283165,67684,0.015586206896551724,0.011448275862068966,0.015,223119,166841,259438.77551020408
240282,96848,0.015586206896551724,0.01186206896551724,0.006,231336,209719,255527.63819095478
257523,94738,0.015586206896551724,0.01186206896551724,0.009,224454,192482,255527.63819095478
272235,84016,0.015586206896551724,0.01186206896551724,0.012,221395,177771,255527.63819095478
284802,82495,0.015586206896551724,0.01186206896551724,0.015,217617,165200,255527.63819095478
242881,97613,0.015586206896551724,0.012275862068965518,0.006,228779,207119,251732.67326732675
259706,95198,0.015586206896551724,0.012275862068965518,0.009,222263,190298,251732.67326732675
274035,81769,0.015586206896551724,0.012275862068965518,0.012,220059,175970,251732.67326732675
286390,82405,0.015586206896551724,0.012275862068965518,0.015,216078,163615,251732.67326732675
245308,117295,0.015586206896551724,0.012689655172413793,0.006,223583,204695,248048.78048780494
261832,108430,0.015586206896551724,0.012689655172413793,0.009,217640,188168,248048.78048780494
275803,86146,0.015586206896551724,0.012689655172413793,0.012,217384,174199,248048.78048780494
287896,86868,0.015586206896551724,0.012689655172413793,0.015,213441,162107,248048.78048780494
247823,122043,0.015586206896551724,0.01310344827586207,0.006,220631,202183,244471.15384615381
263850,98995,0.015586206896551724,0.01310344827586207,0.009,217657,186153,244471.15384615381
277633,102655,0.015586206896551724,0.01310344827586207,0.012,211880,172373,244471.15384615381
289420,87098,0.015586206896551724,0.01310344827586207,0.015,211910,160584,244471.15384615381
250135,123262,0.015586206896551724,0.013517241379310345,0.006,218013,199868,240995.26066350713
265949,105335,0.015586206896551724,0.013517241379310345,0.009,214527,184052,240995.26066350713
279364,111721,0.015586206896551724,0.013517241379310345,0.012,208145,170636,240995.26066350713
290927,99345,0.015586206896551724,0.013517241379310345,0.015,207215,159076,240995.26066350713
252493,127695,0.015586206896551724,0.01393103448275862,0.006,215443,197508,237616.82242990655
267852,117474,0.015586206896551724,0.01393103448275862,0.009,210258,182151,237616.82242990655
281032,105015,0.015586206896551724,0.01393103448275862,0.012,208117,168973,237616.82242990655
292400,109320,0.015586206896551724,0.01393103448275862,0.015,203360,157604,237616.82242990655
254799,141673,0.015586206896551724,0.014344827586206896,0.006,211263,195203,234331.79723502306
269810,119148,0.015586206896551724,0.014344827586206896,0.009,208204,180189,234331.79723502306
282699,113764,0.015586206896551724,0.014344827586206896,0.012,204530,167306,234331.79723502306
293921,111896,0.015586206896551724,0.014344827586206896,0.015,201265,156080,234331.79723502306
257024,117102,0.015586206896551724,0.014758620689655172,0.006,212610,192980,231136.36363636362
271727,132676,0.015586206896551724,0.014758620689655172,0.009,203797,178277,231136.36363636362
284318,125412,0.015586206896551724,0.014758620689655172,0.012,200430,165685,231136.36363636362
295295,120016,0.015586206896551724,0.014758620689655172,0.015,197888,154711,231136.36363636362
259213,148876,0.015586206896551724,0.015172413793103448,0.006,206163,190787,228026.90582959642
273541,130207,0.015586206896551724,0.015172413793103448,0.009,202595,176463,228026.90582959642
285937,125416,0.015586206896551724,0.015172413793103448,0.012,198907,164068,228026.90582959642
296678,122384,0.015586206896551724,0.015172413793103448,0.015,195857,153327,228026.90582959642
261322,131890,0.015586206896551724,0.015586206896551724,0.006,206388,188680,225000.0
275360,134624,0.015586206896551724,0.015586206896551724,0.009,200148,174643,225000.0
287556,118639,0.015586206896551724,0.015586206896551724,0.012,198823,162450,225000.0
298060,128981,0.015586206896551724,0.015586206896551724,0.015,193054,151945,225000.0
263345,152823,0.015586206896551724,0.016,0.006,201558,186657,222052.40174672485
277137,133673,0.015586206896551724,0.016,0.009,198648,172866,222052.40174672485
289060,136755,0.015586206896551724,0.016,0.012,193505,160943,222052.40174672485
299410,129523,0.015586206896551724,0.016,0.015,191523,150595,222052.40174672485
172998,5919,0.016,0.004,0.006,308082,277002,360000.0
201702,5258,0.016,0.004,0.009,294543,248297,360000.0
224957,6129,0.016,0.004,0.012,284325,225045,360000.0
244263,7423,0.016,0.004,0.015,276380,205741,360000.0
177345,7389,0.016,0.004413793103448276,0.006,303861,272656,352702.7027027027
205213,7505,0.016,0.004413793103448276,0.009,290816,244790,352702.7027027027
227845,9085,0.016,0.004413793103448276,0.012,280882,222155,352702.7027027027
246659,7770,0.016,0.004413793103448276,0.015,274019,203342,352702.7027027027
181540,11767,0.016,0.004827586206896552,0.006,299283,268460,345695.3642384106
208588,7542,0.016,0.004827586206896552,0.009,287733,241414,345695.3642384106
230602,9494,0.016,0.004827586206896552,0.012,278190,219398,345695.3642384106
249010,8432,0.016,0.004827586206896552,0.015,271576,200991,345695.3642384106
185686,14546,0.016,0.005241379310344827,0.006,295019,264313,338961.038961039
211872,10554,0.016,0.005241379310344827,0.009,283995,238130,338961.038961039
233413,9065,0.016,0.005241379310344827,0.012,275757,216591,338961.038961039
251299,10897,0.016,0.005241379310344827,0.015,268623,198706,338961.038961039
189631,13169,0.016,0.005655172413793104,0.006,291542,260371,332484.076433121
215086,15358,0.016,0.005655172413793104,0.009,280008,234916,332484.076433121
235993,12021,0.016,0.005655172413793104,0.012,272466,214007,332484.076433121
253553,12562,0.016,0.005655172413793104,0.015,266004,196447,332484.076433121
193452,17133,0.016,0.006068965517241379,0.006,287336,256545,326250.0
218232,15459,0.016,0.006068965517241379,0.009,276990,231773,326250.0
238637,13077,0.016,0.006068965517241379,0.012,269708,211364,326250.0
255788,13659,0.016,0.006068965517241379,0.015,263579,194214,326250.0
197138,29898,0.016,0.006482758620689655,0.006,281647,252863,320245.39877300616
221241,17024,0.016,0.006482758620689655,0.009,273830,228761,320245.39877300616
241200,18673,0.016,0.006482758620689655,0.012,265877,208800,320245.39877300616
257875,14965,0.016,0.006482758620689655,0.015,261108,192130,320245.39877300616
200788,24961,0.016,0.006896551724137931,0.006,279230,249214,314457.8313253012
224243,23375,0.016,0.006896551724137931,0.009,269697,225758,314457.8313253012
243667,21476,0.016,0.006896551724137931,0.012,262785,206333,314457.8313253012
259970,18003,0.016,0.006896551724137931,0.015,258216,190035,314457.8313253012
204319,26568,0.016,0.007310344827586207,0.006,275682,245685,308875.7396449704
227106,21983,0.016,0.007310344827586207,0.009,267291,222897,308875.7396449704
246050,18278,0.016,0.007310344827586207,0.012,261286,203954,308875.7396449704
262035,21736,0.016,0.007310344827586207,0.015,255156,187966,308875.7396449704
207760,35655,0.016,0.007724137931034483,0.006,270889,242244,303488.3720930232
229962,28023,0.016,0.007724137931034483,0.009,263221,220039,303488.3720930232
248418,26586,0.016,0.007724137931034483,0.012,257019,201583,303488.3720930232
264018,22257,0.016,0.007724137931034483,0.015,253015,185985,303488.3720930232
211074,41214,0.016,0.008137931034482758,0.006,266844,238930,298285.7142857143
232737,35840,0.016,0.008137931034482758,0.009,259049,217268,298285.7142857143
250747,25024,0.016,0.008137931034482758,0.012,255141,199254,298285.7142857143
266011,28217,0.016,0.008137931034482758,0.015,249457,183993,298285.7142857143
214286,53630,0.016,0.008551724137931035,0.006,261797,235711,293258.4269662922
235357,42148,0.016,0.008551724137931035,0.009,255219,214646,293258.4269662922
252989,31240,0.016,0.008551724137931035,0.012,251424,197016,293258.4269662922
267926,30591,0.016,0.008551724137931035,0.015,246853,182075,293258.4269662922
217434,52936,0.016,0.00896551724137931,0.006,259106,232569,288397.7900552486
238001,39957,0.016,0.00896551724137931,0.009,253216,212000,288397.7900552486
255168,42747,0.016,0.00896551724137931,0.012,246539,194833,288397.7900552486
269833,32494,0.016,0.00896551724137931,0.015,244517,180171,288397.7900552486
220561,62756,0.016,0.009379310344827585,0.006,254630,229442,283695.6521739131
240521,48001,0.016,0.009379310344827585,0.009,249143,209482,283695.6521739131
257353,43820,0.016,0.009379310344827585,0.012,244152,192652,283695.6521739131
271637,41053,0.016,0.009379310344827585,0.015,240356,178367,283695.6521739131
223478,66095,0.016,0.009793103448275862,0.006,251339,226520,279144.38502673793
243007,58640,0.016,0.009793103448275862,0.009,244524,206994,279144.38502673793
259465,57257,0.016,0.009793103448275862,0.012,238973,190537,279144.38502673793
273495,42813,0.016,0.009793103448275862,0.015,238080,176505,279144.38502673793
226407,61445,0.016,0.010206896551724139,0.006,249350,223595,274736.84210526315
245478,65787,0.016,0.010206896551724139,0.009,240845,204523,274736.84210526315
261519,59852,0.016,0.010206896551724139,0.012,236255,188486,274736.84210526315
275237,48749,0.016,0.010206896551724139,0.015,234735,174764,274736.84210526315
229295,86912,0.016,0.010620689655172414,0.006,242682,220706,270466.3212435233
247815,81254,0.016,0.010620689655172414,0.009,235425,202188,270466.3212435233
263536,64045,0.016,0.010620689655172414,0.012,233386,186469,270466.3212435233
276963,54482,0.016,0.010620689655172414,0.015,231502,173040,270466.3212435233
231981,82769,0.016,0.011034482758620689,0.006,240696,218019,266326.53061224497
250169,75234,0.016,0.011034482758620689,0.009,234467,199833,266326.53061224497
265494,69936,0.016,0.011034482758620689,0.012,230163,184509,266326.53061224497
278666,62711,0.016,0.011034482758620689,0.015,227647,171338,266326.53061224497
234720,92159,0.016,0.011448275862068966,0.006,236698,215281,262311.5577889447
252437,92129,0.016,0.011448275862068966,0.009,229035,197567,262311.5577889447
267475,70048,0.016,0.011448275862068966,0.012,228237,182529,262311.5577889447
280358,66575,0.016,0.011448275862068966,0.015,225025,169643,262311.5577889447
237375,96268,0.016,0.01186206896551724,0.006,233701,212625,258415.8415841584
254691,95404,0.016,0.01186206896551724,0.009,226374,195309,258415.8415841584
269324,74797,0.016,0.01186206896551724,0.012,225263,180679,258415.8415841584
282036,69362,0.016,0.01186206896551724,0.015,222688,167964,258415.8415841584
239875,109476,0.016,0.012275862068965518,0.006,229248,210126,254634.14634146343
256868,94823,0.016,0.012275862068965518,0.009,224354,193137,254634.14634146343
271206,87133,0.016,0.012275862068965518,0.012,220618,178799,254634.14634146343
283577,75819,0.016,0.012275862068965518,0.015,219531,166428,254634.14634146343
242391,115419,0.016,0.012689655172413793,0.006,226114,207609,250961.5384615385
258984,106891,0.016,0.012689655172413793,0.009,219981,191017,250961.5384615385
273028,89389,0.016,0.012689655172413793,0.012,218372,176972,250961.5384615385
285209,87108,0.016,0.012689655172413793,0.015,215059,164793,250961.5384615385
244911,122418,0.016,0.01310344827586207,0.006,222738,205092,247393.36492890993
260983,114547,0.016,0.01310344827586207,0.009,216716,189021,247393.36492890993
274784,91382,0.016,0.01310344827586207,0.012,216296,175219,247393.36492890993
286763,89633,0.016,0.01310344827586207,0.015,212868,163243,247393.36492890993
247233,132101,0.016,0.013517241379310345,0.006,219121,202771,243925.23364485984
263006,114293,0.016,0.013517241379310345,0.009,214906,186996,243925.23364485984
276550,99808,0.016,0.013517241379310345,0.012,212660,173451,243925.23364485984
288219,93002,0.016,0.013517241379310345,0.015,210560,161785,243925.23364485984
249555,140084,0.016,0.01393103448275862,0.006,215837,200448,240552.99539170507
265016,108501,0.016,0.01393103448275862,0.009,214134,184985,240552.99539170507
278302,108966,0.016,0.01393103448275862,0.012,209021,171698,240552.99539170507
289781,104186,0.016,0.01393103448275862,0.015,206270,160224,240552.99539170507
251867,143964,0.016,0.014344827586206896,0.006,213261,198134,237272.72727272726
266971,105605,0.016,0.014344827586206896,0.009,212771,183031,237272.72727272726
279993,115396,0.016,0.014344827586206896,0.012,206044,170010,237272.72727272726
291211,102150,0.016,0.014344827586206896,0.015,205441,158789,237272.72727272726
254140,133187,0.016,0.014758620689655172,0.006,212649,195860,234080.71748878926
268933,126877,0.016,0.014758620689655172,0.009,206992,181069,234080.71748878926
281577,106831,0.016,0.014758620689655172,0.012,206313,168424,234080.71748878926
292611,110505,0.016,0.014758620689655172,0.015,201896,157392,234080.71748878926
256271,155564,0.016,0.015172413793103448,0.006,207529,193730,230973.45132743364
270722,124635,0.016,0.015172413793103448,0.009,205682,179281,230973.45132743364
283226,119991,0.016,0.015172413793103448,0.012,201961,166774,230973.45132743364
294021,114271,0.016,0.015172413793103448,0.015,199585,155984,230973.45132743364
258393,148085,0.016,0.015586206896551724,0.006,206536,191608,227947.59825327512
272551,128706,0.016,0.015586206896551724,0.009,203153,177452,227947.59825327512
284762,123686,0.016,0.015586206896551724,0.012,199600,165241,227947.59825327512
295405,117101,0.016,0.015586206896551724,0.015,197605,154599,227947.59825327512
260523,153307,0.016,0.016,0.006,203792,189482,225000.0
274340,141225,0.016,0.016,0.009,199367,175663,225000.0
286328,124904,0.016,0.016,0.012,197849,163677,225000.0
296765,129705,0.016,0.016,0.015,193189,153238,225000.0
